Grammar Point,Meaning,Formation,Example (Japanese),Example (Romaji),Example (English),JLPT Level
A が いちばん～ (A ga ichiban～),"Express the superlative degree; 'the most', 'the best', 'the least'.",Noun + が + いちばん + Adjective/Verb,この中で、寿司が一番好きです。,"Kono naka de, sushi ga ichiban suki desu.","Of all these, I like sushi the most.",JLPT N5
"A。けれども、～B。(A. Keredomo,~ B.)",Used to express a contrast between two statements. It can be translated as 'but' or 'however'.,Statement A + けれども、+ Statement B,今日は晴れている。けれども、寒いです。,"Kyou wa harete iru. Keredo mo, samui desu.","It is sunny today. However, it is cold.",JLPT N5
"A。しかし、～B。 (A. Shikashi, ~B.)","Expresses contrast or contradiction between two clauses; 'A, but B', 'A, however B'.",Sentence A + しかし + Sentence B.,今日は忙しい。しかし、時間があるなら、コーヒーを飲もう。,"Kyou wa isogashii. Shikashi, jikan ga aru nara, koohii o nomou.","I'm busy today. However, if I have time, let's have coffee.",JLPT N5
"A。じゃ、～B。(A. Ja, ~B.)","Indicates a decision or suggestion; 'well then', 'in that case', 'so'.","A: Sentence, B: Sentence (A and B can be any sentence type)",映画は時間がない。じゃ、また今度行こう。,"Eiga wa jikan ga nai. Ja, mata kondo ikou.","There's no time for a movie. Well then, let's go another time.",JLPT N5
"A。それじゃ、～B。(A. Soreja,~B.)","Connect two sentences; 'A, so/in that case, B'",Sentence A + 。それじゃ、 + Sentence B,今日は休みです。それじゃ、映画を観に行きましょう。,"Kyou wa yasumi desu. Soreja, eiga wo mi ni ikimashou.","Today is a day off. In that case, let's go watch a movie.",JLPT N5
"A。それでは、～B。(A. Soredewa,~B.)","Express a change in situation; 'then', 'in that case', 'so'.",A (Statement) + 。それでは、 + B (Follow-up action or statement),今日は休みだ。それでは、映画を見に行こう。,"Kyou wa yasumi da. Sore dewa, eiga wo mi ni ikou.","Today is a day off. In that case, let's go see a movie.",JLPT N5
"A。 では、～B。 (A. Dewa, ~B)","Indicates a contrast or comparison between A and B; 'As for A, ~B'.",Noun A + では、 + Subject + Predicate B,果物では、リンゴが一番好きです。,"Kudamono dewa, ringo ga ichiban suki desu.","As for fruits, apples are my favorite.",JLPT N5
"A。でも、～B。(A. Demo, ~B)","Used to express contrast between two statements; 'A, but B', 'A, however B'.",Clause A + でも + Clause B,昨日は寒かった。でも、今日は暖かいです。,"Kinou wa samukatta. Demo, kyou wa atatakai desu.",Yesterday was cold. But today it's warm.,JLPT N5
Aと Bと どちら～ (A to B to dochira~),Used to ask which of two alternatives is preferred or to compare two things,Aと Bと どちら + Verb/Adjective/Noun,りんごとみかんとどちらが好きですか。,Ringo to mikan to dochira ga suki desu ka?,"Which do you like, apples or oranges?",JLPT N5
AとBと どっち〜 (A to B to docchi〜),"Asking which one; 'which', 'A or B'.","AとBと どっち + Verb, AかBか どっち + Verb",コーヒーと紅茶とどっちが好き？,Koohii to koucha to docchi ga suki?,"Which do you like, coffee or tea?",JLPT N5
A は B が〜 (A wa B ga〜),Indicates that there is something unique or different about A and describes what is special about it.,A は (Topic) + B が (Characteristic/Feature) + Description/Action,彼女は髪が長いです。,Kanojo wa kami ga nagai desu.,What's special about her is that she has long hair.,JLPT N5
A は B より～ (A wa B yori～),Express a comparison between A and B; 'A is more/less than B'.,A は B より + Adjective,このジュースはあのジュースより甘いです。,Kono juusu wa ano juusu yori amai desu.,This juice is sweeter than that juice.,JLPT N5
A より B のほうが～ (A yori B no hou ga ～),Used to compare two items; 'B is more ～ than A'.,A + より + B + のほうが + Adjective,ピザよりハンバーガーのほうが美味しい。,Piza yori hanbaagaa no hou ga oishii.,Hamburgers are more delicious than pizza.,JLPT N5
い-Adjective く + Verb (i-Adjective + ku + Verb),"Used to connect an い-adjective to a verb, modifying the verb (adverbial usage).",い-Adjective (remove い) + く + Verb,彼は速く走りました。,Kare wa hayaku hashirimashita.,He ran quickly.,JLPT N5
い-Adjective く します (i-Adjective ku shimasu),Use an い-adjective to express 'to make' or 'to become'.,い-Adjective (remove い) + くします,部屋を明るくします。,Heya o akaruku shimasu.,I will make the room brighter.,JLPT N5
い-Adjective: Negative Polite Form,Change an い-adjective into a polite negative form with ～くないです (or ～くありません).,い-Adjective (remove い) + くないです,このピザは美味しくないです。,Kono piza wa oishiku nai desu.,This pizza is not delicious.,JLPT N5
い-Adjective て (i-Adjective + te~),Used to connect two or more い-adjectives to describe something.,い-Adjective (remove い) + くて + い-Adjective,このリンゴは甘くて美味しいです。,Kono ringo wa amakute oishii desu.,This apple is sweet and delicious.,JLPT N5
な-Adjective に + Verb,Turn a な-adjective into an adverb by adding に.,な-Adjective (remove な) + に + Verb,彼は静かに話す。,Kare wa shizuka ni hanasu.,He speaks quietly.,JLPT N5
な-Adjective で～ (na-Adjective de~),Usage of で to connect or add information with a な-adjective.,な-Adjective + で,彼は綺麗で優しい女性が好きです。,Kare wa kirei de yasashii josei ga suki desu.,He likes women who are beautiful and kind.,JLPT N5
な-Adjective に します (na-Adjective ni shimasu),Expressing a decision or preference with a な-adjective.,な-Adjective + に + します,静かにします。,Shizuka ni shimasu.,I will be quiet.,JLPT N5
な-Adjective に なります (na-Adjective ni narimasu),Express a change or transformation into a state described by the な-adjective.,な-Adjective (remove な) + に + なります,この部屋は静かになります。,Kono heya wa shizuka ni narimasu.,This room becomes quiet.,JLPT N5
Noun か Noun か～ (Noun ka Noun ka～),"Expresses choice or alternatives; 'either', 'or'.",Noun1 + か + Noun2 + か～,今日、映画を見るか、散歩するかどちらにしますか？,"Kyou, eiga wo miru ka, sanpo suru ka dochira ni shimasu ka?",Will we watch a movie or go for a walk today?,JLPT N5
Noun が できます (Noun ga dekimasu),Express the ability to do something.,Noun + が + できます,英語ができます。,Eigo ga dekimasu.,I can speak English.,JLPT N5
Noun がほしいです (〜ga hoshii desu),"Express a desire or wanting something; 'I want', 'I would like'.",Noun + が + ほしいです,新しい車がほしいです。,Atarashii kuruma ga hoshii desu.,I want a new car.,JLPT N5
Noun から Noun まで (Noun kara Noun made),"Expresses a range; 'from...to', 'between...and'.",Noun1 + から + Noun2 + まで,朝9時から午後5時まで働きます。,Asa ku-ji kara gogo go-ji made hatarakimasu.,I work from 9 AM to 5 PM.,JLPT N5
Noun くらい～ (Noun kurai～),"Express the extent or degree of something; 'about', 'approximately', 'at least'.",Noun + くらい,この本は三百ページくらいあります。,Kono hon wa sanbyaku peeji kurai arimasu.,This book has about 300 pages.,JLPT N5
Noun ぐらい～ (Noun gurai～),"Express an approximate amount or degree; 'about', 'approximately'.",Noun + ぐらい,一日中勉強したので、１０時間ぐらい勉強しました。,"Ichinichijuu benkyou shita node, juu-jikan gurai benkyou shimashita.","I studied all day, so I studied for about 10 hours.",JLPT N5
Noun ごろ～ (Noun + goro～),Expresses 'around' or 'about' a certain time or age.,Noun + ごろ,昼ごろに電話してください。,Hiru goro ni denwa shite kudasai.,Please call me around noon.,JLPT N5
Noun だけ〜 (〜dake),"Indicates 'only', 'just', or 'merely'.","Noun + だけ, Verb-casual + だけ, い-Adjective + だけ, な-Adjective-な + だけ",コーヒーだけ飲んで、帰りました。,"Koohii dake nonde, kaerimashita.",I only drank coffee and went home.,JLPT N5
Nounで～ (Noun de ~),"Indicate a place or means for an action or situation; 'at, in, on', 'using', or 'by means of'.",Noun + で,図書館で勉強します。,Toshokan de benkyou shimasu.,I study at the library.,JLPT N5
Noun と～ (Noun to～),"Express 'with', 'and' or 'together with' when connecting nouns.",Noun1 + と + Noun2,リンゴとバナナを買いました。,Ringo to banana wo kaimashita.,I bought apples and bananas.,JLPT N5
Noun に～ (Noun ni～),"Express a specific direction, target or purpose; 'to', 'toward', 'for'.",Noun + に,彼女にプレゼントをあげました。,Kanojo ni purezento wo agemashita.,I gave a present to her.,JLPT N5
Noun に 帰ります (Noun ni kaerimasu),"Express going back or returning to a place: 'to return to', 'to go back to'.",Noun + に + 帰ります,夏休みが終わったら、学校に帰ります。,"Natsuyasumi ga owattara, gakkou ni kaerimasu.","When summer vacation ends, I'll go back to school.",JLPT N5
Noun に します (Noun ni shimasu),"Express a choice or decision; 'choose', 'decide on'.",Noun + に します,今日の昼ご飯は寿司にします。,Kyou no hirugohan wa sushi ni shimasu.,I'll choose sushi for today's lunch.,JLPT N5
Noun に なります (Noun ni narimasu),"Expresses change or becoming something; 'to become', 'to turn into', 'to be'.",Noun + に + なります,彼は医者になります。,Kare wa isha ni narimasu.,He will become a doctor.,JLPT N5
Noun に 来ます (Noun ni kimasu),Used to express coming to a place.,Noun + に + 来ます (kimasu),友達が私の家に来ます。,Tomodachi ga watashi no ie ni kimasu.,My friend will come to my house.,JLPT N5
Noun に 行きます (Noun ni ikimasu),Used to express going to a location.,Noun + に + 行きます,学校に行きます。,Gakkou ni ikimasu.,I will go to school.,JLPT N5
Noun の あとで (Noun no atode),"Expresses the order of events; 'after', 'later than'.",Noun + の + あとで,朝ご飯のあとで、歯を磨きます。,"Asagohan no atode, ha wo migakimasu.","After breakfast, I brush my teeth.",JLPT N5
Noun の 前に (Noun no mae ni),Used to describe a location or position 'in front of' a noun.,Noun + の + 前に,駅の前にコンビニがあります。,Eki no mae ni konbini ga arimasu.,There is a convenience store in front of the station.,JLPT N5
Noun は～ (Noun wa〜),"Used to mark the topic of a sentence; 'as for', 'speaking of'.",Noun + は,私は日本の料理が好きです。,Watashi wa Nihon no ryouri ga suki desu.,"As for me, I like Japanese cuisine.",JLPT N5
Noun も〜 (Noun mo~),"Indicates that the action or state is the same for multiple items or people; 'also', 'as well'.",Noun + も,私も日本語を勉強しています。,Watashi mo nihongo wo benkyou shiteimasu.,I am also studying Japanese.,JLPT N5
Noun や Noun など～ (Noun ya Noun nado),"Lists items or examples but not exhaustively; 'such as', 'like', 'and so on'.",Noun1 + や + Noun2 + など,彼は野菜や果物などを食べるのが好きです。,Kare wa yasai ya kudamono nado o taberu no ga suki desu.,He likes to eat things like vegetables and fruits.,JLPT N5
Noun を〜 (Noun wo〜),Indicates the direct object of a verb.,Noun + を + Verb,私は本を読みます。,Watashi wa hon wo yomimasu.,I read a book.,JLPT N5
Verb た あとで (ta ato de),Indicates an action that takes place after another action.,Verb-た form + あとで,宿題をしたあとで、テレビを見ました。,"Shukudai wo shita ato de, terebi wo mimashita.","After doing my homework, I watched TV.",JLPT N5
Verb たいです (taidesu),"Express desire or want to do something; 'I want to', 'I would like to'.","る-Verb: Remove る and add たいです, う-Verb: Replace the final verb character with the ～い form and add たいです, Exception: する becomes したいです",私は寿司を食べたいです。,Watashi wa sushi wo tabetai desu.,I want to eat sushi.,JLPT N5
Verb て～ (Verb + te～),A verb conjugation that connects actions or states.,"Verb (Group 1) - Replace last syllable with 〜て, Verb (Group 2) - Replace 'る' with 〜て, Verb (Group 3) - する becomes して, くる becomes きて",コーヒーを飲んで、出かけます。,"Koohii o nonde, dekakemasu.","After drinking coffee, I will go out.",JLPT N5
Verb て います (Verb te imasu),"Express ongoing action or state; 'is doing', 'is doing (continuous)', 'has been doing'.",Verb て-form + います,彼女は今ピアノを弾いています。,Kanojo wa ima piano wo hiite imasu.,She is playing the piano now.,JLPT N5
Verb てから～ (〜te kara),"Express a sequence of actions or events; 'after', 'since', 'once'.",Verb-て形 + から,宿題をしてから、テレビを見ました。,"Shukudai wo shite kara, terebi wo mimashita.",I watched TV after doing my homework.,JLPT N5
Verb て ください (Verb-te kudasai),A request or command; 'please do'.,Verb-て form + ください,ドアを開けてください。,Doa wo akete kudasai.,Please open the door.,JLPT N5
Verb ないで ください (〜naide kudasai),Used to make a polite request for someone not to do something; 'please don't'.,Verb-ない-form + で ください,タバコを吸わないでください。,Tabako wo suwanaide kudasai.,Please don't smoke.,JLPT N5
Noun に 戻ります (Noun ni modorimasu),"Expresses the action of returning to a previous state, place, or condition.",Noun + に + 戻ります,冷蔵庫に入れると、溶けたアイスクリームは固体に戻ります。,"Reizouko ni ireru to, toketa aisukuriimu wa kotai ni modorimasu.","When put in the refrigerator, the melted ice cream returns to its solid state.",JLPT N5
Verb に 来ます (Verb ni kimasu),Expresses the purpose of coming to a place; 'come to (do something)'.,Verb (ます-stem) + に + 来ます,友達に会いに来ました。,Tomodachi ni ai ni kimashita.,I came to meet my friend.,JLPT N5
Verb に 行きます (Verb ni ikimasu),To go (somewhere) in order to do an action.,Verb (ます-stem) + に + 行きます,公園に遊びに行きます。,Kouen ni asobi ni ikimasu.,I will go to the park to play.,JLPT N5
Verb ましょう (mashou),Making a suggestion or invitation; 'let's' or 'shall we'.,Verb (ます-stem) + ましょう,一緒に映画を見ましょう。,Issho ni eiga wo mimashou.,Let's watch a movie together.,JLPT N5
Verb ましょうか。 (〜mashou ka.),"Used to make a polite suggestion or offer help; 'shall we', 'should we', 'do you want me to'.",Verb (ます-stem) + ましょうか,一緒に映画を見に行きましょうか。,Issho ni eiga wo mi ni ikimashou ka.,Shall we go see a movie together?,JLPT N5
Verb ませんか。 (Verb-masenka),"An invitation or suggestion; 'won't you', 'why don't you', 'shall we'.",Verb (ます-form) + ませんか,一緒に映画を見ませんか。,Issho ni eiga wo mimasenka.,Won't you watch a movie together with me?,JLPT N5
Verb ること～ (〜ru koto),"Express an action or event as a noun; 'the act of', 'doing'.",Verb (dictionary form) + こと,泳ぐことが大好きです。,Oyogu koto ga daisuki desu.,I love swimming.,JLPT N5
Verb る こと が できます (ru koto ga dekimasu),"Express the potential form, or the ability to do something.",Verb (dictionary form) + ことができます,この問題を解くことができます。,Kono mondai o toku koto ga dekimasu.,I can solve this problem.,JLPT N5
Verb る こと ができる (ru koto ga dekiru),"Expresses the potential form; 'can', 'be able to', 'is possible'.",Verb (dictionary form) + ことができる,この問題を解くことができる？,Kono mondai o toku koto ga dekiru?,Can you solve this problem?,JLPT N5
Verb る の～ (Verb + ru + no~),"Used to express the purpose or reason in casual speech, or nominalize the verb with の.",Verb (dictionary form) + の (casual),買い物をするために、銀行でお金をおろすの。,"Kaimono o suru tame ni, ginkou de okane o orosu no.",I'm withdrawing money at the bank so I can go shopping.,JLPT N5
Verb る 前に (ru mae ni),Used to express 'before' in a sense of an action must be done before another action or event.,Verb (dictionary form) + 前に,出かける前に、部屋を掃除してください。,"Dekakeru mae ni, heya o souji shite kudasai.",Please clean the room before leaving.,JLPT N5
あまり～ありません (amari ~ arimasen),"Express 'not very', 'not much', or 'not really' when describing a negative state or situation.",あまり + Verb-ないform + ありません / あまり + い-Adjective-く ありません / あまり + な-Adjective・Noun じゃありません,彼はあまり疲れていません。,Kare wa amari tsukareteimasen.,He is not really tired.,JLPT N5
あまり～ないです (amari ~ nai desu),Express 'not really' or 'not very'; used to soften a negative statement.,あまり + Verb-ないform + です / あまり + い-Adjective-くない + です / あまり + な-Adjective-じゃない + です,あまり食べないです。,Amari tabenai desu.,I don't really eat much.,JLPT N5
～あります (〜arimasu),"Indicate possession or existence of inanimate objects; 'there is', 'there are'.",Object + が + あります,教室に机があります。,Kyoushitsu ni tsukue ga arimasu.,There is a desk in the classroom.,JLPT N5
～いかがですか。 (〜ikaga desu ka.),"A polite way to ask someone's thoughts, opinions, or preferences; 'how about', 'how is'.",Noun + は + いかがですか / (Verb-て form + は) いかがですか,お茶はいかがですか？,Ocha wa ikaga desu ka?,How about some tea?,JLPT N5
いくつ～ (ikutsu~),Used to express 'how many' or ask for the number of something.,いくつ + Noun (optional),リンゴはいくつありますか？,Ringo wa ikutsu arimasu ka?,How many apples are there?,JLPT N5
いつか～ (itsuka～),"Indicates an unspecified point in time; 'someday', 'one day', 'at some point'.",いつか + sentence,いつか日本に行きたいです。,Itsuka Nihon ni ikitai desu.,I want to go to Japan someday.,JLPT N5
いつでも～ (itsudemo～),"Expresses 'anytime', 'always', or 'whenever'.",いつでも + (Verb),いつでも遊びに来てください。,Itsudemo asobi ni kite kudasai.,Please come to play anytime.,JLPT N5
いつも～ (itsumo～),Expressing 'always' or 'usually' in a sentence.,いつも + Verb / Adjective / Noun,彼はいつも遅刻します。,Kare wa itsumo chikoku shimasu.,He is always late.,JLPT N5
～て います (～te imasu),"Expresses the present continuous or ongoing action; 'to be doing', 'currently doing'.",Verb て-form + います,今、音楽を聞いています。,"Ima, ongaku wo kiite imasu.",I am listening to music right now.,JLPT N5
～が (〜ga),Particle indicating the subject of a sentence or expressing 'but'.,Noun + が / い-Adjective + が / な-Adjective + が / Verb + が,私が学生です。,Watashi ga gakusei desu.,I am a student.,JLPT N5
"～が、～ (〜ga, 〜)","Express a contrast between two sentences; 'but', 'however'.",Sentence 1 + が、+ Sentence 2,デザートは美味しいが、カロリーが高い。,"Dezaato wa oishii ga, karorii ga takai.","The dessert is delicious, but it is high in calories.",JLPT N5
～から、～ (〜kara、～),"Expresses reason or cause; 'because', 'since', 'so'.",Verb-casual + から / い-Adjective + から / な-Adjective + だから / Noun + だから,明日は試験があるから、今晩勉強しなければなりません。,"Ashita wa shiken ga aru kara, konban benkyou shinakereba narimasen.","Because I have an exam tomorrow, I must study tonight.",JLPT N5
～からです (〜kara desu),"Express the reason or cause; 'because', 'since', 'due to'.",Verb-casual + からです / い-Adjective + からです / な-Adjective + だからです / Noun + だからです,寒いからです。コートを着ています。,Samui kara desu. Kooto wo kiteimasu.,It’s because it’s cold. That’s why I’m wearing a coat.,JLPT N5
～から もらいます (〜kara moraimasu),To receive something or get someone to do something.,Noun + から + (Verb-て form) + もらいます,友達からプレゼントをもらいました。,Tomodachi kara purezento wo moraimashita.,I received a present from my friend.,JLPT N5
～が 私に くれます (〜ga watashi ni kuremasu),Used to express that someone gives a gift or favor to 'me'; 'someone gives me'.,Person + が + (Thing or Action) + 私に + くれます,彼がプレゼントを私にくれました。,Kare ga purezento wo watashi ni kuremashita.,He gave me a present.,JLPT N5
～けど、～ (〜kedo、～),"Used to connect two clauses; 'but', 'however', 'although'",Verb-casual + けど / い-adjective + けど / な-adjective + だけど / Noun + だけど,授業に出たけど、まだ宿題をしないといけない。,"Jugyou ni deta kedo, mada shukudai wo shinai to ikenai.","I attended the class, but I still have to do my homework.",JLPT N5
～けれど、～ (〜keredo、～),"Expresses a contrast or contradiction; 'but', 'however', 'even though'.",Verb-casual + けれど / い-Adjective + けれど / な-Adjective + だけれど / Noun + だけれど,今日は寒いけれど、散歩に行きます。,"Kyou wa samui keredo, sanpo ni ikimasu.","Even though it's cold today, I'll go for a walk.",JLPT N5
こちら～ (kochira～),"Refers to a person, place or thing; 'this', 'this one', 'this way', 'here'.",こちら / こちら + の + Person/Thing,こちらは田中さんです。,Kochira wa Tanaka-san desu.,This is Mr./Ms. Tanaka.,JLPT N5
さっき～ (sakki～),Refers to a short time ago or just now.,さっき + verb / さっき + phrase,さっき電話がありました。,Sakki denwa ga arimashita.,There was a phone call just now.,JLPT N5
すぐに～ (sugu ni～),Immediately or right away; used to express promptness or quickness.,すぐに + Verb/Adjective,友達が来たら、すぐに電話をかけてください。,"Tomodachi ga kitara, sugu ni denwa wo kakete kudasai.","When my friend arrives, please call me right away.",JLPT N5
ぜんぜん～ (zenzen～),Used to express 'not at all' or 'completely' in negative sentences.,ぜんぜん + [Negative verb/adjective],彼はぜんぜん話さない。,Kare wa zenzen hanasanai.,He doesn't talk at all.,JLPT N5
そして、～ (soshite、～),"Used to connect two sentences; 'and then', 'and'.",Sentence 1 + そして + Sentence 2,朝起きて、そして宿題をしました。,"Asa okite, soshite shukudai wo shimashita.",I woke up in the morning and then did my homework.,JLPT N5
そちら～ (sochira～),"Indicates a direction or person in moderate distance; 'that way', 'that person'.",そちら [alone] / そちら + の + Noun,そちらのレストランはどうですか？,Sochira no resutoran wa dou desu ka?,How is that restaurant over there?,JLPT N5
それから、～ (sorekara、～),"Meaning 'after that', 'and then' or 'then', indicating sequence of events.",Clause 1 + それから + Clause 2,コーヒーを飲んで、それから家を出ました。,"Koohii o nonde, sorekara ie o demashita.","I drank coffee, and then I left the house.",JLPT N5
だいたい〜 (daitai〜),"Expresses 'roughly', 'approximately', or 'almost'.",だいたい + Number/Amount/Percentage,だいたい１００人がパーティーに参加しました。,Daitai hyaku-nin ga paatii ni sanka shimashita.,Approximately 100 people attended the party.,JLPT N5
たいてい～ (taitei～),"Used for expressing 'usually', 'mostly', or 'generally'.",たいてい + Verb/い-Adjective/な-Adjective/Noun,たいてい朝８時に起きます。,Taitei asa hachi-ji ni okimasu.,I usually wake up at 8 o'clock in the morning.,JLPT N5
だから、～ (dakara、～),"Expresses a reason or cause; 'because', 'so', 'therefore'.",Noun + だから / な-Adjective + だから,雨だから、傘を持って行きましょう。,"Ame dakara, kasa wo motte ikimashou.","Because it's raining, let's bring an umbrella.",JLPT N5
"～たり、～たり します (〜tari, 〜tari shimasu)","Used to list multiple actions or states; 'do things like', 'and'.",Verb-casual-past + たり + Verb-casual-past + たり + します,休日には、映画を見たり、友達と遊んだりします。,"Kyuujitsu ni wa, eiga wo mitari, tomodachi to asondari shimasu.","On holidays, I do things like watch movies and hang out with friends.",JLPT N5
だれ～ (dare～),"Asking 'who' in a sentence, used to inquire about someone's identity or to clarify who is being referred to.","だれ + appropriate particle (が, は or を)",だれがその本を買いましたか。,Dare ga sono hon o kaimashita ka.,Who bought that book?,JLPT N5
だれか〜 (dareka〜),Indicates 'someone' or something done or possessed by 'someone'.,"だれか + Verb, だれか + Adjective, だれか + Noun",だれかがドアをノックしました。,Dareka ga doa wo nokku shimashita.,Someone knocked on the door.,JLPT N5
だれでも～ (dare demo～),Used to express 'anyone' or 'everyone'; 'no matter who'.,だれでも + Verb/Adjective/Noun,だれでもこのゲームができます。,Dare demo kono geemu ga dekimasu.,Anyone can play this game.,JLPT N5
だれも～ないです (dare mo ~ nai desu),Express 'nobody' or 'no one' in a negative sentence.,"だれも + Verb-negative form (ないです), だれも + い-Adjective-negative form (ないです), だれも + な-Adjective-negative form (じゃないです)",だれも知らないです。,Daremo shiranai desu.,Nobody knows.,JLPT N5
だれも～ません (daremo ~masen),Express 'nobody' or 'no one' in negative sentences.,だれも + Verb-negative (ません),だれも秘密を知りません。,Daremo himitsu wo shirimasen.,No one knows the secret.,JLPT N5
～どう しますか。 (～dou shimasu ka.),"Asking for someone's opinion or decision; 'what will you do?', 'how will you handle it?'.",Situation + どうしますか,雨が降っているので、どうしますか？,"Ame ga futte iru node, dou shimasu ka?","It's raining, so what will you do?",JLPT N5
～どうですか。 (〜dou desu ka.),"Asking for opinions or suggestions; 'how about', 'what do you think of'.",Noun + は/が + どうですか / Verb-casual + の + どうですか / い-Adjective + どうですか / な-Adjective + な + どうですか,この映画はどうですか？,Kono eiga wa dou desu ka?,How about this movie? / What do you think of this movie?,JLPT N5
どうやって～ (douyatte～),Ask 'how' something is done or how to do something.,どうやって + Verb-casual,どうやってお寿司を作りますか？,Douyatte o-sushi wo tsukurimasu ka?,How do you make sushi?,JLPT N5
～どう 言いますか。 (〜dou iimasu ka.),Asking for the way to say something; 'how do you say'.,Word/Phrase + は [language]でどう言いますか / Word/Phrase + をどう言いますか,「ありがとう」は英語でどう言いますか。,「Arigatou」wa eigo de dou iimasu ka.,How do you say 'thank you' in English?,JLPT N5
～とき (〜toki),"Expresses the time when something happens, 'when', 'at the time'.",Verb-casual + とき / い-Adjective + とき / な-Adjective + なとき / Noun + のとき,公園で遊ぶとき、帽子をかぶりましょう。,"Kouen de asobu toki, boushi wo kaburimashou.","When playing in the park, let's wear a hat.",JLPT N5
ときどき～ (tokidoki～),"Used to indicate the frequency of an event; 'sometimes', 'occasionally', 'now and then'.",ときどき + Verb/Adjective/Noun,彼はときどきケーキを作ります。,Kare wa tokidoki keeki o tsukurimasu.,He sometimes makes cakes.,JLPT N5
どこ～ (doko～),"Express 'where', used with question words for asking about locations.",どこ + question particle,駅はどこですか？,Eki wa doko desu ka?,Where is the station?,JLPT N5
どこか～ (dokoka～),"Expresses 'somewhere', used when the specific location is unknown or uncertain.","どこか + (Particle, if needed) + Verb/Noun/Adjective",どこかで財布をなくしました。,Dokoka de saifu wo nakushimashita.,I lost my wallet somewhere.,JLPT N5
どこでも～ (dokodemo～),Express 'anywhere' or 'everywhere' in Japanese.,Simply use the word どこでも in the sentence as an adverb to indicate 'anywhere' or 'everywhere'.,どこでも好きな場所で勉強できます。,Dokodemo sukina basho de benkyou dekimasu.,You can study anywhere you like.,JLPT N5
どこにも + Verb + ないです (doko ni mo + Verb + nai desu),Express that an action cannot be performed anywhere or something cannot be found anywhere.,どこにも + Verb in ない-form + です,どこにも傘が売ってないです。,Doko ni mo kasa ga uttenai desu.,Umbrellas are not sold anywhere.,JLPT N5
どこにも + Verb + ません (doko ni mo + Verb + masen),Express 'not anywhere' or 'nowhere' with a negative verb.,どこにも + Verb-negative,どこにもあの猫がいません。,Doko ni mo ano neko ga imasen.,The cat is not anywhere.,JLPT N5
どこへも Verb ないです (doko e mo + Verb + nai desu),"Express that an action doesn't take place anywhere; 'nowhere', 'not anywhere'.",どこへも + Verb in negative form (ないです),今週末どこへも行かないです。,Konshuumatsu doko e mo ikanai desu.,I'm not going anywhere this weekend.,JLPT N5
どこへも Verb ません (doko e mo + Verb + masen),Nowhere; Not to any place,どこへも + Verb-negative,今日はどこへも行きません。,Kyou wa doko e mo ikimasen.,I won't go anywhere today.,JLPT N5
どこも Verb ないです (dokomo + Verb + naidesu),"Express that something cannot be found anywhere or in any place; 'nowhere', 'in no place'.",どこも + Verb-negative,どこもうちわがないです。,Doko mo uchiwa ga nai desu.,I can't find fans anywhere.,JLPT N5
どこも Verb ません (dokomo + Verb + masen),Express that 'nowhere' meets the verb action; 'nowhere does/can'.,どこも + Verb-ます form + ません,どこも静かじゃありません。,Doko mo shizuka ja arimasen.,Nowhere is quiet.,JLPT N5
どちら～ (dochira～),Used to ask about two choices or options.,"どちら + が/を + verb, どちら + が/を + adjective, どちら + が/を + noun",この二つのリンゴ、どちらが美味しいですか？,"Kono futatsu no ringo, dochira ga oishii desu ka?",Which of these two apples is delicious?,JLPT N5
どなた～ (donata～),"A polite way to ask 'who', used for asking about someone's identity or when seeking information about an unknown person.",どなた,すみません、どなたが山田さんですか？,"Sumimasen, donata ga Yamada-san desu ka?","Excuse me, who is Mr. Yamada?",JLPT N5
どの Noun (dono Noun),Expresses 'which'; used to ask about specific items within a group.,どの + Noun,どの本が一番面白いですか。,Dono hon ga ichiban omoshiroi desu ka?,Which book is the most interesting?,JLPT N5
どれでも～ (dore demo～),Indicates 'any' or 'whichever' when referring to multiple items.,どれ + でも,どれでもいいですか？,Dore demo ii desu ka?,Is any choice okay?,JLPT N5
どんな Noun (donna),Used to ask or describe 'what kind' or 'what type' of something.,どんな + Noun,どんな音楽が好きですか？,Donna ongaku ga suki desu ka?,What kind of music do you like?,JLPT N5
なに～ (nani~),Asking about 'what' or 'which' in Japanese,"Verb + なに, い-Adjective + なに, な-Adjective + なに, Noun + なに",これはなにですか。,Kore wa nani desu ka?,What is this?,JLPT N5
なにか～ (nanika～),Indicates 'something' or 'some kind of'.,なにか + Noun,なにか飲み物を持ってきてください。,Nanika nomimono wo motte kite kudasai.,Please bring some kind of drink.,JLPT N5
なにも～ないです (nani mo~nai desu),Used to express 'not any' or 'nothing' in a negative sentence.,なにも + Verb-negative,彼はなにも言わなかったです。,Kare wa nani mo iwanakatta desu.,He didn't say anything.,JLPT N5
なにも～ません (nanimo~masen),"Used to express 'not anything', 'nothing'.",なにも + Verb-ます form + ません,昨日はなにも食べませんでした。,Kinou wa nanimo tabemasen deshita.,I didn't eat anything yesterday.,JLPT N5
なん～ (nan~),"Used to form interrogative questions and emphasize the question word for 'what', 'how'.",なん + Counter / なん + Verb / なん + Adjective,あなたはなん歳ですか？,Anata wa nan-sai desu ka?,How old are you?,JLPT N5
なんで～ (nande～),"Asking the reason or cause; 'why', 'how come'.",なんで + [phrase or sentence],なんで遅れたの？,Nande okureta no?,Why were you late?,JLPT N5
なんでも～ (nandemo～),"Means 'any', 'anything', 'anyone'.",なんでも + Verb / なんでも + Adjective / なんでも + Noun,なんでも食べられるから、何を頼んでも大丈夫です。,"Nandemo taberareru kara, nani wo tanondemo daijoubu desu.","I can eat anything, so it's okay to order whatever you want.",JLPT N5
～なんと 言いますか。 (〜nan to iimasu ka.),Asking how something is called or referred to; 'how do you say',Noun + は/が + なんと言いますか,この花はなんと言いますか。,Kono hana wa nan to iimasu ka.,How do you say this flower?,JLPT N5
～に あげます (〜 ni agemasu),"Used to express giving something to someone; 'give', 'offer'.",Receiver + に + Object + を + あげます,私は友達に本をあげました。,Watashi wa tomodachi ni hon wo agemashita.,I gave a book to my friend.,JLPT N5
～に もらいます (〜ni moraimasu),"To receive something or some action from someone; 'to get', 'to receive'.",Giver + に + Verb-te form + もらいます / Giver + に + Object + を + もらいます,友達にプレゼントをもらいました。,Tomodachi ni purezento wo moraimashita.,I received a gift from my friend.,JLPT N5
～の (〜no),"Express possession, apposition, or description using 'of' or ''s'.","Noun1 + の + Noun2, (Adjective/Clause) + の (nominalized), etc.",これは私の鞄です。,Kore wa watashi no kaban desu.,This is my bag.,JLPT N5
～はたいへんです (〜wa taihen desu),Express that something is difficult or tough.,Noun + はたいへんです,漢字を覚えるのはたいへんです。,Kanji o oboeru no wa taihen desu.,It is difficult to remember kanji.,JLPT N5
ほとんど〜 (hotondo〜),"Used to express 'almost', 'nearly', or 'most'.",ほとんど + Verb / ほとんど + Noun,彼女はほとんど英語を話せません。,Kanojo wa hotondo eigo o hanasemasen.,She can hardly speak English.,JLPT N5
まあまあ～ (maa maa～),"Expresses something as 'so-so', 'not bad', or 'average'.",Used as an adverb or short expression with no special grammar structure.,彼の料理の腕前はまあまあです。,Kare no ryouri no udemae wa maa maa desu.,His cooking skills are so-so.,JLPT N5
まだ〜 (mada〜),"Indicates something has not yet happened or is still happening; 'still', 'not yet'.","まだ + Verb (non-past / negative / te-form), まだ + い-adjective, まだ + な-adjective + じゃない/ではない, まだ + Noun + じゃない/ではない",昼ご飯はまだ食べていません。,Hirugohan wa mada tabete imasen.,I haven't eaten lunch yet.,JLPT N5
まだ〜ないです (mada 〜 nai desu),Expresses that something has not happened or been done yet.,まだ + Verb-negative + です,まだ宿題をしていないです。,Mada shukudai o shite inai desu.,I haven't done my homework yet.,JLPT N5
まだ～ません (mada ~masen),Expresses that something has not happened or been done yet (polite form).,まだ + Verb-ます form (negative),昼ご飯をまだ食べていません。,Hirugohan o mada tabete imasen.,I have not eaten lunch yet.,JLPT N5
もう～ (mou～),"Expresses 'already', 'anymore', or 'soon'.",もう + Verb / もう + Adjective / もう + Noun,もう昼ごはんを食べました。,Mou hirugohan o tabemashita.,I already ate lunch.,JLPT N5
もうすぐ〜 (mou sugu~),"Express an action or event happening soon: 'soon', 'in a short while', 'almost'.",もうすぐ + Verb (~ます form or 〜る form),もうすぐ春が来ます。,Mou sugu haru ga kimasu.,Spring is coming soon.,JLPT N5
もっと〜 (motto〜),"Expresses 'more' or 'even more' when describing a quantity, frequency, or degree.",もっと + Verb / い-Adjective / な-Adjective,もっと勉強しなければなりません。,Motto benkyou shinakereba narimasen.,I have to study more.,JLPT N5
よく～ (yoku ~),Often used to express 'doing something well' or 'often'.,よく + Verb-casual,彼はよく勉強します。,Kare wa yoku benkyou shimasu.,He studies often.,JLPT N5
～（場所）に～があります (〜basho ni 〜 ga arimasu),Express the existence or presence of something in a place.,Place + に + Object/Thing + が + あります,図書館にたくさんの本があります。,Toshokan ni takusan no hon ga arimasu.,There are many books in the library.,JLPT N5
A とか B とか,"Used to express multiple examples or possibilities; 'such as', 'like', 'for example'.",Noun + とか + Noun + とか,週末は映画とか買い物とか楽しいことをしたいです。,Shuumatsu wa eiga toka kaimono toka tanoshii koto o shitai desu.,I want to do fun things like watching movies and shopping on the weekend.,JLPT N4
A は B ほど～ありません (A wa B hodo ～ arimasen),"Express that A is not as much as B; 'not as... as', 'not... to the extent of'.",A は B ほど Verb/adjective ありません,今日は昨日ほど寒くありません。,Kyou wa kinou hodo samuku arimasen.,Today is not as cold as yesterday.,JLPT N4
A は B ほど～ない (A wa B hodo ~ nai),Expressing that A is not as ~ as B; 'not as...as',"A は B ほど + い-Adjective stem (without い) + くない, な-Adjective + じゃない, Verb-negative potential form",山田さんは鈴木さんほど背が高くない。,Yamada-san wa Suzuki-san hodo se ga takakunai.,Yamada is not as tall as Suzuki.,JLPT N4
A より B のほうが〜 (A yori B no hou ga 〜),Comparing two things; 'B is more ~ than A'.,A + より + B + のほうが + Adjective/Verb,田中さんより鈴木さんのほうが背が高いです。,Tanaka-san yori Suzuki-san no hou ga se ga takai desu.,Suzuki is taller than Tanaka.,JLPT N4
い-Adjective く する/なる (i-Adjective kusuru/naru),Express a change happening or making something change.,い-Adjective (remove い) + く + する/なる,部屋を明るくします。,Heya o akaruku shimasu.,I will make the room brighter.,JLPT N4
な-adjective に する/なる,Used to indicate change or decision; 'to become' or 'to make' with na-adjectives.,な-Adjective + に + する/なる,部屋をきれいにする。,Heya o kirei ni suru.,To make the room clean.,JLPT N4
Noun しか～ない (Noun shika~nai),"Expresses 'only', 'nothing but', or 'no other'.",Noun + しか + Negative Verb,私はリンゴしか食べない。,Watashi wa ringo shika tabenai.,I eat only apples.,JLPT N4
Noun に する (Noun ni suru),"Used to indicate a choice or decision, 'to decide on' or 'to choose'.",Noun + に + する,メニューからピザにしました。,Menyu kara piza ni shimashita.,I decided on pizza from the menu.,JLPT N4
Noun に なる (Noun ni naru),To become; to change into; to turn into.,Noun + に + なる,彼は医者になりました。,Kare wa isha ni narimashita.,He became a doctor.,JLPT N4
のために (no tame ni),"Used to express purpose or reason; 'for', 'for the sake of', 'in order to'.",Noun + のために,勉強のために、図書館で静かな場所を探しています。,"Benkyou no tame ni, toshokan de shizukana basho o sagashiteimasu.","In order to study, I am looking for a quiet place in the library.",JLPT N4
Noun の 間に (〜no aida ni),Expresses 'while' or 'during' a specific period or time.,Noun + の間に,昼休みの間に銀行に行きます。,Hiruyasumi no aida ni ginkou ni ikimasu.,I will go to the bank during lunch break.,JLPT N4
Noun ばかり (〜bakari),"Expresses 'only', 'nothing but', 'always', or 'just'.","Noun + ばかり, Verb-casual + ばかり, い-Adjective + ばかり, な-Adjective + だ ばかり",彼はお金の話ばかりする。,Kare wa okane no hanashi bakari suru.,He talks about nothing but money.,JLPT N4
Noun を あげる (Noun wo ageru),"To give something to someone; 'give', 'offer', 'present'.",Noun + を + あげる,プレゼントをあげる。,Purezento wo ageru.,I give a present.,JLPT N4
Nounをいただく (Noun wo itadaku),"To receive or accept something politely; 'to receive', 'to get', 'to accept'.",Noun + を + いただく,プレゼントをいただきありがとうございます。,Purezento wo itadaki arigatou gozaimasu.,Thank you for the gift that I received.,JLPT N4
Nounをくださる,Used to express someone doing something as a favor or for the benefit of the speaker.,Noun + を + くださる,先生が資料をくださった。,Sensei ga shiryou wo kudasatta.,The teacher gave me the materials.,JLPT N4
Noun を くれる (Noun wo kureru),Expresses that someone gives a thing to the speaker or someone close to the speaker.,Giver + が + Receiver + に + Noun + を + くれる,友達が私にプレゼントをくれました。,Tomodachi ga watashi ni purezento wo kuremashita.,My friend gave me a present.,JLPT N4
Noun を さしあげる (Noun wo sashiageru),A polite way of expressing to give something.,Noun + を + さしあげる,先生に本をさしあげます。,Sensei ni hon wo sashiagemasu.,I will give a book to the teacher.,JLPT N4
Noun もらう (Noun wo morau),"To receive or get something from someone; 'to receive', 'to get'.",Noun + を + もらう,友達からプレゼントをもらいました。,Tomodachi kara purezento wo moraimashita.,I received a gift from my friend.,JLPT N4
Noun + 中 (Noun + ちゅう),"Express 'in the middle of', 'during', or 'in the process of'.",Noun + 中 (ちゅう),彼は仕事中です。,Kare wa shigotochuu desu.,He is in the middle of work.,JLPT N4
Verb させられる (Verb-saserareru),"Express the passive causative form; 'to be made to', 'to be forced to'.","Group 1 Verb: Replace ～う with ～わせられる, Group 2 Verb: Replace ～る with ～させられる, Group 3 Verb: する → させられる, くる → こさせられる",子供たちは先生に宿題をやらせられました。,Kodomo-tachi wa sensei ni shukudai wo yaraseraremashita.,The children were made to do their homework by the teacher.,JLPT N4
Verb させる (Verb-saseru),"Expresses 'to make someone do something', 'to let someone do something', or 'to cause someone to do something'.","Group 1 Verbs: Change the last hiragana to ～せる, Group 2 Verbs: Remove ～る and add ～させる, Group 3 Verbs: する → させる, くる → こさせる",先生が生徒に宿題をさせました。,Sensei ga seito ni shukudai o sasemashita.,The teacher made the students do homework.,JLPT N4
Verb た ことがある (Verb ta koto ga aru),Expresses the experience of having done something in the past.,Verb-た-form + ことがある,日本に行ったことがあります。,Nihon ni itta koto ga arimasu.,I have been to Japan before.,JLPT N4
Verb た ときに (Verb た ときに),"Express an action or event that occurred at a specific time in the past; 'when', 'at the time'.",Verb-た + ときに,映画を見たときに、泣きました。,"Eiga wo mita toki ni, nakimashita.","When I watched the movie, I cried.",JLPT N4
Verb た ところ (Verb ta tokoro),Expresses the situation right after an action has taken place.,Verb (た form) + ところ,ドアを開けたところ、猫が飛び出してきた。,"Doa wo aketa tokoro, neko ga tobidashite kita.","When I opened the door, a cat came jumping out.",JLPT N4
Verb たほうがいい (〜ta hou ga ii),Used to give advice or make a suggestion to someone - 'it's better if...'.,Verb (past tense) + ほうがいい,早く寝たほうがいい。,Hayaku neta hou ga ii.,It's better if you go to bed early.,JLPT N4
Verb ために (tame ni),"Used to describe the purpose or reason for an action; 'for the sake of', 'in order to', 'because of'.","1) Verb (dictionary form) + ために (purpose)
2) い-Adjective + ために (reason)
3) な-Adjective + な + ために (reason)
4) Noun + の + ために (reason)",試験に合格するために、毎日勉強しています。,"Shiken ni goukaku suru tame ni, mainichi benkyou shiteimasu.",I study every day in order to pass the exam.,JLPT N4
Verb つもり (〜tsumori),"Express the intention, plan, or determination to do something; 'I intend to', 'I plan to', 'I'm determined to'.",Verb-casual + つもり,明日、友達に会うつもりです。,"Ashita, tomodachi ni au tsumori desu.",I plan to meet my friend tomorrow.,JLPT N4
Verb てあげる (Verb te ageru),Used to express doing something for someone; 'do something for someone'.,Verb-て form + あげる,友達が疲れていたから、荷物を持ってあげた。,"Tomodachi ga tsukareteita kara, nimotsu o motte ageta.","Since my friend was tired, I carried their luggage for them.",JLPT N4
Verb て ある (Verb-te aru),Indicates that an action has been done and its result is still in effect.,Verb-て form + ある,窓が開けてある。,Mado ga akete aru.,The window has been opened (and remains open).,JLPT N4
Verb て いく (Verb-te iku),Expresses an action that continues on into the future or a change that progresses over time.,Verb in て-form + いく,このまま練習を続けていくと、上達するでしょう。,"Kono mama renshuu o tsuzukete iku to, joutatsu suru deshou.","If you keep practicing like this, you will improve.",JLPT N4
Verb ていただきたい (te itadakitai),Express a polite request or desire that someone does something for you.,Verb-て form + いただきたい,資料をコピーしていただきたいです。,Shiryou wo kopii shite itadakitai desu.,I would like you to make copies of the documents.,JLPT N4
Verb ていただく (〜te itadaku),Used to express receiving someone's favor or help; 'to kindly do'.,Verb-て form + いただく,メールを送っていただいて、ありがとうございます。,"Meeru o okutte itadaite, arigatou gozaimasu.",Thank you for kindly sending the email.,JLPT N4
Verb て いただけませんか (Verb te itadakemasen ka),"A polite request; 'Could you please...', 'Would you mind...'",Verb-て form + いただけませんか,この手紙を投函していただけませんか。,Kono tegami wo toukan shite itadakemasen ka.,Could you please mail this letter for me?,JLPT N4
Verb て いる (Verb-te iru),Expresses an ongoing action or a state resulting from a past action.,Verb (て-form) + いる,今、本を読んでいます。,"Ima, hon wo yonde imasu.",I am reading a book now.,JLPT N4
Verb て いる ところ (Verb te iru tokoro),"Describes an action that is currently happening; 'in the middle of', 'in the process of'.",Verb-て form + いる ところ,彼は宿題をしているところです。,Kare wa shukudai wo shite iru tokoro desu.,He is in the middle of doing his homework.,JLPT N4
Verb ている間に (te iru aida ni),Expresses 'while' or 'during the time' something is happening.,Verb-て form + いる + 間に,映画を見ている間に、彼は寝てしまった。,"Eiga o mite iru aida ni, kare wa nete shimatta.","While watching the movie, he fell asleep.",JLPT N4
Verb ておく (〜te oku),Perform an action in preparation for a future situation; 'to do something in advance'.,Verb-て form + おく,駅で切符を買っておこう。,Eki de kippu wo katte okou.,Let's buy the tickets in advance at the station.,JLPT N4
Verb て くださいませんか (Verb-te kudasaimasen ka),Polite request for asking someone for a favor.,Verb in て-form + くださいませんか,コーヒーを飲んでくださいませんか。,Koohii o nonde kudasaimasen ka.,Would you please drink some coffee?,JLPT N4
Verb て くださる (Verb-te kudasaru),Expresses gratitude for receiving someone's favor; 'to kindly do'.,Verb て-form + くださる,先生が手伝ってくださる。,Sensei ga tetsudatte kudasaru.,The teacher kindly helps.,JLPT N4
Verb て くる (Verb te kuru),"An action that starts in the past and continues to the present or future; 'come to', 'begin to', 'become'.",Verb て-form + くる,最近、日本語が分かってくるようになりました。,"Saikin, nihongo ga wakatte kuru you ni narimashita.","Recently, I've come to understand Japanese.",JLPT N4
Verb てくれませんか (〜te kuremasen ka),"A polite way to request someone to do something for you; 'Could you please', 'Would you please', 'Won't you'.",Verb-て form + くれませんか,ドアを開けてくれませんか。,Doa wo akete kuremasen ka.,Could you please open the door?,JLPT N4
Verb て くれる (Verb-te kureru),Expresses that someone does something for the speaker (or another person in speaker's group); 'to do something for me/us'.,Verb-te form + くれる,友達が宿題を手伝ってくれました。,Tomodachi ga shukudai wo tetsudatte kuremashita.,My friend helped me with my homework.,JLPT N4
Verb て + さしあげる (Verb TE sashiageru),A polite way to express giving or doing something for someone.,Verb-てform + さしあげる,お茶を入れてさしあげます。,Ocha wo irete sashiagemasu.,I will prepare and serve tea (for you).,JLPT N4
Verb てしまう (〜te shimau),"Expresses unintentional actions or actions with regrettable outcomes; 'to end up doing', 'to accidentally do'.",Verb-te form + しまう,ケーキを全部食べてしまった。,Keeki wo zenbu tabete shimatta.,I ended up eating the whole cake.,JLPT N4
Verb て ほしい (Verb-te hoshii),Express a desire for someone else to do something; 'I want (someone) to'.,Verb-て form + ほしい,子供にもっと勉強してほしい。,Kodomo ni motto benkyou shite hoshii.,I want my child to study more.,JLPT N4
Verb てみる (〜te miru),Used to express 'try to' or 'attempt to do'.,Verb-て form + みる,この料理を作ってみます。,Kono ryouri o tsukutte mimasu.,I will try to make this dish.,JLPT N4
Verb てもらいたい (～te moraitai),Express a desire to receive a favor or service from someone else.,Verb-て-form + もらいたい,この荷物を運んでもらいたいです。,Kono nimotsu o hakonde moraitai desu.,I want you to carry this luggage for me.,JLPT N4
Verb て もらう (Verb-te morau),Express receiving a favor or action from someone.,Verb-て form + もらう,友達に宿題を手伝ってもらった。,Tomodachi ni shukudai o tetsudatte moratta.,I had my friend help me with my homework.,JLPT N4
Verb てもらえませんか (～te moraemasen ka),A polite way to ask for a favor or request someone to do something.,Verb-て form + もらえませんか,この手紙を見てもらえませんか。,Kono tegami o mite moraemasen ka?,Could you take a look at this letter for me?,JLPT N4
Verb ない ことがある (Verb-nai koto ga aru),Expresses that something doesn't always happen or there are occasions when it doesn't happen.,Verb-negative form + ことがある,彼は会議に出席しないことがある。,Kare wa kaigi ni shusseki shinai koto ga aru.,There are times when he doesn't attend meetings.,JLPT N4
Verb ない + ことにする (Verb nai koto ni suru),To decide not to do something.,Verb-ない form + ことにする,明日のパーティーに行かないことにする。,Ashita no paatii ni ikanai koto ni suru.,I've decided not to go to tomorrow's party.,JLPT N4
Verb ない ことになる (Verb nai koto ni naru),"Expresses a result; 'end up not', 'it will become that', 'it would mean that'.",Verb-negative (ない) + ことになる,今日彼が来ないことになると、私たちの予定はキャンセルされます。,"Kyou kare ga konai koto ni naru to, watashitachi no yotei wa kyanseru saremasu.","If he doesn't come today, our plans will be canceled.",JLPT N4
Verb ないほうがいい (Verb nai hou ga ii),Expresses the idea that it is better not to do something.,Verb-negative form + ほうがいい,この薬は飲まないほうがいいです。,Kono kusuri wa nomanai hou ga ii desu.,It's better not to take this medicine.,JLPT N4
Verb ながら (〜nagara),Expresses 'while' or 'as' in the sense of doing two things simultaneously.,Verb-masu stem + ながら,テレビを見ながら宿題をしました。,Terebi wo minagara shukudai wo shimashita.,I did my homework while watching television.,JLPT N4
Verb なさい (〜nasai),"A command form used to give orders or instructions; 'Please do', 'Do this'.",Verb-stem + なさい,部屋を掃除しなさい。,Heya wo souji shinasai.,Clean your room.,JLPT N4
Verb にくい (〜nikui),"Express difficulty or complexity; 'hard to', 'difficult to', 'not easily'.",Verb-stem + にくい,この字は読みにくいです。,Kono ji wa yomi nikui desu.,This character is hard to read.,JLPT N4
Verb やすい (〜yasui),"Indicates that something is easy to do; 'easy to', 'easy for'.",Verb-stem + やすい,この本は読みやすいです。,Kono hon wa yomiyasui desu.,This book is easy to read.,JLPT N4
Verb ようと思う (Verb-you to omou),"Express intention or plan to do something; 'I think I will', 'I plan to', 'I intend to'.",Verb-volitional + と思う,明日、映画を見ようと思います。,"Ashita, eiga o miyou to omoimasu.",I think I will watch a movie tomorrow.,JLPT N4
Verb ように (〜you ni),"Used to express 'like', 'as if', 'in order to', or 'so that'.",Examples: Noun + のように / Verb-casual + ように / い-adjective + ように,彼女は鳥のように軽やかに踊る。,Kanojo wa tori no you ni karoyaka ni odoru.,She dances lightly like a bird.,JLPT N4
Verb ようにする (Verb ~you ni suru),Make an effort to; try to; see to it that; ensure that.,Verb-dictionary form + ようにする,毎日運動するようにしています。,Mainichi undou suru you ni shiteimasu.,I try to exercise every day.,JLPT N4
Verb ようになる (〜you ni naru),"Express a change in ability, situation or state; 'become able to', 'come to', 'begin to'.",Verb-dictionary/potential form + ようになる,日本語が話せるようになりました。,Nihongo ga hanaseru you ni narimashita.,I have become able to speak Japanese.,JLPT N4
Verb ように言う (Verb-you ni iu),"Tell someone to do something; 'tell to do', 'instruct to do'.",Verb-casual + ように言う,先生は私たちに宿題をやるように言いました。,Sensei wa watashitachi ni shukudai o yaru you ni iimashita.,The teacher told us to do our homework.,JLPT N4
Verb られる (〜rareru),Expresses passive voice or potential form for verbs.,"う-verb (passive): Replace the final う with われる / る-verb (passive & potential): Replace る with られる / Irregular: する → される, くる → こられる",彼は先生に褒められました。,Kare wa sensei ni homeraremashita.,He was praised by the teacher.,JLPT N4
Verb る ことがある (〜ru koto ga aru),Used to express that something happens sometimes or has happened before.,Verb-dictionary form + ことがある,彼は遅刻することがあります。,Kare wa chikoku suru koto ga arimasu.,He is sometimes late.,JLPT N4
Verb ることができる (〜ru koto ga dekiru),"Express ability or possibility of doing an action; 'can', 'be able to', 'is possible'.",Verb-る + ことができる,私は日本語を話すことができます。,Watashi wa nihongo wo hanasu koto ga dekimasu.,I can speak Japanese.,JLPT N4
Verb ることにする (〜ru koto ni suru),"Decide to do something, make a decision.",Verb-る + ことにする,来週、ジムに行くことにしました。,"Raishuu, jimu ni iku koto ni shimashita.",I decided to go to the gym next week.,JLPT N4
Verb る ことになる (〜ru koto ni naru),"Indicates that something has been decided or arranged; 'it has been decided that', 'it turns out that'.",Verb-る + ことになる,今日は会議がなくなることになりました。,Kyou wa kaigi ga nakunaru koto ni narimashita.,It has been decided that there will be no meeting today.,JLPT N4
Verb るときに (〜ru toki ni),"Describes the time when a certain action takes place; 'when', 'at the time'.",Verb-る + ときに,映画を見るときに、ポップコーンを食べます。,"Eiga wo miru toki ni, poppukoon wo tabemasu.","When I watch a movie, I eat popcorn.",JLPT N4
Verb る ところ (Verb-ru tokoro),Expresses the state or moment when an action is about to happen or is happening.,Verb-dictionary form + ところ,彼は食べるところです。,Kare wa taberu tokoro desu.,He is in the process of eating.,JLPT N4
Verb 出す (~dasu),"Express the action of taking something out, starting an action, or emphasizing a verb.",Verb stem + 出す (~dasu),本を棚から出してください。,Hon o tana kara dashite kudasai.,Please take the book out from the shelf.,JLPT N4
Verb 方 (〜hou),"Indicates the way or method of doing something; often read as '～かた' ('how to', 'the way of').",Verb-stem + 方 (read as かた),誰かがケーキの作り方を知っていますか？,Dareka ga keeki no tsukurikata o shitteimasu ka?,Does anyone know how to make a cake?,JLPT N4
Verb 終わる (〜owaru),"Verbal action is completed; 'to finish', 'to end'.",終わる (owaru) is a godan (u-verb),映画が終わったら、家に帰ります。,"Eiga ga owattara, ie ni kaerimasu.","When the movie finishes, I'll go home.",JLPT N4
"Verb + 続ける (つづける, tsuzukeru)",To continue doing or to keep doing an action.,Verb-masu-stem + 続ける,彼は毎日ジムで運動を続けています。,Kare wa mainichi jimu de undou o tsuzuketeimasu.,He continues to exercise at the gym every day.,JLPT N4
～かしら (〜kashira),"Indicates uncertainty or doubt; 'I wonder', 'I'm not sure'.","Verb-casual + かしら, い-Adjective + かしら, な-Adjective + かしら, Noun + かしら",今日は雨が降るかしら？,Kyou wa ame ga furu kashira?,I wonder if it will rain today?,JLPT N4
～かどうか (〜ka dou ka),Used to express 'whether' or 'if' in indirect questions or statements.,"Verb-casual + かどうか, い-Adjective + かどうか, な-Adjective + (だ)かどうか, Noun + (だ)かどうか",彼が来るかどうか知りません。,Kare ga kuru ka dou ka shirimasen.,I don't know if he will come or not.,JLPT N4
～かなあ (〜kanaa),"Expresses uncertainty or wonder; 'I wonder', 'I'm not sure'.","Verb-casual + かなあ, い-Adjective + かなあ, (な-Adjective/Noun) + (だ) + かなあ",明日雨が降るかなあ。,Ashita ame ga furu kanaa.,I wonder if it will rain tomorrow.,JLPT N4
～かもしれない (〜kamoshirenai),"Express uncertainty; 'maybe', 'might', 'possibly'.","Verb-casual + かもしれない, い-Adjective + かもしれない, な-Adjective + だかもしれない, Noun + だかもしれない",明日雨が降るかもしれない。,Ashita ame ga furu kamoshirenai.,It might rain tomorrow.,JLPT N4
～から (〜kara),"Express a reason or cause; 'because', 'since', 'due to'.","Verb-casual + から, い-Adjective + から, な-Adjective + だから, Noun + だから",雨が降るから、傘を持って行ってください。,"Ame ga furu kara, kasa wo motte itte kudasai.","Because it's raining, please bring an umbrella.",JLPT N4
～けれど (〜keredo),"Indicate a soft contrast or contradiction; 'but', 'however'.","Verb-casual + けれど, い-Adjective + けれど, な-Adjective + だけれど, Noun + だけれど",今日は忙しいけれど、明日はもっと時間がある。,"Kyou wa isogashii keredo, ashita wa motto jikan ga aru.","I'm busy today, but I have more time tomorrow.",JLPT N4
～させてください (〜sasete kudasai),Express a polite request to allow or permit someone to do something.,Verb-causative form + ください,もう少し考えさせてください。,Mou sukoshi kangaesasete kudasai.,Please let me think a little more.,JLPT N4
"～し、～し、～ (〜shi, 〜shi, 〜)","Express multiple reasons or characteristics; 'and', 'because', 'since'.","Verb-casual + し, い-Adjective + し, な-Adjective + だし, Noun + だし",彼は若いし、元気だし、フレンドリーだし、みんなと仲良くなれると思います。,"Kare wa wakai shi, genki da shi, furendorī da shi, minna to nakayoku nareru to omoimasu.","He is young, energetic, friendly, and I think he can get along with everyone.",JLPT N4
～すぎる (〜sugiru),"Expresses that something is excessive or overdone; 'too much', 'too', 'over'.","Verb-stem + すぎる, い-Adjective (remove い) + すぎる, な-Adjective + すぎる",この部屋は暑すぎる。,Kono heya wa atsui sugiru.,This room is too hot.,JLPT N4
～ずつ (〜zutsu),"Indicates equal distribution; 'each', 'per', 'apiece'.",Noun + ずつ,りんごを2つずつ配ります。,Ringo wo futatsu zutsu kubarimasu.,I will distribute 2 apples each.,JLPT N4
～そうだ (〜sou da),"Express the appearance, seeming, or feeling of something; 'looks like', 'seems', 'appears'.","Verb-ますstem + そうだ, い-Adjective (without い) + そうだ, な-Adjective + そうだ",その花はとてもきれいそうだ。,Sono hana wa totemo kirei sou da.,That flower looks very beautiful.,JLPT N4
そんな (sonna) + Noun,Expresses 'that kind/type of'; referring to something near the listener or previously mentioned.,そんな + Noun,そんな話、信じられない。,"Sonna hanashi, shinjirarenai.",I can't believe that kind of story.,JLPT N4
そんなに～ (sonna ni〜),"Expresses 'not so much', 'not that', or 'not so ~'.","そんなに + Verb-negation, そんなに + Adjective-negation",そんなに急がなくてもいいですよ。,Sonna ni isoganakutemo ii desu yo.,You don't have to hurry that much.,JLPT N4
～たらいい (〜tara ii),"Expressing a desire or suggestion for a particular outcome; 'it would be good if', 'should', 'I hope'.",Verb-casual-past + たらいい,もっと勉強したらいいですよ。,Motto benkyou shitara ii desu yo.,It would be good if you studied more.,JLPT N4
～たら いかがですか (〜tara ikaga desu ka),"Making polite suggestions; 'how about if', 'what if', 'it would be good if'.","Verb-casual, past + たら いかがですか, い-Adjective + かったら いかがですか, な-Adjective + だったら いかがですか, Noun + だったら いかがですか",図書館に行ったらいかがですか。,Toshokan ni ittara ikaga desu ka.,How about going to the library?,JLPT N4
～たら どうですか (〜tara doudesuka),"Express a suggestion or advice; 'what if', 'how about', 'why don't you'.",Verb-た form + ら どうですか,スキーに行ったらどうですか？,Sukii ni ittara doudesuka?,How about going skiing?,JLPT N4
～たり～たり (〜tari 〜tari),"Used to list multiple actions or states; 'doing things like', 'and so on', 'etc.'","Verb-ta + り + next verb-ta + り, い-Adjective + かったり + next verb-ta + り, な-Adjective + だったり + next verb-ta + り, Noun + だったり + next verb-ta + り",週末は映画を観たり、本を読んだりする。,"Shuumatsu wa eiga wo mitari, hon wo yondari suru.","On weekends, I do things like watching movies and reading books.",JLPT N4
～だろう (〜darou),"Express probability, likelihood or certainty; 'probably', 'maybe', 'I think'.","Verb-casual + だろう, い-Adjective (drop い) + だろう, な-Adjective + だろう, Noun + だろう",明日は晴れるだろう。,Ashita wa hareru darou.,It will probably be sunny tomorrow.,JLPT N4
～っていう (〜tte iu),"Used to quote, define, or specify a noun.",Noun/Adjective/Verb + っていう + Noun,ピザっていう料理が大好きです。,Piza tte iu ryouri ga daisuki desu.,I love the dish called pizza.,JLPT N4
～で (〜de),"Indicates the means, method, or place.",Noun + ～で,私は自転車で学校に行きます。,Watashi wa jitensha de gakkou ni ikimasu.,I go to school by bicycle.,JLPT N4
～でしょう (〜deshou),"A conjecture or probability; 'probably', 'I think', 'it seems'.","Verb-ますstem + でしょう, い-Adjective + でしょう, な-Adjective + でしょう, Noun + でしょう",明日は晴れでしょう。,Ashita wa hare deshou.,It will probably be sunny tomorrow.,JLPT N4
～てはいけない (〜te wa ikenai),"Expresses prohibition; 'must not', 'cannot'.",Verb-て-form + はいけない,公園でたばこを吸ってはいけない。,Kouen de tabako o sutte wa ikenai.,You must not smoke in the park.,JLPT N4
～てもいい (〜temo ii),"To give or ask permission; 'it's okay to', 'may', 'can'.",Verb-て form + もいい,ここで写真を撮ってもいいですか。,Koko de shashin wo tottemo ii desu ka?,Is it okay to take a photo here?,JLPT N4
～ても/でも (〜te mo/demo),Expresses 'even if' or 'even though'; used to convey contradiction or contrast.,"Verb-て-form + も, い-Adjective (-い) + くても, な-Adjective + でも, Noun + でも",雨が降っても、学校に行きます。,"Ame ga futte mo, gakkou ni ikimasu.","Even if it rains, I will go to school.",JLPT N4
～といい (〜to ii),"Express a wish or hope; 'I hope', 'it would be good if'.","Verb-casual + といい, い-Adjective + といい, な-Adjective + だといい, Noun + だといい",明日晴れるといいね。,Ashita hareru to ii ne.,I hope it will be sunny tomorrow.,JLPT N4
～という (〜to iu) Noun,Used to define or explain a noun more specifically.,"Noun + という + Noun, な-Adjective + という + Noun, Adjectival Verb + という + Noun",彼は日本語が流暢なアメリカ人という人です。,Kare wa nihongo ga ryuuchou na amerikajin to iu hito desu.,He is an American who speaks fluent Japanese.,JLPT N4
どういう Noun (dou iu Noun),"Asking for clarification or more information about a noun; 'what kind of', 'what sort of'.",どういう + Noun,どういう仕事をしていますか？,Dou iu shigoto wo shite imasu ka?,What kind of work do you do?,JLPT N4
～と思う (〜to omou),"Express one's thoughts or opinions; 'I think', 'I believe'.","Verb-casual + と思う, い-Adjective + と思う, な-Adjective + だと思う, Noun + だと思う",明日晴れると思います。,Ashita hareru to omoimasu.,I think it will be sunny tomorrow.,JLPT N4
～という (〜to iu),"Used to quote, express hearsay or define something.","Verb-casual + という, い-Adjective + という, な-Adjective + という, Noun + という",彼は「好きだ」と言った。,Kare wa 'suki da' to itta.,He said 'I like you'.,JLPT N4
～ないといけない (〜nai to ikenai),"Express a necessity; 'must', 'have to', 'need to'.",Verb-negative + といけない,明日試験があるから、今夜勉強しないといけない。,"Ashita shiken ga aru kara, kon'ya benkyou shinai to ikenai.","I have an exam tomorrow, so I have to study tonight.",JLPT N4
～なきゃいけない (〜nakya ikenai),"Express a necessity or obligation; 'must', 'have to'.",Verb-casual (negative form without い) + なきゃいけない,明日までに宿題を終わらなきゃいけない。,Ashita made ni shukudai wo owaranakya ikenai.,I have to finish my homework by tomorrow.,JLPT N4
～なくちゃいけない (〜naku cha ikenai),"Express the obligation to do something; 'have to', 'must', 'need to'.",Verb-ない form (-ない ending is dropped) + なくちゃいけない,仕事に行かなくちゃいけないので、早起きしなければなりません。,"Shigoto ni ikanakucha ikenai node, hayaoki shinakereba narimasen.","I have to go to work, so I must wake up early.",JLPT N4
～なくてはいけない (〜nakute wa ikenai),"Expresses the necessity or obligation; 'must', 'have to'.",Verb-negative form + なくてはいけない,宿題をしなくてはいけない。,Shukudai o shinakute wa ikenai.,I have to do my homework.,JLPT N4
～なくてもいい (〜nakutemo ii),"Expresses that something is not necessary to do; 'it's okay if not', 'don't have to'.",Verb-ない-form + てもいい,コーヒーは飲まなくてもいいです。,Koohii wa nomanakutemo ii desu.,You don't have to drink the coffee.,JLPT N4
～なければ ならない (〜nakereba naranai),"Express obligation or necessity; 'must', 'have to', 'need to'.",Verb-ない form + なければ ならない,宿題をやらなければならない。,Shukudai wo yaranakereba naranai.,I have to do my homework.,JLPT N4
～に (〜ni),"Indicates direction, destination, purpose, or time.",Noun + に,母は私にケーキを作りました。,Haha wa watashi ni keiki wo tsukurimashita.,My mother made a cake for me.,JLPT N4
～ので (〜node),"Express a reason or a cause for something; 'because', 'since', 'so'.","Verb-casual + ので, い-Adjective + ので, な-Adjective + なので, Noun + なので",明日試験があるので、今晩勉強します。,"Ashita shiken ga aru node, konban benkyou shimasu.",I will study tonight because there is a test tomorrow.,JLPT N4
～のです (〜no desu),"Provides an explanation or gives background information; 'the fact is', 'the reason is', 'actually'.","Verb-casual + のです, い-Adjective + のです, な-Adjective + なのです, Noun + なのです",この本は難しいのです。,Kono hon wa muzukashii no desu.,"This book is difficult, you see.",JLPT N4
～のに (〜no ni),"Used to express contrast between expectation and reality, or to indicate a purpose for doing something","Verb-casual + のに, い-Adjective + のに, な-Adjective + なのに, Noun + なのに",遅刻したのに、先生は怒らなかった。,"Chikoku shita no ni, sensei wa okoranakatta.","Even though I was late, the teacher didn't get angry.",JLPT N4
～ばいい (〜ba ii),"Express a suggestion or advice; 'should', 'it would be good if'.","Verb-ば-form + いい, い-Adjective + ければいい, な-Adjective + であればいい, Noun + であればいい",もっと勉強すればいい。,Motto benkyou sureba ii.,You should study more.,JLPT N4
～まで (〜made),"Indicates extent, 'until', 'up to', 'as far as', 'even'.","Verb + まで, い-Adjective + まで, な-Adjective + まで, Noun + まで",仕事が終わるまで待っています。,Shigoto ga owaru made matteimasu.,I will wait until work is finished.,JLPT N4
～までに (〜made ni),Express 'by' or 'before' a certain time or action.,"Verb-casual + までに, Noun + までに, Time expression + までに",明日の朝８時までに起きてください。,Ashita no asa hachiji made ni okite kudasai.,Please wake up by 8 a.m. tomorrow.,JLPT N4
～まま (〜mama),"Express 'as it is', 'while' or 'unchanged state'.","Verb-てform + いる+ まま, Adjective (い & な) + まま, Noun + のまま",ドアを開けたまま出かけてしまった。,Doa o aketa mama dekakete shimatta.,I accidentally left with the door open.,JLPT N4
～みたいだ (〜mitai da),"Indicates similarity, resemblance or 'like'; 'it seems', 'appears', 'looks like'.","Verb-casual + みたいだ, い-Adjective + みたいだ, な-Adjective + みたいだ, Noun + みたいだ",彼女が病気のみたいだ。,Kanojo ga byouki no mitai da.,She seems to be sick.,JLPT N4
～も (〜mo),"Indicates 'also', 'too', or 'as well'.","Verb-casual + も, い-Adjective + も, な-Adjective + も, Noun + も",私もお寿司が好きです。,Watashi mo osushi ga suki desu.,I also like sushi.,JLPT N4
～ようだ (〜you da),"Expresses appearance, similarity or inference; 'it seems', 'it looks like', 'it appears'.","Verb-て form + ようだ, い-Adjective (drop い) + ようだ, な-Adjective + のようだ, Noun + のようだ",彼は元気がないようだ。,Kare wa genki ga nai you da.,He seems to be lacking energy.,JLPT N4
～んです (〜n desu),"Provide an explanation or reason; 'it is that', 'the thing is', 'the reason is'.","Verb-casual + んです, い-Adjective + んです, な-Adjective + なんです, Noun + なんです",遅れたんですが、電車が遅れました。,"Okuretan desuga, densha ga okuremashita.",I was late because the train was delayed.,JLPT N4
文A。そのうえ 文B。,"Shows additional information; 'furthermore', 'besides', 'in addition'.",Sentence A + そのうえ + Sentence B + 。,このソフトウェアは使いやすい。そのうえ、価格も手ごろだ。,"Kono sofutouea wa tsukaiyasui. Sono ue, kakaku mo tegoro da.","This software is easy to use. Furthermore, the price is reasonable.",JLPT N4
文A。それで 文B (Bun A. Sorede Bun B),"Used to connect two sentences; 'So', 'That's why', 'Therefore'.",Sentence A。それで Sentence B。,今日は暑いです。それで、エアコンをつけました。,"Kyou wa atsui desu. Sorede, eakon wo tsukemashita.","It is hot today. So, I turned on the air conditioner.",JLPT N4
文A。それに 文B (Bun A. Soreni Bun B),"Express 'in addition to; besides,' used to include additional information.",Sentence A + それに + Sentence B,彼は頭がいい。それに、スポーツも得意だ。,"Kare wa atama ga ii. Soreni, supo-tsu mo tokui da.","He is smart. In addition, he is good at sports.",JLPT N4
文A。だから 文B (Bun A. Dakara Bun B),"Express reason or cause; 'because', 'so', 'therefore'.",Sentence A + だから + Sentence B,明日は試験だ。だから今日勉強しなければならない。,Ashita wa shiken da. Dakara kyou benkyou shinakereba naranai.,"Tomorrow is the exam, so I have to study today.",JLPT N4
A その上 B (A sono ue B),"Used to express 'in addition to', 'besides', or 'furthermore' when adding information or making a suggestion.",A [sentence/clause] + その上 + B [sentence/clause],彼は頭が良い。その上、スポーツも得意だ。,"Kare wa atama ga ii. Sono ue, supootsu mo tokui da.","He is smart. In addition, he is also good at sports.",JLPT N3
～うちに (〜uchi ni),"Express 'while', 'before', or 'during' a certain condition or situation.","Verb-てform + いる + うちに, い-Adjective + い + うちに, な-Adjective + な + うちに",若いうちに、いろいろな経験をしておくことが大切です。,"Wakai uchi ni, iroiro na keiken wo shite oku koto ga taisetsu desu.",It is important to have various experiences while you are young.,JLPT N3
～うとした (〜uto shita),"Express an action someone tried to do but couldn't; 'tried to', 'attempted to'.",Verb-う stem + とした,電話に出ようとしたが、相手は切ってしまった。,"Denwa ni deyou to shita ga, aite wa kitte shimatta.","I tried to answer the phone, but the other person hung up.",JLPT N3
～おかげで (〜okagede),"Expresses gratitude or shows a positive result due to a certain factor; 'thanks to', 'because of'.","Verb-casual + おかげで, い-Adjective + おかげで, な-Adjective + だおかげで, Noun + のおかげで",お母さんのおかげで、私は元気になりました。,"Okaasan no okagede, watashi wa genki ni narimashita.","Thanks to my mother, I became healthy.",JLPT N3
～かけ (〜kake),Expresses the meaning of being in the middle of doing something or of something being partway done.,Verb-ますstem + かけ,彼は食事を食べかけです。,Kare wa shokuji wo tabekake desu.,He is in the middle of eating his meal.,JLPT N3
～かなあ (〜kanaa),"Expressing uncertainty or a mild wish; 'I wonder', 'maybe'.","Verb-casual + かなあ, い-Adjective + かなあ, な-Adjective + だかなあ, Noun + だかなあ",明日晴れるかなあ。,Ashita hareru kanaa.,I wonder if it will be sunny tomorrow.,JLPT N3
～ないで (〜naide),Express 'without doing ~' or 'without ~ing'.,Verb-ない-form + で,会わないでその電話をかけました。,Awanai de sono denwa wo kakemashita.,I made the phone call without meeting them.,JLPT N3
～から～にかけて (〜kara 〜ni kakete),"Expresses a range of something, such as time or space; 'from...to', 'between'.","Noun (time, place, or measure) + から + Noun (time, place or measure) + にかけて",午前８時から午後５時にかけて働いています。,Gozen hachiji kara gogo goji ni kakete hataraiteru.,I work from 8 am to 5 pm.,JLPT N3
～かわりに (〜kawari ni),In place of; instead of; as a substitute for.,"Verb-casual + かわりに, い-Adjective + かわりに, な-Adjective + だかわりに, Noun + だかわりに",映画を見るかわりに、本を読んだ。,"Eiga wo miru kawari ni, hon wo yonda.","Instead of watching a movie, I read a book.",JLPT N3
～きり (〜kiri),"Expresses the idea of 'only', 'since', or 'after'.","Verb-past + きり, Verb-てform + きり (less common), Noun + きり",彼は出かけたきり帰ってきません。,Kare wa dekaketa kiri kaette kimasen.,He went out and hasn't come back since.,JLPT N3
～くせに (〜kuse ni),"Used to express criticism or disapproval; 'even though', 'despite', 'in spite of'.","Verb-casual + くせに, い-Adjective + くせに, な-Adjective + な/のくせに, Noun + のくせに",彼はお金持ちのくせに、ケチです。,"Kare wa okanemochi no kuse ni, kechi desu.","Even though he's rich, he's stingy.",JLPT N3
～くらい (〜kurai),"Expresses an approximate quantity or degree; 'about', 'approximately', or 'to the extent of'.","Verb-casual + くらい, い-Adjective + くらい, な-Adjective + くらい, Noun + くらい",１０分くらい待ちましょう。,Juppun kurai machimashou.,Let's wait for about 10 minutes.,JLPT N3
～くらい～は～ない (〜kurai 〜wa 〜nai),"Express the least one can do; 'at least', 'the least', 'no less than'.","Verb-casual (non-past) + くらい + は + Verb-casual (negative), Adjective (non-past) + くらい + は + Adjective (negative)",週に一度くらいはジムに行かないと。,Shuu ni ichido kurai wa jimu ni ikanai to.,I have to go to the gym at least once a week.,JLPT N3
～こそ (〜koso),"Emphasizes the importance or uniqueness of something or someone; 'precisely', 'exactly', 'it is...', 'of all...'.","Noun + こそ, (Verb-て + こそ)",今日こそ勉強しなければなりません。,Kyou koso benkyou shinakereba narimasen.,"Today, of all days, I must study.",JLPT N3
～こと (〜koto),Express an action in a nominal (noun-like) form or state fact or experience.,"Verb-plain form + こと, Verb-phrase in plain form + こと",日本語を話すことができます。,Nihongo wo hanasu koto ga dekimasu.,I can speak Japanese.,JLPT N3
～ことだ (〜koto da),"Expresses advice or recommendation; 'should', 'it is important', 'it is necessary'.","Verb-ますstem + ことだ, い-Adjective + ことだ, な-Adjective + なことだ, Noun + のことだ",毎日運動することだ。,Mainichi undou suru koto da.,You should exercise every day.,JLPT N3
～ことにしている (〜koto ni shite iru),"Express a personal rule or habit; 'I make it a rule to', 'I always make sure to'.",Verb-casual + ことにしている,毎日運動することにしている。,Mainichi undou suru koto ni shite iru.,I make it a rule to exercise every day.,JLPT N3
～ことになっている (〜koto ni natte iru),"Describes something that is decided, arranged, or expected.",Verb-dictionary form + ことになっている,この会社では、20時には仕事を終えることになっている。,"Kono kaisha de wa, 20-ji ni shigoto o oeru koto ni natte iru.","In this company, it is decided that work will end at 8 pm.",JLPT N3
～ことは…が (～koto wa... ga),"Indicates that while something may be true or valid, there is another contrasting point.","Verb-casual + ことは + が, い-Adjective + ことは + が, な-Adjective + だ + ことは + が, Noun + だ + ことは + が",この映画は面白いことは面白いが、ちょっと長すぎる。,"Kono eiga wa omoshiroi koto wa omoshiroi ga, chotto naga-sugiru.","This movie may be interesting, but it is a bit too long.",JLPT N3
～ことはない (〜koto wa nai),"Expresses that something doesn't need to be done or there's no occasion to do it; 'don't have to', 'not necessary'.","Verb-dictionary form + ことはない, い-Adjective + ことはない, な-Adjective + であることはない, Noun + であることはない",お金があるから、無理に貯金することはない。,"Okane ga aru kara, muri ni chokin suru koto wa nai.","Since I have enough money, there's no need to force myself to save.",JLPT N3
～さ (〜sa),"Express the degree or extent of a quality; '-ness', 'degree of'.","い-Adjective (drop い) + さ, な-Adjective + さ",この料理は辛さが強い。,Kono ryouri wa karasa ga tsuyoi.,The spiciness of this dish is strong.,JLPT N3
～さえ (～sae),"Emphasizes a specific item or action; 'even', 'if only', 'as long as'.","Noun + さえ, Verb-casual + さえ, い-Adjective + さえ, な-Adjective + でさえ",お金さえあれば、世界中を旅行できる。,"Okane sae areba, sekaijuu wo ryokou dekiru.","If only I have money, I can travel around the world.",JLPT N3
～しかない (〜shika nai),"Express the idea of 'only', 'no other option but', 'nothing else but'.","Verb-casual + しかない, い-Adjective + しかない, な-Adjective + しかない, Noun + しかない",この問題を解決する方法は一つしかない。,Kono mondai wo kaiketsu suru houhou wa hitotsu shika nai.,There is only one way to solve this problem.,JLPT N3
すこしも〜ない (sukoshimo~nai),"Express a negative state or action; 'not at all', 'none whatsoever'.",すこしも + Verb-negative,彼はすこしも悲しそうに見えません。,Kare wa sukoshimo kanashisou ni miemasen.,He doesn't look sad at all.,JLPT N3
～ずに (〜zu ni),Express 'without doing' something or 'not doing' something.,Verb-ない form (Remove ない) + ずに,彼は笑わずに話を聞いていました。,Kare wa warawazu ni hanashi wo kiiteimashita.,He was listening to the story without laughing.,JLPT N3
～せいで (〜sei de),Indicates that something or someone caused an unfortunate result.,"Verb-casual + せいで, い-Adjective + せいで, な-Adjective + なせいで, Noun + のせいで",雨のせいで試合が中止になりました。,Ame no sei de shiai ga chuushi ni narimashita.,The game was cancelled because of the rain.,JLPT N3
～せてください (〜sete kudasai),Requesting someone to allow or let you do something (causative request).,Verb-causative (させ) + て + ください,もう一度説明させてください。,Mou ichido setsumei sasete kudasai.,Please let me explain it once more.,JLPT N3
～そのために (〜sono tame ni),For the purpose of; because of; in order to.,Sentence/phrase 1 + そのために + Sentence/phrase 2,試験に合格するために、毎日勉強しています。そのために、早く寝て早く起きるようにしています。,"Shiken ni goukaku suru tame ni, mainichi benkyou shiteimasu. Sono tame ni, hayaku nete hayaku okiru you ni shiteimasu.","I study every day to pass the exam. For that reason, I go to bed early and wake up early.",JLPT N3
～その結果 (〜sono kekka),"Shows the result or consequence of a previous action or situation; 'as a result', 'in consequence'.",Situation/ACTION 1 + その結果 + RESULT,彼女は毎日練習した。その結果、試合に勝った。,"Kanojo wa mainichi renshuu shita. Sono kekka, shiai ni katta.","She practiced every day. As a result, she won the match.",JLPT N3
～それと～ (〜sore to〜),"Used to link two or more items; 'and', 'also'.",Item1 + それと + Item2,買い物に行くつもりです。それと、郵便局にも行かなくては。,"Kaimono ni iku tsumori desu. Sore to, yuubinkyoku ni mo ikanakute wa.","I plan to go shopping, and I also have to go to the post office.",JLPT N3
～？それとも～？ (～? sore tomo ～?),"Presents two alternatives or choices; 'or', 'either...or'.","Verb-casual + ？それとも + Verb-casual + ？, etc.",コーヒーを飲む？それとも紅茶を飲む？,Koohii o nomu? Sore tomo koucha o nomu?,Do you want to drink coffee? Or tea?,JLPT N3
～だけしか (～dake shika),"Emphasizes the scarcity or insufficiency of something; 'only', 'nothing but'.",Noun/Quantity + だけ + しか + Negative Verb,今日は1時間だけしか勉強できなかった。,Kyou wa ichijikan dake shika benkyou dekinakatta.,"Today, I could study for only one hour.",JLPT N3
だけど (dakedo),"Expresses a contrast or contradiction; 'but', 'however', 'even though'.","Sentence 1 + だけど + Sentence 2, or Sentence 1 + 。だけど、Sentence 2",試験に合格したけど、まだ勉強しなければならない。,"Shiken ni goukaku shita kedo, mada benkyou shinakereba naranai.","I passed the exam, but I still have to study.",JLPT N3
～たて (～tate),"Indicates an action that has just been completed; 'freshly', 'just'.",Verb-stem + たて,このパンは焼きたてで、まだ温かいです。,"Kono pan wa yakitate de, mada atatakai desu.",This bread is freshly baked and still warm.,JLPT N3
～たとえ～ても (〜tatoe〜temo),Express a condition with 'even if'; 'no matter how'.,"たとえ + Verb-casual + ても, たとえ + い-Adjective + くても, たとえ + な-Adjective + であっても, たとえ + Noun + であっても",たとえ雨が降っても、出かけましょう。,"Tatoe ame ga futte mo, dekakemashou.","Even if it rains, let's go out.",JLPT N3
～たところ (〜ta tokoro),"Expresses the result or outcome of an action; 'after', 'just when', 'upon'.",Verb-た form + ところ,宿題をしたところ、先生からもう一つ課題が出された。,"Shukudai wo shita tokoro, sensei kara mou hitotsu kadai ga dasareta.","Just when I finished my homework, the teacher gave us another assignment.",JLPT N3
～たとたん (〜ta totan),"Express the moment something happens; 'as soon as', 'the moment', 'the instant'.",Verb-た form + とたん,ドアを開けたとたん、猫が逃げ出した。,"Doa wo aketa totan, neko ga nigedashita.","As soon as I opened the door, the cat ran away.",JLPT N3
～たびに (〜tabi ni),Express 'every time' or 'whenever'.,"Verb-dictionary form + たびに, Noun + のたびに",彼女に会うたびに、心が弾む。,"Kanojo ni au tabi ni, kokoro ga hazumu.","Every time I meet her, my heart leaps.",JLPT N3
～だものだ (〜da mono da),"Express the reason or cause, often used to justify something.","Verb-casual + んだものだ, い-Adjective + んだものだ, な-Adjective + なんだものだ, Noun + なんだものだ (often with から as んだものだから)",疲れたんだものだから、休みたい。,"Tsukareta n da mono da kara, yasumitai.",I want to rest because I'm tired.,JLPT N3
～ちゃった (〜chatta),"Express an unintentional action or a regretful action; 'ended up doing', 'did accidentally'.",Verb-て/で form → ちゃった/じゃった (e.g. 食べてしまった → 食べちゃった),忘れ物をしちゃった。,Wasuremono o shichatta.,I accidentally left something behind.,JLPT N3
～ついでに (〜tsuide ni),"Do something while or after completing another action; 'while', 'by the way'.","Verb (dictionary or た-form) + ついでに, Noun + の + ついでに, or Verb-て form + いる + ついでに",買い物に行くついでに、郵便局で手紙を出しましょう。,"Kaimono ni iku tsuide ni, yuubinkyoku de tegami wo dashimashou.",Let's drop off a letter at the post office while going shopping.,JLPT N3
～っけ？ (〜kke?),Used to express that one is trying to recall some information.,"Verb-casual + っけ?, い-Adjective + かったっけ?, な-Adjective/Noun + だっけ?",彼は何時に来るっけ？,Kare wa nanji ni kuru kke?,What time is he coming again?,JLPT N3
～っぱい (〜ppai),"Expresses fullness or completeness; 'full', 'full of', 'filled with'.","Noun + で + いっぱい (Note: written as いっぱい, read as 'ippai')",部屋が荷物でいっぱいです。,Heya ga nimotsu de ippai desu.,The room is full of luggage.,JLPT N3
～っぱなし (〜ppanashi),Indicate a state where an action is left as is (unchanged or unfinished).,Verb-ますstem + っぱなし,窓を開けっぱなしにすると、虫が入ってくる。,"Mado o akeppanashi ni suru to, mushi ga haitte kuru.","If you leave the window open, bugs will come in.",JLPT N3
～つまり (〜tsumari),"Summarizing, restating, or clarifying a point: 'in other words', 'that is to say'.",Sentence A + つまり + Sentence B (rephrasing),彼は大学の教授です。つまり、専門家です。,"Kare wa daigaku no kyouju desu. Tsumari, senmonka desu.","He is a university professor. In other words, he is an expert.",JLPT N3
～つもりでした (〜tsumori deshita),"Expressing a past intention or plan; 'was planning to', 'meant to'.",Verb-casual (dictionary form) + つもりでした,昨日は友達に会うつもりでしたが、風邪を引いてしまいました。,"Kinou wa tomodachi ni au tsumori deshita ga, kaze o hiite shimaimashita.","I was planning to meet my friend yesterday, but I caught a cold.",JLPT N3
～てくれと (〜te kureto),Quote someone's request (telling someone to do something).,"Verb-て form + くれと (言う / 頼む / 伝える, etc.)",電話をかけてくれと言われました。,Denwa o kakete kureto iwaremashita.,I was told to make a phone call.,JLPT N3
～てごらん (〜te goran),Suggest or invite someone to try doing something; 'Why don't you try...'.,Verb-て form + ごらん,そのゲームをやってごらん。,Sono geemu o yatte goran.,Why don't you try playing that game?,JLPT N3
ですから～ (desu kara),"Expresses reason or cause; 'because', 'since', 'so'.",Sentence A + ですから + Sentence B,今日は寒いですから、コートを着てください。,"Kyou wa samui desu kara, kooto o kite kudasai.","It's cold today, so please wear a coat.",JLPT N3
～てはじめて (〜te hajimete),"Realization or action done for the first time; 'only after', 'not until'.",Verb-て form + はじめて,海外に行ってはじめて、日本の良さが分かりました。,"Kaigai ni itte hajimete, Nihon no yosa ga wakarimashita.",Only after going abroad did I realize how great Japan is.,JLPT N3
～てほしい (〜te hoshii),Express a desire for someone else to do something; 'I want you to do...'.,Verb-て form + ほしい,子供にもっと勉強してほしい。,Kodomo ni motto benkyou shite hoshii.,I want my child to study more.,JLPT N3
～ても (〜temo),"'Even if', 'even though', or 'although'.","Verb-て form + も, い-Adjective (～く) + ても, な-Adjective/Noun (～で) + も",雨が降っても、運動会は開催されます。,"Ame ga futte mo, undoukai wa kaisai saremasu.","Even if it rains, the sports festival will be held.",JLPT N3
～といいなあ (〜to ii naa),"Express a wish or hope; 'it would be nice if', 'I hope that'.","Verb-casual + といいなあ, い-Adjective + といいなあ, な-Adjective + だといいなあ, Noun + だといいなあ",明日晴れるといいなあ。,Ashita hareru to ii naa.,I hope it's sunny tomorrow.,JLPT N3
～という (〜to iu),"Used for quoting, defining, or giving an example; 'called', 'that is to say', 'like'.","Noun + という + Noun, Verb-casual + という + Noun, い-Adjective + という + Noun, な-Adjective + という + Noun",本屋で「ハリー・ポッター」という本を買いました。,Hon'ya de 'Harry Potter' to iu hon o kaimashita.,I bought a book called 'Harry Potter' at the bookstore.,JLPT N3
～ということだ (〜to iu koto da),"Express a conclusion or hearsay; 'I heard', 'it means', 'it can be said'.","Verb-casual + ということだ, い-Adjective + ということだ, な-Adjective + だということだ, Noun + だということだ",彼は来週結婚するということだ。,Kare wa raishuu kekkon suru to iu koto da.,I heard that he is getting married next week.,JLPT N3
～というと (〜to iu to),"Used to provide an example or characteristic related to the topic; 'when it comes to', 'speaking of'.",Noun + というと,日本料理というと、寿司が思い浮かぶ。,"Nihon ryouri to iu to, sushi ga omoiukabu.","When it comes to Japanese cuisine, sushi comes to mind.",JLPT N3
～というの～ (〜to iu no〜),Explain or emphasize the reason for a situation or action.,"Verb-casual + というの, い-Adjective + というの, な-Adjective + だというの, Noun + だというの",遅刻したのは、電車が遅れたというのだ。,"Chikoku shita no wa, densha ga okureta to iu no da.",The reason I was late is because the train was delayed.,JLPT N3
～というのは (〜to iu no wa),"Used to provide an explanation or definition; 'that is to say...', 'by that, I mean...'.",Phrase/sentence + というのは + explanation/definition,日本に行くというのは、日本に旅行することです。,"Nihon ni iku to iu no wa, Nihon ni ryokou suru koto desu.","Going to Japan, that is to say, traveling to Japan.",JLPT N3
～というより (〜to iu yori),"Express a comparison with preference; 'rather than', 'more like', 'instead of'.","Verb-casual + というより, い-Adjective + というより, な-Adjective + だというより, Noun + だというより",この部屋は狭いというより、居心地がいい。,"Kono heya wa semai to iu yori, igokochi ga ii.","Rather than saying this room is small, it's more like it's cozy.",JLPT N3
～といっても (〜to ittemo),"Express the meaning 'even though', 'although', 'but'.","Verb-casual + といっても, い-Adjective + といっても, な-Adjective + だといっても, Noun + だといっても",彼は有名だといっても、みんなに知られているわけではありません。,"Kare wa yuumei da to ittemo, minna ni shirarete iru wake de wa arimasen.","Even though he's famous, it doesn't mean everyone knows him.",JLPT N3
～とおり (〜toori),"Expresses that something is done 'as is', 'as stated', or 'as instructed'.","Verb-て form + とおり, Noun + のとおり",先生が言ったとおり、宿題をやりました。,"Sensei ga itta toori, shukudai wo yarimashita.",I did my homework exactly as the teacher said.,JLPT N3
～とく (〜toku),Express doing something in advance or for future convenience (casual form of ～ておく).,"Verb-て form + とく (e.g., 食べておく→食べとく, 読んでおく→読んどく)",夜遅くなるから、今晩のご飯を作っとく。,"Yoru osoku naru kara, konban no gohan wo tsukutoku.","Since it will be late tonight, I'll prepare dinner in advance.",JLPT N3
～ところが (〜tokoro ga),"Expresses a contrast or unexpected outcome; 'however', 'but', 'even though'.",Phrase 1 (expected situation) + ところが + Phrase 2 (unexpected result),彼はいつも遅刻するところが、今日は早く来ました。,"Kare wa itsumo chikoku suru tokoro ga, kyou wa hayaku kimashita.","He's always late, but today he arrived early.",JLPT N3
～ところだった (〜tokoro datta),"Expresses a near miss or a situation that almost happened; 'was just about to', 'almost', 'nearly'.",Verb (dictionary form or ている form) + ところだった,もう少しで遅れるところだった。,Mou sukoshi de okureru tokoro datta.,I was just about to be late.,JLPT N3
ところで (tokorode),"Used for changing the topic or bringing up a new topic; 'by the way', 'speaking of'.",ところで + new topic or question,ところで、昨日の宿題はもう終わりましたか？,"Tokorode, kinou no shukudai wa mou owari mashita ka?","By the way, did you finish yesterday's homework?",JLPT N3
～としたら (〜to shitara),"Express a hypothetical situation; 'if', 'suppose', 'assuming'.","Verb-casual + としたら, い-Adjective + としたら, な-Adjective + だとしたら, Noun + だとしたら",明日雨が降るとしたら、傘を持って行きましょう。,"Ashita ame ga furu to shitara, kasa wo motte ikimashou.","If it rains tomorrow, let's bring an umbrella.",JLPT N3
～として (〜to shite),"Indicates a role, capacity, or identity; 'as', 'in the capacity of'.","Verb-casual + として, い-Adjective + として, な-Adjective + だとして, Noun + だとして",彼は弁護士として働いています。,Kare wa bengoshi to shite hataraite imasu.,He is working as a lawyer.,JLPT N3
～どんなに～ことか (〜donna ni〜koto ka),Expresses the extent of something or emphasizes the degree of a condition or situation.,"どんなに + Adjective + ことか, どんなに + Verb + ことか",どんなに疲れたことか、言葉では表せません。,"Donna ni tsukareta koto ka, kotoba de wa arawasemasen.",I can't put into words how tired I am.,JLPT N3
どんなに～ても (donna ni ~ temo),Expresses 'no matter how much' or 'even if'; emphasizes the degree of a situation.,"どんなに + Verb-てform + も, どんなに + い-Adjective-てform + も, どんなに + な-Adjective + でも",どんなに勉強しても、まだわからないことがある。,"Donna ni benkyou shite mo, mada wakaranai koto ga aru.","No matter how much I study, there are still things I don't understand.",JLPT N3
～ないことはない (〜nai koto wa nai),Express the idea that 'it's not that it's impossible' or 'it's not that it cannot be done'.,Verb-ない form + ことはない,この問題を解けないことはないが、時間がかかりそうだ。,"Kono mondai wo tokenai koto wa nai ga, jikan ga kakari sou da.","It's not that I can't solve this problem, but it seems like it will take time.",JLPT N3
～ないと (〜nai to),"Express a condition; 'if... not', 'unless', 'must'.",Verb-negative form + ないと,朝食を食べないと、お腹が空く。,"Asa gohan wo tabenai to, onaka ga suku.","If I don't eat breakfast, I will be hungry.",JLPT N3
～なぜなら (〜nazenara),"Express a reason or explanation; 'because', 'the reason is'.",Sentence/Statement + なぜなら + Reason + から/だから,このレストランが大好きだ。なぜなら料理が美味しいから。,Kono resutoran ga daisuki da. Nazenara ryouri ga oishii kara.,I love this restaurant because the food is delicious.,JLPT N3
～など (〜nado),"Indicates a non-exhaustive list of examples; 'such as', 'things like', 'among others'.",Noun + など,魚、果物などを市場で買いました。,"Sakana, kudamono nado wo ichiba de kaimashita.","I bought fish, fruits, and such at the market.",JLPT N3
～なんか (〜nanka),"Expresses the idea of 'things like' or 'something like', used for listing examples or downplaying something.","Noun + なんか, Verb-casual + なんか, い-Adjective + なんか, な-Adjective + なんか",お金なんかいらない。,Okane nanka iranai.,I don't need money or anything like that.,JLPT N3
～において (〜ni oite),"Indicates the place, time, or context where an action or situation takes place.",Noun (Place/Time/Context) + において,日本において、お盆は家族が集まる大切な行事です。,"Nihon ni oite, obon wa kazoku ga atsumaru taisetsu na gyouji desu.","In Japan, Obon is an important event where families gather.",JLPT N3
～にかわって (〜ni kawatte),"Expresses 'in place of', 'on behalf of', or 'instead of'.",Noun + にかわって,彼が病気なので、私が会議に出席することになりました。私が彼にかわって会議に出席します。,"Kare ga byouki na no de, watashi ga kaigi ni shusseki suru koto ni narimashita. Watashi ga kare ni kawatte kaigi ni shusseki shimasu.","He is sick, so I will attend the meeting. I will attend the meeting on his behalf.",JLPT N3
～にしては (〜ni shite wa),Express 'for' or 'considering' in the sense of being unusual or unexpected.,"Verb-casual + にしては, い-Adjective + にしては, な-Adjective + にしては, Noun + にしては",彼女は初心者にしては、上手に水泳ができる。,"Kanojo wa shoshinsha ni shite wa, jouzu ni suiei ga dekiru.","Considering she is a beginner, she can swim well.",JLPT N3
～にしても (〜ni shitemo),"Expresses 'even if', 'no matter', 'regardless of'.","Verb-casual + にしても, い-Adjective + にしても, な-Adjective + だにしても, Noun + だにしても",雨が降るにしても、学校へ行かなければなりません。,"Ame ga furu ni shitemo, gakkou e ikanakereba narimasen.","Even if it rains, I have to go to school.",JLPT N3
～について (〜ni tsuite),"Expressing 'about', 'concerning', or 'regarding'.",Noun + について,日本の文化について学びたいです。,Nihon no bunka ni tsuite manabitai desu.,I want to learn about Japanese culture.,JLPT N3
～にとって (〜ni totte),"Express the meaning 'for', 'to', 'from the perspective of'.",Noun (person or thing) + にとって + Verb/Adjective/Noun,私にとって、健康は一番大切なことです。,"Watashi ni totte, kenkou wa ichiban taisetsu na koto desu.","For me, health is the most important thing.",JLPT N3
～によって (〜ni yotte),"Indicates the reason or cause, difference depending on a factor, or methods used.","Verb-casual + によって, い-Adjective + によって, な-Adjective + によって, Noun + によって",その事故は悪天候によって引き起こされた。,Sono jiko wa akutenkou ni yotte hikiokosareta.,The accident was caused by bad weather.,JLPT N3
～によれば (〜ni yoreba),"Means 'according to', 'based on' or 'by'.",Noun + によれば,天気予報によれば、明日は晴れるでしょう。,"Tenki yohou ni yoreba, ashita wa hareru deshou.","According to the weather forecast, it will be sunny tomorrow.",JLPT N3
～に対して (～ni taishite),"Indicates a target or contrast; 'toward', 'against', 'in contrast to', 'in response to'.","Verb-casual + に対して, い-Adjective + に対して, な-Adjective + に対して, Noun + に対して",子供たちに対して、親は常にやさしくあるべきです。,"Kodomotachi ni taishite, oya wa tsune ni yasashiku aru beki desu.",Parents should always be kind towards their children.,JLPT N3
～に比べて (〜ni kurabete),Comparing to; in comparison with; as opposed to.,"Verb-casual + に比べて, い-Adjective + に比べて, な-Adjective + だ/である + に比べて, Noun + だ/である + に比べて",夏に比べて、冬は寒いです。,"Natsu ni kurabete, fuyu wa samui desu.",Winter is cold compared to summer.,JLPT N3
～に関して (〜ni kanshite),"Regarding, concerning, about, with respect to.",Noun + に関して,健康に関して気を付けることが大切です。,Kenkou ni kanshite ki wo tsukeru koto ga taisetsu desu.,It is important to be careful regarding health.,JLPT N3
～の～ (〜no 〜),"Indicates possession, attribution, or connection between two nouns.",Noun1 + の + Noun2,これは私の傘です。,Kore wa watashi no kasa desu.,This is my umbrella.,JLPT N3
～ばかり (〜bakari),"Expresses 'only', 'nothing but', 'always', 'just'.","Verb-ますstem + ばかり, い-Adjective + ばかり, な-Adjective + ばかり, Noun + ばかり",彼はゲームばかりしている。,Kare wa geemu bakari shite iru.,He is always playing games.,JLPT N3
～ばかりか (〜bakarika) ～も (mo),Not only... but also; more than just; not just,"Verb-casual + ばかりか/も, い-Adjective + ばかりか/も, な-Adjective + だ + ばかりか/も, Noun + だ + ばかりか/も",彼女は英語ばかりか、フランス語も話せます。,"Kanojo wa eigo bakarika, furansugo mo hanasemasu.","Not only can she speak English, but she can also speak French.",JLPT N3
～はずだ (〜hazu da),"Expresses an expectation, 'should' or 'it is supposed to'.","Verb-casual + はずだ, い-Adjective + はずだ, な-Adjective + なはずだ, Noun + のはずだ",彼はもう着いたはずだ。,Kare wa mou tsuita hazu da.,He should have arrived by now.,JLPT N3
～ば～のに (〜ba 〜noni),"Expresses regret or dissatisfaction; 'if only', 'wish'.","Verb-ば form + ～のに, い-Adjective-ば form + ～のに, な-Adjective + であれば + ～のに, Noun + であれば + ～のに",もっと早く来れば、電車に間に合ったのに。,"Motto hayaku kureba, densha ni maniatta noni.","If only I had come earlier, I would have made it to the train.",JLPT N3
～ば～ほど (〜ba 〜hodo),"Expresses 'the more ~, the more ~'; a proportional relationship between two phrases.","Verb-casual + ば + Verb-casual + ほど, い-Adjective + ば + い-Adjective + ほど, な-Adjective + であれば + な-Adjective + ほど",早く起きれば起きるほど、時間がたくさんある。,"Hayaku okireba okiru hodo, jikan ga takusan aru.","The earlier you wake up, the more time you have.",JLPT N3
～はもちろん～も (〜wa mochiron 〜mo),Used for emphasizing that not only one thing but also another thing is included. It means 'not only... but also' or 'of course... and...'.,Noun1 + はもちろん + Noun2 + も,彼は数学はもちろん、英語も得意です。,"Kare wa suugaku wa mochiron, eigo mo tokui desu.","Not only is he good at math, but he is also good at English.",JLPT N3
～ばよかった (〜ba yokatta),"Express a sense of regret; 'I wish', 'it would have been better if'.","Verb-ば-form + よかった, い-Adjective-く + ばよかった, な-Adjective + ならよかった",もっと早く起きればよかった。,Motto hayaku okireba yokatta.,I wish I had woken up earlier.,JLPT N3
～ふりをする (〜furi wo suru),"Pretending or acting as if; 'pretend', 'act like'.","Verb (dictionary form) + ふりをする, い-Adjective + ふりをする, な-Adjective + ふりをする, Noun + ふりをする",彼は知らないふりをしました。,Kare wa shiranai furi wo shimashita.,He pretended not to know.,JLPT N3
～べきだ (〜beki da),Express an obligation or something that should be done (mainly with verbs).,Verb-dictionary form + べきだ,勉強するべきだ。,Benkyou suru beki da.,You should study.,JLPT N3
～ほど～ (〜hodo〜),"Expresses the degree or extent; 'about', 'to the extent', 'as much as'.","Verb-casual + ほど, い-Adjective + ほど, な-Adjective + ほど, Noun + ほど",彼女は私ほど速く走ることができません。,Kanojo wa watashi hodo hayaku hashiru koto ga dekimasen.,She cannot run as fast as me.,JLPT N3
～ますように (〜masu you ni),Used to express a wish or hope for oneself or someone else.,"Verb-ます form, remove final る + ように",明日のテストで良い点をとりますように。,Ashita no tesuto de ii ten wo torimasu you ni.,I hope I get good grades on tomorrow's test.,JLPT N3
まったく～ない (mattaku ~nai),Completely not; not at all.,"まったく + Verb-negative, まったく + い-Adjective-negative, まったく + な-Adjective-negative",彼は、まったく覚えていない。,"Kare wa, mattaku oboete inai.",He doesn't remember at all.,JLPT N3
～まで (〜made),"Express 'until', 'up to', or 'as far as' to indicate the end point of an action or range.","Verb-casual + まで, い-Adjective + まで, な-Adjective + まで, Noun + まで",10時まで働きます。,Ju-ji made hatarakimasu.,I will work until 10 o'clock.,JLPT N3
～まま (〜mama),Expresses the state or condition remaining unchanged.,"Verb-ます stem + まま, い-Adjective + まま, な-Adjective + なまま, Noun + のまま",部屋の窓を開けたまま寝ました。,Heya no mado wo aketa mama nemashita.,I slept with the window of the room open.,JLPT N3
まるで～よう (maru de ~ you),"Used to express a strong resemblance or similarity; 'as if', 'just like', 'as though'.",まるで + phrase/sentence + よう,彼女はまるで天使のように美しい。,Kanojo wa maru de tenshi no you ni utsukushii.,She is as beautiful as an angel.,JLPT N3
～てみる (〜te miru),A grammar structure used to express the action of trying or attempting something to see what happens.,Verb-て form + みる,彼は走ってみたが、まだ膝が痛いと感じた。,"Kare wa hashitte mita ga, mada hiza ga itai to kanjita.","He tried running, but he still felt pain in his knee.",JLPT N3
～みたいだ (〜mitai da),"Express similarity or appearance; 'like', 'seems', 'looks'.","Verb-casual + みたいだ, い-Adjective + みたいだ, な-Adjective + みたいだ, Noun + みたいだ",彼は怒っているみたいだ。,Kare wa okotte iru mitai da.,He seems to be angry.,JLPT N3
～めったに～ない (〜metta ni 〜nai),"Used to express that something rarely, hardly ever or seldom happens.",めったに + Verb[ない-form] / めったに + い-Adjective[ない-form] / めったに + な-Adjective[じゃない/ではない-form],彼はめったに外食しない。,Kare wa metta ni gaishoku shinai.,He hardly ever eats out.,JLPT N3
～めったにない (〜metta ni nai),"Expresses the rarity of an action, event or state; 'hardly', 'rarely', 'seldom'.","Verb-negative + めったにない, い-Adjective-negative + めったにない, な-Adjective-negative + めったにない, Noun-negative + めったにない",この町では雪が降ることはめったにない。,Kono machi de wa yuki ga furu koto wa metta ni nai.,It hardly ever snows in this town.,JLPT N3
もしかすると〜かもしれない (moshikasuru to 〜kamoshirenai),"Express the possibility of something; 'maybe', 'perhaps', 'might'.",もしかすると + Sentence + かもしれない,もしかすると彼は遅刻するかもしれない。,Moshikasuru to kare wa chikoku suru kamoshirenai.,Maybe he might be late.,JLPT N3
もし～たなら (moshi ~ tanara),"Express a hypothetical condition, 'if' or 'in case'.","もし + Verb-casual past + なら, もし + い-Adjective-casual past + なら, もし + な-Adjective + だったなら, もし + Noun + だったなら",もし雨が降ったなら、傘を持って行きましょう。,"Moshi ame ga futta nara, kasa wo motte ikimashou.","If it rains, let's bring an umbrella.",JLPT N3
もし～ても (moshi ~ temo),Express a hypothetical situation or assumption with the nuance of 'even if'.,もし + Verb-て form + も / もし + い-Adjective(く) + ても / もし + な-Adjective/Noun + でも,もし雨が降っても、ピクニックに行きます。,"Moshi ame ga futtemo, pikunikku ni ikimasu.","Even if it rains, we will go on a picnic.",JLPT N3
もしも～なら (moshimo ~ nara),"Express a hypothetical condition or situation; 'if', 'in case', 'suppose'.","Verb-casual + なら, い-Adjective + なら, な-Adjective + なら, Noun + なら",もしも明日雨が降ったなら、出かけません。,"Moshimo ashita ame ga futta nara, dekakemasen.","If it rains tomorrow, I won't go out.",JLPT N3
～ようとしない (〜you to shinai),Not showing any sign or intention to do something.,Verb-volitional form + としない,彼は勉強しようとしない。,Kare wa benkyou shiyou to shinai.,He doesn't show any sign of trying to study.,JLPT N3
～ようと思う (〜you to omou),Expresses the speaker's intention or plan to do something.,Verb-volitional + と思う,今日は早く寝ようと思います。,Kyou wa hayaku neyou to omoimasu.,I think I will go to bed early today.,JLPT N3
～ように (〜you ni),"Expressing a purpose, a goal or a way of doing something; 'in order to', 'so that', 'like', 'as'","Verb-casual + ように, い-Adjective + ように, な-Adjective + に, Noun + のように",早く家に帰るように、仕事を急いで終わらせました。,"Hayaku ie ni kaeru you ni, shigoto wo isoide owarasemashita.","In order to get home early, I hurried to finish my work.",JLPT N3
～ようにしましょう (〜you ni shimashou),"A suggestion to make an effort or try to do something; 'let's try to', 'let's make sure to'.",Verb-dictionary form + ようにしましょう / Verb-negative form + ようにしましょう,毎日運動するようにしましょう。,Mainichi undou suru you ni shimashou.,Let's try to exercise every day.,JLPT N3
～ようになった (〜you ni natta),"Express an event or state that became possible; 'became able to', 'started to', 'now can'.",Verb-casual + ようになった,彼は料理を作るようになった。,Kare wa ryouri wo tsukuru you ni natta.,He became able to cook.,JLPT N3
～ように言う (〜you ni iu),"To convey a message, instruction or request to someone; 'to tell (someone) to', 'to say to (someone)'.",Verb-dictionary form + ように言う / Verb-nai form + ように言う,先生は私にもっと勉強するように言った。,Sensei wa watashi ni motto benkyou suru you ni itta.,The teacher told me to study more.,JLPT N3
～らしい (〜rashii),"Expresses hearsay; 'I heard', 'it seems', 'apparently'.","Verb-casual + らしい, い-Adjective + らしい, な-Adjective + だらしい, Noun + だらしい",彼はインフルエンザらしい。,Kare wa infuruenza rashii.,"Apparently, he has the flu.",JLPT N3
～られた (〜rareta),"Express a passive action, 'was/were', 'has/have been'.","Verb (passive form, past tense) + られた",この本はたくさんの人に読まれた。,Kono hon wa takusan no hito ni yomareta.,This book was read by many people.,JLPT N3
～ている (〜te iru),"Expresses a continuing action or a resulting state; 'is ~ing', 'has been', 'has'.",Verb-て form + いる,窓が開けられている。,Mado ga akerarete iru.,The window is open (someone opened it and it remains open).,JLPT N3
～わけがない (〜wake ga nai),"Expresses that something is impossible or unreasonable; 'there's no way', 'can't be'.","Verb-casual + わけがない, い-Adjective + わけがない, な-Adjective + なわけがない, Noun + のわけがない",彼がそんなことを言うわけがない。,Kare ga sonna koto wo iu wake ga nai.,There's no way he would say something like that.,JLPT N3
～わけだ (〜wake da),"Expresses a logical conclusion or reason based on information; 'that's why', 'no wonder', 'it means'.","Verb-casual + わけだ, い-Adjective + わけだ, な-Adjective + なわけだ, Noun + のわけだ",彼は風邪を引いている。だから、声がかすれているわけだ。,"Kare wa kaze wo hiite iru. Dakara, koe ga kasurete iru wake da.",He has a cold. That's why his voice is hoarse.,JLPT N3
～わけではない (〜wake dewa nai),"Denies a general assumption; 'it does not mean that', 'it's not the case'.","Verb-casual + わけではない, い-Adjective + わけではない, な-Adjective + だわけではない, Noun + だわけではない",彼が忙しいからといって、友達がいないわけではない。,"Kare ga isogashii kara to itte, tomodachi ga inai wake dewa nai.",Just because he's busy doesn't mean he has no friends.,JLPT N3
～わけにはいかない (〜wake ni wa ikanai),Expresses that something cannot be allowed or permitted due to social/moral obligations.,Verb-casual + わけにはいかない,こんなところで寝るわけにはいかない。,Konna tokoro de neru wake ni wa ikanai.,I can't possibly sleep in a place like this.,JLPT N3
～わりには (〜wari ni wa),"Expresses contrast between expectation and reality; 'despite', 'considering', 'even though'.","Verb-casual + わりには, い-Adjective + わりには, な-Adjective + だわりには, Noun + だわりには",彼はあまり勉強しないわりには、テストの点数が高いです。,"Kare wa amari benkyou shinai wari ni wa, tesuto no tensuu ga takai desu.","Despite not studying much, he gets high scores on tests.",JLPT N3
～んだって (〜n datte),"Conveys information heard from someone else; 'I heard', 'They said'.","Verb-casual + んだって, い-Adjective + んだって, な-Adjective + なんだって, Noun + なんだって",彼は東京に行くんだって。,Kare wa Toukyou ni iku n datte.,I heard he's going to Tokyo.,JLPT N3
～んだもん (〜nda mon),"Used to convey a sense of justification; 'because', 'that's why', 'it's just that'.","Verb-casual + んだもん, い-Adjective + んだもん, な-Adjective + なんだもん, Noun + なんだもん",遅れたんだもん、ごめん。,"Okureta nda mon, gomen.","I was late, that's why I'm sorry.",JLPT N3
～上げる (〜ageru),Indicates to finish doing something completely.,Verb-ますstem + 上げる,レポートを書き上げるまで、寝られません。,"Repooto o kakiageru made, neraremasen.",I cannot sleep until I finish writing the report.,JLPT N3
～切れない (～kirenai),Expresses inability to completely finish or do something.,Verb-stem + 切れない,この本を一晩で読み切れない。,Kono hon wo hitoban de yomikirenai.,I cannot finish reading this book in one night.,JLPT N3
必ずしも～とは限らない (kanarazushimo ～ towa kagiranai),Not necessarily; not always.,必ずしも + Statement + とは限らない,高いものが必ずしも良いとは限らない。,Takai mono ga kanarazushimo yoi to wa kagiranai.,Expensive things are not necessarily better.,JLPT N3
～最中に (～saichuu ni),In the middle of / while doing something.,"Verb-て form + いる + 最中に, Noun + の + 最中に",昼寝をしている最中に電話が鳴った。,Hirune o shiteiru saichuu ni denwa ga natta.,The phone rang while I was taking a nap.,JLPT N3
決して～ない (kesshite ~ nai),"Express 'never', 'by no means', or 'not at all' when negating a statement.",決して + Verb (negative form),彼は決して遅刻しない。,Kare wa kesshite chikoku shinai.,He never arrives late.,JLPT N3
A あるいは B (A aruiwa B),"Indicates alternatives; 'A or B', 'either A or B'.",Phrase A + あるいは + Phrase B,今日は映画を見るあるいはショッピングをする予定です。,Kyou wa eiga wo miru aruiwa shoppingu wo suru yotei desu.,"Today, I plan to either watch a movie or go shopping.",JLPT N2
A。おまけに B。(~omake ni),"Expresses that in addition to A, there is also B; 'moreover', 'besides', 'not only', 'but also'.",Sentence A + おまけに  + Sentence B,彼は遅刻した。おまけに宿題も忘れた。,Kare wa chikoku shita. Omake ni shukudai mo wasureta.,"He was late. Moreover, he forgot his homework.",JLPT N2
A。さて B。(A. Sate B.),"Indicates a sudden change or shift in the topic or situation; 'now then', 'well', 'so'.",A + さて + B,今日の仕事が終わった。さて、これから帰るか。,"Kyou no shigoto ga owatta. Sate, kore kara kaeru ka.","Today's work is done. Now then, shall we go home?",JLPT N2
A。しかも B。(A. Shikamo B.),"Expressing additional information; 'moreover', 'besides', 'furthermore'.",Statement A + 。しかも + Statement B。,この料理は美味しいです。しかも、安いです。,"Kono ryouri wa oishii desu. Shikamo, yasui desu.","This dish is delicious. Moreover, it is cheap.",JLPT N2
A。したがって B。(A. Shitagatte B.),"Express a cause-and-effect relationship; 'therefore', 'consequently', 'so'.",A + したがって + B,今日は雨が降っています。したがって、傘を持って行きましょう。,"Kyou wa ame ga futteimasu. Shitagatte, kasa wo motte ikimashou.","It is raining today. Therefore, let's bring an umbrella.",JLPT N2
A すなわち B。 (A sunawachi B),"Express that A is equivalent to B; 'in other words', 'namely', 'that is to say'.",Phrase A + すなわち + Phrase B,私は立派な成果を出したい、すなわち、成功したいのです。,"Watashi wa rippana seika wo dashitai, sunawachi, seikou shitai no desu.","I want to achieve great results, in other words, I want to succeed.",JLPT N2
A。すると B。(~suruto),"Indicates that when action A is done, action or event B follows; 'then', 'when', 'if'.",A (Sentence) + すると + B (Sentence),電話をかけると、彼女が出ました。,"Denwa wo kakeru to, kanojo ga demashita.","When I made the phone call, she answered.",JLPT N2
A。そういえば B。(~souieba),"Recalling something related to A; 'speaking of which', 'by the way', 'now that you mention it'.",A + そういえば + B,映画。そういえば、彼は映画館で働いているんだ。,"Eiga. Souieba, kare wa eigakan de hataraite irun da.","Movies. Speaking of which, he works at a movie theater.",JLPT N2
A。そこで B。(~sokode),Expresses 'therefore' or 'because of that'.,A + そこで + B,明日は試験があります。そこで今晩勉強しようと思います。,Ashita wa shiken ga arimasu. Soko de konban benkyou shiyou to omoimasu.,"There is an exam tomorrow. Therefore, I plan to study tonight.",JLPT N2
A。それがB。(~sorega),"Expressing 'that's exactly what A is; in other words, B'.",A (Statement)。それが B (Restatement or explanation of A)。,彼は勉強ができる。それが天才というものだ。,Kare wa benkyou ga dekiru. Sore ga tensai to iu mono da.,He can study well. That's what you call a genius.,JLPT N2
A。それで B。 (~sore de),"Express a sequence of events or cause-and-effect; 'and then', 'so', 'because of that'.",Sentence A +。それで+ Sentence B。,昨日は雨が降っていた。それで公園に行かなかった。,Kinou wa ame ga futte ita. Sore de kouen ni ikanakatta.,"It was raining yesterday. So, I didn't go to the park.",JLPT N2
A。それでも B。(~sore demo),"Expresses 'even so', 'nevertheless', 'still', or 'but'; used to contrast two statements.",A (situation) + 。それでも + B (action or thought),今日は日曜日です。それでも、仕事に行かなければなりません。,"Kyou wa nichiyoubi desu. Sore demo, shigoto ni ikanakereba narimasen.","Today is Sunday. Nevertheless, I have to go to work.",JLPT N2
A。それなのに B。(~sorenanoni),"Express contrast or a contradiction between two situations or facts; 'even though', 'despite', 'but still'.",A。それなのに B。,彼は頭がいい。それなのに、試験に落ちた。,"Kare wa atama ga ii. Sore nanoni, shiken ni ochita.","He is smart. Despite that, he failed the exam.",JLPT N2
A。それなら B。(A. Sore nara B.),"Express 'if that's the case, then'; used to show a logical consequence or decision based on a given situation.",Situation A (sentence) + 。それなら + Situation B (sentence),試験が近い。それなら、もっと勉強しなければならない。,"Shiken ga chikai. Sore nara, motto benkyou shinakereba naranai.","The exam is coming soon. If that's the case, I must study more.",JLPT N2
A それはそうと B。 (A Sore wa sou to B),"Changing the topic; 'by the way', 'speaking of which'.",Sentence A + それはそうと + Sentence B,それはそうと、今日の天気はいいですね。,"Sore wa sou to, kyou no tenki wa ii desu ne.","By the way, the weather is nice today, isn't it?",JLPT N2
A。だが B。(~daga),"Expresses contrasting ideas or statements; 'but', 'however'.",Sentence A + だが + Sentence B,このレストランは値段が高い。だが、味はとてもいい。,"Kono resutoran wa nedan ga takai. Daga, aji wa totemo ii.","This restaurant is expensive. But, the taste is very good.",JLPT N2
A。ただB。(~tada),"Express contrast between two situations; 'although', 'but', 'however'.",Sentence A + ただ + Sentence B,彼は頭がいい。ただ、努力はあまりしない。,"Kare wa atama ga ii. Tada, doryoku wa amari shinai.","He is smart; however, he doesn't make much effort.",JLPT N2
A。ただしB。 (A. Tadashi B),"Adding a condition or exception to a statement; 'however', 'provided that', 'but only if'.",Statement A + ただし + Condition B,この部屋を使ってもいいです。ただし、使った後で掃除してください。,"Kono heya wo tsukatte mo ii desu. Tadashi, tsukatta ato de souji shite kudasai.","You can use this room. However, please clean up after you use it.",JLPT N2
A。だって B。(Datte~),"Used to give a reason, express cause or bring up a topic; 'because', 'since', 'it's just that'.",Verb-casual + だって、い-Adjective + だって、な-Adjective + だって、Noun + だって,暇だって、映画を見に行こうよ。,"Hima datte, eiga wo mi ni ikou yo.","Since we are free, let's go watch a movie.",JLPT N2
A。ちなみに B。(A. Chinamini B.),"Used to give additional information about the topic; 'by the way', 'incidentally'.",A。ちなみに B。,今日は授業がありません。ちなみに、明日も休みです。,"Kyou wa jugyou ga arimasen. Chinamini, asu mo yasumi desu.","There's no class today. By the way, tomorrow is also a day off.",JLPT N2
A。ということは B。 (A. To iu koto wa B.),"Expresses the meaning 'if A, that means B' or 'A implies B'.",A + ということは + B,彼女が泣いている。ということは何か悲しいことがあったに違いない。,Kanojo ga naite iru. To iu koto wa nanika kanashii koto ga atta ni chigainai.,She is crying. That means something sad must have happened.,JLPT N2
A。というのは B。(Toiu no wa~),"Used to give an explanation or provide additional information for A; 'that is to say', 'in other words'.",[Statement A]。というのは、[Statement B]。,彼は非常に疲れています。というのは、昨夜、車で遠くまで行ってきたためです。,"Kare wa hijou ni tsukareteimasu. To iu no wa, sakuya, kuruma de tooku made itte kita tame desu.","He is very tired. That is to say, because he went far by car last night.",JLPT N2
A。なおB。(A. Nao B.),"Provides additional information; 'moreover', 'besides', 'in addition'.",A (sentence) + なお + B (sentence),明日は休みです。なお、月曜日も休みです。,"Ashita wa yasumi desu. Nao, getsuyoubi mo yasumi desu.","Tomorrow is a holiday. Moreover, Monday is also a holiday.",JLPT N2
A。もっとも B。(Motto mo ~),"Express contrasting opinions or facts; 'although', 'but', 'however'.",Clause A + もっとも + Clause B,彼は頭がいい。もっとも、勉強も大切だ。,"Kare wa atama ga ii. Mottomo, benkyou mo taisetsu da.","He is smart. However, studying is also important.",JLPT N2
A。要するに B。(A. Yousuru ni B.),"Expressing 'in short', 'in a nutshell', or 'to sum up' when restating or summarizing A as B.",A。要するに B。,このプロジェクトは成功しました。要するに、私たちのチームは素晴らしい仕事をしました。,"Kono purojekuto wa seikou shimashita. Yousuru ni, watashitachi no chiimu wa subarashii shigoto o shimashita.","This project was successful. In short, our team did a great job.",JLPT N2
Noun につき (〜ni tsuki),"Indicates the reason, cause, or condition for something; 'due to', 'regarding', 'per'.",Noun + につき,試験につき、今日は静かにしてください。,"Shiken ni tsuki, kyou wa shizuka ni shite kudasai.","Due to the exam, please be quiet today.",JLPT N2
Noun にて (Noun nite),"Expresses location or means; 'at', 'in', 'by', 'with'.",Noun + にて,駅前広場にてイベントが開催されます。,Ekimae hiroba nite ibento ga kaisai saremasu.,An event will be held at the station square.,JLPT N2
Noun の ことだから (Noun no koto dakara),"Used to provide a reason or explanation based on one's knowledge about the noun; 'since', 'because', 'knowing'.",Noun + のことだから,料理が得意な彼のことだから、美味しい料理を作ってくれるでしょう。,"Ryouri ga tokui na kare no koto dakara, oishii ryouri wo tsukutte kureru deshou.","Since he’s good at cooking, he’ll probably make delicious food.",JLPT N2
Noun を はじめ (Noun wo hajime),"Meaning 'starting with', 'including', 'not only... but also'.",Noun + をはじめ,日本料理をはじめ、さまざまな料理がこのレストランで楽しめます。,"Nihon ryouri wo hajime, samazama na ryouri ga kono resutoran de tanoshimemasu.","You can enjoy various dishes in this restaurant, starting with Japanese cuisine.",JLPT N2
Noun を はじめとして (Noun wo hajime to shite),"Expresses 'starting with', 'beginning with', or 'including'.",Noun + をはじめとして,東京をはじめとして、日本にはたくさんの観光スポットがあります。,"Tōkyō o hajime to shite, Nihon ni wa takusan no kankō supotto ga arimasu.","There are many tourist spots in Japan, starting with Tokyo.",JLPT N2
Noun を はじめとする Noun (Noun o hajime to suru Noun),"Indicates a representative example of a group; 'starting with', 'including', 'such as'.",Noun1 を はじめとする Noun2,彼はフランス語をはじめとする外国語が話せる。,Kare wa furansugo o hajime to suru gaikokugo ga hanaseru.,"He can speak foreign languages, starting with French.",JLPT N2
Noun を めぐって (Noun wo megutte),Concerning; with regard to; about,Noun + を + めぐって,環境問題をめぐって、多くの議論が行われています。,"Kankyō mondai o megutte, ōku no giron ga okonawarete imasu.",Many discussions are held concerning environmental issues.,JLPT N2
Noun を めぐる Noun (Noun o meguru Noun),"Indicate a situation or event revolving around a particular noun; 'concerning', 'regarding', 'pertaining to'.",Noun1 + を + めぐる + Noun2,この事件をめぐる議論が続いています。,Kono jiken o meguru giron ga tsudzuite imasu.,The debate concerning this incident continues.,JLPT N2
Noun を もとに (Noun o moto ni),Based on; drawing from; using as a reference.,Noun + をもとに,この映画は実話をもとに作られました。,Kono eiga wa jitsuwa o moto ni tsukuraremashita.,This movie was made based on a true story.,JLPT N2
Noun を もとにして (Noun wo moto ni shite),Based on; using; utilizing.,Noun + をもとにして,彼の意見をもとにして、計画を変更しました。,"Kare no iken o moto ni shite, keikaku o henkō shimashita.","Based on his opinion, we changed the plan.",JLPT N2
Verb ことなく (~kotonaku),"Means 'without doing', 'not doing', or 'without happening'.",Verb-stem + ことなく,彼女は泣くことなく帰ってしまいました。,Kanojo wa naku koto naku kaette shimaimashita.,She went home without crying.,JLPT N2
Verb ないことには Verb ない (~nai koto ni wa ~ nai),Express that something cannot be done without meeting a certain condition.,Verb-ない + ことには + Verb-ない,薬を飲まないことには、病気が治らない。,"Kusuri o nomanai koto ni wa, byōki ga naoranai.","Unless you take the medicine, the illness won't get better.",JLPT N2
～あげく (~ageku),"Expresses the outcome of a series of actions or events; 'in the end', 'finally', 'after'.",Verb-た + あげく / Noun + の + あげく,長い時間待ったあげく、電車が来なかった。,"Nagai jikan matta ageku, densha ga konakatta.","After waiting a long time, in the end, the train didn't come.",JLPT N2
～あまり (〜amari),Expresses the result of doing something excessively or beyond a certain point.,"Verb-ます stem + あまり, い-Adjective + あまり, な-Adjective + のあまり, Noun + のあまり",昨日は疲れすぎたあまり、朝まで眠り続けました。,"Kinō wa tsukare-sugita amari, asa made nemuri tsuzukemashita.","Yesterday, I was so tired that I slept until morning.",JLPT N2
～うちに (〜uchi ni),"Expresses doing something while a certain condition still holds; 'while', 'before', 'as long as'.","Verb-casual + うちに, い-Adjective + うちに, な-Adjective + なうちに, Noun + のうちに",元気なうちに、旅行を楽しんでください。,"Genki na uchi ni, ryokō o tanoshinde kudasai.",Enjoy traveling while you are healthy.,JLPT N2
～がい (〜gai),Expresses 'worth doing' for verbs.,Verb-stem + がい,この本は読みがいがあります。,Kono hon wa yomi-gai ga arimasu.,This book is worth reading.,JLPT N2
～かいがあって (〜kaiga atte),Used to express that an effort is worth it or has value; 'to be worth the effort' or 'to pay off'.,Verb-past + かいがあって / Noun + の + かいがあって,毎日勉強したかいがあって、テストに合格しました。,"Mainichi benkyō shita kai ga atte, tesuto ni gōkaku shimashita.",Studying every day paid off—I passed the test.,JLPT N2
～かいもなく (〜kai mo naku),"Expresses the meaning of 'without worth', 'in vain', 'fruitless'.",Verb-た + かいもなく / Noun + の + かいもなく,長い間苦労したかいもなく、失敗してしまった。,"Nagai aida kurō shita kai mo naku, shippai shite shimatta.","I struggled for a long time, but in the end, it was all in vain and I failed.",JLPT N2
～かける (〜kakeru),Indicates a process or action is 'in progress' or 'halfway'.,Verb-stem + かける,彼女は食べかけのリンゴを置いて出かけた。,Kanojo wa tabe-kake no ringo o oite dekaketa.,She left a partially eaten apple and went out.,JLPT N2
～がち (〜gachi),Expresses that something tends to occur frequently or habitually.,Verb-ます stem + がち / い-Adjective stem + がち / な-Adjective stem + がち,彼は風邪を引きがちです。,Kare wa kaze o hiki-gachi desu.,He tends to catch colds easily.,JLPT N2
～か～ないかのうちに (〜ka〜naika no uchi ni),"Expresses an action that occurs immediately after another action; 'as soon as', 'no sooner than', 'the moment'.",Verb-casual + か + Verb-negative form + かのうちに,駅に着くか着かないかのうちに、雨が降り出した。,"Eki ni tsuku ka tsukanai ka no uchi ni, ame ga furidashita.",No sooner had I arrived at the station than it started raining.,JLPT N2
～かねない (〜kane nai),Express the likelihood of a negative outcome or consequence.,Verb-stem + かねない,彼はあまりにも無責任で、約束を破りかねない。,"Kare wa amarini mo musekinin de, yakusoku o yaburi-kane nai.",He is so irresponsible that he might break his promise.,JLPT N2
～かねる (〜kaneru),Express inability or impossibility of doing an action (often as a polite refusal).,Verb-ます stem + かねる,その問題は難しいので、私には解決しかねます。,"Sono mondai wa muzukashii no de, watashi ni wa kaiketsu shi-kanemasu.","Since that problem is difficult, I cannot solve it.",JLPT N2
～かのようだ (〜ka no you da),"Express a similarity or comparison; 'as if', 'like', 'as though'.","Verb-casual + かのようだ, い-Adjective + かのようだ, な-Adjective + であるかのようだ, Noun + であるかのようだ",彼は犬が怖いかのようだ。,Kare wa inu ga kowai ka no you da.,He seems as if he is scared of dogs.,JLPT N2
～か～まいか (〜ka 〜maika),Used to express a dilemma or indecision between two options or actions.,"Verb-volitional + か + Verb-volitional + まいか, い-Adjective + であるか + い-Adjective + であるまいか, な-Adjective + であるか + な-Adjective + であるまいか, Noun + であるか + Noun + であるまいか",このプロジェクトを引き受けようか引き受けまいか、まだ決めていない。,"Kono purojekuto o hikiukeyou ka hikiukemai ka, mada kimete inai.",I haven't decided whether to take on this project or not.,JLPT N2
～からこそ (〜kara koso),"Express the emphasis on the reason; 'precisely because', 'it is precisely because'.","Verb-casual + からこそ, い-Adjective + からこそ, な-Adjective + だからこそ, Noun + だからこそ",失敗したからこそ、成功の意味がわかる。,"Shippai shita kara koso, seikou no imi ga wakaru.",It is precisely because I failed that I understand the meaning of success.,JLPT N2
〜からして (〜kara shite),"Expresses that something is exceptional, unusual, or negative based on a particular aspect or point.",Noun + からして,彼の顔つきからして、何か悪いことがあったのだろう。,"Kare no kaotsuki kara shite, nanika warui koto ga atta no darou.","From his facial expression, something bad must have happened.",JLPT N2
～からすると (〜kara suru to),"Expresses a judgment or evaluation based on a certain standard; 'from this perspective', 'considering', 'judging from'.",Noun + からすると,経験からすると、この仕事は難しいでしょう。,"Keiken kara suru to, kono shigoto wa muzukashii deshou.","Considering their experience, this job might be difficult.",JLPT N2
～からといって (〜kara to itte),Expresses 'just because...doesn't mean' or 'even though...not necessarily'.,"Verb-casual + からといって, い-Adjective + からといって, な-Adjective + だからといって, Noun + だからといって",雨が降ったからといって、試合が中止になるわけではありません。,"Ame ga futta kara to itte, shiai ga chuushi ni naru wake de wa arimasen.",Just because it rained doesn't mean the game will be canceled.,JLPT N2
～から～にかけて (〜kara 〜ni kakete),"Expresses a range of time, space, or quantities; 'from...to', 'between...and', 'over'.",Noun 1 + から + Noun 2 + にかけて,午前９時から午後５時にかけて、仕事をしています。,"Gozen ku-ji kara gogo go-ji ni kakete, shigoto wo shite imasu.",I work from 9 in the morning to 5 in the evening.,JLPT N2
～からには (〜kara niwa),"Express a sense of responsibility or determination; 'since', 'now that', 'if'.","Noun + だ + からには, な-Adjective + だ + からには, い-Adjective + からには, Verb-casual + からには",試験に合格したからには、一所懸命働かなければならない。,"Shiken ni goukaku shita kara niwa, isshokenmei hatarakanakereba naranai.","Since I passed the exam, I have to work hard.",JLPT N2
～から見ると (〜kara miru to),"Express a perspective or point of view; 'from the standpoint of', 'in terms of', 'from the perspective of'.",Noun + から見ると,費用から見ると、このプランはお得です。,"Hiyou kara miru to, kono puran wa otoku desu.","In terms of cost, this plan is a good deal.",JLPT N2
～から言うと (〜kara iuto),"Express a judgment or opinion based on a specific criterion; 'speaking from', 'in terms of', 'from the viewpoint of'.","Noun + から言うと (common), [Verb-casual / Adjective + から言って] (less common)",値段から言うと、この商品が最もお得です。,"Nedan kara iuto, kono shouhin ga mottomo otoku desu.","Speaking from the viewpoint of price, this product is the best deal.",JLPT N2
～くせに (〜kuse ni),Used to criticize someone for doing something contrary to what one would expect from their nature or situation.,Verb (casual) + くせに / い-Adjective + くせに / な-Adjective + な(or の) + くせに / Noun + の + くせに,彼はいつも遅刻してくるくせに、自分が待たされるのが嫌いだ。,"Kare wa itsumo chikoku shite kuru kuse ni, jibun ga matasareru no ga kirai da.","He’s always late, yet he hates being kept waiting.",JLPT N2
～ことから (〜koto kara),"Indicates the reason or basis for something; 'because', 'since', 'due to'.",Verb-casual + ことから / い-Adjective + ことから / な-Adjective + なことから / Noun + のことから,彼は毎日運動することから、体が丈夫です。,"Kare wa mainichi undou suru koto kara, karada ga joubu desu.","Because he exercises every day, he is physically strong.",JLPT N2
～ことに (〜koto ni),"Used to express feelings or emotions about a situation, action, or outcome.",Verb-casual + ことに / い-Adjective + ことに / な-Adjective + なことに / Noun + のことに,彼が急に帰国することに驚いた。,Kare ga kyuu ni kikoku suru koto ni odoroita.,I was surprised that he suddenly returned to his home country.,JLPT N2
～ことになっている (〜koto ni natte iru),"Expresses that something is supposed to be or has been decided (rule, plan, custom).",Verb-plain form + ことになっている / い-Adjective + ことになっている / な-Adjective + だ + ことになっている / Noun + だ + ことになっている,日本では、左側を運転することになっています。,"Nihon de wa, hidarigawa o unten suru koto ni natte imasu.","In Japan, it is decided that people drive on the left side.",JLPT N2
～さえ～ば (〜sae ~ba),"Expresses that, as long as a certain condition is met, something else will follow; 'if only', 'provided that'.",Noun + さえ + Verb-conditional / Verb-ますstem + さえすれば / etc. (varies by part of speech),お金さえあれば、幸せです。,"Okane sae areba, shiawase desu.","As long as I have money, I’m happy.",JLPT N2
～ざるを得ない (〜zaru wo enai),Have no choice but to; cannot help but.,Verb-ない form (drop ない) + ざるを得ない,この仕事は締め切りが近いので、残業せざるを得ない。,"Kono shigoto wa shimekiri ga chikai no de, zangyou sezaru wo enai.","Since the deadline is near, I have no choice but to work overtime.",JLPT N2
～ずにはいられない (〜zu ni wa irarenai),Cannot help but; cannot resist doing; an irresistible urge.,Verb-ない form (drop ない) + ずにはいられない,この曲を聞くと、歌わずにはいられない。,"Kono kyoku o kiku to, utawazu ni wa irarenai.","When I hear this song, I can’t help but sing.",JLPT N2
～そうにない (〜sou ni nai),"Express the unlikelihood of something happening; 'not likely', 'doesn't seem'.",Verb-stem + そうにない / い-Adjective (drop い) + そうにない / な-Adjective + そうにない,この雨は止みそうにない。,Kono ame wa yami sou ni nai.,It doesn't seem like this rain will stop.,JLPT N2
～たかと思ったら (〜ta ka to omottara),"Express a sequence of events happening in quick succession; 'as soon as', 'no sooner than'.",Verb-た form + かと思ったら,電話をかけたかと思ったら、すぐに彼女が出た。,"Denwa o kaketa ka to omottara, sugu ni kanojo ga deta.",No sooner had I called than she picked up.,JLPT N2
～たきり (〜takiri),Express 'since then' or 'after'; used to indicate that an action occurred once and has not been repeated or that a state has continued since a certain event or time.,Verb-past + きり,彼は会社を辞めたきり、連絡がない。,"Kare wa kaisha o yameta kiri, renraku ga nai.","Ever since he quit the company, there's been no contact.",JLPT N2
～だけあって (〜dake atte),Expresses that something is as expected or deserves its reputation.,"Verb-casual + だけあって, い-Adjective + だけあって, な-Adjective + なだけあって, Noun + だけあって",彼は日本語が上手だけあって、日本人のように話すことができる。,"Kare wa nihongo ga jōzu dake atte, nihonjin no yō ni hanasu koto ga dekiru.","As expected from his good Japanese skills, he can speak like a native.",JLPT N2
～だけましだ (〜dake mashi da),"Expresses that although the situation isn’t ideal, it could be worse; 'it’s not great, but at least...'.","Verb-casual + だけましだ, い-Adjective + だけましだ, な-Adjective + だけましだ, Noun + だけましだ",失敗するだけましだ。もっと大変なことにならなくてよかった。,Shippai suru dake mashi da. Motto taihen na koto ni naranakute yokatta.,At least we only failed—it could’ve been much worse.,JLPT N2
～たところ (〜ta tokoro),"Used to describe an action that has just been completed, often followed by a result or observation.",Verb-past + ところ,掃除したところ、部屋がずっとキレイになりました。,"Sōji shita tokoro, heya ga zutto kirei ni narimashita.","I just finished cleaning, and the room is so much cleaner now.",JLPT N2
～たとたん (〜ta totan),"Express the moment something happens; 'as soon as', 'just when'.",Verb-past + たとたん,ドアを開けたとたん、雨が降り始めた。,"Doa o aketa totan, ame ga furi-hajimeta.","As soon as I opened the door, it started raining.",JLPT N2
～だらけ (〜darake),Indicates that something is full of or covered with a certain (usually negative) characteristic.,Noun + だらけ,彼の部屋はゴミだらけだ。,Kare no heya wa gomi darake da.,His room is full of trash.,JLPT N2
～っこない (〜kkonai),"Expresses the impossibility or very low probability of something happening; 'no way', 'impossible'.",Verb-negative stem + っこない,こんなに雪が降っているんだから、学校に間に合いっこない。,"Konna ni yuki ga futteirun dakara, gakkō ni maniai kkonai.","With snow falling this heavily, there's no way we'll make it to school on time.",JLPT N2
～つつ (〜tsutsu),"Shows two actions happening simultaneously or a contrast; 'while', 'although'.",Verb-stem + つつ,彼はテレビを見つつ、宿題をしていました。,"Kare wa terebi o mitsutsu, shukudai o shite imashita.",He was doing his homework while watching TV.,JLPT N2
～つつある (〜tsutsu aru),Expresses an ongoing process or gradual change.,Verb-stem + つつある,地球温暖化は進行しつつある。,Chikyū ondanka wa shinkō shitsutsu aru.,Global warming is in progress.,JLPT N2
～っぱなし (〜ppanashi),"Express a continuous action or state; 'left as is', 'non-stop'.",Verb-ます stem + っぱなし,窓を開けっぱなしにして、部屋が寒くなってしまった。,"Mado o akeppanashi ni shite, heya ga samuku natte shimatta.","I left the window open, and the room got cold.",JLPT N2
～っぽい (〜ppoi),"Indicates that something has the appearance, characteristics, or behavior of something else.","Noun + っぽい, Verb-casual + っぽい, い-Adjective + っぽい, な-Adjective + っぽい",彼女は大人っぽい服を着ている。,Kanojo wa otonappoi fuku o kite iru.,She’s wearing clothes that look mature.,JLPT N2
～ていられない (〜te irarenai),"Expresses that one cannot afford to do something; 'can't keep on', 'unable to continue'.",Verb-て form + いられない,こんなに忙しいのに、無理に遊んでいられない。,"Konna ni isogashii noni, muri ni asonde irarenai.",I'm so busy that I can't afford to just play around.,JLPT N2
～てかなわない (〜te kanawanai),"Expresses that something cannot be endured, tolerated, or is unbearable.",Adjective (〜く / 〜で) + て + かなわない / Verb phrase (reworded to an adjective/negative) + て + かなわない,こんなに暑くてかなわない。,Konnani atsukute kanawanai.,I can’t stand this heat.,JLPT N2
～てからでないと (〜te kara denai to),"Indicates that something cannot be done before a certain action is completed; 'not until', 'only after'.",Verb-て + からでないと,宿題をしてからでないと、遊びに行けません。,"Shukudai o shite kara denai to, asobi ni ikemasen.",You cannot go play until you’ve finished your homework.,JLPT N2
～てこそ (〜te koso),"Emphasizes the condition; 'only when', 'precisely because'.",Verb-て form + こそ / い-Adjective + くてこそ / な-Adjective + でこそ / Noun + でこそ,勉強してこそ、テストに合格できる。,"Benkyō shite koso, tesuto ni gōkaku dekiru.",Only when you study can you pass the test.,JLPT N2
～でしょうがない (〜deshou ga nai),"Expresses an intense emotional or physical state; 'extremely', 'can’t help but'.",い-Adjective(く) + てしょうがない / な-Adjective + で(は)しょうがない / Verb-て form + しょうがない,今日は暇で(は)しょうがない。,Kyō wa hima de shō ga nai.,I’m extremely bored today.,JLPT N2
～でたまらない (〜de tamaranai),"Express extremely strong feelings or sensations; 'can't stand', 'unbearably'.",い-Adjective (く) + てたまらない / な-Adjective + でたまらない / Verb-て form + たまらない,この暑さは本当に暑くてたまらない。,Kono atsusa wa hontō ni atsukute tamaranai.,This heat is absolutely unbearable.,JLPT N2
～でならない (〜de naranai),"Indicates an uncontrollable emotion or feeling; 'can’t help but', 'overwhelmingly'.",な-Adjective + でならない / い-Adjective (く) + てならない / Verb-て + ならない,彼の演技が素晴らしくてならない。,Kare no engi ga subarashikute naranai.,I can’t help but be amazed at his wonderful performance.,JLPT N2
～でばかりはいられない (〜de bakari wa irarenai),Cannot afford to only do something; cannot always rely on it.,Verb-て form + ばかりはいられない / Noun + ばかりはいられない (with appropriate particles),いつも助けてもらってばかりはいられない。,Itsumo tasukete moratte bakari wa irarenai.,I can’t just keep letting people help me all the time.,JLPT N2
～ではないか (〜de wa nai ka),"Used to show a strong assertion or emphasis on one’s opinion; 'isn't it?', 'aren't you?', 'right?'.",Noun + ではないか / い-Adjective + ではないか / な-Adjective + ではないか / Verb-casual + ではないか,彼は優秀な学生ではないか。,Kare wa yūshū na gakusei de wa nai ka.,Isn’t he an excellent student?,JLPT N2
～てはならない (〜te wa naranai),"Express prohibition; 'must not', 'cannot', 'should not'.",Verb-て form + はならない,ここでタバコを吸ってはならない。,Koko de tabako o sutte wa naranai.,You must not smoke here.,JLPT N2
～てまで (〜te made),"Express the extent someone goes in order to achieve something; 'to the point of', 'even', 'so far as to'.",Verb-て form + まで,彼は試験に合格するために、徹夜してまで勉強しました。,"Kare wa shiken ni gōkaku suru tame ni, tetsuya shite made benkyō shimashita.",He studied to the point of staying up all night in order to pass the exam.,JLPT N2
～て当然だ (〜te tōzen da),Expresses that something is natural or expected.,Verb-て form + 当然だ,彼は毎日勉強しているから、試験に合格して当然だ。,"Kare wa mainichi benkyō shite iru kara, shiken ni gōkaku shite tōzen da.","Since he studies every day, it's only natural that he passes the exam.",JLPT N2
～というものだ (〜to iu mono da),Expressing a general rule or common sense.,Sentence + というものだ,若者の熱情は尊敬に値するというものだ。,Wakamono no netsujō wa sonkei ni ataisuru to iu mono da.,The passion of young people is something that deserves respect.,JLPT N2
どうにか～ないものか (dō ni ka ~ nai mono ka),Express a strong desire or wish for something to be possible.,どうにか + Verb-negative form + ないものか,どうにかこの仕事を終わらせないものか。,Dō ni ka kono shigoto o owarasenai mono ka.,Isn't there some way to finish this job?,JLPT N2
～とおり (〜toori),"Express doing something as instructed or describing how something matches a rule or guideline; 'as', 'according to'.","Verb-casual + とおり, い-Adjective + とおり, な-Adjective + だとおり, Noun + だとおり",先生が言ったとおりに宿題をしました。,Sensei ga itta tōri ni shukudai o shimashita.,I did my homework exactly as the teacher said.,JLPT N2
～とか (〜to ka),"Used to list examples or express uncertainty; 'such as', 'like', 'or something like that'.","Verb-casual + とか, い-Adjective + とか, な-Adjective + だとか, Noun + だとか",休日は映画を見るとか、買い物に行くとかして過ごします。,"Kyūjitsu wa eiga o miru to ka, kaimono ni iku to ka shite sugoshimasu.","On my days off, I do things like watch movies or go shopping.",JLPT N2
～ところ (〜tokoro),"Express a specific point in time or state; 'when', 'just about', or 'in the middle of'.","Verb-casual + ところ, い-Adjective + ところ, な-Adjective + なところ, Noun + のところ",出かけるところです。,Dekakeru tokoro desu.,I'm just about to go out.,JLPT N2
～どころか (〜dokoro ka),"Express 'far from', 'not just', 'not only', or 'to say nothing of'.","Verb-casual + どころか, い-Adjective + どころか, な-Adjective + どころか, Noun + どころか",彼は歌が上手どころか、プロの歌手みたいだ。,"Kare wa uta ga jōzu dokoro ka, puro no kashu mitai da.","Far from just being good at singing, he sounds like a professional singer.",JLPT N2
～どころではない (〜dokoro de wa nai),Not the time/place for; far from; can't possibly.,"Verb-casual + どころではない, い-Adjective + どころではない, な-Adjective + どころではない, Noun + どころではない",彼の失敗を笑うどころではない。私たちも同じミスをしている。,Kare no shippai o warau dokoro de wa nai. Watashitachi mo onaji misu o shite iru.,This is not the time to laugh at his mistakes—we’re making the same ones.,JLPT N2
～としたら (〜to shitara),"Express a hypothetical situation; 'if', 'suppose', 'assuming'.","Verb-casual + としたら, い-Adjective + としたら, な-Adjective + だとしたら, Noun + だとしたら",明日雨が降るとしたら、傘を持っていきましょう。,"Ashita ame ga furu to shitara, kasa o motte ikimashō.","If it rains tomorrow, let’s bring umbrellas.",JLPT N2
～としても (〜to shite mo),"Even if, despite, although","Verb-casual + としても, い-Adjective + としても, な-Adjective + だとしても, Noun + だとしても",雨が降るとしても、レースは中止しません。,"Ame ga furu to shite mo, rēsu wa chūshi shimasen.","Even if it rains, we won't cancel the race.",JLPT N2
～と～ともに (〜to 〜tomoni),Expresses 'together with' or 'along with'; used to describe two events or actions happening simultaneously or in parallel.,"Verb-casual + とともに, い-Adjective + とともに, な-Adjective + とともに, Noun + とともに",彼が来るとともに、パーティーが始まりました。,"Kare ga kuru to tomoni, paatii ga hajimarimashita.",The party started as soon as he arrived.,JLPT N2
～とは限らない (〜to wa kagiranai),"Expresses that something is not necessarily true; 'not always', 'not necessarily'.","Verb-casual + とは限らない, い-Adjective + とは限らない, な-Adjective + だとは限らない, Noun + だとは限らない",いつも勉強しているとは限らない。,Itsumo benkyou shite iru to wa kagiranai.,It's not always true that I'm studying.,JLPT N2
～ないことはない (〜nai koto wa nai),"Express that something is not impossible, meaning it is possible or could be done.",Verb-ないform + ことはない,彼が来ないことはない。,Kare ga konai koto wa nai.,It's not that he won't come (it's possible that he will come).,JLPT N2
～ないこともない (〜nai koto mo nai),"Used to express an action or state is 'not impossible', but emphasizes reluctance or doubt.","Verb-ないForm + こともない, い-adjective + こともない",この問題は解けないこともないけど、難しいです。,"Kono mondai wa tokenai koto mo nai kedo, muzukashii desu.","It's not that I can't solve this problem, but it's difficult.",JLPT N2
～ないではいられない (〜nai de wa irarenai),Cannot help but; cannot avoid; unable to refrain from.,Verb-ない form + ではいられない or じゃいられない,この映画はとても感動的で、泣かないではいられなかった。,"Kono eiga wa totemo kandouteki de, nakanai de wa irarenakatta.","This movie was so touching, I couldn't help but cry.",JLPT N2
～ながら (〜nagara),Express doing two things simultaneously or at the same time.,Verb-stem + ながら,テレビを見ながら宿題をしています。,Terebi wo minagara shukudai wo shiteimasu.,I am doing my homework while watching TV.,JLPT N2
～にあたり (〜ni atari),"Expresses the meaning of 'at the time of', 'in', 'on', or 'upon'.",Noun + にあたり,入学にあたり、必要な書類を準備してください。,"Nyuugaku ni atari, hitsuyou na shorui wo junbi shite kudasai.",Please prepare the necessary documents upon entering the school.,JLPT N2
～において (〜ni oite),"Indicates the place, time, or context where an action or event occurs; 'in', 'at', 'on', 'regarding'.",Noun + において,この大学において、英語のクラスが一番人気があります。,"Kono daigaku ni oite, eigo no kurasu ga ichiban ninki ga arimasu.","In this university, English classes are the most popular.",JLPT N2
～にかかわらず (〜ni kakawarazu),Regardless of; irrespective of; (often used as) 'whether or not'.,"Verb-dictionary form + にかかわらず, い-Adjective + にかかわらず, な-Adjective + にかかわらず, Noun + にかかわらず",天気にかかわらず、今日の試合は行われます。,"Tenki ni kakawarazu, kyou no shiai wa okonawaremasu.","The game today will be held, regardless of the weather.",JLPT N2
～にかけては (〜ni kakete wa),Indicates a specific area or aspect in which someone or something excels.,Noun + にかけては,料理の腕前にかけては、彼女は誰にも負けません。,"Ryouri no udemae ni kakete wa, kanojo wa dare ni mo makemasen.","When it comes to cooking skills, she is second to none.",JLPT N2
～にしたがって (〜ni shitagatte),"Expresses a natural consequence or a change that occurs according to something else; 'as', 'with', 'in accordance with'.",Noun + にしたがって,成長にしたがって、この植物の葉が大きくなります。,"Seichou ni shitagatte, kono shokubutsu no ha ga ookiku narimasu.","As it grows, the leaves of this plant become larger.",JLPT N2
～にしたら (〜ni shitara),"Express a point of view; 'from the perspective of', 'if I were'.","Noun + にしたら, Pronoun + にしたら",彼にしたら、早く帰りたいだろう。,"Kare ni shitara, hayaku kaeritai darou.","From his perspective, he probably wants to go home early.",JLPT N2
～にしろ～にしろ (〜ni shiro 〜ni shiro),"Expresses 'either way', 'in any case', 'be it...', used when presenting two alternatives.","Verb (dictionary form or negative form) + にしろ, い-Adjective + にしろ, な-Adjective + にしろ, Noun + にしろ",行くにしろ行かないにしろ、早く決めてください。,"Iku ni shiro ikanai ni shiro, hayaku kimete kudasai.","Either way, whether you go or not, please decide quickly.",JLPT N2
～につけ～につけ (〜ni tsuke 〜ni tsuke),"Expresses 'whenever', 'each time', 'whether...or'.","Verb-casual + につけ, い-Adjective + につけ, な-Adjective + につけ, Noun + につけ",外国へ行くにつけ、勉強するにつけ、言葉の壁にぶつかる。,"Gaikoku e iku ni tsuke, benkyou suru ni tsuke, kotoba no kabe ni butsukaru.","Whether I go abroad or study, I always encounter language barriers.",JLPT N2
～につれて (〜ni tsurete),"Expresses the idea that as one thing changes, so does another; 'as', 'along with', 'while'.","Verb (dictionary form) + につれて, Noun + につれて",年を取るにつれて、健康に気をつけなければなりません。,"Toshi wo toru ni tsurete, kenkou ni ki wo tsukenakereba narimasen.","As you get older, you have to pay more attention to your health.",JLPT N2
～にともなって (〜ni tomonatte),Expresses 'along with' or 'as a result of'; indicates that one event occurs along with another.,"Noun (event) + にともなって, Verb-casual + にともなって",人口が増えるにともなって、交通渋滞も悪化しています。,"Jinkou ga fueru ni tomonatte, koutsuu juutai mo akka shiteimasu.","As the population increases, traffic congestion is also getting worse.",JLPT N2
～にほかならない (〜ni hoka naranai),Express that something is 'nothing but' or 'none other than'.,"Verb-plain + にほかならない, い-Adjective + にほかならない, な-Adjective + にほかならない, Noun + にほかならない",彼の成功は努力にほかならない。,Kare no seikou wa doryoku ni hoka naranai.,His success is nothing but hard work.,JLPT N2
～にもかかわらず (〜ni mo kakawarazu),"Expresses 'despite', 'in spite of' or 'even though'.","Verb (any tense/form) + にもかかわらず, い-Adjective + にもかかわらず, な-Adjective (or Noun) + であるにもかかわらず",忙しいにもかかわらず、彼は毎日運動しています。,"Isogashii ni mo kakawarazu, kare wa mainichi undou shiteimasu.","Despite being busy, he exercises every day.",JLPT N2
～により (〜ni yori),"Indicates the reason, method, or means by which something happens; 'by', 'through', 'due to'.","Noun + により, Verb + により",この事故は運転手の不注意により起こりました。,Kono jiko wa untenshu no fuchuui ni yori okorimashita.,This accident occurred due to the driver's carelessness.,JLPT N2
～にわたって (〜ni watatte),"Indicates a range or extent; 'over', 'throughout', 'across'.",Noun + にわたって,彼女は一年にわたって日本語を勉強しました。,Kanojo wa ichinen ni watatte nihongo wo benkyou shimashita.,She studied Japanese for over a year.,JLPT N2
～に先立ち (〜ni sakidachi),"Express an action or event that occurs before another; 'before', 'prior to', 'preceding'.",Noun + に先立ち / Verb-dictionary form + に先立って,会議に先立ち、資料を確認しましょう。,"Kaigi ni sakidachi, shiryou wo kakunin shimashou.","Before the meeting, let's check the materials.",JLPT N2
～に反して (〜ni hanshite),"Contrary to, against, in spite of",Noun + に反して,天気予報に反して、今日は雨が降っている。,"Tenki yohou ni hanshite, kyou wa ame ga futte iru.","Contrary to the weather forecast, it is raining today.",JLPT N2
～に基づいて (〜ni motozuite),"Based on, according to, depending on",Noun + に基づいて,研究結果に基づいて、新しい治療法が開発されました。,"Kenkyuu kekka ni motozuite, atarashii chiryouhou ga kaihatsu saremashita.",A new treatment method was developed based on the research results.,JLPT N2
～に対して (〜ni taishite),"Expresses 'toward', 'against', 'in contrast to', or 'in response to'.",Noun + に対して,日本の文化に対して尊敬の念を持っています。,Nihon no bunka ni taishite sonkei no nen wo motte imasu.,I have a sense of respect towards Japanese culture.,JLPT N2
～に応えて (〜ni kotaete),Responding to; living up to; meeting.,Noun + に応えて,お客様の要望に応えて、新しいメニューを作りました。,"Okyaku-sama no youbou ni kotaete, atarashii menyuu o tsukurimashita.","Responding to the customers' requests, we created a new menu.",JLPT N2
～に応じて (〜ni oujite),"In accordance with, depending on, in response to.",Noun + に応じて,仕事の量に応じて給料が変わります。,Shigoto no ryou ni oujite kyuuryou ga kawarimasu.,The salary changes depending on the amount of work.,JLPT N2
～に決まっている (〜ni kimatte iru),"Express certainty; 'it is obvious', 'it must be', 'no doubt'.","Verb-casual + に決まっている, い-Adjective + に決まっている, な-Adjective + だに決まっている, Noun + だに決まっている",こんなに暑い日に運動したら、汗をかくに決まっている。,"Konna ni atsui hi ni undou shitara, ase wo kaku ni kimatte iru.",It's obvious that you'll sweat if you exercise on such a hot day.,JLPT N2
～に沿って (〜ni sotte),Along with; in accordance with; following,Noun + に沿って,川に沿って歩いていくと、橋が見えてきます。,"Kawa ni sotte aruite iku to, hashi ga miete kimasu.","If you walk along the river, you will see a bridge.",JLPT N2
～に過ぎない (〜ni suginai),"Expresses that something is 'just' or 'nothing more than'; 'merely', 'only', 'simply'.","Verb-casual + に過ぎない, い-Adjective + に過ぎない, な-Adjective + に過ぎない, Noun + に過ぎない",彼の失敗はミスに過ぎない。,Kare no shippai wa misu ni suginai.,His failure is nothing more than a mistake.,JLPT N2
～に関わって (〜ni kakawatte),"Indicates that something is related to or influenced by a certain matter or factor; 'concerning', 'in connection with', 'regarding'.","Verb-casual + に関わって, い-Adjective + に関わって, な-Adjective + に関わって, Noun + に関わって",試験の内容に関わって、先生に質問があります。,"Shiken no naiyou ni kakawatte, sensei ni shitsumon ga arimasu.",I have a question for the teacher regarding the content of the exam.,JLPT N2
～に限り (〜ni kagiri),"Expresses limitation; 'only', 'limited to', 'exclusive to'.",Noun + に限り,今日に限り、この商品が半額です。,"Kyou ni kagiri, kono shouhin ga hangaku desu.","Today only, this product is half price.",JLPT N2
～に際して (〜ni saishite),"Used to express the moment or the occasion of an action; 'at the time of', 'upon', 'when'.",Noun + に際して,卒業式に際して、校長先生がスピーチをします。,"Sotsugyoushiki ni saishite, kouchou sensei ga supiichi wo shimasu.","At the graduation ceremony, the principal gives a speech.",JLPT N2
～ねばならない (〜neba naranai),"Expresses obligation or necessity; 'must', 'have to', 'need to'.",Verb-ない form → (remove い) → ね + ばならない,試験に合格するために、もっと勉強せねばならない。,"Shiken ni goukaku suru tame ni, motto benkyou se neba naranai.","To pass the exam, I must study more.",JLPT N2
～のみならず～も (〜nomi narazu 〜mo),Not only... but also; as well as.,"Verb-casual + のみならず + (も), い-Adjective + のみならず + (も), な-Adjective + のみならず + (も), Noun + のみならず + (も)",彼は英語のみならず、フランス語も話せます。,"Kare wa eigo nomi narazu, furansugo mo hanasemasu.",He can speak not only English but also French.,JLPT N2
～のももっともだ (〜no mo mottomo da),Express that something is understandable or reasonable.,"Verb-casual + のももっともだ, い-Adjective + のももっともだ, な-Adjective + なのももっともだ, Noun + なのももっともだ",彼が緊張するのももっともだ。,Kare ga kinchou suru no mo mottomo da.,It's understandable that he is nervous.,JLPT N2
〜の上では (〜no ue de wa),"Indicates 'on the basis of', 'in terms of', or 'from the standpoint of'.",Noun or Phrase + の上では,効率の上では、この方法が最適です。,"Kouritsu no ue de wa, kono houhou ga saiteki desu.","In terms of efficiency, this method is the best.",JLPT N2
～の下で (〜no shita de),Under the context or condition of; under.,"Verb-casual + の下で, い-Adjective + の下で, な-Adjective + の下で, Noun + の下で",先生の下で勉強するのはとても楽しいです。,Sensei no shita de benkyou suru no wa totemo tanoshii desu.,Studying under the teacher is very enjoyable.,JLPT N2
～ばかりか〜も (〜bakari ka 〜 mo),Expresses 'not only... but also'; emphasizing the extent of something.,Noun/Verb/Adjective + ばかりか + Noun/Verb/Adjective + も,彼はかわいいばかりか、賢くもある。,"Kare wa kawaii bakari ka, kashikoku mo aru.",He is not only cute but also smart.,JLPT N2
～ばかりだ (〜bakari da),"Express a continuing state or negative tendency; 'just', 'only', 'always'.","Verb-てform + ばかりだ, い-Adjective + ばかりだ, な-Adjective + ばかりだ, Noun + ばかりだ",彼は文句を言ってばかりだ。,Kare wa monku wo itte bakari da.,He is always complaining.,JLPT N2
～ばかりに (〜bakari ni),"Express an undesired situation or result caused by something; 'simply because', 'due to', 'on account of'.","Verb-casual + ばかりに, い-Adjective + ばかりに, な-Adjective + なばかりに, Noun + なばかりに",雨が降ったばかりに、試合が中止になりました。,"Ame ga futta bakari ni, shiai ga chuushi ni narimashita.","Simply because it rained, the match was cancelled.",JLPT N2
～ば～というものでもない (〜ba 〜to iu mono demo nai),"Not necessarily true that if A, then B.",Verb-ば form + というものでもない,高いものがいいものばかりではない。,Takai mono ga ii mono bakari de wa nai.,Expensive things are not always good.,JLPT N2
～はともかく～は (〜wa tomokaku 〜wa),Used to compare or contrast two elements; 'as for...'.,Noun1 はともかく Noun2 は,デザインはともかく、機能はこの携帯電話が一番です。,"Dezain wa tomokaku, kinou wa kono keitai denwa ga ichiban desu.","As for design, the functionality of this phone is the best.",JLPT N2
～はまだしも (〜wa mada shimo),"Expresses that while the first item is somewhat acceptable, the second item is not.",Noun1 + はまだしも + Noun2,失敗するのはまだしも、やらないで後悔する方がつらい。,"Shippai suru no wa mada shimo, yaranai de koukai suru hou ga tsurai.","Failing is one thing, but regretting not even trying is worse.",JLPT N2
～はもとより (〜wa moto yori),"Expressing that something is obvious, and there is also something else.","Noun1 + はもとより, Noun2 + も",英語はもとより、スペイン語も勉強しています。,"Eigo wa moto yori, supeingo mo benkyou shite imasu.","I'm studying not only English, but also Spanish.",JLPT N2
～は抜きにして (〜wa nuki ni shite),"Leaving aside, excluding.",Noun + は抜きにして,値段は抜きにして、味は美味しい。,"Nedan wa nuki ni shite, aji wa oishii.","Leaving aside the price, the taste is delicious.",JLPT N2
～べきではない (〜beki dewa nai),"Express that an action should not be done; 'should not', 'ought not to'.",Verb-dictionary form + べき + ではない,遅れる理由がないなら、遅れるべきではありません。,"Okureru riyuu ga nai nara, okureru beki dewa arimasen.","If there's no reason to be late, you shouldn’t be late.",JLPT N2
～まい (〜mai),Express a negative conjecture or determination; 'probably not' or 'I will not'.,Verb-dictionary form + まい,彼は今晩来るまい。,Kare wa konban kuru mai.,He probably won't come tonight.,JLPT N2
～まで～て (〜made 〜te),"Express doing something until a certain time or condition; 'until', 'to'.",Time/Noun + まで + Verb(て-form),9時まで働いて、その後休憩しました。,"Ku-ji made hataraite, sono ato kyuukei shimashita.","I worked until 9 o'clock, and then took a break.",JLPT N2
～ままに (〜mama ni),Act according to; leave as is; unchanged.,"Verb-て + まま, い-Adjective + のまま, な-Adjective + なまま, Noun + のまま",子供が寝ているままに、静かに部屋を出ました。,"Kodomo ga nete iru mama ni, shizuka ni heya o demashita.",I quietly left the room while the child was still sleeping.,JLPT N2
～もかまわず (〜mo kamawazu),"Express indifference or disregard; 'without hesitating', 'without worrying about'.","Verb-dictionary form + もかまわず, Noun + もかまわず",彼は周りの人もかまわず、大声で話しました。,"Kare wa mawari no hito mo kamawazu, oogoe de hanashimashita.","Without worrying about the people around him, he spoke loudly.",JLPT N2
～ものか (〜mono ka),Definitely not; no way; no chance.,"Verb-casual + ものか, い-Adjective + ものか, な-Adjective + (な)ものか, Noun + (な)ものか",そんなこと、僕がやりたいものか。,"Sonna koto, boku ga yaritai mono ka.",No way do I want to do such a thing.,JLPT N2
～ものがある (〜mono ga aru),Express a strong impression or feeling; 'there's something about it that...',"Verb-casual + ものがある, い-Adjective + ものがある, な-Adjective + なものがある",彼のスピーチには心を打たれるものがある。,Kare no supiichi ni wa kokoro o utareru mono ga aru.,There's something moving about his speech.,JLPT N2
～ものだ (〜mono da),"Expresses something natural or expected; 'it is normal that...', 'should', 'ought to'.","Verb-dictionary form + ものだ, な-Adjective + なものだ, (Also: Verb-た form + ものだ for recollections)",若い時はたくさん遊ぶものだ。,Wakai toki wa takusan asobu mono da.,It is natural to have a lot of fun when you are young.,JLPT N2
～ものだから (〜mono dakara),"Express the reason or cause for something; 'because', 'since', 'due to'.","Verb-plain + ものだから, い-Adjective + ものだから, な-Adjective + なものだから, Noun + なものだから",試験が近いものだから、毎日勉強しています。,"Shiken ga chikai mono dakara, mainichi benkyou shiteimasu.","Because the exam is near, I'm studying every day.",JLPT N2
～ものではない (〜mono dewa nai),"Expresses a strong negative suggestion or prohibition: 'should not', 'must not'.",Verb-dictionary form + ものではない,そんなことを言うものではありません。,Sonna koto o iu mono dewa arimasen.,You should not say such a thing.,JLPT N2
～ものなら (〜mono nara),"Expresses a conditional wish or unlikely possibility; 'if only', 'if it were possible'.","Verb-(potential/plain) form + ものなら, etc.",帰れるものなら、今すぐ国へ帰りたい。,"Kaereru mono nara, ima sugu kuni e kaeritai.","If I could possibly go back, I'd return to my country right now.",JLPT N2
～ものの、～ (〜mono no、～),"Indicates contrast or contradiction between two clauses; 'although', 'but'.","Verb-casual + ものの, い-Adjective + ものの, な-Adjective + なものの, Noun + であるものの",早起きしたものの、バスに間に合わなかった。,"Hayaoki shita mono no, basu ni maniawanakatta.","Even though I got up early, I didn't catch the bus in time.",JLPT N2
～も～ば～も～ (〜mo〜ba〜mo〜),"Lists multiple attributes or actions applying to the same subject: 'both…and…', 'not only…but also…'.",Noun/Verb/Adjective + も + (Verb/Adjective in ば-form) + も + (Verb/Adjective),彼は勉強もできればスポーツもできる。,Kare wa benkyou mo dekireba supootsu mo dekiru.,He is good at studying and also at sports.,JLPT N2
～も同然だ (〜mo douzen da),"Indicates 'as good as', 'virtually', or 'practically' the same as something.","Noun + (も)同然だ, Verb-casual + (も)同然だ, etc.",彼とは長い付き合いだから、家族も同然だ。,"Kare to wa nagai tsukiai dakara, kazoku mo douzen da.",I've known him for so long that he's practically family.,JLPT N2
～やら～やら (〜yara〜yara),"Expresses various items or actions, 'things like..., and so on'.","Verb-casual + やら, い-Adjective + やら, な-Adjective + やら, Noun + やら",宿題やら掃除やら、やることがたくさんある。,"Shukudai yara souji yara, yaru koto ga takusan aru.","I have lots of things to do, like homework and cleaning.",JLPT N2
～ようがない (〜you ga nai),Expresses that there is no way (method) to do something; it's impossible to do.,Verb-ます stem + ようがない,彼の連絡先がわからないので、助けようがない。,"Kare no renrakusaki ga wakaranai node, tasukeyou ga nai.","I don't know his contact information, so there's no way I can help him.",JLPT N2
～よりほかない (〜yori hoka nai),"Express that there is no other choice; 'have no choice but', 'cannot do anything but'.",Verb-dictionary form + よりほかない,試験が近いので、勉強するよりほかない。,"Shiken ga chikai node, benkyou suru yori hoka nai.","Since the exam is near, there is no choice but to study.",JLPT N2
～わけがない (〜wake ga nai),"Expresses 'there’s no way' or 'it’s impossible', indicating a high degree of certainty.","Verb-casual + わけがない, い-Adjective + わけがない, な-Adjective + なわけがない, Noun + のわけがない",彼が怪我をしたから、試合に勝てるわけがない。,"Kare ga kega wo shita kara, shiai ni kateru wake ga nai.","He got injured, so there's no way he can win the match.",JLPT N2
～わけだ (〜wake da),"Express a logical conclusion or reason; 'it means', 'no wonder', 'the reason is'.","Verb-casual + わけだ, い-Adjective + わけだ, な-Adjective + なわけだ, Noun + のわけだ",彼女が遅れたのは、電車が遅れたわけだ。,"Kanojo ga okureta no wa, densha ga okureta wake da.",The reason she was late is that the train was delayed.,JLPT N2
～わけではない (〜wake dewa nai),Not necessarily; it doesn't mean that ~.,"Verb-plain + わけではない, い-Adjective + わけではない, な-Adjective + だわけではない, Noun + だわけではない",彼が勉強しないわけではないが、成績があまり良くない。,"Kare ga benkyou shinai wake dewa nai ga, seiseki ga amari yoku nai.","It's not that he doesn't study, but his grades aren't very good.",JLPT N2
～わけにはいかない (〜wake ni wa ikanai),"Expresses that one cannot (or must not) do something due to responsibility, social pressure, etc.",Verb-dictionary form + わけにはいかない,試験が近いから、遊ぶわけにはいかない。,"Shiken ga chikai kara, asobu wake ni wa ikanai.","Since the exam is close, I can't afford to just play around.",JLPT N2
～をきっかけに (〜wo kikkake ni),Indicates that something serves as a trigger or starting point for another action/event.,Noun + をきっかけに,結婚をきっかけに、彼は真剣に仕事を頑張り始めた。,"Kekkon o kikkake ni, kare wa shinken ni shigoto o ganbarihajimeta.",Getting married was the catalyst for him to start working seriously.,JLPT N2
～を～として (〜wo〜toshite),"Express 'as', 'in the capacity of', or 'taking something as...'.",Noun1 + を + Noun2 + として,彼は教師を職業として働いています。,Kare wa kyoushi o shokugyou toshite hataraite imasu.,He works as a teacher.,JLPT N2
～を中心に (〜wo chuushin ni),Indicates that something is centered around or focused on a main topic or area.,Noun + を中心に,このイベントは音楽を中心に楽しまれています。,Kono ibento wa ongaku o chuushin ni tanoshimarete imasu.,This event is mainly enjoyed for its music.,JLPT N2
～を問わず (〜wo towazu),Means 'regardless of' or 'irrespective of'.,Noun + を問わず,このイベントは、年齢を問わず、誰でも参加できます。,"Kono ibento wa, nenrei o towazu, dare demo sanka dekimasu.","This event is open to everyone, regardless of age.",JLPT N2
～を込めて (〜wo komete),"To express that something is done with a certain feeling, intention, or emotion.",Feeling/emotion/intention Noun + を + 込めて + Verb,愛を込めて料理を作りました。,Ai wo komete ryouri wo tsukurimashita.,I cooked the meal with love.,JLPT N2
～を通じて (〜wo tsuujite),"Expresses 'through', 'throughout', or 'during'.",Noun + を通じて,インターネットを通じて友達と連絡を取ります。,Intaanetto wo tsuujite tomodachi to renraku wo torimasu.,I keep in touch with my friends through the internet.,JLPT N2
～を頼りに (〜wo tayori ni),To rely on or depend on something or someone.,Noun + を頼りに,彼女は地図を頼りに旅行をしている。,Kanojo wa chizu wo tayori ni ryokou wo shite iru.,She is traveling relying on a map.,JLPT N2
～一方 (〜ippou),"Indicates that while one action or situation is happening, another action or situation is also occurring or is in contrast.","Verb-casual + 一方(で), い-Adjective + 一方(で), な-Adjective + な/である一方(で), Noun + である一方(で)",技術が進化する一方、生活が忙しくなっている。,"Gijutsu ga shinka suru ippou, seikatsu ga isogashiku natte iru.","While technology advances, life is getting busier.",JLPT N2
～一方だ (〜ippou da),Expresses that a situation or condition is continuing to increase or decrease in one direction.,Verb-dictionary form + 一方だ,世界の人口は増える一方だ。,Sekai no jinkou wa fueru ippou da.,The world's population continues to increase.,JLPT N2
～上で (〜ue de),"Used to express that something is done after or on the basis of something else; 'after', 'upon'.","Verb-ますstem + 上で, Noun + の上で",調査を行った上で、結論を出しましょう。,"Chousa wo okonatta ue de, ketsuron wo dashimashou.",Let's draw a conclusion after conducting the investigation.,JLPT N2
～上に (〜ue ni),"Express 'in addition to', 'besides', 'not only... but also'.","Verb-plain + 上に, い-Adjective + 上に, な-Adjective + な上に, Noun + の上に",彼は頭がいい上に、スポーツも得意です。,"Kare wa atama ga ii ue ni, supo-tsu mo tokui desu.","In addition to being smart, he is also good at sports.",JLPT N2
～上は (～ue wa),"Expresses 'now that', 'since', or 'once'.","Verb-casual + 上は, い-Adjective + 上は, な-Adjective + な上は, Noun + の上は",試験に合格した上は、パーティーを開こう。,"Shiken ni goukaku shita ue wa, paatii wo hirakou.","Now that I've passed the exam, let's have a party.",JLPT N2
～以上 (〜ijou),Expresses 'since' or 'as long as' in a conditional context.,"Verb-casual + 以上, い-Adjective + 以上, な-Adjective + な以上, Noun + の以上",彼は忙しい以上、手伝いに行っても無駄だろう。,"Kare wa isogashii ijou, tetsudai ni itte mo muda darou.","Since he's busy, it would be pointless to try helping him.",JLPT N2
～以来 (〜irai),"Indicates something happening 'since', 'ever since', or 'after' a particular time.","Verb-past + 以来, い-Adjective + 以来, Noun + 以来",卒業以来、彼女に会っていない。,"Sotsugyou irai, kanojo ni atte inai.",I haven't seen her since we graduated.,JLPT N2
～切る (〜kiru),To do something completely or thoroughly.,Verb-stem + 切る,彼は試験勉強をがんばり切るつもりだ。,Kare wa shiken benkyou o ganbari kiru tsumori da.,He intends to give his absolute all to exam study.,JLPT N2
～反面 (〜hanmen),"Express contrast between two aspects; 'on the one hand', 'on the other hand'.","Verb-casual + 反面, い-Adjective + 反面, な-Adjective + である反面, Noun + である反面",この車は速い反面、燃費が悪いです。,"Kono kuruma wa hayai hanmen, nenpi ga warui desu.","On the one hand, this car is fast, but on the other hand, it has poor fuel efficiency.",JLPT N2
～向け (〜muke),Indicating target or intended audience.,Noun + 向け,この雑誌は若者向けです。,Kono zasshi wa wakamono-muke desu.,This magazine is aimed at young people.,JLPT N2
～恐れがある (〜osore ga aru),Express a concern or fear that something undesirable might occur.,Verb-dictionary form + 恐れがある,地震が来る恐れがあるため、避難所に行ってください。,"Jishin ga kuru osore ga aru tame, hinanjo ni itte kudasai.",Please go to the evacuation center because there is a risk of an earthquake.,JLPT N2
～折には (〜ori ni wa),Expresses 'when' or 'in case of' specific situations or timings.,"Verb-dictionary form + 折には, Verb-た form + 折には, い-Adjective + 折には, な-Adjective + な折には, Noun + の折には",喉が渇く折には、このペットボトルの水を飲んでください。,"Nodo ga kawaku ori ni wa, kono pettobotoru no mizu o nonde kudasai.","When you get thirsty, please drink water from this bottle.",JLPT N2
～末 (～sue),"Express the outcome after a period of time or series of actions; 'after', 'as a result of'.",Noun + 末,長い議論の末、ようやく意見がまとまった。,"Nagai giron no sue, youyaku iken ga matomatta.","After a long discussion, we finally reached a consensus.",JLPT N2
～次第 (〜shidai),Expresses 'as soon as' (when used with Verb-ますstem) or 'depending on' (when used with a noun).,"Verb-ますstem + 次第, Noun + 次第",仕事が終わり次第、帰ります。,"Shigoto ga owari shidai, kaerimasu.",I will go home as soon as I finish work.,JLPT N2
～次第で (〜shidai de),Indicates 'depending on; based on' a certain factor or situation.,Noun + 次第で,仕事の終わり次第で、家に帰る時間が変わります。,"Shigoto no owari shidai de, ie ni kaeru jikan ga kawarimasu.","Depending on when I finish work, the time I go home may change.",JLPT N2
～次第です (〜shidai desu),"A polite/formal way to say 'it depends on...' or 'as soon as...', often used in concluding statements.",Verb-ますstem + 次第です (or Noun + 次第です),天気次第ですが、明日はピクニックに行こうと思います。,"Tenki shidai desu ga, ashita wa pikunikku ni ikou to omoimasu.","It depends on the weather, but I’m thinking of going for a picnic tomorrow.",JLPT N2
～気味 (〜gimi),Indicates a slight feeling or tendency toward a particular state.,"Noun + 気味 (e.g., 風邪気味, 寝不足気味, 緊張気味)",最近寝不足気味で、ちょっと疲れています。,"Saikin nebusoku gimi de, chotto tsukarete imasu.","Lately, I'm feeling somewhat sleep-deprived and a bit tired.",JLPT N2
～限り (〜kagiri),"Expresses 'as long as', 'while', or 'to the extent that' a certain condition holds true.","Verb-casual + 限り, い-Adjective + 限り, な-Adjective + な限り, Noun + の限り",元気な限り、運動し続けます。,"Genki na kagiri, undou shi tsuzukemasu.","As long as I'm healthy, I'll keep exercising.",JLPT N2
～際に (〜sai ni),"Means 'when', 'while', or 'on the occasion of' a certain event or situation.","Verb-casual + 際に, い-Adjective + 際に, な-Adjective + な際に, Noun + の際に",出発の際に、パスポートを忘れないでください。,"Shuppatsu no sai ni, pasupooto wo wasurenai de kudasai.","When departing, please don't forget your passport.",JLPT N2
A うが B うが (A uga B uga),"Expresses the idea of 'no matter how... or', 'even if... or'.","Verb-volitional form + うが + Verb-volitional form + うが, or Adjective (-かろう) + が + Adjective (-かろう) + が",朝早かろうが夜遅かろうが、いつもバスが遅れる。,"Asa hayakarou ga yoru osokarou ga, itsumo basu ga okureru.","No matter whether it's early morning or late at night, the bus is always late.",JLPT N1
A うと B うと (A uto B uto),Shows that the speaker is indifferent to both conditions; 'whether A or B'.,"い-adjective (-かろう) + と, な-adjective / Noun + であろうと",雨が降ろうと晴れようと、私は毎日ジョギングをします。,"Ame ga furou to hareyou to, watashi wa mainichi jogingu o shimasu.","Whether it's raining or sunny, I jog every day.",JLPT N1
A かたわら B (A katawara B),"Expresses 'while also', 'at the same time as'.","Verb-dictionary form + かたわら, Noun + のかたわら",彼は仕事をするかたわら、大学に通っている。,"Kare wa shigoto o suru katawara, daigaku ni kayotte iru.","While working, he also attends university.",JLPT N1
A かれ B かれ (A kare B kare),Expresses 'whether A or B'; both situations are included.,Commonly i-adjective stems + かれ + i-adjective stems + かれ (e.g. 早かれ遅かれ). Also sometimes Noun + かれ + Noun + かれ in older usage.,冬かれ夏かれ、毎日ジョギングする。,"Fuyu kare natsu kare, mainichi jogingu suru.","Whether it's winter or summer, I jog every day.",JLPT N1
A だの B だの (A dano B dano),"Used to list examples (often with a critical or complaining tone); 'things like A, B, etc.'.",Noun/Verb casual + だの + Noun/Verb casual + だの,彼はいつも遅刻だの、仕事を忘れるだので困る。,"Kare wa itsumo chikoku dano, shigoto o wasureru dano de komaru.","I'm troubled because he's always late, forgets work, and so on.",JLPT N1
A であれ B であれ (A deare B deare),Indicates the same statement applies to both A and B; 'whether A or B'.,Noun A + であれ + Noun B + であれ,雨であれ雪であれ、試合は中止にならない。,"Ame deare yuki deare, shiai wa chuushi ni naranai.","Whether it's rain or snow, the match will not be canceled.",JLPT N1
A というか B というか (A to iu ka B to iu ka),"Means 'rather than say A, it's more like B', or 'whether to call it A or B'.",Phrase A + というか + Phrase B + というか,彼は無礼というか、直接的というか、とにかくはっきりしている。,"Kare wa burei to iu ka, chokusetsuteki to iu ka, tonikaku hakkiri shite iru.","He's rather rude, or maybe just direct; in any case, he is very blunt.",JLPT N1
A とも B とも (A tomo B tomo),"Expresses two possibilities; 'either A or B', 'whether A or B'.","Noun + とも + Noun + とも (or sometimes Verb forms for each A, B)",決断とも誤りとも、結果は時間が教えてくれるでしょう。,"Ketsudan tomo ayamari tomo, kekka wa jikan ga oshiete kureru deshou.","Whether it's a wise decision or a mistake, time will show the result.",JLPT N1
A にしろ B にしろ (A nishiro B nishiro),Means 'whether it is A or B'; 'regardless of A or B'.,"Noun A + にしろ + Noun B + にしろ, or Verb-casual A + にしろ + Verb-casual B + にしろ",暑いにしろ寒いにしろ、毎日運動するべきです。,"Atsui ni shiro samui ni shiro, mainichi undou suru beki desu.","Whether it's hot or cold, you should exercise every day.",JLPT N1
A にせよ B にせよ (A ni seyo B ni seyo),Either A or B; Regardless of whether it's A or B.,Noun + にせよ + Noun + にせよ (also works with verbs in dictionary form + にせよ),雨にせよ雪にせよ、試合は中止しない。,"Ame ni seyo yuki ni seyo, shiai wa chuushi shinai.","Whether it's rain or snow, the match won't be cancelled.",JLPT N1
A につけ B につけ (A ni tsuke B ni tsuke),"Expresses 'whether... or...', 'both... and...', 'in either case'.",Phrase A (dictionary/adjective form) + につけ、Phrase B (dictionary/adjective form) + につけ,彼には笑うにつけ泣くにつけ、とても魅力的だ。,"Kare ni wa warau ni tsuke naku ni tsuke, totemo miryokuteki da.",He is very charming whether he’s laughing or crying.,JLPT N1
A のやら B のやら (A no yara B no yara),Used when the speaker is unsure or confused between multiple possibilities.,Noun1 + のやら + Noun2 + のやら (also works with adjectives and verbs + のやら),彼が怒っているのやら、悲しいのやら、私には分からない。,"Kare ga okotte iru no yara, kanashii no yara, watashi ni wa wakaranai.",I don't know whether he's angry or sad.,JLPT N1
"Noun1 が Noun1 なら、 Noun2 も Noun2 だ (A ga A nara, B mo B da)","Indicates a parallel or matching situation; 'if Noun1 is (truly) Noun1, then Noun2 is also Noun2'.",Noun1 + が + (repeat Noun1) + なら、Noun2 + も + (repeat Noun2) + だ,鬼が鬼なら、人間も人間だ。,"Oni ga oni nara, ningen mo ningen da.","If demons are indeed demons, humans are likewise humans.",JLPT N1
"Noun1 も Noun1 なら、Noun2 も Noun2 だ (A mo A nara, B mo B da)","Highlights two parallel facts or characteristics; 'if it’s said that ~, then it can also be said that ~'.",Noun1 + も + (repeat Noun1) + なら、Noun2 + も + (repeat Noun2) + だ,君も君なら、私も私だ。,"Kimi mo kimi nara, watashi mo watashi da.","If you are you, then I am also me.",JLPT N1
Noun + あっての + Noun (A atte no B),Expresses 'B cannot exist without A'; 'B only exists because of A'.,Noun1 + あっての + Noun2,家族あっての私です。,Kazoku atte no watashi desu.,I am who I am thanks to my family.,JLPT N1
Noun かたがた (Noun kata gata),"Do one thing while also doing another; 'while', 'and at the same time'.",Noun + かたがた,東京へ出張のかたがた、友人に会いに行った。,"Toukyou e shucchou no kata gata, yuujin ni ai ni itta.","While on a business trip to Tokyo, I also went to see a friend.",JLPT N1
Noun がてら (Noun gatera),"Means 'while...at the same time', 'on the occasion of', or 'along with'.",Noun + がてら,散歩がてらに、近くの公園で花を摘みました。,"Sanpo gatera ni, chikaku no kouen de hana o tsumimashita.","While taking a walk, I picked some flowers in the nearby park.",JLPT N1
Noun からある (〜kara aru),Used with large numbers or measurements to emphasize 'at least that many' or 'no less than.',Number + Counter + からある,彼のコレクションは500個からある。,Kare no korekushon wa gohyaku ko kara aru.,He has at least 500 items in his collection.,JLPT N1
Noun からする (Noun kara suru),"Used to indicate that something is judged, estimated, or considered from a certain point or aspect.",Noun + からする,彼の態度からすると、彼はその計画に反対しているようだ。,"Kare no taido kara suru to, kare wa sono keikaku ni hantai shiteiru you da.","Judging from his attitude, he seems to be against the plan.",JLPT N1
Noun からの (~kara no),Defines the starting point or the origin; 'from'.,Noun + からの,日本からの手紙を受け取りました。,Nihon kara no tegami wo uketorimashita.,I received a letter from Japan.,JLPT N1
Noun から言わせれば (~kara iwasereba),Express the perspective of the noun; 'from ~'s point of view.',Noun + から言わせれば,先生から言わせれば、毎日勉強するべきだ。,"Sensei kara iwasereba, mainichi benkyou suru beki da.","From the teacher's point of view, you should study every day.",JLPT N1
Noun + ぐるみ (〜gurumi),"Describes 'entirely', 'all together', or 'as a whole group'.",Noun + ぐるみ,家族ぐるみで旅行に行きました。,Kazoku gurumi de ryokou ni ikimashita.,We went on a trip with the whole family.,JLPT N1
Noun こそあれ (~koso are),"Expresses 'though there is ... (some negative or burdensome aspect), still ...'.",Noun + こそあれ + (result/continuation),問題こそあれ、プロジェクトは順調に進んでいます。,"Mondai koso are, purojekuto wa junchou ni susunde imasu.","Though there are problems, the project is progressing smoothly.",JLPT N1
Noun こそ～が (~koso~ga),"Emphasizes that 'it is precisely Noun that ...', then adds a contrasting or additional point.",Noun + こそ + (statement) + が + (contrasting/additional statement),お金こそ必要だが、それだけが人生のすべてではない。,"Okane koso hitsuyou da ga, sore dake ga jinsei no subete de wa nai.","Money is indeed necessary, but it isn't everything in life.",JLPT N1
Noun こそすれ (~koso sure),"An emphatic pattern meaning 'it may be X, but definitely not Y.' Often pairs with a negative statement.",Noun + こそすれ + (negative or contrasting statement),感謝こそすれ、非難などできません。,"Kansha koso sure, hinan nado dekimasen.","I might feel grateful, but I could never criticize.",JLPT N1
Noun ごとき / Noun ごとく (〜gotoki/〜gotoku),"Means 'like a...', 'as if...', expressing a simile or metaphor.","Noun + ごとき, Noun + ごとく, Verb-casual + ごとく, い-Adjective + ごとく",彼は天使のごとく純粋だ。,Kare wa tenshi no gotoku junsui da.,He is as pure as an angel.,JLPT N1
Noun じゃあるまいし (~ja aru mai shi),Expressing that something 'is not'; 'it's not like...'. Colloquial/masculine form of ではあるまいし.,Noun or Na-Adjective + じゃあるまいし,彼は子供じゃあるまいし、その問題をしっかりと解決するべきだ。,"Kare wa kodomo ja aru mai shi, sono mondai o shikkari to kaiketsu suru beki da.","He’s not a child, so he should solve that problem properly.",JLPT N1
Noun ずくめ (~zukume),Denotes 'entirely' or 'nothing but' the preceding noun.,Noun + ずくめ,彼は最近、失敗ずくめだ。,"Kare wa saikin, shippai zukume da.",He has had nothing but failures recently.,JLPT N1
Noun だけではすまない (Noun dake dewa sumanai),"Expresses 'it can't be settled with just...', 'cannot be resolved merely by...'.",Noun + だけではすまない,この問題は謝罪だけではすまない。,Kono mondai wa shazai dake dewa sumanai.,This problem cannot be settled with just an apology.,JLPT N1
Noun たりとも～ない (~tari tomo ~nai),"Used to show a strong negative: 'not even ~', 'not a single ~'.",Noun + たりとも + Negative Verb,一分たりとも無駄にするな。,Ippun tari tomo muda ni suru na.,Don’t waste even a single minute.,JLPT N1
Noun たる Noun (~taru~),"Indicates 'being in the position/state of', used for roles or statuses.",Noun1 + たる + Noun2,リーダーたる者は、常に先を見て行動すべきだ。,"Riidaa taru mono wa, tsune ni saki o mite koudou subeki da.",A person who is a leader should always look ahead and act accordingly.,JLPT N1
Noun ですら (~desura),"Means 'even', 'as much as', used for emphasis in formal contexts.",Noun + ですら,明日試験があるのに、彼はテキストですら読まない。,"Ashita shiken ga aru noni, kare wa tekisuto desura yomanai.","He doesn’t even read the textbook, despite having a test tomorrow.",JLPT N1
Noun でなくてなんだろう (〜de nakute nandarou),"A strong rhetorical question: 'If not X, then what is it?'",Noun + でなくてなんだろう,これが真実でなくてなんだろう。,Kore ga shinjitsu de nakute nandarou.,"If this isn’t the truth, then what is?",JLPT N1
Noun ではあるまいし (~dewa aru maishi),"Means 'it’s not as if...', 'it’s not that...', more formal than じゃあるまいし.",Noun + ではあるまいし,彼女はプロの歌手ではあるまいし、完璧を求めるのは酷だ。,"Kanojo wa puro no kashu de wa aru mai shi, kanpeki o motomeru no wa koku da.","She’s not a professional singer, so it’s rather harsh to demand perfection.",JLPT N1
Noun と Noun を兼ねて (Noun to Noun o kanete),Used to indicate doing two things at once or fulfilling two roles/purposes.,Noun + と + Noun + を兼ねて,お父さんは社長と経理部長を兼ねています。,Otousan wa shachou to keiri buchou o kanete imasu.,My father serves as both the company president and the head of accounting.,JLPT N1
Noun といい Noun といい (〜to ii〜to ii),Used to express 'both A and B'; 'whether it's A or B'; 'not to mention A and also B'.,Noun1 + といい + Noun2 + といい + Comment,日本の食べ物といい観光地といい、すべてが素晴らしいです。,"Nihon no tabemono to ii kankouchi to ii, subete ga subarashii desu.",Both Japanese food and tourist spots are all wonderful.,JLPT N1
Noun という Noun (~to iu~),"Used to specify or define one noun with another; 'the noun called', 'the noun that is', or 'a certain'.",Noun1 という Noun2,宮崎駿という人は有名なアニメーション監督です。,Miyazaki Hayao to iu hito wa yuumei na animation kantoku desu.,The person called Hayao Miyazaki is a famous animation director.,JLPT N1
Noun というところだ (Noun to iu tokoro da),Means 'it's approximately...' or 'it's about...'. Used to show approximation or a general assessment.,Noun + というところだ,今回の試験の合格者は半数というところだろう。,Konkai no shiken no goukakusha wa hansuu to iu tokoro darou.,The passers in this exam would be approximately half.,JLPT N1
Noun + というもの (~ to iu mono),"Used to express a generic concept: 'all ~', 'any ~ of that kind'.",Noun + というもの,子供というものは、毎日たくさん遊びます。,"Kodomo to iu mono wa, mainichi takusan asobimasu.","Children, as a group, play a lot every day.",JLPT N1
Noun といったところだ (Noun to itta tokoro da),"Expresses 'at most', 'as much as', or 'limited to'.",Noun + といったところだ,彼の英語レベルは初級といったところだ。,Kare no eigo reberu wa shokyuu to itta tokoro da.,His English level is at most beginner level.,JLPT N1
Noun といわず Noun といわず (A to iwazu B to iwazu),Expresses 'both A and B' or 'be it A or B'; applies to both without distinction.,Noun1 + といわず + Noun2 + といわず + (rest of the sentence),冬といわず夏といわず、彼はいつもアイスクリームを食べます。,"Fuyu to iwazu natsu to iwazu, kare wa itsumo aisukuriimu o tabemasu.","Be it winter or summer, he always eats ice cream.",JLPT N1
Noun + ときたら (〜tokitara),"Expresses strong feelings about a topic; 'speaking of', 'when it comes to'.",Noun + ときたら,寿司ときたら、彼は何も食べられない。,"Sushi tokitara, kare wa nanimo taberarenai.","When it comes to sushi, he can't eat anything.",JLPT N1
Noun とは比べものにならない (~to wa kurabemono ni naranai),Indicates something is not comparable; 'beyond comparison'.,Noun + とは比べものにならない,新しい車の速さは古い車とは比べものにならない。,Atarashii kuruma no hayasa wa furui kuruma to wa kurabemono ni naranai.,The speed of the new car is not comparable to the old one.,JLPT N1
Noun + ともあろう + Noun (~tomoarou~),Used to criticize or question unbecoming behavior by someone of a certain status.,Noun + ともあろう + Noun,先生ともあろう者が、そんな間違いをするなんて。,"Sensei tomoarou mono ga, sonna machigai o suru nante.","For a teacher, it's shocking to make such a mistake.",JLPT N1
Noun ともなると (〜to mo naru to),"'When it comes to...', emphasizes a change of situation or status.",Noun + ともなると,クリスマスともなると、街中がきらきらと輝いて見えます。,"Kurisumasu to mo naru to, machijuu ga kirakira to kagayaite miemasu.","When it comes to Christmas time, the whole city sparkles.",JLPT N1
Noun ともなれば (〜to mo nareba),"Expresses 'if it comes to', 'when', or 'once'.",Noun + ともなれば,試験ともなれば、大抵の人が緊張するものです。,"Shiken to mo nareba, taitei no hito ga kinchou suru mono desu.","When it comes to exams, most people get nervous.",JLPT N1
Noun と相まって (~ to aimatte),"Used to express 'in combination with', 'together with', 'along with'.",Noun + と相まって,天気の良さと相まって、ピクニックは大成功でした。,"Tenki no yosa to aimatte, pikunikku wa daiseikou deshita.","In combination with the good weather, the picnic was a great success.",JLPT N1
Noun なくして～はない (Noun nakushite ~ wa nai),"Expresses 'without ~, there can't be ~'; 'can't do ~ without first doing ~'.",Noun + なくして + Sentence ～はない,努力なくして成功はない。,Doryoku nakushite seikou wa nai.,There is no success without effort.,JLPT N1
Noun なしでは～ない (Noun nashi de wa ~nai),"Expresses the necessity of something; 'cannot do without', 'not possible without'.",Noun + なしでは～ない,水なしでは生きられない。,Mizu nashi de wa ikirarenai.,We cannot live without water.,JLPT N1
Noun なしには～ない (Noun nashi ni wa ~nai),"Means 'without', 'cannot do without', 'not possible without'.",Noun + なしには + Verb-negative,お金なしには生活ができない。,Okane nashi ni wa seikatsu ga dekinai.,I cannot get by without money.,JLPT N1
Noun ならいざ知らず (~nara izashirazu),"Expresses 'maybe X is possible, but Y is definitely not'. Often 'let alone...'.",Noun1 + ならいざ知らず + Noun2 (comment),数学ならいざ知らず、物理なんて全然わからない。,"Suugaku nara iza shirazu, butsuri nante zenzen wakaranai.","Math might be manageable, but as for physics, I'm completely clueless.",JLPT N1
Noun + ならでは (~nara de wa),"Expresses something unique or characteristic only of that noun; 'only found in', 'only possible with'.",Noun + ならでは,これは日本ならではの風景ですね。,Kore wa Nihon nara dewa no fuukei desu ne.,This is a landscape you can only find in Japan.,JLPT N1
Noun なり Noun なり (A nari B nari),"Lists alternatives of the same kind; 'either A or B', 'A or B, for example'.",Noun + なり + Noun + なり,映画なり、音楽なり、何か趣味はありますか。,"Eiga nari, ongaku nari, nanika shumi wa arimasu ka?","Do you have any hobbies, such as movies or music?",JLPT N1
Noun なりとも (~nari tomo),"Indicates even a small amount or degree; 'at least', 'even a little'.",Noun + なりとも,時間が限られているので、一時間なりとも練習すべきだ。,"Jikan ga kagirarete iru node, ichi-jikan nari tomo renshuu subeki da.","Since time is limited, you should practice for at least an hour.",JLPT N1
Noun に Noun を重ねて (A ni B wo kasanete),"This expression is used to describe repeated actions or states, 'one after another' or 'pile up'.",Noun に Noun を重ねて,彼女は失敗に失敗を重ねて、とうとう会社を辞めた。,"Kanojo wa shippai ni shippai wo kasanete, toutou kaisha wo yameta.",She piled up failures upon failures and finally quit the company.,JLPT N1
Noun にあっては (Noun ni atte ha),Indicates a specific situation or environment in which something happens or is the case.,Noun + にあっては,戦争時にあっては、すべての人々が困難に直面していました。,"Sensouji ni atte wa, subete no hito ga konnan ni chokumen shiteimashita.","In wartime, all people were facing difficulties.",JLPT N1
Noun にあるまじき Noun (Noun ni aru majiki Noun),"Expresses the idea of 'unfitting', 'unbecoming' or 'inappropriate'.",Noun1 にあるまじき Noun2,彼は教師にあるまじき言動をとった。,Kare wa kyoushi ni aru majiki gendou wo totta.,He took actions that are unbecoming of a teacher.,JLPT N1
Noun にして (Noun ni shite),"Expresses the idea 'even for', 'even though', or 'in spite of'.",Noun + にして,彼は医者にしてその基本的な知識がないのが信じられない。,Kare wa isha ni shite sono kihonteki na chishiki ga nai no ga shinjirarenai.,"I can't believe that even as a doctor, he doesn't have that basic knowledge.",JLPT N1
Noun にして初めて (Noun nishite hajimete),Expresses 'only when/after... for the first time'.,Noun + にして初めて,大人にして初めて、親の苦労が分かった。,"Otona ni shite hajimete, oya no kurou ga wakatta.",Only when I became an adult did I understand my parents' struggles for the first time.,JLPT N1
Noun にすら (〜ni sura),"Expresses the concept of 'even'; 'even in', 'even as', 'even to'.",Noun + にすら,彼にすらその問題は解けなかった。,Kare ni sura sono mondai wa tokenakatta.,Even he could not solve that problem.,JLPT N1
Noun にとどまらず～も (~ ni todomarazu ~ mo),"This expresses the idea of 'not only...but also', 'not stopping at...'.",Noun + にとどまらず + Noun + も,このアプリは、日本語にとどまらず、他の言語もサポートしています。,"Kono apuri wa, nihongo ni todomarazu, hoka no gengo mo sapooto shite imasu.","This app not only supports Japanese, but also other languages.",JLPT N1
Noun にひきかえ Noun は (~ni hikikae ~ wa),"Represents 'in contrast to', 'as opposed to'.",Noun 1 + にひきかえ + Noun 2 + は,彼の親切さにひきかえ、彼女は無感情だ。,"Kare no shinsetsusa ni hikikae, kanojo wa mukanjou da.","In contrast to his kindness, she is emotionless.",JLPT N1
Noun にもまして (〜ni mo mashite),This expresses 'Even more than; exceeding'.,Noun + にもまして,私は彼にもまして、音楽を愛しています。,"Watashi wa kare ni mo mashite, ongaku o aishiteimasu.",I love music even more than he does.,JLPT N1
Noun によらず (～ni yorazu),"Regardless of, irrespective of.",Noun + によらず,結果は勉強時間によらず変わらないでしょう。,Kekka wa benkyou jikan ni yorazu kawaranai deshou.,The result will not change regardless of the study time.,JLPT N1
Noun に先駆けて (〜ni saki gakete),"Meaning 'ahead of', 'before', or 'preceding in time'.",Noun + に先駆けて,この映画は日本に先駆けて、アメリカで公開されました。,"Kono eiga wa Nippon ni sakigakete, Amerika de koukai saremashita.",This film was released in America ahead of Japan.,JLPT N1
Noun に即した Noun (A ni sokushita B),"Expresses the idea of 'in accordance with', 'based on'.",Noun1 + に即した + Noun2,社会のニーズに即した教育改革が必要だ。,Shakai no niizu ni sokushita kyouiku kaikaku ga hitsuyou da.,We need an educational reform that is in accordance with the needs of society.,JLPT N1
Noun に即して Verb (〜ni soku shite ~),"The grammar point Noun に即して Verb is used to mean 'to act in accordance with', 'in line with' or 'based on'.",Noun + に即して + Verb,会社のポリシーに即して行動しましょう。,Kaisha no porishii ni soku shite koudou shimashou.,Let's act in accordance with the company's policy.,JLPT N1
Noun に言わせれば (Noun ni iwasereba),"Expresses 'according to', 'if you ask', 'in the opinion of'.",Noun + に言わせれば,先生に言わせれば、毎日勉強することが重要だと言う。,"Sensei ni iwasereba, mainichi benkyou suru koto ga juuyou da to iu.","According to the teacher, it's important to study every day.",JLPT N1
Noun に限ったことではない (〜ni kagitta koto dewa nai),"Indicates that something is not only limited to; 'not only', 'not just'.",Noun + に限ったことではない,この問題は日本に限ったことではない。,Kono mondai wa Nihon ni kagitta koto dewa nai.,This issue is not only limited to Japan.,JLPT N1
Noun に限ったことでもない (~ni kagitta koto demo nai),"'Not limited to'; 'not just', 'not exclusively'.",Noun + に限ったことでもない,この試験が難しいのは、数学に限ったことでもない。,"Kono shiken ga muzukashii no wa, suugaku ni kagitta koto demo nai.",The exam being difficult is not limited to just math.,JLPT N1
Noun に限る (~ni kagiru),"Expresses the idea that 'nothing but', 'nothing is better than'.",Noun + に限る,こういう時には家族に話すに限る。,Kou iu toki ni wa kazoku ni hanasu ni kagiru.,"At times like this, there's nothing better than talking to your family.",JLPT N1
Noun ぬいた Noun (A nuita B),Expresses the idea of 'taking something out from something else'.,Noun1 + をぬいた + Noun2,このサラダはにんじんをぬいたサラダです。,Kono sarada wa ninjin o nuita sarada desu.,This is a salad with the carrots removed.,JLPT N1
Noun + ぬいて（~nuite),This is a way to express 'minus' or 'except for' some specific noun.,Noun + ぬいて,私たちは、彼ぬいて全員が集まることができました。,"Watashitachi wa, kare nuite zen'in ga atsumaru koto ga dekimashita.",We were able to gather everyone except for him.,JLPT N1
～ぬく (~nuku),Expresses the concept of doing something completely or thoroughly.,Verb-stem + ぬく,彼は一日中本を読みぬく。,Kare wa ichinichijuu hon o yominuku.,He will read the book all day long.,JLPT N1
Noun+のいかんだ (Noun no ikan da),Depends on; up to,Noun + のいかんだ/Noun + のいかんでは,彼が来るのいかんで決めよう。,Kare ga kuru no ikan de kimeyou.,Let's decide depending on whether he comes or not.,JLPT N1
Noun のいかんでは (Noun no ikan de wa),It depends on the Noun,Noun + のいかんでは,試験の結果のいかんでは、大学の入学許可を得られるかどうかが決まります。,"Shiken no kekka no ikan dewa, daigaku no nyuugaku kyoka o erareru ka douka ga kimarimasu.",Whether you can get permission to enter university depends on the result of the exam.,JLPT N1
Noun のいかんにかかわらず (Noun no ikan ni kakawarazu),"Regardless of, irrespective of.",Noun + のいかんにかかわらず,結果のいかんにかかわらず、彼は決定を後悔しなかった。,"Kekka no ikan ni kakawarazu, kare wa kettei wo koukai shinakatta.","Regardless of the outcome, he didn't regret his decision.",JLPT N1
Noun のいかんによっては (Noun no ikan ni yotte wa),Depending on the matter; depending on noun,Noun + のいかんによっては,天気のいかんによっては、ピクニックを延期しましょう。,"Tenki no ikan ni yotte wa, pikunikku o enki shimashou.","Depending on the weather, we should postpone the picnic.",JLPT N1
Noun のいかんによらず (~ no ikan ni yorazu),"Means 'regardless of', 'irrespective of', or 'no matter'",Noun + のいかんによらず,試験の結果のいかんによらず、自分を信じ続けてください。,"Shiken no kekka no ikan ni yorazu, jibun o shinji tsudzukete kudasai.","Regardless of the test results, keep believing in yourself.",JLPT N1
Noun のごとき Noun (A no gotoki B),Expresses 'like' or 'as if'; something/someone resembles something else strongly.,Noun1 + のごとき + Noun2,彼は神のごとき存在だ。,Kare wa kami no gotoki sonzai da.,He is an existence like a god.,JLPT N1
Noun のことだから (〜no koto dakara),"Because it is about ~, considering it's ~",Noun + のことだから,彼のことだから、きっと大丈夫だと思う。,"Kare no koto dakara, kitto daijoubu da to omou.","Because it's him, I think it will certainly be fine.",JLPT N1
Noun の 嫌いがある (Noun no kirai ga aru),Have a dislike for a particular Noun,Noun + の嫌いがある,彼は魚の嫌いがあるので、寿司を食べません。,"Kare wa sakana no kirai ga aru node, sushi o tabemasen.","He has a dislike for fish, so he doesn't eat sushi.",JLPT N1
Noun の手前 (~no temae),Expresses the idea of 'Before doing something; on the verge of'.,Noun + の手前,試験の手前、遊びに行くのはやめた方がいい。,"Shiken no temae, asobi ni iku no wa yameta hou ga ii.","Just before the exam, it's better to stop going out to play.",JLPT N1
Noun の極み (〜no kiwami),Used to express the extreme or utmost point of something.,Noun + の極み,彼の料理の極みは、誰もマネできない。,"Kare no ryouri no kiwami wa, daremo mane dekinai.",The pinnacle of his cooking is something nobody can imitate.,JLPT N1
Noun の 至り (~no itari),"Expresses 'the height of', 'the extreme of' something.",Noun + の至り,彼の冗談には驚きの至りだ。,Kare no joudan ni wa odoroki no itari da.,His jokes are the height of surprise.,JLPT N1
Noun はいざ知らず (~ wa iza shirazu),"‘I can understand it for ~, but for …? (surprising)’","Noun + はいざ知らず, Noun + とは/なんて/しかし etc.",彼が遅れるのはいざ知らず、彼女まで遅刻するとは意外だ。,"Kare ga okureru no wa iza shirazu, kanojo made chikoku suru to wa igai da.","Well, I can understand him being late, but even her...? That's surprising.",JLPT N1
Noun はおろか～すら (Noun wa oroka ～sura),"Expresses 'not to mention ~, even ~'.","Noun1 はおろか, Noun2 すら/さえ ～",彼は走るはおろか、速く歩くことすらできない。,"Kare wa hashiru wa oroka, hayaku aruku koto sura dekinai.","He can't even walk fast, let alone run.",JLPT N1
Noun はおろか～まで (~wa oroka ~made),"Means 'not just A, but even B'; 'let alone A, even B'.",Noun1 + はおろか + Noun2 + まで,彼は英語はおろか、日本語までペラペラなんです。,"Kare wa eigo wa oroka, nihongo made perapera nan desu.","He is not just fluent in English, but even in Japanese.",JLPT N1
Noun はおろか～も (Noun wa oroka ～ mo),"'Not only...but also', 'not to mention', 'to say nothing of'",Noun + はおろか + Noun + も,絵を描くことはおろか、字さえ書けない。,"E wo kaku koto wa oroka, ji sae kakenai.","Needless to say drawing pictures, he can’t even write letters.",JLPT N1
Noun はさておき (~ wa sateoki),"Means 'putting aside', 'aside from', 'notwithstanding'.",Noun + はさておき,試験の結果はさておき、この学期はとても学ぶことが多かった。,"Shiken no kekka wa sateoki, kono gakki wa totemo manabu koto ga ookatta.","Aside from the exam results, I learned a lot this semester.",JLPT N1
Noun + はどうであれ (~ wa dou de are),This phrase means 'regardless of' or 'no matter how…'.,Noun + はどうであれ,天候はどうであれ、試合は行われます。,"Tenkou wa dou de are, shiai wa okonawaremasu.","No matter what the weather is, the match will be held.",JLPT N1
Noun まみれ (~mamire),Expresses a state in which something is entirely covered or filled with something else.,Noun + まみれ,彼は泥まみれになって帰ってきた。,Kare wa doro mamire ni natte kaette kita.,He returned home covered in mud.,JLPT N1
Noun もさることながら Noun も (A mo saru koto nagara B mo),Means 'not only... but also'; the second noun is especially emphasized.,Noun1 + もさることながら + Noun2 + も,彼の歌唱力もさることながら、ダンスも素晴らしい。,"Kare no kashou-ryoku mo saru koto nagara, dansu mo subarashii.",Not only his singing ability but also his dancing is wonderful.,JLPT N1
Noun も兼ねて (~mo kanete),"Used to express 'as well as', 'also', or 'at the same time'.",Noun + も兼ねて,散歩も兼ねて、公園に行きました。,"Sanpo mo kanete, kouen ni ikimashita.","I went to the park, also for a walk.",JLPT N1
Noun も相まって (~mo aimatte),"Used to express that combined with something else, it caused a certain outcome.",Noun + も相まって,気候も相まって、この地域は農業に適しています。,"Kikou mo aimatte, kono chiiki wa nougyou ni tekishiteimasu.","Combined with the climate, this area is suitable for agriculture.",JLPT N1
Noun を おいて他に Verb ない (〜wo oite hoka ni〜nai),"Means 'apart from ~ there's nothing else,' implying the Noun is the best or most suitable choice.",Noun + をおいて他に + Verb negative form,この仕事を彼に任せる人をおいて他にいない。,Kono shigoto wo kare ni makaseru hito wo oite hoka ni inai.,"Apart from him, there's no one else to entrust this job to.",JLPT N1
Noun をもって (~wo motte),"Used to indicate means, methods, or time; 'with', 'by means of', 'at'.",Noun + をもって,彼は誠実さをもって人々に信頼されています。,Kare wa seijitsusa wo motte hitobito ni shinrai sarete imasu.,He is trusted by people with his honesty.,JLPT N1
Noun をものともせずに (Noun wo mono tomo sezu ni),"Expresses the idea that 'despite something, action was carried out', translating to 'without being fazed by something'.",Noun + をものともせずに,彼女は怖さをものともせずに、暗闇の中へ進んで行った。,"Kanojo wa kowasa wo mono tomo sezu ni, kurayami no naka e susunde itta.","Despite her fear, she went ahead into the darkness.",JLPT N1
Noun をよそに (~wo yoso ni),Despite; Notwithstanding; Regardless of,Noun + をよそに,経済危機をよそに、彼は高級な車を買った。,"Keizai kiki wo yoso ni, kare wa koukyuu na kuruma wo katta.","Despite the economic crisis, he bought a luxury car.",JLPT N1
Noun を余儀なくされる (Noun wo yogi naku sareru),"Expresses the idea of being forced into a certain situation, 'to be compelled', 'to be obliged'.",Noun + を + 余儀なくされる,彼は経済的困難により、退学を余儀なくされた。,"Kare wa keizai-teki konnan ni yori, taigaku wo yogi naku saremashita.","Due to financial difficulties, he was forced to drop out of school.",JLPT N1
Noun を前提として (Noun wo zentei toshite),"Used to express 'on the assumption of', 'based on'.",Noun + を前提として,成功を前提として、ビジネスプランを作成しました。,"Seikou wo zentei toshite, bijinesu puran wo sakusei shimashita.",We made a business plan on the assumption of success.,JLPT N1
Noun を前提にして (Noun wo zentei ni shite),Assuming; presupposing; on the assumption of.,Noun + を前提にして,好天を前提にして、明日のピクニックの計画を立てました。,"Kouten wo zentei ni shite, ashita no pikunikku no keikaku wo tatemashita.",We planned tomorrow's picnic assuming fine weather.,JLPT N1
Noun を境にして (Noun wo sakai ni shite),"Means 'as a turning point', 'since (time)', or 'from (time) on'.",Noun + を境に(して),父の死を境にして、彼の性格が一変した。,"Chichi no shi wo sakai ni shite, kare no seikaku ga ippen shita.",His personality changed completely since his father's death.,JLPT N1
Noun を機にして (~wo ki ni shite),To take the opportunity to; taking the occasion to; on the occasion of.,Noun + を機にして,引っ越しを機にして、家具を新しくしました。,"Hikkoshi wo ki ni shite, kagu wo atarashiku shimashita.",I took the opportunity of moving to get new furniture.,JLPT N1
Noun を皮切りに / を皮切りにして (Noun wo kawakiri ni / wo kawakiri ni shite),"Used to indicate the starting point of some series of events or actions; 'starting with', 'beginning with'.",Noun + を皮切りに / を皮切りにして,彼はその論文を皮切りにして複数の研究を開始した。,Kare wa sono ronbun o kawakiri ni shite fukusū no kenkyū o kaishi shita.,"Starting with that thesis, he started multiple research projects.",JLPT N1
Noun を皮切りにして (Noun wo kawakiri ni shite),"Used to express 'Starting with', 'Beginning with'",Noun + を皮切りに (して),彼はその日を皮切りにして毎日ジムに通い始めました。,Kare wa sono hi o kawakiri ni shite mainichi jimu ni kayoi hajimemashita.,"Starting from that day, he began to go to the gym every day.",JLPT N1
Noun を禁じ得ない (〜wo kinjienai),"'Cannot help but do', or 'inevitable'",Noun + を禁じ得ない,この結果には驚きを禁じ得ない。,Kono kekka ni wa odoroki o kinjienai.,I can't help but be surprised at this result.,JLPT N1
Noun を経て (〜wo hete),Expresses the idea of 'through' or 'via'; going through some process or phase.,Noun + を経て,彼は苦労を経て成功を手に入れた。,Kare wa kurō o hete seikō o te ni ireta.,He achieved success through hardships.,JLPT N1
Noun を踏まえて (〜wo fumaete),Based on; taking into account; in light of,Noun + を踏まえて,過去の結果を踏まえて、新たな計画を立てました。,"Kako no kekka o fumaete, aratana keikaku o tatemashita.","Based on previous results, we have made a new plan.",JLPT N1
Noun を限りに (Noun wo kagiri ni),"Expresses the idea of 'as of', 'with', or 'from', indicating the end of something or a point of change.",Noun + を限りに,今年度を限りに、この大学での教授活動を終えるつもりです。,"Konnendo o kagiri ni, kono daigaku de no kyouju katsudou o oeru tsumori desu.",I intend to end my teaching activities at this university as of this academic year.,JLPT N1
Noun 並み (~nami),"Indicates 'like' or 'as' something or someone; 'equivalent to', 'around'.",Noun + 並み,彼はプロのボクサー並みの力を持っています。,Kare wa puro no bokusaa nami no chikara o motte imasu.,He has power equivalent to a professional boxer.,JLPT N1
Noun + 前提で (Noun + zentei de),"Expresses a condition or requirement for something to be established: 'on the assumption that', 'under the condition of'.",Noun + 前提で,説明できる英語力がある前提で、この仕事を引き受けてください。,"Setsumei dekiru eigo-ryoku ga aru zentei de, kono shigoto o hikiukete kudasai.",Please take on this job on the assumption that you have enough English skills to explain.,JLPT N1
Verbる / Noun(である) + 限り(は) (kagiri (wa)),"Expresses 'as long as', 'while this condition is true'.","Verb-dictionary form + 限り(は)
Noun(である) + 限り(は)",私が生きている限りは、あなたを支えます。,"Watashi ga ikite iru kagiri wa, anata o sasaemasu.","As long as I'm alive, I will support you.",JLPT N1
Verb がてら (~ gatera),"Expresses doing something while doing another; 'while', 'on the occasion of'.",Verb (dictionary or -ます stem) + がてら,散歩がてらに郵便局へ行った。,Sanpo gatera ni yūbinkyoku e itta.,I went to the post office while taking a walk.,JLPT N1
Verb こそすれ (~koso sure),"Often used in the pattern 'Xこそすれ、Y〜ない', meaning 'One might do X, but definitely not Y'.",Verb-ますstem + こそすれ、(絶対に)～ない,彼は友達を助けこそすれ、自分を卑下することはありません。,"Kare wa tomodachi o tasuke koso sure, jibun o higesuru koto wa arimasen.","He might help his friends, but he never belittles himself.",JLPT N1
Verb させられる (~saserareru),Expresses 'being forced to do something' or 'being made to do something'.,Verb-casual (non-past) + させられる,彼に無理やり飲ませられた。,Kare ni muriyari nomaserareta.,He forced me to drink against my will.,JLPT N1
Verb ざるを得ない (~ zaru wo enai),"'Cannot but', 'have no choice but to', 'forced to'",Verb-dictionary form + ざるを得ない (する → せざるを得ない),この仕事が嫌ならもう辞めざるを得ない。,Kono shigoto ga iya nara mō yamezaru o enai.,"If you hate this job, you have no choice but to quit.",JLPT N1
Verb ずじまい (~zu jimai),Expressing regret for not having done something; not being able to; missing the chance to do it.,Verb-ない form (remove ない) + ずじまい,日本へ来たのに、一度も富士山を見ずじまいで帰国してしまった。,"Nihon e kita noni, ichidomo Fuji-san o mizu jimai de kikoku shite shimatta.",I came to Japan but ended up going home without ever getting to see Mt. Fuji.,JLPT N1
Verb ずとも (〜zu tomo),"Means 'Even without doing (X), (Y) can still happen'.",Verb-negative stem + ずとも,朝ごはんを食べずとも、働くことができます。,"Asagohan o tabezu tomo, hataraku koto ga dekimasu.","Even without eating breakfast, I can work.",JLPT N1
Verb ずにはおかない (~zuni wa okanai),"Expresses 'cannot help but...', 'will definitely...', or 'must do something'.",Verb-ない form (remove ない) + ずにはおかない,彼が困っていると聞いたら、助けずにはおかない。,"Kare ga komatte iru to kiitara, tasukezuni wa okanai.","If I hear he is in trouble, I cannot help but assist him.",JLPT N1
Verb ずにはすまない (Verb zuni wa sumanai),"'Cannot do without...', 'unavoidable', 'have to'.",Verb-ない form (remove ない) + ずにはすまない,この問題を解決しないと、社会全体が影響を受けるので、解決せずにはすまない。,"Kono mondai o kaiketsu shinai to, shakai zentai ga eikyō o ukeru node, kaiketsu sezu ni wa sumanai.","Since this issue will affect the entire society if not resolved, we cannot do without solving it.",JLPT N1
Verb そうにない (Verb sou ni nai),Expresses unlikelihood or that something does not seem likely to happen.,Verb-ますstem + そうにない,彼はそんなに早く走れそうにない。,Kare wa sonna ni hayaku hashire sō ni nai.,He doesn't seem likely to run that fast.,JLPT N1
Verb そうもない (〜sou mo nai),"Expresses negative potential; 'it doesn't seem like...', 'it's not likely...'.",Verb-ますstem + そうもない,今日中に仕事を終えそうもない。,Kyōjū ni shigoto o oesō mo nai.,It doesn't seem like I'll finish my work today.,JLPT N1
Verb そばから (〜soba kara),"Expresses that as soon as one action finishes, another begins immediately.",Verb-ますstem + そばから,掃除をするそばから子供たちが散らかす。,Sōji o suru soba kara kodomo-tachi ga chirakasu.,"As soon as I clean, the kids mess it up.",JLPT N1
Verb たが最後 (〜ta ga saigo),"Emphasizes 'once something happens, there is no going back'; 'once', 'as soon as', etc.","Verb-casual, past (た form) + が最後",彼が一度怒ったが最後、誰も彼を止めることはできません。,"Kare ga ichido okotta ga saigo, dare mo kare o tomeru koto wa dekimasen.","Once he gets angry, no one can stop him.",JLPT N1
Verb たことにしてください (~ ta koto ni shite kudasai),Asking someone to pretend or accept that something has already happened or taken a certain state.,"Verb (past, casual) + ことにしてください",昨日のことは忘れたことにしてください。,Kinou no koto wa wasureta koto ni shite kudasai.,Please act as if you have forgotten about yesterday.,JLPT N1
Verb たら Verb たで (~ tara ~ tade),"Conveys that if something happens (or doesn’t happen), there is a particular consequence or situation either way.",Verb-た form + ら + (same Verb-た form) + で,行ったら行ったで大変だし、行かなかったら行かなかったで後悔しそうだ。,"Ittara itta de taihen da shi, ikanakattara ikanakatta de kōkai shisō da.","If I go, it’s a hassle; if I don’t go, I’ll regret it.",JLPT N1
Verb たら きりがない (Verb tara kiri ga nai),"Indicates an endless or unending cycle once an action is started; 'if one starts doing something, it will not stop.'",Verb-た form + ら + きりがない,このエンジンを修理したら、またすぐ壊れて、直したらきりがない。,"Kono enjin o shuuri shitara, mata sugu kowarete, naoshitara kiri ga nai.","If I fix this engine, it breaks again, and if I fix it again, it never ends.",JLPT N1
Verb たら最後 (〜tara saigo),"Expresses that once a certain action happens, the situation changes irreversibly—usually in a negative way.",Verb-た form + ら最後,このゲームを始めたら最後、時間の経つのを忘れてしまいます。,"Kono gēmu o hajimetara saigo, jikan no tatsu no o wasurete shimaimasu.","Once you start this game, you completely lose track of time.",JLPT N1
Verb つ Verb つ (Verb tsu Verb tsu),Expresses two alternating actions happening repeatedly.,Verb-ますstem + つ + Verb-ますstem + つ,朝から晩まで働きつ勉強しつで、疲れてしまった。,"Asa kara ban made hataraki tsu benkyō shi tsu de, tsukarete shimatta.","I’ve been working and studying from morning till night, and now I’m exhausted.",JLPT N1
Verb てからというもの (Verb te kara to iu mono),"Expresses that ever since a certain event happened, a condition has continued until now.",Verb-て form + からというもの,彼女と別れてからというもの、一人で過ごす時間が増えました。,"Kanojo to wakarete kara to iu mono, hitori de sugosu jikan ga fuemashita.","Ever since I broke up with her, I've spent more time alone.",JLPT N1
Verb てこそ (Verb te koso),"Emphasizes 'only by doing something, a certain result or realization can occur.'",Verb-て form + こそ,実際に使ってこそ、その価値を理解できる。,"Jissai ni tsukatte koso, sono kachi o rikai dekiru.",You can only understand its value by actually using it.,JLPT N1
Verb ては (～te wa),"Expresses a repeated pattern or cycle, often implying a frustrating outcome; 'whenever X happens, Y happens again.'",Verb-て form + は,彼女に会っては、いつも緊張してしまいます。,"Kanojo ni atte wa, itsumo kinchō shite shimaimasu.","Whenever I meet her, I get nervous.",JLPT N1
Verb ては Verb (~ te wa ~),"Expresses a repeated pattern of action; translates as 'every time', 'whenever', etc.",Verb-て form + は + Verb,私が通勤しては、電子書籍を読んでいます。,"Watashi ga tsūkin shite wa, denshi shoseki o yonde imasu.","Whenever I commute, I read e-books.",JLPT N1
Verb てまでも (~ temademo),"Expresses 'even if it means doing...', 'no matter what it takes'.",Verb-て form + までも,試験に合格するために、寝る時間を削ってまでも勉強します。,"Shiken ni gōkaku suru tame ni, neru jikan o kezutte mademo benkyō shimasu.","I will study to pass the exam, even if it means cutting down on sleep.",JLPT N1
Verb てみせる (Verb te miseru),"'Show by doing', 'demonstrate', 'prove by action'.",Verb-て form + みせる,彼はそのパズルを解いてみせた。,Kare wa sono pazuru o toite miseta.,He solved the puzzle to show me.,JLPT N1
Verb てやまない (Verb te yamanai),"Used with certain emotional/mental verbs to show a strong, unceasing emotion: 'can't stop', 'never cease to'.",Verb-て form + やまない (common with certain verbs),私は母を思ってやまない。,Watashi wa haha o omotte yamanai.,I can't stop thinking of my mother.,JLPT N1
Verb ないではおかない (~ nai de wa okanai),"Means 'cannot help but do', 'will definitely do', or 'is bound to happen'.",Verb-ない form + ではおかない,彼女は毎回遅刻をしては、先生に怒られないではおかない。,"Kanojo wa maikai chikoku o shite wa, sensei ni okorarenaide wa okanai.","Every time she's late, she inevitably gets scolded by the teacher.",JLPT N1
Verb ないではすまない (Verb nai dewa sumanai),"'Cannot end without doing', 'must do'—an unavoidable moral or social necessity.",Verb-ない form + ではすまない,失敗をしたら、謝らないではすまない。,"Shippai o shitara, ayamaranai de wa sumanai.","If you make a mistake, you have to apologize—there’s no way around it.",JLPT N1
Verb ないまでも (Verb nai made mo),"'Even if not to the extent of...', 'although not completely...'.",Verb-ない form + までも,全てを理解しないまでも、基本的なことは分かってほしい。,"Subete o rikai shinai made mo, kihonteki na koto wa wakatte hoshii.","Even if you don't understand everything, I'd like you at least to grasp the basics.",JLPT N1
Verb ないものだろうか (Verb nai mono darou ka),"Expressing hope or wonder if something can be done: 'Isn't there a way...?', 'Can't we...?'",Verb-negative (often negative potential) + ものだろうか,もっと時間があれば、ここに来られないものだろうか。,"Motto jikan ga areba, koko ni korarenai mono darou ka.","If I had more time, wouldn't it be possible to come here?",JLPT N1
Verb ないものでもない (Verb nai mono demo nai),"Expresses the idea that it's not entirely impossible or non-existent: 'It's not that I don't...', 'It's not that there aren't...'",Verb-negative form (ない form) + ものでもない,旅行に行きたいと思わないものでもない。,Ryokou ni ikitai to omowanai mono demo nai.,It's not that I never want to travel.,JLPT N1
Verb の ない Noun (~ no nai ~),Used to modify a noun with a negative verb form; 'a Noun without (Verb)'.,Verb in negative form + の + Noun,笑いのない人生は、つまらない。,"Warai no nai jinsei wa, tsumaranai.",A life without laughter is boring.,JLPT N1
Verb ば きりがない (〜ba kiri ga nai),"Indicates there's no end once you start listing, doing, or saying something: 'If one starts to..., there will be no end.'",Verb-conditional form (ば) + きりがない,悪口を言い始めればきりがない。,Waruguchi o iihajimereba kiri ga nai.,"Once I start speaking ill of someone, there's no end.",JLPT N1
Verb もしないで (~ mo shinai de),Means 'without even doing'.,Verb (masu stem) + もしないで,調べもしないで、答えを書きました。,"Shirabe mo shinai de, kotae o kakimashita.",I wrote the answer without even investigating.,JLPT N1
Verb やしない (~ yashinai),"Expresses a strong denial or refusal: 'I would never...', 'No way I would...'.",Verb (masu stem) + やしない,こんな時に泣きやしない。,Konna toki ni naki-yashinai.,I would never cry at a time like this.,JLPT N1
Verb よう (~ you / ~ you ni),Expresses 'the way/manner of doing something' or 'in order to / so that / try to'.,Verb (dictionary or negative form) + ように (する / etc.),この問題を解くように努力します。,Kono mondai o toku you ni doryoku shimasu.,I will try to solve this problem.,JLPT N1
Verb ようか Verbるまいか (Verb you ka Verb ru mai ka),Expresses indecision: 'Should I do it or not?'.,Verb-volitional form + か + Verb-volitional negative form (まい) + か,彼に話そうか話すまいか、本当に迷っている。,"Kare ni hanasou ka hanasu mai ka, hontou ni mayotte iru.",I'm really unsure whether to talk to him or not.,JLPT N1
Verb ようが Verb るまいが (Verb you ga Verb ru mai ga),"Expresses 'whether or not', 'no matter if something happens or not'.",Verb-volitional form + が + Verb-negative volitional form + が,彼が来ようが来るまいが、パーティーは始まります。,"Kare ga koyou ga kurumai ga, paatii wa hajimarimasu.","Whether he comes or not, the party will start.",JLPT N1
Verb ようがない (〜you ga nai),"Expresses 'no way to do something,' 'impossible to do'.",Verb (masu stem) + ようがない,電車が混んでいて、動きようがない。,"Densha ga konde ite, ugoki you ga nai.",The train is so crowded that I can't move.,JLPT N1
Verb ようと Verbる まいと (Verb you to Verb ru mai to),"This structure indicates that regardless of whether one does (verb) or not, the outcome/attitude remains unchanged.",Verb-volitional + と + Verb-negative volitional (～まい) + と,あなたが来ようと来るまいと、パーティーは予定通りに始まります。,"Anata ga koyou to kuru mai to, paatii wa yotei doori ni hajimarimasu.","Whether you come or not, the party will start as scheduled.",JLPT N1
Verb ようにも (〜you ni mo),"Used to express 'even though one wants to do something, one can't for some reason'.","Verb-volitional form + にも + (reason/potential negative, etc.)",もう少し速く走ろうにも、足が痛くて無理だ。,"Mou sukoshi hayaku hashirou ni mo, ashi ga itakute muri da.","I'd like to run a bit faster, but I can’t because my leg hurts.",JLPT N1
Verb ようにも Verb れない (〜you ni mo 〜renai),Expresses the inability to do something even if one wants/tries.,Verb-volitional form + にも + (potential negative form / reason),彼を信じようにも信じられない証拠がある。,Kare o shinjiyou ni mo shinjirarenai shouko ga aru.,"Even if I want to believe him, there's evidence that prevents me from doing so.",JLPT N1
Verb ようもない (~you mo nai),Expresses 'it's impossible to do something'.,Verb-ます stem + ようもない,この問題は解きようもない。,Kono mondai wa toki you mo nai.,It's impossible to solve this problem.,JLPT N1
Verbる がままに (〜ga mama ni),Expresses 'letting something happen as it is'; 'just as something does'.,Verb-dictionary form + がままに,窓を開けるがままにしておいたら、風が部屋に入ってきました。,"Mado o akeru ga mama ni shite oitara, kaze ga heya ni haitte kimashita.","I left the window open as it was, and the wind came into the room.",JLPT N1
Verbる が早いか (verb-ru ga hayai ka),Expresses 'as soon as...' or 'the moment when...'.,Verb-dictionary form + が早いか,部屋に入るが早いか、彼はテレビをつけた。,"Heya ni hairu ga hayai ka, kare wa terebi o tsuketa.",No sooner had he entered the room than he turned on the TV.,JLPT N1
Verbる くらいなら (〜ru kurai nara),"Expresses preference to avoid something: 'rather than...', 'if it comes to doing X, I'd rather...'.",Verb-dictionary form + くらいなら,一人で行くくらいなら、家にいるほうがましです。,"Hitori de iku kurai nara, ie ni iru hou ga mashi desu.",I'd rather stay at home than go alone.,JLPT N1
Verbる こと なし に (Verb-ru koto nashi ni),Used to express 'without doing something'.,Verb-dictionary form + ことなしに,試験を勉強することなしに、合格しました。,"Shiken o benkyou suru koto nashi ni, goukaku shimashita.",I passed the exam without studying.,JLPT N1
Verbる ことのないように (Verb-ru koto no nai you ni),"Expresses the desire or effort to prevent something: 'so as not to...', 'to avoid...'.",Verb-dictionary form + ことのないように,車をなくすことのないように、駐車場で必ずロックしましょう。,"Kuruma o nakusu koto no nai you ni, chuushajou de kanarazu rokku shimashou.",Lock your car in the parking lot so you don't lose it.,JLPT N1
Verbる ときりがない (verb-ru to kiri ga nai),Used to indicate that something can go on endlessly or without limits.,Verb-casual + と + きりがない,彼の悪口を言うときりがない。,Kare no waruguchi o iu to kiri ga nai.,"If we start talking about his faults, there's no end.",JLPT N1
Verbる ともなく Verb (Verb-ru tomonaku Verb),"Used to express 'without a particular intention', 'unconsciously', or 'before one knows it'.",Verb-dictionary form + ともなく + Verb,遠くを見るともなく窓の外を眺めた。,Tooku o miru tomonaku mado no soto o nagameta.,"I found myself gazing out the window, not really looking at anything in particular.",JLPT N1
Verbる ともなしに Verb (Verb-ru tomonashi ni Verb),Expresses doing something unintentionally or without conscious thought.,Verb-dictionary form + ともなしに + Verb,本を読むともなしに眠ってしまった。,Hon o yomu tomonashi ni nemutte shimatta.,I ended up falling asleep while reading the book without really meaning to.,JLPT N1
Verbる なり (Verb-ru nari),Expresses 'as soon as' or 'the moment'.,Verb-dictionary form + なり,家に帰るなり、すぐに寝た。,"Ie ni kaeru nari, sugu ni neta.","As soon as I got home, I went to sleep.",JLPT N1
Verbる にとどまらず～も (Verb-ru ni todomarazu ~ mo),"Expresses 'not only… but also', 'not limited to…'.",Noun / Verb-dictionary form + にとどまらず + も/ほかのこと,彼は仕事にとどまらず、ボランティア活動もしている。,"Kare wa shigoto ni todomarazu, borantia katsudou mo shite iru.",He does not just work; he also does volunteer activities.,JLPT N1
Verbる にはあたらない (Verb-ru ni wa ataranai),"Used to say 'there is no need to...', 'it’s not necessary to...'.",Verb-dictionary form + にはあたらない,パニックに陥るにはあたらない。,Panikku ni ochiiru ni wa ataranai.,There’s no need to panic.,JLPT N1
Verbる にも (Verb-ru ni mo),"Indicates that doing the verb is impossible or difficult, even if one wants to.",Verb-dictionary form + にも + (reason it can't be done),明日雨が降ったとしても、傘を持つにも荷物が多すぎる。,"Ashita ame ga futta to shite mo, kasa o motsu ni mo nimotsu ga oosugiru.","Even if it rains tomorrow, I have too much luggage to bring an umbrella.",JLPT N1
Verbる にも Verb れない (Verb-ru ni mo Verb-re nai),"Expresses: 'Even if I try/want to do something, I cannot.'",Verb-volitional + にも + Verb-potential negative,彼を理解しようにも理解できない。,Kare o rikai shiyou ni mo rikai dekinai.,"Even if I try to understand him, I can't.",JLPT N1
Verbる べからざる Noun (Verb-ru bekara zaru Noun),"Used to express what should not be done; 'must not', 'should not'.",Verb-dictionary form + べからざる + Noun,人を裏切るべからざる行為だ。,Hito o uragiru bekara zaru koui da.,Betraying others is an act that must not be done.,JLPT N1
Verbる べからず (〜ru bekara zu),Expresses the idea of 'must not do' or 'should not do'.,Verb-ru + べからず,嘘をつくべからず。,Uso o tsuku bekara zu.,One must not tell lies.,JLPT N1
Verbる べく (Verb-ru beku),"Expresses the meaning of 'in order to', 'for the purpose of'.",Verb-dictionary form + べく,成功するべく、日々努力しています。,"Seikou suru beku, hibi doryoku shite imasu.","In order to succeed, I am working hard every day.",JLPT N1
Verbる べくもない (Verb-ru beku mo nai),Means 'it's impossible to...' or 'there's no way to...'.,Verb-dictionary form + べくもない,その問題はとても難しく、解くべくもない。,"Sono mondai wa totemo muzukashiku, toku beku mo nai.",That problem is so difficult that it's impossible to solve.,JLPT N1
Verbる までもない (〜ru made mo nai),It's not necessary to the extent of; no need to.,Verb-る + までもない,そんなに心配するまでもない。,Sonna ni shinpai suru made mo nai.,There's no need to worry that much.,JLPT N1
Verbる ものとする (〜ru mono to suru),Assuming or deciding something as...,Verb-dictionary form + ものとする,ここでの話し合いは秘密とするものとします。,Koko de no hanashiai wa himitsu to suru mono to shimasu.,The discussions here are to be kept confidential.,JLPT N1
Verbる や否や (Verb-ru ya ina ya),"Expresses the idea of 'as soon as', 'the moment...'.",Verb-dictionary form + や否や,彼女が家に帰るや否や、すぐにテレビをつけました。,"Kanojo ga ie ni kaeru ya ina ya, sugu ni terebi o tsukemashita.","As soon as she returned home, she turned on the TV.",JLPT N1
Verbる 始末だ (〜ru shimatsu da),Indicates a (often unfortunate) result or conclusion of an action.,Verb-dictionary form + 始末だ,忘れてしまって、パスポートを家に置いてくる始末だった。,"Wasurete shimatte, pasupooto o ie ni oite-kuru shimatsu datta.",I ended up leaving my passport at home because I forgot.,JLPT N1
Verbる 嫌いがある (～ru kirai ga aru),Tendency to do a negative action; have a bad habit of ~.,Verb-dictionary form + 嫌いがある,彼女は遅刻する嫌いがある。,Kanojo wa chikoku suru kirai ga aru.,She has a tendency to be late.,JLPT N1
いつまで～のやら (itsumade ~ no yara),Expresses uncertainty regarding duration; 'don't know when... will end'.,いつまで + Verb (dictionary form) + のやら,この試験勉強はいつまで続くのやら。,Kono shiken benkyou wa itsumade tsuzuku no yara.,I don't know when this exam study will end.,JLPT N1
～が Verb られる (〜ga Verb rareru),"Expresses potential or ability to do something; 'can', 'able to'.","❶ (Group 1) Verb:  書く → 書ける / 飲む → 飲める, etc.
❷ (Group 2) Verb-ます stem + られる (食べる→食べられる、見る→見られる)",彼がこの問題を解けると思いますか？,Kare ga kono mondai o tokeru to omoimasu ka?,Do you think he can solve this problem?,JLPT N1
～かと思いきや (〜ka to omoikiya),"Expressing unexpected outcomes; 'just when I thought...', 'but...'.","Sentence + かと思いきや (Verb plain form, i-/na-Adjective, or Noun + だ + かと思いきや)",明日は晴れるかと思いきや、まさかの雨が降った。,"Ashita wa hareru ka to omoikiya, masaka no ame ga futta.","I thought it would be sunny tomorrow, but unexpectedly it rained.",JLPT N1
～がゆえに (～ga yue ni),"Expresses the reason or cause; 'because', 'due to', 'as a result of'.",Noun / Verb / Adjective + がゆえに,愛情がゆえに、彼は彼女を許した。,"Aijou ga yue ni, kare wa kanojo o yurushita.","Because of love, he forgave her.",JLPT N1
～がゆえの Noun (〜ga yue no Noun),"Expresses the reason or cause for something; 'because of', 'due to'.",Noun / Verb-dictionary form + がゆえの + Noun,愛がゆえの悲しみ。,Ai ga yue no kanashimi.,Sadness due to love.,JLPT N1
～から Noun に 至る まで (〜kara 〜ni itaru made),"Expressing range from one thing to another; 'from...to', 'ranging from...to'.",Noun (start) + から + Noun (end) + に至るまで,このバンドの曲は、青年から老人に至るまで、人々に愛されています。,"Kono bando no kyoku wa, seinen kara roujin ni itaru made, hitobito ni aisarete imasu.",The songs of this band are loved by people ranging from the young to the elderly.,JLPT N1
～ごとく (〜gotoku),To seem like; as if; as though.,Verb-て + ごとく / Noun + の + ごとく,彼は鳥のごとく飛んでいるように見えた。,Kare wa tori no gotoku tonde iru you ni mieta.,He looked as though he was flying like a bird.,JLPT N1
～こととて (〜koto tote),"Used to express the reason or premise for a decision or judgment; 'since', 'because'.",Verb (plain form) + こととて / Noun + の + こととて / (な-Adjective + な) + こととて,彼は裁判に勝つために全資産を使うこととて、弁護士に頼んだ。,"Kare wa saiban ni katsu tame ni zenshisan o tsukau koto tote, bengoshi ni tanonda.","Since he's using all his assets to win the trial, he hired a lawyer.",JLPT N1
～ずにすんだ (〜zuni sunda),Expresses the idea of 'was able to do without'; 'managed to avoid'.,Verb-ず form + に + すんだ,彼は事故を起こさずにすんだ。,Kare wa jiko o okosazu ni sunda.,He managed to avoid having an accident.,JLPT N1
～だろうとなかろうと (〜darou to nakarou to),Expresses 'regardless of whether it is or isn't'.,Noun / i-Adjective / na-Adjective / Verb + だろうとなかろうと,試験が難しいだろうとなかろうと、全力で頑張ります。,"Shiken ga muzukashii darou to nakarou to, zenryoku de ganbarimasu.","Regardless of whether the exam is difficult or not, I will do my best.",JLPT N1
～つもりだ (〜tsumori da),Expresses the speaker's intention or plan.,Verb-dictionary form + つもりだ,明日は早く起きるつもりです。,Ashita wa hayaku okiru tsumori desu.,I plan to wake up early tomorrow.,JLPT N1
～つもりで (〜tsumori de),"Expresses the speaker's intention or plan; 'with the intention of', 'planning to'.",Verb-dictionary form + つもりで,私は日本に住むつもりで日本語を勉強しています。,Watashi wa Nihon ni sumu tsumori de Nihongo o benkyou shiteimasu.,I am studying Japanese with the intention of living in Japan.,JLPT N1
～ではすまない (〜dewa sumanai),Expresses that just doing something is not enough or will not suffice.,Verb-dictionary form + ではすまない / い-Adjective + ではすまない / な-Adjective + ではすまない / Noun + ではすまない,ただ謝るではすまない。何か行動を取らなければならない。,Tada ayamaru dewa sumanai. Nanika koudou o toranakereba naranai.,Just apologizing will not suffice. Some action needs to be taken.,JLPT N1
～とあって (〜to atte),Expresses a special situation or event due to certain circumstances.,"Noun + とあって / (Sometimes Verb + とあって, depending on context)",春休みとあって、公園は子供たちでいっぱいだ。,"Haruyasumi to atte, kouen wa kodomo-tachi de ippai da.","Because it's spring break, the park is full of children.",JLPT N1
～とあれば (〜to areba),"Expresses a condition; 'if', 'when', 'since'.",Verb-casual + とあれば / い-Adjective + とあれば / な-Adjective + だとあれば / Noun + だとあれば,無料とあれば、誰でも利用したいと思います。,"Muryou to areba, dare demo riyou shitai to omoimasu.","If it's free, anyone would want to use it.",JLPT N1
～といえども (〜to iedomo),Even if it is said that; Even though; Although.,Noun + といえども / Verb-plain form + といえども / Adjective + といえども,彼が天才といえども、ミスをすることはあります。,"Kare ga tensai to iedomo, misu o suru koto wa arimasu.","Even though he’s a genius, he still makes mistakes.",JLPT N1
～といったらありはしない (〜to ittara ari wa shinai),"Express extreme exclamation; 'extremely', 'unbelievable', 'unsurpassed'.",Noun + といったらありはしない / な-Adjective + といったらありはしない,彼の英語の上手さといったらありはしない。,Kare no eigo no jouzusa to ittara ari wa shinai.,His English is unbelievably good.,JLPT N1
～といったらありゃしない (〜to ittara arya shinai),"Emphasizes that something is to the extreme; 'you have no idea how...', 'it's incredibly...'.",Verb-casual + といったらありゃしない / い-Adjective + といったらありゃしない / な-Adjective + だ + といったらありゃしない / Noun + だ + といったらありゃしない,その店のラーメンは美味しいといったらありゃしない。,Sono mise no ramen wa oishii to ittara arya shinai.,You have no idea how delicious the ramen at that shop is.,JLPT N1
～といったらない (〜to ittara nai),Expresses the extreme of something; 'nothing can be more ... than this'.,い-Adjective + といったらない / な-Adjective + だといったらない / Noun + だといったらない,今日は寒いといったらない。,Kyou wa samui to ittara nai.,It’s extremely cold today.,JLPT N1
～ときている (〜to kite iru),"Highlights a situation or condition that is serious/extreme, often with a negative nuance.",Verb-casual / い-Adjective / な-Adjective（＋だ） / Noun（＋だ） + ときている,仕事が忙しいときているので、なかなか休みが取れません。,"Shigoto ga isogashii to kite iru no de, nakanaka yasumi ga toremasen.","Because work is so busy, I just can’t take any time off.",JLPT N1
～ところを (〜tokoro wo),"Indicates a contrasting or inconvenient timing; 'just when...', 'even though...'.",Verb-ている + ところを / Noun + の + ところを / い-Adjective + ところを / な-Adjective + な + ところを,ちょうど映画を見ているところを、停電で真っ暗になった。,"Choudo eiga o mite iru tokoro o, teiden de makkura ni natta.","Just when I was in the middle of watching a movie, the power went out and everything went dark.",JLPT N1
～とされる (〜to sareru),"Indicates a general belief or widely accepted view; 'is considered', 'is seen as', 'is said to be'.",Verb-casual + とされる / い-Adjective + とされる / な-Adjective + だとされる / Noun + だとされる,サッカーは世界で最も人気のあるスポーツとされています。,Sakkaa wa sekai de mottomo ninki no aru supootsu to sarete imasu.,Soccer is considered the most popular sport in the world.,JLPT N1
～としたところで (〜to shita tokoro de),Means 'even if' or 'even assuming'; emphasizes that the outcome won’t change.,Verb-casual + としたところで / い-Adjective + としたところで / な-Adjective + だとしたところで / Noun + だとしたところで,彼が来るとしたところで、何も変わらないだろう。,"Kare ga kuru to shita tokoro de, nani mo kawaranai darou.","Even if he comes, nothing will probably change.",JLPT N1
～とすると (〜to suru to),"Expresses 'if', 'when', or 'assuming that' in a speculative sense.",Verb-casual + とすると / い-Adjective + とすると / な-Adjective + だとすると / Noun + だとすると,彼が来るとすると、もうすぐ到着するはずです。,"Kare ga kuru to suru to, mou sugu touchaku suru hazu desu.","If he’s coming, he should arrive soon.",JLPT N1
～とすれば (～to sureba),"Used to express 'if it were the case that...', 'if we assume that...'.",Verb-casual + とすれば / い-Adjective + とすれば / な-Adjective + だとすれば / Noun + だとすれば,彼が嘘つきだとすれば、その話は信じられない。,"Kare ga usotsuki da to sureba, sono hanashi wa shinjirarenai.","If he’s a liar, then his story can’t be believed.",JLPT N1
～となったら (〜to nattara),"Used to express 'if it comes to...', 'when it becomes the case that...'.",Verb-casual + となったら / Noun + となったら,旅行に行くとなったら、荷造りをしなければいけません。,"Ryokou ni iku to nattara, nizukuri o shinakereba ikemasen.","If it comes to going on a trip, we have to pack.",JLPT N1
～となると (〜to naru to),"Used to highlight a certain circumstance; 'when it comes to...', 'if it becomes...', 'in the event that...'.",Verb-casual + となると / い-Adjective + となると / な-Adjective + だとなると / Noun + だとなると,試験となると、多くの学生が緊張する。,"Shiken to naru to, ooku no gakusei ga kinchou suru.","When it comes to exams, many students get nervous.",JLPT N1
～となれば (〜to nareba),Expresses the idea of 'if it comes to...; when we talk about...; in the case of...'.,"Verb-casual + となれば, い-Adjective + となれば, な-Adjective + だとなれば, Noun + だとなれば",彼がリーダーとなれば、プロジェクトは成功するでしょう。,"Kare ga riidaa to nareba, purojekuto wa seikou suru deshou.","If he becomes the leader, the project will probably succeed.",JLPT N1
～とのことだ (〜to no koto da),"Expresses something that the speaker heard; 'I've heard that', 'I was told that'.",Simplified phrase + とのことだ,週末にパーティーがあるとのことだ。,Shuumatsu ni paatii ga aru to no koto da.,I've heard that there is a party this weekend.,JLPT N1
～とはいえ (～to wa ie),Even though; although; but,"Noun + とはいえ, な-Adjective + だとはいえ, い-Adjective + とはいえ, Verb-casual + とはいえ",彼は頭が良いとはいえ、少し怠け者だ。,"Kare wa atama ga yoi to wa ie, sukoshi namakemono da.","Although he is smart, he is a bit lazy.",JLPT N1
～とみえて (〜to miete),It seems that; apparently,"Verb-casual + とみえて, い-Adjective + とみえて, な-Adjective + だとみえて, Noun + だとみえて",彼は運動が得意とみえて、毎日ジムに行っています。,"Kare wa undou ga tokui to miete, mainichi jimu ni itteimasu.","He seems to be good at exercise, as he goes to the gym every day.",JLPT N1
～とみられる (～to mirareru),It is considered that; It is thought that; It is believed that,"Verb-casual + とみられる, Noun + とみられる",彼の行動は無責任とみられる。,Kare no koudou wa musekinin to mirareru.,His behavior is considered irresponsible.,JLPT N1
～とみると (〜to miru to),"Expresses the concept of 'when one sees it as', 'viewed as', or 'considering'.","Verb-casual + とみると, い-Adjective + とみると, な-Adjective + だとみると, Noun + だとみると",この問題を数学の視点でとみると、解決策が見えてきます。,"Kono mondai o suugaku no shiten de to miru to, kaiketsusaku ga miete kimasu.","When one sees this problem from a mathematical perspective, a solution begins to emerge.",JLPT N1
どんなに～うが (donna ni ～ u ga),"Expresses 'no matter how much...', 'even if...'.","どんなに + Verb-volitional + うが, どんなに + い-Adjective(～かろう) + が, どんなに + な-Adjective + だろうが",どんなに頑張ろうが、彼の速さには追いつけない。,"Donna ni ganbarou ga, kare no hayasa ni wa oitsukenai.","No matter how hard I try, I can't catch up with his speed.",JLPT N1
～と言わんばかりに (〜to iwan bakari ni),Indicates an action or behavior that strongly implies a certain unspoken message or feeling.,"Verb-volitional + と言わんばかりに, い-Adjective + と言わんばかりに, な-Adjective + だと言わんばかりに, Noun + だと言わんばかりに",彼女は優勝したと言わんばかりに笑った。,Kanojo wa yuushou shita to iwan bakari ni waratta.,She laughed as if to say she won.,JLPT N1
～と言わんばかりの Noun (～to iwan bakari no Noun),Expresses the concept of 'as if to say'; 'almost says'; 'suggests'.,Verb-plain form + と言わんばかりの Noun,田中さんは嬉しくて飛び上がると言わんばかりの笑顔を見せた。,Tanaka-san wa ureshikute tobiagaru to iwan bakari no egao wo miseta.,Tanaka showed a smile as if to say he was so happy he could jump for joy.,JLPT N1
～ながらに (～nagara ni),"Expresses a state or condition continuing just as it is (e.g. 'from birth', 'while crying', 'in the old way').","Common set phrases: 生まれながらに, 涙ながらに, 昔ながらに, 子供ながらに, etc.",彼女は生まれながらにして優れた音感を持っている。,Kanojo wa umare nagara ni shite sugureta onkan o motte iru.,She has had an excellent sense of pitch from birth.,JLPT N1
～ながらの Noun (〜nagara no Noun),Indicates one action or state happening at the same time as the noun in question (e.g. 'dinner while watching TV').,Verb-ますstem (or plain minus る) + ながら + の + Noun,テレビを見ながらの夕食は、子供たちにとって楽しいだろう。,"Terebi o mi-nagara no yuushoku wa, kodomotachi ni totte tanoshii darou.",Eating dinner while watching TV might be fun for the children.,JLPT N1
～ながらも (〜nagara mo),Means 'even though' or 'despite'.,"Verb stem + ながらも, い-Adjective + ながらも, な-Adjective/Noun + ながらも",彼は貧しいながらも、幸せな生活を送っている。,"Kare wa mazushii nagara mo, shiawase na seikatsu o okutte iru.","Despite being poor, he leads a happy life.",JLPT N1
～なくはない (〜naku wa nai),Expresses the idea 'it's not that it's impossible' or 'it's not that I can't'.,"Verb-ないform + なくはない, い-Adjective－い + くはない, な-Adjective + ではなくはない, Noun + ではなくはない",それを終えるのは難しくなくはない。,Sore o oeru no wa muzukashiku naku wa nai.,It's not that it's impossible to finish it.,JLPT N1
～なくもない (〜naku mo nai),Expresses 'not impossible' or 'might as well'.,"Verb-ないform + なくもない, い-Adjective－い + くもない, な-Adjective + でもない, Noun + でもない",彼がもうすぐ戻るなら、待つなくもない。,"Kare ga mou sugu modoru nara, matsu naku mo nai.","If he’s coming back soon, waiting wouldn’t be a bad idea.",JLPT N1
～なら～なりに,"Means 'if it is X, then it's X in its own way', emphasizing unique qualities.",Noun/Adjective + なら + (same Noun/Adjective) + なりに,彼はまだ初心者なら初心者なりに頑張っている。,Kare wa mada shoshinsha nara shoshinsha nari ni ganbatteiru.,"Since he’s still a beginner, he’s doing his best in his own beginner way.",JLPT N1
～には及ばない (〜ni wa oyobanai),Means 'no need to go that far' or 'not necessary'.,Verb-dictionary form + には及ばない,ファーストクラスに乗るには及ばない、エコノミーでも十分だ。,"Faasuto kurasu ni noru ni wa oyobanai, ekonomii demo juubun da.",There’s no need to go as far as flying first class; economy is enough.,JLPT N1
～に堪えない (～ni taenai),"Indicates something is unbearable or not worth doing (e.g., 'unbearable to watch', 'unbearable to listen to').","Verb-dictionary form + に堪えない, Noun + に堪えない",彼の冗談は聞くに堪えない。,Kare no joudan wa kiku ni taenai.,His jokes are unbearable to listen to.,JLPT N1
～に堪える (～ni taeru),Used to say that something is 'worth doing' or 'can stand up to' something (the positive counterpart of ～に堪えない).,"Verb-dictionary form + に堪える, Noun + に堪える",彼の歌声は聞くに堪える。,Kare no utagoe wa kiku ni taeru.,His singing voice is worth listening to.,JLPT N1
～に耐える (～ni taeru),"To endure or withstand something; 'endure', 'withstand', 'tolerate'.",Noun + に耐える,彼は厳しい修行に耐えた。,Kare wa kibishii shugyou ni taeta.,He endured the harsh training.,JLPT N1
～に至った (〜ni itatta),"Expresses the outcome or final conclusion of a process; 'reached the point', 'led to'.",Verb-てform + に至った or Noun / Verb-dictionary + に至る (more general).,彼は練習を重ねて、ついにプロのギタリストに至った。,"Kare wa renshuu o kasanete, tsui ni puro no gitarisuto ni itatta.","After repeated practice, he finally became a professional guitarist.",JLPT N1
～に越したことはない (〜ni koshita koto wa nai),Expresses that something is the best or most desirable course of action; 'nothing better than...'.,"Verb (dictionary form) + に越したことはない, い-Adjective + に越したことはない, な-Adjective/Noun + である + に越したことはない",早く準備するに越したことはない。,Hayaku junbi suru ni koshita koto wa nai.,It's best to prepare early.,JLPT N1
～に難くない (～ni katakunai),"Expresses 'not difficult to ~' in a formal/literary sense; e.g., 'not hard to imagine/understand'.","Verb-dictionary form + に難くない (commonly with 想像する, 理解する, 察する, etc.)",彼の喜びは想像に難くない。,Kare no yorokobi wa souzou ni katakunai.,It's not hard to imagine his delight.,JLPT N1
～のは Noun ぐらいのものだ (〜no wa Noun gurai no mono da),Conveys that 'only (Noun) is the case' or 'nothing but (Noun)'.,"Verb-casual + のは + Noun + ぐらいのものだ, い-Adjective + のは + Noun + ぐらいのものだ, etc.",この小説を読むのは暇つぶしぐらいのものだ。,Kono shousetsu o yomu no wa hima tsubushi gurai no mono da.,Reading this novel is nothing but a way to kill time.,JLPT N1
～ば～ものを (～ba～mono o),"Expresses regret or a missed opportunity: 'if only', 'had I but...'.","Verb-ば + Verb-past + ものを, い-Adjective + ければ + ものを, な-Adjective/Noun + であれば + ものを, etc.",早く起きれば、遅刻しなかったものを。,"Hayaku okireba, chikoku shinakatta mono o.","If only I'd woken up early, I wouldn't have been late.",JLPT N1
～びた (～bita),A suffix meaning “looking or seeming like ~” (often appears with nouns/adjectives).,"[Noun/Adjective stem] + びた (forms a 連体形 modifier, e.g., 大人びた人 “an adult-like person”)",大人びた考え方をする子供,Otonabita kangaekata o suru kodomo,A child who thinks in a very grown-up way,JLPT N1
～びる (〜biru),"A suffix meaning “to appear/to become ~,” often used with certain adjectives or nouns.",Adjective/Noun + びる (to form a verb),彼女は年齢より大人びている。,Kanojo wa nenrei yori otona bite iru.,She seems older than her actual age.,JLPT N1
～ぶった (～butta),"Often appears as a past form of ～ぶる, meaning 'acted/pretended like ~' (or literally 'hit/bashed', depending on context).","Noun/Adjective + ぶる → ぶった (past tense), e.g., 偉そうぶった, 大人ぶった",彼は何でも知っているかのようにぶった態度を取る。,Kare wa nandemo shitteiru ka no you ni butta taido o toru.,He takes on an attitude as though he knows everything.,JLPT N1
～ぶって (〜butte),"Te-form of ～ぶる, meaning 'acting/pretending to be ~'.",Noun/Adjective + ぶる → ぶって (te-form),彼は何でも知ったかぶって話をする。,Kare wa nandemo shittaka butte hanashi o suru.,He talks as if he knows everything.,JLPT N1
～ぶり (〜buri),Expresses the amount of time elapsed since doing something last.,Time expression + ぶり,三年ぶりに彼に会いました。,San-nen buri ni kare ni aimashita.,I met him for the first time in three years.,JLPT N1
～ぶる (〜buru),Used when someone is acting or pretending to be something they are not (often a negative connotation).,Noun / (Adjective stem) + ぶる,彼はあたかも知っているかのように学者ぶる。,Kare wa atakamo shitteiru ka no you ni gakusha buru.,"He acts like a scholar, as if he knows everything.",JLPT N1
～までだ (～made da),"Expresses a limit or extent; 'it's only up to...', 'no more than...'.","Verb (dictionary/ない form) + までだ, い-Adjective + までだ, Noun + までだ",彼とは友達までだ。それ以上の関係ではありません。,Kare to wa tomodachi made da. Sore ijou no kankei dewa arimasen.,"With him, it's only friendship—nothing more.",JLPT N1
～もなんでもない (〜mo nandemonai),"Used to dismiss or negate something’s importance; 'it’s nothing at all', 'it doesn’t matter'.","Verb-dictionary form + もなんでもない, い-Adjective + もなんでもない, な-Adjective + なもなんでもない, Noun + もなんでもない",100万円を負けるもなんでもない。,Hyaku man-en o makeru mo nandemonai.,Losing a million yen is no big deal at all.,JLPT N1
～ものとして (～mono to shite),"Indicates an assumption or supposition; 'assuming', 'under the assumption that'.","Verb-casual + ものとして, い-Adjective + ものとして, な-Adjective + なものとして, Noun + のものとして",雨が降るものとして、傘を持って行きました。,"Ame ga furu mono to shite, kasa o motte ikimashita.","Assuming it would rain, I took an umbrella.",JLPT N1
～んがために (〜n ga tame ni),"Emphasizes the reason or purpose for an action; 'in order to', 'for the sake of'.",Verb-negative stem + んがために,健康を保たんがために、毎日運動をしています。,"Kenkou o tamotan ga tame ni, mainichi undou o shite imasu.",I exercise daily in order to maintain my health.,JLPT N1
～んばかりに (〜n bakari ni),Indicates 'as though about to ~' or 'as if to say ~'.,Verb-negative stem + ん + ばかりに,彼は何も知らんばかりに、私の質問を無視した。,"Kare wa nanimo shir-an bakari ni, watashi no shitsumon o mushi shita.",He ignored my question as if he didn’t know anything.,JLPT N1
～差し支えない (〜sashitsukaenai),"Indicates no problem or obstacle; 'it’s fine if...', 'there’s no issue'.","Verb-て form + も差し支えない, Noun + が差し支えない",多少遅くても差し支えないです。,Tashou osokute mo sashitsukaenai desu.,It’s no problem if you’re a bit late.,JLPT N1
～折に (〜ori ni),"Indicates the time or occasion when something happens; 'when', 'at the time of'.","Verb-dictionary form + 折に, Verb-た形 + 折に, Noun + の折に",父が病気の折に、私は留学していました。,"Chichi ga byouki no ori ni, watashi wa ryuugaku shite imashita.","When my father was ill, I was studying abroad.",JLPT N1
～極まりない (〜kiwamarinai),"Expresses an extreme state, often negative; 'utterly', 'extremely', 'boundlessly'.","な-Adjective（語幹）+ 極まりない, い-Adjective（連用形）+ こと + 極まりない, Noun + の極まりない",彼の失礼な態度は極まりない。,Kare no shitsurei na taido wa kiwamarinai.,His rude attitude is utterly beyond words.,JLPT N1
～極まる (〜kiwamaru),"Also expresses an extreme degree or state, typically negative.","な-Adjective（語幹）+ 極まる, い-Adjective（連用形）+ こと + 極まる, etc.",彼の言動は失礼極まる。,Kare no gendou wa shitsurei kiwamaru.,His words and actions are extremely rude.,JLPT N1
～足りない (～tarinai),"Expresses insufficiency or lack; 'not enough', 'insufficient'.","Noun + (が) 足りない, Verb-casual + ほど/だけ + (が) 足りない",私の日本語の能力はまだまだ足りない。,Watashi no nihongo no nouryoku wa madamada tarinai.,My Japanese skills are still not enough.,JLPT N1
～足る Noun (〜taru Noun),"Indicates that something is worthy or sufficient to be called/used as ~; 'worthy of', 'enough to ~'.",Noun/Verb-dictionary form + に足る + Noun,彼は信頼に足る人物だ。,Kare wa shinrai ni taru jinbutsu da.,He is a person worthy of trust.,JLPT N1
～限りだ (〜kagiri da),"Expresses an extreme degree of emotion or reaction; 'I feel so ~', 'as ~ as can be'.","い-Adjective + 限りだ, な-Adjective + な/である + 限りだ, Noun + の + 限りだ",彼女が急に辞めてしまった。驚きの限りだ。,Kanojo ga kyuu ni yamete shimatta. Odoroki no kagiri da.,She suddenly quit. I'm as shocked as can be.,JLPT N1
