id,word,category,sentenceJapanese,sentenceRomaji,sentenceEnglish
sent-0001,上がる,Essential Verbs,学校が終わると、みんなの気分が上がった。,"Gakkou ga owaru to, minna no kibun ga agatta.","When school ended, everyone's mood lifted."
sent-0002,上がる,Essential Verbs,彼女が歌い始めると、周囲のテンションが上がった。,"Kanojo ga utaihajimeru to, shuui no tenshon ga agatta.","When she started singing, the excitement around her increased."
sent-0003,上がる,Essential Verbs,パーティーで彼が踊り始めると、皆の興奮が上がった。,"Paatii de kare ga odorihajimeru to, mina no koufun ga agatta.","When he started dancing at the party, everyone's excitement increased."
sent-0004,上がる,Essential Verbs,プレゼンテーションが成功した後、私の自信が上がった。,"Purezentēshon ga seikou shita ato, watashi no jishin ga agatta.","After the presentation succeeded, my confidence increased."
sent-0005,上がる,Essential Verbs,外が暖かくなり、温度が上がり始めた。,"Soto ga atatakaku nari, ondo ga agarihajimeta.","As it got warmer outside, the temperature started to rise."
sent-0006,上げる,Essential Verbs,手を上げると質問をすることができる。,Te o ageru to shitsumon o suru koto ga dekiru,You can ask a question by raising your hand.
sent-0007,上げる,Essential Verbs,彼女は喜びの声を上げた。,Kanojo wa yorokobi no koe o ageta.,She raised her voice in joy.
sent-0008,上げる,Essential Verbs,メーターの数値を上げる必要がある。,Meetaa no suuchi o ageru hitsuyou ga aru,It is necessary to raise the numerical value of the meter.
sent-0009,上げる,Essential Verbs,彼は株価を上げるために努力している。,Kare wa kabuka o ageru tame ni doryoku shite iru.,He is working hard to raise the stock price.
sent-0010,上げる,Essential Verbs,パーティーの準備ができたら、みんなの気分を上げましょう。,"Paatii no junbi ga dekitara, minna no kibun o agemashou.",Let's boost everyone's mood once the party preparations are complete.
sent-0011,挙げる,Essential Verbs,成績が良い学生の名前を挙げた。,Seiseki ga yoi gakusei no namae o ageta.,I mentioned the names of students with good grades.
sent-0012,挙げる,Essential Verbs,彼はその問題に対する解決策を3つ挙げました。,Kare wa sono mondai ni taisuru kaiketsu-saku o mittsu ageta.,He cited three solutions to the problem.
sent-0013,挙げる,Essential Verbs,彼女は夕食の献立について意見を挙げた。,Kanojo wa yuushoku no kondate ni tsuite iken o ageta.,She gave her opinion on the dinner menu.
sent-0014,挙げる,Essential Verbs,良い例として彼の行動を挙げることができます。,Yoi rei toshite kare no koudou o ageru koto ga dekimasu.,We can cite his actions as a good example.
sent-0015,挙げる,Essential Verbs,戦術の失敗例をいくつか挙げて、注意を促す必要がある。,"Senjutsu no shippai rei o ikutsu ka agete, chuui o unagasu hitsuyou ga aru.",We need to point out several tactical failure examples and urge caution.
sent-0016,揚げる,Essential Verbs,魚を揚げるのにこの油が最適だ。,Sakana o ageru no ni kono abura ga saiteki da.,This oil is perfect for frying fish.
sent-0017,揚げる,Essential Verbs,私はポテトを揚げるのが上手です。,Watashi wa poteto o ageru no ga jouzu desu.,I am good at frying potatoes.
sent-0018,揚げる,Essential Verbs,このチキンは十分に揚げられていない。,Kono chikin wa juubun ni agerarete inai.,This chicken is not fried enough.
sent-0019,揚げる,Essential Verbs,焼いたり揚げたりする料理が大好きです。,Yaitari agetari suru ryouri ga daisuki desu.,I love dishes that are grilled and fried.
sent-0020,揚げる,Essential Verbs,油で揚げる前に、天ぷら粉をかけてください。,"Abura de ageru mae ni, tempura-ko o kakete kudasai.",Please coat with tempura flour before frying in oil.
sent-0021,開ける,Essential Verbs,窓を開けると、新鮮な空気が部屋に入ってきた。,"Mado o akeru to, shinsen na kuuki ga heya ni haitte kita.","When I opened the window, fresh air came into the room."
sent-0022,開ける,Essential Verbs,誕生日プレゼントを開けるのが楽しみだ。,Tanjoubi purezento o akeru no ga tanoshimi da.,I'm looking forward to opening my birthday present.
sent-0023,開ける,Essential Verbs,鍵をかけているので、ドアを開けることができません。,"Kagi o kakete iru node, doa o akeru koto ga dekimasen.",I can't open the door because it's locked.
sent-0024,開ける,Essential Verbs,新しいワインを開ける時は、友達と一緒に楽しむつもりだ。,"Atarashii wain o akeru toki wa, tomodachi to issho ni tanoshimu tsumori da.",I plan to enjoy opening the new wine with friends.
sent-0025,開ける,Essential Verbs,彼は慌てて封筒を開けた。,Kare wa awatete fuutou o aketa.,He hurriedly opened the envelope.
sent-0026,空ける,Essential Verbs,部屋を空けることになります。,Heya o akeru koto ni narimasu.,I will have to vacate my room.
sent-0027,空ける,Essential Verbs,会議室を急いで空けるようにしてください。,Kaigishitsu o isoide akeru you ni shite kudasai.,Please make sure to vacate the meeting room as soon as possible.
sent-0028,空ける,Essential Verbs,彼女は机の上を空けました。,Kanojo wa tsukue no ue o akemashita.,She cleared off the desk.
sent-0029,空ける,Essential Verbs,教室をしばらく空けておいてください。,Kyoushitsu o shibaraku akete oite kudasai.,Please leave the classroom empty for a while.
sent-0030,空ける,Essential Verbs,荷物を全部取り出して、トランクを空けました。,"Nimotsu o zenbu toridashite, toranku o akemashita.",I took out all the luggage and emptied the trunk.
sent-0031,明ける,Essential Verbs,夜が明けると、鳥たちが歌い始める。,"Yoru ga akeru to, toritachi ga utaihajimeru.","When the night breaks, the birds start singing."
sent-0032,明ける,Essential Verbs,新年が明けると、みんなでお祝いをした。,"Shinnen ga akeru to, minna de oiwai o shita.","When the New Year came, everyone celebrated together."
sent-0033,明ける,Essential Verbs,休暇が明けると、彼は旅行に行く予定です。,"Kyuuka ga akeru to, kare wa ryokou ni iku yotei desu.","When the vacation is over, he plans to go on a trip."
sent-0034,明ける,Essential Verbs,夜が明けるまで、休憩室で待っていてください。,"Yoru ga akeru made, kyuukeishitsu de matteite kudasai.",Please wait in the break room until dawn.
sent-0035,明ける,Essential Verbs,夏休みが明けると、学校が再開される。,"Natsuyasumi ga akeru to, gakkou ga saikai sareru.","When summer vacation ends, school resumes."
sent-0036,あきらめる,Essential Verbs,彼は試験に合格することをあきらめた。,Kare wa shiken ni goukaku suru koto o akirameta.,He gave up on passing the exam.
sent-0037,あきらめる,Essential Verbs,成功するためには、途中であきらめることを避けなければなりません。,"Seikou suru tame ni wa, tochuu de akirameru koto o yokenakereba narimasen.","To succeed, you must avoid giving up halfway."
sent-0038,あきらめる,Essential Verbs,そのプロジェクトは困難だが、あきらめるわけにはいかない。,"Sono purojekuto wa konnan da ga, akirameru wake ni wa ikanai.","The project is difficult, but I cannot give up."
sent-0039,あきらめる,Essential Verbs,彼女は夢を追い求めて、現実をあきらめることはできなかった。,"Kanojo wa yume o oimotomete, genjitsu o akirameru koto wa dekinakatta.",She pursued her dreams and could not give up on reality.
sent-0040,あきらめる,Essential Verbs,彼は難しい仕事に直面しても、あきらめることなく最後まで yaritogeta.,"Kare wa muzukashii shigoto ni chokumen shite mo, akirameru koto naku saigo made yaritogeta.","Even when faced with a difficult job, he did not give up and saw it through to the end."
sent-0041,飽きる,Essential Verbs,同じ仕事を続けていると飽きることがある。,Onaji shigoto o tsudzuketeiru to akiru koto ga aru.,Continuing the same job can sometimes make you bored.
sent-0042,飽きる,Essential Verbs,彼は簡単に飽きる性格です。,Kare wa kantan ni akiru seikaku desu.,He has a personality that gets bored easily.
sent-0043,飽きる,Essential Verbs,子供たちはすぐにそのおもちゃに飽きてしまった。,Kodomo-tachi wa sugu ni sono omocha ni akite shimatta.,The children quickly got tired of that toy.
sent-0044,飽きる,Essential Verbs,あの映画は見るたびに飽きない。,Ano eiga wa miru tabi ni akiranai.,I never get tired of watching that movie.
sent-0045,飽きる,Essential Verbs,長時間勉強すると飽きるに違いない。,Choujikan benkyou suru to akiru ni chigai nai.,It's certain that you get bored if you study for a long time.
sent-0046,開く,Essential Verbs,ドアを開けるには鍵が必要です。,Doa o akeru ni wa kagi ga hitsuyou desu.,You need a key to open the door.
sent-0047,開く,Essential Verbs,彼女は窓を開けて新鮮な空気を家に入れた。,Kanojo wa mado o akete shinsen na kuuki o ie ni ireta.,She opened the window to let fresh air into the house.
sent-0048,開く,Essential Verbs,新しいレストランがこの通りに開きました。,Atarashii resutoran ga kono toori ni akimashita.,A new restaurant has opened on this street.
sent-0049,開く,Essential Verbs,部屋に入る前に靴を脱ぎ、ドアをそっと開けた。,"Heya ni hairu mae ni kutsu o nugi, doa o sotto aketa.","Before entering the room, I took off my shoes and gently opened the door."
sent-0050,開く,Essential Verbs,これから始まるミーティングのために資料を開けておいてください。,Kore kara hajimaru miitingu no tame ni shiryou o akete oite kudasai.,Please open the materials in preparation for the upcoming meeting.
sent-0051,空く,Essential Verbs,座席が空いているかどうか確認してください。,Zaseki ga aite iru ka dou ka kakunin shite kudasai.,Please check if there are any seats available.
sent-0052,空く,Essential Verbs,駐車場が空くのを待っていた。,Chuushajou ga aku no o matte ita.,I was waiting for a parking space to open up.
sent-0053,空く,Essential Verbs,仕事が終わった後、夕方に時間が空く予定です。,"Shigoto ga owatta ato, yuugata ni jikan ga aku yotei desu.","After finishing work, I expect to have some free time in the evening."
sent-0054,空く,Essential Verbs,予約がキャンセルされたため、美容院の予約が空きました。,"Yoyaku ga kyanseru sareta tame, biyouin no yoyaku ga akimashita.",The reservation at the beauty salon became available due to a cancellation.
sent-0055,空く,Essential Verbs,今日は午後からスケジュールが空いています。,Kyou wa gogo kara sukejuuru ga aite imasu.,My schedule is open from this afternoon.
sent-0056,争う,Essential Verbs,彼らは地位を争っている。,Karera wa chii o arasotte iru.,They are competing for position.
sent-0057,争う,Essential Verbs,二人の選手が優勝を争った。,Futari no senshu ga yuushou o arasotta.,The two athletes competed for the championship.
sent-0058,争う,Essential Verbs,その兄弟は相続権を争っていた。,Sono kyoudai wa souzokken o arasotte ita.,The siblings were fighting over inheritance rights.
sent-0059,争う,Essential Verbs,複数の会社がこのプロジェクトに関する契約を争っている。,Fukusuu no kaisha ga kono purojekuto ni kan suru keiyaku o arasotte iru.,Several companies are competing for the contract related to this project.
sent-0060,争う,Essential Verbs,国家間で資源を争うことが多い。,Kokka kan de shigen o arasou koto ga ooi.,Countries often compete over resources.
sent-0061,洗う,Essential Verbs,手を洗う必要があります。,Te o arau hitsuyou ga arimasu.,You need to wash your hands.
sent-0062,洗う,Essential Verbs,彼は毎日車を洗っている。,Kare wa mainichi kuruma o aratte iru.,He washes his car every day.
sent-0063,洗う,Essential Verbs,食後に皿を洗わなければなりません。,Shokugo ni sara o arawanakereba narimasen.,You have to wash the dishes after the meal.
sent-0064,洗う,Essential Verbs,顔を洗って目を覚ます。,Kao o aratte me o samasu.,Wash your face to wake up.
sent-0065,洗う,Essential Verbs,彼女は週末に部屋を大掃除して窓も洗いました。,Kanojo wa shuumatsu ni heya o oosouji shite mado mo araimashita.,She did a thorough cleaning of her room on the weekend and washed the windows too.
sent-0066,現れる,Essential Verbs,彼が予期せぬ時に現れた。,Kare ga yokisenu toki ni arawareta.,He appeared unexpectedly.
sent-0067,現れる,Essential Verbs,春になると桜の花が咲き、その美しさが現れる。,"Haru ni naru to, sakura no hana ga saki, utsukushisa ga arawareru.","In spring, cherry blossoms bloom and their beauty appears."
sent-0068,現れる,Essential Verbs,忍耐力が試される状況で彼女の本当の性格が現れた。,Nintairyoku ga tamesareru joukyou de kanojo no hontou no seikaku ga arawareta.,Her true nature appeared in a situation where her patience was tested.
sent-0069,現れる,Essential Verbs,彼らは突然現れて私たちに驚かせた。,Karera wa totsuzen arawarite watashitachi ni odorokaseta.,They appeared suddenly and surprised us.
sent-0070,現れる,Essential Verbs,言葉に現れる文化の違いを理解することが重要です。,Kotoba ni arawareru bunka no chigai o rikai suru koto ga juuyou desu.,It is important to understand the cultural differences that appear in words.
sent-0071,表れる,Essential Verbs,彼女の顔に喜びが表れた。,Kanojo no kao ni yorokobi ga arawareta.,Joy was expressed on her face.
sent-0072,表れる,Essential Verbs,彼の態度に不満が表れている。,Kare no taido ni fuman ga arawarete iru.,Dissatisfaction is shown in his attitude.
sent-0073,表れる,Essential Verbs,春が来ると、桜の花が咲き、その魅力が表れる。,"Haru ga kuru to, sakura no hana ga saki, sono miryoku ga arawareru.","When spring comes, cherry blossoms bloom and their charm appears."
sent-0074,表れる,Essential Verbs,彼女の目に感謝の気持ちが表れた。,Kanojo no me ni kansha no kimochi ga arawareta.,A feeling of gratitude was expressed in her eyes.
sent-0075,表れる,Essential Verbs,その絵には作者の感情が色濃く表れている。,Sono e ni wa sakusha no kanjou ga irokoku arawarete iru.,The author's emotions are vividly expressed in the painting.
sent-0076,現す,Essential Verbs,彼女は感情を現すのが得意ではない。,Kanojo wa kanjou o arawasu no ga tokui de wa nai.,She is not good at showing her emotions.
sent-0077,現す,Essential Verbs,彼は自分のアイデアを具体的に現すために、模型を作成した。,"Kare wa jibun no aidea o gutaiteki ni arawasu tame ni, mokei o sakusei shita.",He created a model to concretely express his idea.
sent-0078,現す,Essential Verbs,この映画は現代社会を象徴する問題を現している。,Kono eiga wa gendaishakai o shouchou suru mondai o arawashite iru.,This movie expresses the issues that symbolize modern society.
sent-0079,現す,Essential Verbs,芸術家は感情や想像力を作品に現す。,Geijutsuka wa kanjou ya souzouryoku o sakuhin ni arawasu.,Artists express their emotions and imagination in their works.
sent-0080,現す,Essential Verbs,彼女は真実を現そうとして、何も隠さず話してくれた。,"Kanojo wa shinjitsu o arawasou toshite, nanimo kakusazu hanashite kureta.",She tried to reveal the truth and talked to me without hiding anything.
sent-0081,表す,Essential Verbs,彼の顔は喜びを表していた。,Kare no kao wa yorokobi o arawashite ita.,His face expressed joy.
sent-0082,表す,Essential Verbs,この絵は作者の感情をうまく表している。,Kono e wa sakusha no kanjou o umaku arawashite iru.,This painting well represents the author's emotions.
sent-0083,表す,Essential Verbs,彼は言葉で気持ちを表すのが苦手だ。,Kare wa kotoba de kimochi o arawasu no ga nigate da.,He is not good at expressing his feelings through words.
sent-0084,表す,Essential Verbs,彼女は満足そうに頷くことで同意を表した。,Kanojo wa manzokusou ni unazuku koto de doui o arawashita.,She expressed her agreement by nodding with satisfaction.
sent-0085,表す,Essential Verbs,恩返しの気持ちを表すためにプレゼントを贈った。,Ongaeshi no kimochi o arawasu tame ni purezento o okutta.,I gave a gift to express my gratitude.
sent-0086,著す,Essential Verbs,彼は多くの著名な本を著している。,Kare wa ooku no chomeina hon o arashite iru.,He has authored many well-known books.
sent-0087,著す,Essential Verbs,その作家は歴史に関する本を著すことで有名だ。,Sono sakka wa rekishi ni kansuru hon o arasu koto de yuumei da.,The author is famous for writing books about history.
sent-0088,著す,Essential Verbs,科学者たちは研究論文を著す必要がある。,Kagakusha-tachi wa kenkyuu ronbun o arasu hitsuyou ga aru.,Scientists need to write research papers.
sent-0089,著す,Essential Verbs,彼女は自分の体験をもとに本を著しました。,Kanojo wa jibun no taiken o moto ni hon o arashimashita.,She wrote a book based on her own experiences.
sent-0090,著す,Essential Verbs,その教授は多くの学術論文を著し、専門家として評価されている。,"Sono kyouju wa ooku no gakujutsu ronbun o arashite, senmonka toshite hyouka sarete iru.",The professor has authored numerous academic papers and is highly valued as an expert.
sent-0091,ある（有る、在る）,Essential Verbs,ある日、彼は仕事で大成功しました。,"Aru hi, kare wa shigoto de daiseikou shimashita.","One day, he achieved great success at work."
sent-0092,ある（有る、在る）,Essential Verbs,この部屋の中には、ある意味があります。,"Kono heya no naka ni wa, aru imi ga arimasu.",There is a certain meaning in this room.
sent-0093,ある（有る、在る）,Essential Verbs,彼女はある秘密を隠しています。,Kanojo wa aru himitsu o kakushiteimasu.,She is hiding a certain secret.
sent-0094,ある（有る、在る）,Essential Verbs,彼は有るべき道を進んでいる。,Kare wa arubeki michi o susundeiru.,He is going down the path that he should be on.
sent-0095,ある（有る、在る）,Essential Verbs,ある程度の努力は必要だ。,Aru teido no doryoku wa hitsuyou da.,A certain amount of effort is necessary.
sent-0096,歩く,Essential Verbs,この道をまっすぐ歩くと、駅に着きます。,"Kono michi o massugu aruku to, eki ni tsukimasu","If you walk straight on this road, you will arrive at the station."
sent-0097,歩く,Essential Verbs,今日は仕事が終わったら公園を歩くつもりです。,Kyou wa shigoto ga owattara kouen o aruku tsumori desu,"Today, I plan to walk in the park after finishing work."
sent-0098,歩く,Essential Verbs,毎日20分歩くことで、健康に良い影響があると言われています。,"Mainichi 20-pun aruku koto de, kenkou ni yoi eikyou ga aru to iwareteimasu",It is said that walking for 20 minutes every day has a positive impact on health.
sent-0099,歩く,Essential Verbs,疲れたので、ゆっくり歩いて帰ります。,"Tsukareta node, yukkuri aruite kaerimasu","I'm tired, so I'll walk slowly back home."
sent-0100,歩く,Essential Verbs,雨が降っているので傘を持って歩く必要があります。,"Ame ga futte iru node, kasa o motte aruku hitsuyou ga arimasu","Since it's raining, you need to walk with an umbrella."
sent-0101,遊ぶ,Essential Verbs,週末に友達と遊びに行く予定です。,Shuumatsu ni tomodachi to asobi ni iku yotei desu.,I plan to go out and play with my friends on the weekend.
sent-0102,遊ぶ,Essential Verbs,子供たちが公園で遊んでいる。,Kodomo-tachi ga kouen de asonde iru.,The children are playing in the park.
sent-0103,遊ぶ,Essential Verbs,このゲームで遊びたい人は誰でも参加できます。,Kono gēmu de asobitai hito wa dare demo sanka dekimasu.,Anyone who wants to play this game can join.
sent-0104,遊ぶ,Essential Verbs,学校が終わった後、兄と一緒にビデオゲームで遊んだ。,"Gakkou ga owatta ato, ani to issho ni bideo gēmu de asonda.","After school, I played video games together with my older brother."
sent-0105,遊ぶ,Essential Verbs,私は犬と外で遊ぶのが大好きです。,Watashi wa inu to soto de asobu no ga daisuki desu.,I love playing outside with my dog.
sent-0106,当たる,Essential Verbs,宝くじに当たる夢を見た。,Takarakuji ni ataru yume o mita.,I had a dream of winning the lottery.
sent-0107,当たる,Essential Verbs,予言が当たることは珍しいことではない。,Yogen ga ataru koto wa mezurashii koto de wa nai.,It's not uncommon for prophecies to come true.
sent-0108,当たる,Essential Verbs,今日の天気予報は当たるといいんだが。,Kyou no tenki yohou wa ataru to iin daga.,I hope today's weather forecast is accurate.
sent-0109,当たる,Essential Verbs,彼女の言うことがいつも当たるので信頼されている。,Kanojo no iu koto ga itsumo ataru node shinrai sarete iru.,She is trusted because what she says always comes true.
sent-0110,当たる,Essential Verbs,あの先生のアドバイスはよく当たるので有名だ。,Ano sensei no adobaisu wa yoku ataru node yuumei da.,That teacher is famous for giving advice that often turns out to be correct.
sent-0111,当てる,Essential Verbs,くじに当てることはとても難しいです。,Kuji ni ateru koto wa totemo muzukashii desu.,It is very difficult to win the lottery.
sent-0112,当てる,Essential Verbs,彼は彼女の年齢を当てることができました。,Kare wa kanojo no nenrei o ateru koto ga dekimashita.,He was able to guess her age correctly.
sent-0113,当てる,Essential Verbs,当てるべき場所に赤いシールを貼ってください。,Ateru beki basho ni akai shiiru o hatte kudasai.,Please affix a red sticker on the designated spot.
sent-0114,当てる,Essential Verbs,彼はリーダーとして、チームのメンバーに役割を当てることが求められています。,"Kare wa riidaa toshite, chiimu no menbaa ni yakuwari o ateru koto ga motomerareteimasu.","As a leader, he is required to assign roles to the team members."
sent-0115,当てる,Essential Verbs,彼は予想を当てた時、とても嬉しそうにしていました。,"Yosou o ateta toki, kare wa totemo ureshisou ni shiteimashita.","When he guessed correctly, he looked very happy."
sent-0116,あてる,Essential Verbs,当てた人が多くてビックリしました。,Ateta hito ga ooku te bikkuri shimashita.,I was surprised that there were many people who guessed correctly.
sent-0117,あてる,Essential Verbs,質問に正確に答えを当てるのは難しい。,Shitsumon ni seikaku ni kotae o ateru no wa muzukashii.,It is difficult to accurately guess the answer to a question.
sent-0118,あてる,Essential Verbs,彼はクイズで答えを当てました。,Kare wa kuizu de kotae o atemashita.,He guessed the answer in the quiz.
sent-0119,あてる,Essential Verbs,彼女は彼がどんなプレゼントを欲しいかを当てました。,Kanojo wa kare ga donna purezento o hoshii ka o atemashita.,She guessed what kind of present he wanted.
sent-0120,あてる,Essential Verbs,私は宝くじを当てるために運試しをしました。,Watashi wa takarakuji o ateru tame ni untameshi o shimashita.,I tried my luck to win the lottery.
sent-0121,集まる,Essential Verbs,仲間たちが公園で集まって遊んでいた。,Nakama-tachi ga kouen de atsumatte asonde ita.,Friends gathered and played in the park.
sent-0122,集まる,Essential Verbs,週末には家族が集まって夕食を楽しむ。,Shuumatsu ni wa kazoku ga atsumatte yuushoku o tanoshimu.,"On weekends, the family gathers and enjoys dinner together."
sent-0123,集まる,Essential Verbs,今夜、クラスメートがカラオケに集まることにした。,"Kon'ya, kurasumeito ga karaoke ni atsumaru koto ni shita.","Tonight, classmates decided to gather at karaoke."
sent-0124,集まる,Essential Verbs,毎年、地域の住民が祭りに集まります。,"Maitoshi, chiiki no juumin ga matsuri ni atsumarimasu.","Every year, local residents gather for the festival."
sent-0125,集まる,Essential Verbs,社員が月に一度、会議室で集まって報告する。,"Shain ga tsuki ni ichido, kaigishitsu de atsumatte houkoku suru.",Employees gather in the conference room once a month to report.
sent-0126,集める,Essential Verbs,色々な切手を集めるのが趣味です。,Iroiro na kitte o atsumeru no ga shumi desu.,Collecting various stamps is my hobby.
sent-0127,集める,Essential Verbs,彼は古い硬貨を集めることに夢中です。,Kare wa furui kouka o atsumeru koto ni muchuu desu.,He is absorbed in collecting old coins.
sent-0128,集める,Essential Verbs,賛成意見を集めるために、私たちは皆の協力が必要です。,"Sansei iken o atsumeru tame ni, watashitachi wa minna no kyouryoku ga hitsuyou desu.","In order to gather supportive opinions, we need everyone's cooperation."
sent-0129,集める,Essential Verbs,毎月、食料品を集めて地元の食料銀行に寄付している。,"Maigetsu, shokuryouhin o atsumete jimoto no shokuryou ginkou ni kifu shite iru.","Every month, I collect food items and donate them to the local food bank."
sent-0130,集める,Essential Verbs,イベントの成功のために、多くのボランティアを集める必要がある。,"Ibento no seikou no tame ni, ooku no borantia o atsumeru hitsuyou ga aru.",We need to gather many volunteers for the success of the event.
sent-0131,会う,Essential Verbs,友だちに会う約束をしている。,Tomodachi ni au yakusoku o shiteiru.,I have made a promise to meet my friend.
sent-0132,会う,Essential Verbs,来週にまた会いましょう。,Raishuu ni mata aimashou.,Let's meet again next week.
sent-0133,会う,Essential Verbs,彼女と駅で偶然会った。,Kanojo to eki de guuzen atta.,I happened to meet her at the train station by chance.
sent-0134,会う,Essential Verbs,彼と会う前に、準備を整えたい。,"Kare to au mae ni, junbi o totonoetai.",I want to be prepared before I meet him.
sent-0135,会う,Essential Verbs,長い間会っていない友人に久しぶりに会いました。,Nagai aida atte inai yuujin ni hisashiburi ni aimashita.,I met a friend I hadn't seen in a long time after ages.
sent-0136,合う,Essential Verbs,心が合う友人と長い間付き合っています。,Kokoro ga au tomodachi to nagai aida tsukiatte imasu.,I have been in a long-term relationship with a friend whose hearts match mine.
sent-0137,合う,Essential Verbs,食材がうまく合って、美味しい料理ができました。,"Shokuzai ga umaku atte, oishii ryouri ga dekimashita.","The ingredients combined well, resulting in a delicious dish."
sent-0138,合う,Essential Verbs,この色が君の肌に合うね。,Kono iro ga kimi no hada ni au ne.,"This color suits your skin tone, doesn't it?"
sent-0139,合う,Essential Verbs,練習の成果が試合で発揮できて、チームの戦術に合っている。,"Renshuu no seika ga shiai de hakki dekite, chiimu no senjutsu ni atte iru.","The results of our practice were apparent in the match, and we fit well into the team's tactics."
sent-0140,合う,Essential Verbs,予定が合えば、二人で映画を観に行こう。,"Yotei ga aeba, futari de eiga o mi ni ikou.","If our schedules align, let's go watch a movie together."
sent-0141,謝る,Essential Verbs,彼はミスをした後、すぐに謝りました。,"Kare wa misu o shita ato, sugu ni ayamarimashita.","After making a mistake, he apologized immediately."
sent-0142,謝る,Essential Verbs,遅刻したことを先生に謝るべきです。,Chikoku shita koto o sensei ni ayamaru beki desu.,You should apologize to the teacher for being late.
sent-0143,謝る,Essential Verbs,彼女は心から謝る態度を示しました。,Kanojo wa kokoro kara ayamaru taido o shimeshimashita.,She showed a sincere attitude in apologizing.
sent-0144,謝る,Essential Verbs,彼は友達に無礼な言動をしたため、謝る必要があります。,"Kare wa tomodachi ni burei na gendou o shita tame, ayamaru hitsuyou ga arimasu.",He needs to apologize to his friend for his rude behavior.
sent-0145,謝る,Essential Verbs,誤解を招いたので、私は彼に謝るべきだと思います。,"Gokai o maneita node, watashi wa kare ni ayamaru beki da to omoimasu.","Since I caused a misunderstanding, I think I should apologize to him."
sent-0146,誤る,Essential Verbs,彼は質問に答えるのを誤りました。,Kare wa shitsumon ni kotaeru no o ayamarimashita.,He made a mistake in answering the question.
sent-0147,誤る,Essential Verbs,誤りやすい問題で気を付けてください。,Ayamari yasui mondai de ki o tsukete kudasai.,Please be careful with problems that are easy to make mistakes in.
sent-0148,誤る,Essential Verbs,私たちは計画を立てる際に重大な誤りを犯しました。,Watashitachi wa keikaku o tateru sai ni juudai na ayamari o okashimashita.,We made a serious mistake when planning.
sent-0149,誤る,Essential Verbs,信頼できる地図は、誤ることがほとんどありません。,"Shinrai dekiru chizu wa, ayamaru koto ga hotondo arimasen.",Reliable maps rarely err.
sent-0150,誤る,Essential Verbs,彼は誤って電話番号をダイヤルしました。,Kare wa ayamatte denwa bangou o daiyaru shimashita.,He mistakenly dialed the wrong phone number.
sent-0151,預かる,Essential Verbs,荷物を預かっておきます。,Nimotsu o azukatte okimasu.,I will hold onto your luggage for you.
sent-0152,預かる,Essential Verbs,犬を一週間預かることになりました。,Inu o isshuukan azukaru koto ni narimashita.,I am going to take care of the dog for a week.
sent-0153,預かる,Essential Verbs,友人から鍵を預かっています。,Yuujin kara kagi o azukatte imasu.,I am holding onto the keys for my friend.
sent-0154,預かる,Essential Verbs,預かったお金を使わずに、返すべきです。,"Azukatta okane o tsukawazu ni, kaesu beki desu.",You should return the money you held onto without using it.
sent-0155,預かる,Essential Verbs,子供たちを預かる責任は大変重いものです。,Kodomo-tachi o azukaru sekinin wa taihen omoi mono desu.,The responsibility of taking care of children is a very heavy burden.
sent-0156,預ける,Essential Verbs,銀行にお金を預けることができます。,Ginkou ni okane o azukeru koto ga dekimasu.,You can deposit money in a bank.
sent-0157,預ける,Essential Verbs,駅のコインロッカーに荷物を預ける。,Eki no koin rokkā ni nimotsu o azukeru.,Leave the luggage in the coin locker at the station.
sent-0158,預ける,Essential Verbs,旅行中に大切な品物はホテルのフロントに預けるべきです。,Ryokou-chuu ni taisetsu na shinamono wa hoteru no furonto ni azukeru beki desu.,"During the trip, you should leave valuables at the hotel front desk."
sent-0159,預ける,Essential Verbs,出張の間、友達に猫の世話を預けることにしました。,"Shucchou no aida, tomodachi ni neko no sewa o azukeru koto ni shimashita.",I decided to leave the care of my cat to my friend while I am on a business trip.
sent-0160,預ける,Essential Verbs,その秘密は彼に預けるしかなかった。,Sono himitsu wa kare ni azukeru shika nakatta.,I had no choice but to entrust that secret to him.
sent-0161,ぶつかる,Essential Verbs,彼は壁にぶつかってしまい、怪我をした。,"Kare wa kabe ni butsukatte shimai, kega o shita.",He bumped into the wall and got injured.
sent-0162,ぶつかる,Essential Verbs,駐車しようとしていた時、別の車とぶつかってしまった。,"Chuusha shiyou to shiteita toki, betsu no kuruma to butsukatte shimatta.","When I was trying to park, I accidentally hit another car."
sent-0163,ぶつかる,Essential Verbs,意見がぶつかることは、チームで働く際の一般的な問題だ。,"Iken ga butsukaru koto wa, chiimu de hataraku sai no ippan-teki na mondai da.",Clashing opinions are a common problem when working in a team.
sent-0164,ぶつかる,Essential Verbs,彼女は恥ずかしくて、壁に顔をぶつかりそうだった。,"Kanojo wa hazukashikute, kabe ni kao o butsukari soudatta.",She was so embarrassed that her face seemed like it would hit the wall.
sent-0165,ぶつかる,Essential Verbs,明日の試合でライバルチームにぶつかるんだ。,Ashita no shiai de raibaru chiimu ni butsukarun da.,We're going to face our rival team in tomorrow's match.
sent-0166,ぶつける,Essential Verbs,彼は壁に拳をぶつけた。,Kare wa kabe ni kobushi o butsuketa.,He hit the wall with his fist.
sent-0167,ぶつける,Essential Verbs,車が電柱にぶつけられた。,Kuruma ga denchuu ni butsukerareta.,The car was crashed into an electric pole.
sent-0168,ぶつける,Essential Verbs,彼女は彼に自分の意見をぶつけた。,Kanojo wa kare ni jibun no iken o butsuketa.,She confronted him with her opinion.
sent-0169,ぶつける,Essential Verbs,子供が玩具を床にぶつけて壊した。,Kodomo ga omocha o yuka ni butsukete kowashita.,The child broke the toy by hitting it against the floor.
sent-0170,ぶつける,Essential Verbs,話し合いの中で意見をぶつけ合うことが大切だ。,Hanashiai no naka de iken o butsukeau koto ga taisetsu da.,It is important to exchange opinions during discussions.
sent-0171,違う,Essential Verbs,彼の意見と私の意見は違う。,Kare no iken to watashi no iken wa chigau.,His opinion and my opinion are different.
sent-0172,違う,Essential Verbs,これは昨日見た本と違う。,Kore wa kinou mita hon to chigau.,This is not the same book I saw yesterday.
sent-0173,違う,Essential Verbs,君の考えが正しかったら、私は違っていた。,"Kimi no kangae ga tadashikattara, watashi wa chigatte ita.","If your opinion was correct, then I was wrong."
sent-0174,違う,Essential Verbs,この町では、雰囲気が季節によって違う。,"Kono machi de wa, fun'iki ga kisetsu ni yotte chigau.",The atmosphere in this town is different depending on the season.
sent-0175,違う,Essential Verbs,問題の解答方法は複数あって、それぞれ違うと思います。,"Mondai no kaitou houhou wa fukusuu atte, sorezore chigau to omoimasu.",I think there are multiple different solutions to the problem.
sent-0176,近づける,Essential Verbs,目標に近づけるために一生懸命働きます。,Mokuhyou ni chikazukeru tame ni isshoukenmei hatarakimasu.,I will work hard to bring myself closer to my goal.
sent-0177,近づける,Essential Verbs,彼に近づけるように努力します。,Kare ni chikazukeru you ni doryoku shimasu.,I will strive to get closer to him.
sent-0178,近づける,Essential Verbs,石を足に近づけると痛みが酷くなります。,Ishi o ashi ni chikazukeru to itami ga hidoku narimasu.,Bringing a stone close to my foot makes the pain worse.
sent-0179,近づける,Essential Verbs,完璧な演技に近づけるために、彼女は練習を重ねました。,"Kanpeki na engi ni chikazukeru tame ni, kanojo wa renshuu o kasanemashita.",She practiced repeatedly to get closer to a perfect performance.
sent-0180,近づける,Essential Verbs,彼の情熱が、私たちを理想の未来に近づける。,"Kare no jounetsu ga, watashitachi o risou no mirai ni chikazukeru.",His passion brings us closer to an ideal future.
sent-0181,近づく,Essential Verbs,駅に近づくにつれて人が増えてきた。,Eki ni chikazuku ni tsurete hito ga fuete kita.,"As we approached the station, the number of people increased."
sent-0182,近づく,Essential Verbs,彼女は警戒しているので、近づくのは難しい。,"Kanojo wa keikai shiteiru node, chikazuku no wa muzukashii.","She is on guard, so it's difficult to approach her."
sent-0183,近づく,Essential Verbs,夏休みが近づくと、子どもたちはわくわくする。,"Natsuyasumi ga chikazuku to, kodomo-tachi wa wakuwaku suru.","As summer vacation approaches, the children get excited."
sent-0184,近づく,Essential Verbs,台風が近づく前に、窓を閉めておいた方がいい。,"Taifuu ga chikazuku mae ni, mado o shimete oita hou ga ii.",It's better to close the windows before the typhoon approaches.
sent-0185,近づく,Essential Verbs,彼は私に近づくたびに緊張してしまう。,Kare wa watashi ni chikazuku tabi ni kinchou shite shimau.,"Every time he approaches me, I get nervous."
sent-0186,抱く,Essential Verbs,彼は大きな夢を抱いている。,Kare wa ookina yume o idaite iru.,He has a big dream.
sent-0187,抱く,Essential Verbs,彼女は自分の意見を抱くことができます。,Kanojo wa jibun no iken o idaku koto ga dekimasu.,She can hold her own opinion.
sent-0188,抱く,Essential Verbs,彼は子供を抱いて寝かしつけた。,Kare wa kodomo o daite nekashitsuketa.,He held the child and put him to sleep.
sent-0189,抱く,Essential Verbs,その情報に対して疑惑を抱く人が多い。,Sono jouhou ni taishite giwaku o idaku hito ga ooi.,Many people harbor doubts about that information.
sent-0190,抱く,Essential Verbs,彼女は彼に対して深い愛情を抱いている。,Kanojo wa kare ni taishite fukai aijou o idaite iru.,She holds deep affection for him.
sent-0191,だます,Essential Verbs,彼は私を簡単にだました。,Kare wa watashi o kantan ni damashita.,He easily deceived me.
sent-0192,だます,Essential Verbs,彼女は上手に人をだますことができる。,Kanojo wa jouzu ni hito o damasu koto ga dekiru.,She can skillfully deceive people.
sent-0193,だます,Essential Verbs,だますつもりでしたが、彼にばれてしまった。,"Damasu tsumori deshita ga, kare ni barete shimatta.","I intended to deceive him, but he found out."
sent-0194,だます,Essential Verbs,詐欺師にだまされて、大金を失った。,"Sagishi ni damasarete, taikin o ushinatta.",I was deceived by a swindler and lost a lot of money.
sent-0195,だます,Essential Verbs,彼は誰でもだませるほど口がうまい。,Kare wa dare demo damaseru hodo kuchi ga umai.,He's so good at speaking that he can deceive anyone.
sent-0196,出す,Essential Verbs,彼は宿題を先生に出すのを忘れた。,Kare wa shukudai o sensei ni dasu no o wasureta.,He forgot to hand in his homework to the teacher.
sent-0197,出す,Essential Verbs,レポートは金曜日までに出すべきだ。,Repōto wa kin'yōbi made ni dasu beki da.,The report should be submitted by Friday.
sent-0198,出す,Essential Verbs,騒音に悩まされていたので、彼女はクレームを出すことにした。,"Sōon ni nayamasarete ita node, kanojo wa kurēmu o dasu koto ni shita.","She was troubled by the noise, so she decided to file a complaint."
sent-0199,出す,Essential Verbs,食器を出してテーブルを用意してください。,Shokki o dashite tēburu o youi shite kudasai.,Please take out the dishes and prepare the table.
sent-0200,出す,Essential Verbs,先生がテストの結果を出して学生に shiraseta.,Sensei ga tesuto no kekka o dashite gakusei ni shiraseta.,The teacher released the test results and informed the students.
sent-0201,出かける,Essential Verbs,雨が降っているので、傘を持って出かけます。,"Ame ga futte iru node, kasa o motte dekakemasu.","Since it is raining, I will go out with an umbrella."
sent-0202,出かける,Essential Verbs,今日は友達と買い物に出かける予定です。,Kyou wa tomodachi to kaimono ni dekakeru yotei desu.,"Today, I am planning to go shopping with my friend."
sent-0203,出かける,Essential Verbs,仕事が終わったら、すぐに出かけます。,"Shigoto ga owattara, sugu ni dekakemasu.",I will go out as soon as I finish work.
sent-0204,出かける,Essential Verbs,明日の朝早く出かけなければなりません。,Ashita no asa hayaku dekakanakereba narimasen.,I have to go out early tomorrow morning.
sent-0205,出かける,Essential Verbs,彼は毎週末に旅行に出かけるのが好きです。,Kare wa maishuumatsu ni ryokou ni dekakeru no ga suki desu.,He likes to go on trips every weekend.
sent-0206,できる（出来る）,Essential Verbs,出来るだけ早く返事をください。,Dekiru dake hayaku henji o kudasai.,Please reply as soon as possible.
sent-0207,できる（出来る）,Essential Verbs,彼は料理がとても上手にできる。,Kare wa ryouri ga totemo jouzu ni dekiru.,He can cook very well.
sent-0208,できる（出来る）,Essential Verbs,その仕事は私にはできません。,Sono shigoto wa watashi ni wa dekimasen.,I cannot do that job.
sent-0209,できる（出来る）,Essential Verbs,今週中にそのレポートを完成させるために、できるだけ努力します。,"Konshuu chuu ni sono repooto o kansei saseru tame ni, dekiru dake doryoku shimasu.",I will try my best to complete the report within this week.
sent-0210,できる（出来る）,Essential Verbs,できる限り練習して、試合に勝ちたいです。,"Dekiru kagiri renshuu shite, shiai ni kachitai desu.",I want to win the match by practicing as much as possible.
sent-0211,出る,Essential Verbs,試験に出るつもりはありません。,Shiken ni deru tsumori wa arimasen.,I don't intend to take the exam.
sent-0212,出る,Essential Verbs,一番出口を出ると、すぐに駅があります。,"Ichiban deguchi o deru to, sugu ni eki ga arimasu.","When you exit from the first exit, the station is immediately there."
sent-0213,出る,Essential Verbs,会議に出る前に資料を準備しておいてください。,Kaigi ni deru mae ni shiryou o junbi shite oite kudasai.,Please prepare the materials before going to the meeting.
sent-0214,出る,Essential Verbs,高校を出たら、すぐに働き始めました。,"Koukou o detara, sugu ni hataraki hajimemashita.",I started working right after leaving high school.
sent-0215,出る,Essential Verbs,今度のパーティーには絶対出るべきだよ。,Kondo no paatii niwa zettai deru beki da yo.,You should definitely go to the next party.
sent-0216,選ぶ,Essential Verbs,私はメニューから料理を選ぶのが難しいです。,Watashi wa menyuu kara ryouri o erabu no ga muzukashii desu.,It's difficult for me to choose a dish from the menu.
sent-0217,選ぶ,Essential Verbs,明日のコーディネートを今晩選ぶべきです。,Ashita no koodeineeto o konban erabu beki desu.,I should choose my outfit for tomorrow tonight.
sent-0218,選ぶ,Essential Verbs,色々な映画があって、どれを選ぶか決められない。,"Iroirona eiga ga atte, dore o erabu ka kimerarenai.","There are various movies, and I can't decide which one to choose."
sent-0219,選ぶ,Essential Verbs,彼は選ばれた5名の候補者の中から最も適任者を選ぶ必要がある。,Kare wa erabareta gonin no kouhosha no naka kara mottomo tekininsha o erabu hitsuyou ga aru.,He needs to choose the most suitable person from among the five selected candidates.
sent-0220,選ぶ,Essential Verbs,賢明な消費者は品質と価格を比較して商品を選ぶ。,Kenmei na shouhisya wa hinshitsu to kakaku o hikaku shite shouhin o erabu.,A wise consumer chooses products by comparing quality and price.
sent-0221,増える,Essential Verbs,人口が増えることで、都市の問題が sarani shinkokka suru.,"Jinkou ga fueru koto de, toshi no mondai ga sarani shinkokka suru.","As the population increases, the problems of cities become even more serious."
sent-0222,増える,Essential Verbs,最近、仕事の量が増える一方で、時間が取れません。,"Saikin, shigoto no ryou ga fueru ippou de, jikan ga toremasen.","Recently, with the increasing amount of work, I can't find any time."
sent-0223,増える,Essential Verbs,グローバル温暖化によって、災害が増えることが予想される。,"Guroobaru ondanka ni yotte, saigai ga fueru koto ga yosou sareru.",It is predicted that disasters will increase due to global warming.
sent-0224,増える,Essential Verbs,フリーランスの働き方が増えるにつれて、事業所の数も fuete iru.,"Furiiransu no hatarakikata ga fueru ni tsurete, jigyoujo no kazu mo fuete iru.","As the number of freelancers increases, the number of businesses is also increasing."
sent-0225,増える,Essential Verbs,ちょっとした努力が増えれば、生活がずいぶん楽になるのではないか.,"Chotto shita doryoku ga fuereba, seikatsu ga zuibun raku ni naru no de wa nai ka.",I wonder if life would be much easier if a little extra effort were made.
sent-0226,ふく,Essential Verbs,服を買いに行こうと思っています。,Fuku o kai ni ikou to omotte imasu.,I'm thinking of going to buy clothes.
sent-0227,ふく,Essential Verbs,この服はとても快適です。,Kono fuku wa totemo kaiteki desu.,These clothes are very comfortable.
sent-0228,ふく,Essential Verbs,彼女はいつもおしゃれな服を着ています。,Kanojo wa itsumo oshare na fuku o kite imasu.,She always wears fashionable clothes.
sent-0229,ふく,Essential Verbs,春の服を持っていないため、新しい服を購入する予定です。,"Haru no fuku o motte inai tame, atarashii fuku o kounyuu suru yotei desu.",I plan to buy new clothes as I don't have any spring clothes.
sent-0230,ふく,Essential Verbs,子供が大きくなったので、新しい服を購入しなければいけません。,"Kodomo ga ookiku natta node, atarashii fuku o kounyuu shinakereba ikemasen.",I have to buy new clothes for my child as they've grown up.
sent-0231,吹く,Essential Verbs,風が強く吹いている。,Kaze ga tsuyoku fuite iru.,The wind is blowing strongly.
sent-0232,吹く,Essential Verbs,彼はトランペットを吹くのが上手だ。,Kare wa toranpetto o fuku no ga jouzu da.,He is good at playing the trumpet.
sent-0233,吹く,Essential Verbs,吹雪の中で道が見つからなかった。,Fubuki no naka de michi ga mitsukaranakatta.,I couldn't find the way in the blowing snowstorm.
sent-0234,吹く,Essential Verbs,彼女は花びらに軽く息を吹きかけた。,Kanojo wa hanabira ni karuku iki o fuki kaketa.,She gently blew her breath on the flower petals.
sent-0235,吹く,Essential Verbs,運動会が終わった途端、雨が降り出して風が吹きはじめた。,"Undoukai ga owatta totan, ame ga furidashite kaze ga fuki hajimeta.","As soon as the sports festival ended, the rain began to fall and the wind started blowing."
sent-0236,含める,Essential Verbs,今日の会議では、全ての意見を含めるつもりです。,"Kyou no kaigi de wa, subete no iken o fukumeru tsumori desu.","In today's meeting, I intend to include all opinions."
sent-0237,含める,Essential Verbs,彼の趣味は、野球を含めて3つあります。,"Kare no shumi wa, yakyuu o fukumete mittsu arimasu.","He has three hobbies, including baseball."
sent-0238,含める,Essential Verbs,商品の価格には、消費税を含めた金額になります。,"Shouhin no kakaku ni wa, shouhizei o fukumeta kingaku ni narimasu.",The price of the product includes the amount with consumption tax.
sent-0239,含める,Essential Verbs,資料の中には、その問題に関するいくつかの情報も含めます。,"Shiryou no naka ni wa, sono mondai ni kansuru ikutsu ka no jouhou mo fukemimasu.",The materials will also include some information related to that issue.
sent-0240,含める,Essential Verbs,プロジェクトチームのメンバーは、私を含めて5人います。,"Purojekuto chiimu no menbaa wa, watashi o fukumete gonin imasu.","There are five members in the project team, including me."
sent-0241,含む,Essential Verbs,このリストにはすべての項目が含まれています。,Kono risuto ni wa subete no koumoku ga fukumarete imasu.,This list includes all the items.
sent-0242,含む,Essential Verbs,彼の話にはいくつかの誤解が含まれていた。,Kare no hanashi ni wa ikutsu ka no gokai ga fukumarete ita.,His story contained several misunderstandings.
sent-0243,含む,Essential Verbs,その料理にはアレルギー物質を含む食材が使われています。,Sono ryouri ni wa arerugii busshitsu o fukumu shokuzai ga tsukawareteimasu.,The dish contains ingredients that include allergens.
sent-0244,含む,Essential Verbs,この文学作品は多くの暗喩が含まれています。,Kono bungaku sakuhin wa ooku no an'yu ga fukumareteimasu.,This literary work contains many metaphors.
sent-0245,含む,Essential Verbs,今後の計画には海外旅行も含みたいと思っています。,Kongou no keikaku ni wa kaigai ryokou mo fukumitai to omotte imasu.,I would like to include overseas travel in my future plans.
sent-0246,触れる,Essential Verbs,彼女の話に触れると、彼は悲しそうに見えた。,"Kanojo no hanashi ni fureru to, kare wa kanashisou ni mieta.","When her story was touched upon, he seemed sad."
sent-0247,触れる,Essential Verbs,物事の真相に触れることが大切です。,Monogoto no shinsou ni fureru koto ga taisetsu desu.,It is important to touch on the truth of things.
sent-0248,触れる,Essential Verbs,私は彼の心に触れる言葉をかけたいと思った。,Watashi wa kare no kokoro ni fureru kotoba o kaketai to omotta.,I wanted to say words that would touch his heart.
sent-0249,触れる,Essential Verbs,この話題に触れると、彼はいつも怒り出す。,"Kono wadai ni fureru to, kare wa itsumo okoridasu.","When this topic is touched upon, he always starts to get angry."
sent-0250,触れる,Essential Verbs,美術作品に直接触れることで、感動が増す。,"Bijutsu sakuhin ni chokusetsu fureru koto de, kandou ga masu.",Touching artworks directly increases the emotional impact.
sent-0251,降る,Essential Verbs,雨が降るかもしれないから、傘を持っていこう。,"Ame ga furu kamo shirenai kara, kasa o motte ikou.",Let's bring an umbrella because it might rain.
sent-0252,降る,Essential Verbs,冬になると、雪が降る。,"Fuyu ni naru to, yuki ga furu.","When winter comes, snow falls."
sent-0253,降る,Essential Verbs,桜の花びらが風に乗って降る。,Sakura no hanabira ga kaze ni notte furu.,Cherry blossom petals fall carried by the wind.
sent-0254,降る,Essential Verbs,今日は朝から雨が降っているので、外出を控えてください。,"Kyou wa asa kara ame ga futte iru no de, gaishutsu o hikaete kudasai.","It has been raining since this morning, so please refrain from going out."
sent-0255,降る,Essential Verbs,暖かい春の日差しにひとしきりの雨が降る。,Atatakai haru no hizashi ni hitoshikiri no ame ga furu.,A brief rain falls under the warm spring sunshine.
sent-0256,振る,Essential Verbs,彼は手を振って別れを告げた。,Kare wa te o futte wakare o tsugeta.,He waved his hand to say goodbye.
sent-0257,振る,Essential Verbs,彼女は雪の中で傘を振り回した。,Kanojo wa yuki no naka de kasa o furimawashita.,She swung her umbrella in the snow.
sent-0258,振る,Essential Verbs,子供たちは幸せそうに旗を振っていた。,Kodomo-tachi wa shiawase sou ni hata o futte ita.,The children were happily waving flags.
sent-0259,振る,Essential Verbs,彼女は部屋に入って来たときに、髪を振り乱していた。,"Kanojo wa heya ni haitte kita toki ni, kami o furimidashite ita.","When she came into the room, her hair was disheveled."
sent-0260,振る,Essential Verbs,彼は質問に対して、首を横に振って否定した。,"Kare wa shitsumon ni taishite, kubi o yoko ni futte hitei shita.",He shook his head to indicate a negative response to the question.
sent-0261,太る,Essential Verbs,運動不足で太ってしまった。,Undou busoku de futotte shimatta.,I gained weight due to lack of exercise.
sent-0262,太る,Essential Verbs,糖分を摂りすぎると太りやすい。,Toubun o torisugiru to futori yasui.,Consuming too much sugar makes it easy to gain weight.
sent-0263,太る,Essential Verbs,健康のために、太らないように気を付けています。,"Kenkou no tame ni, futoranai you ni ki o tsuketeimasu.","For my health, I am careful not to gain weight."
sent-0264,太る,Essential Verbs,ストレスが原因で太ってしまうことがある。,Sutoresu ga gen'in de futotte shimau koto ga aru.,Stress can sometimes cause weight gain.
sent-0265,太る,Essential Verbs,カロリーを制限しないと、簡単に太ってしまいます。,"Karorii o seigen shinai to, kantan ni futotte shimaimasu.","If you don't limit your calorie intake, it's easy to gain weight."
sent-0266,増やす,Essential Verbs,収入を増やすために、副業を始めました。,"Shuunyuu o fuyasu tame ni, fukugyou o hajimemashita.",I started a side job to increase my income.
sent-0267,増やす,Essential Verbs,このプロジェクトの成功のために、チームのメンバーを増やすことになりました。,"Kono purojekuto no seikou no tame ni, chiimu no menbaa o fuyasu koto ni narimashita.",We decided to increase the number of team members for the success of this project.
sent-0268,増やす,Essential Verbs,健康を維持するために、運動の量を増やすことが重要です。,"Kenkou o iji suru tame ni, undou no ryou o fuyasu koto ga juuyou desu.",It is important to increase the amount of exercise to maintain health.
sent-0269,増やす,Essential Verbs,勉強時間を増やすことで、試験の点数が上がるでしょう。,"Benkyou jikan o fuyasu koto de, shiken no tensuu ga agaru deshou.","By increasing the study time, your test scores will likely improve."
sent-0270,増やす,Essential Verbs,お店の集客力を増やすため、新しいマーケティング戦略を試しています。,"Omise no shuukyaku-ryoku o fuyasu tame, atarashii maaketingu senryaku o tameshiteimasu.",We are trying out a new marketing strategy to increase the store's customer attraction.
sent-0271,頑張る,Essential Verbs,今日も一日頑張ります。,Kyou mo ichinichi ganbarimasu.,I will do my best today as well.
sent-0272,頑張る,Essential Verbs,試験に向けて頑張らないと。,Shiken ni mukete ganbaranai to.,I have to work hard for the exam.
sent-0273,頑張る,Essential Verbs,彼女は仕事でも家庭でも頑張っている。,Kanojo wa shigoto demo katei demo ganbatte iru.,She is working hard both at work and at home.
sent-0274,頑張る,Essential Verbs,頑張って勉強すれば、成績が上がるはずだ。,"Ganbatte benkyou sureba, seiseki ga agaru hazu da.","If you study hard, your grades should improve."
sent-0275,頑張る,Essential Verbs,新しい仕事で頑張ってください。,Atarashii shigoto de ganbatte kudasai.,Please do your best in your new job.
sent-0276,入る,Essential Verbs,新しいクラスに入ることになりました。,Atarashii kurasu ni hairu koto ni narimashita.,I will be joining a new class.
sent-0277,入る,Essential Verbs,彼が私たちのチームに入ることが決まった。,Kare ga watashitachi no chiimu ni hairu koto ga kimatta.,It's been decided that he will join our team.
sent-0278,入る,Essential Verbs,仕事がたくさんあるので、それに集中するために部屋に入る。,"Shigoto ga takusan aru node, sore ni shuuchuu suru tame ni heya ni hairu.","Since I have a lot of work, I will go to my room to concentrate on it."
sent-0279,入る,Essential Verbs,カフェに入る前に、手を消毒してください。,"Kafe ni hairu mae ni, te o shoudoku shite kudasai.",Please sanitize your hands before entering the cafe.
sent-0280,入る,Essential Verbs,彼は門をくぐって学校に入った。,Kare wa mon o kugutte gakkou ni haitta.,He entered the school by passing through the gate.
sent-0281,始まる,Essential Verbs,映画が始まる前に席に座ってください。,Eiga ga hajimaru mae ni seki ni suwatte kudasai.,Please sit down in your seat before the movie starts.
sent-0282,始まる,Essential Verbs,新しい年が始まると、みんなは希望に満ちています。,"Atarashii toshi ga hajimaru to, minna wa kibou ni michite imasu.","When a new year begins, everyone is filled with hope."
sent-0283,始まる,Essential Verbs,遠足が始まる前に、出発の準備を整えよう。,"Ensoku ga hajimaru mae ni, shuppatsu no junbi o totonoe you.",Let's prepare for the departure before the excursion starts.
sent-0284,始まる,Essential Verbs,桜の開花シーズンが始まると、春が来たことを感じます.,"Sakura no kaika shiizun ga hajimaru to, haru ga kita koto o kanjimasu.","When the cherry blossom season begins, I feel that spring has arrived."
sent-0285,始まる,Essential Verbs,大会が始まる前に、選手たちは試合のために心身ともに準備しています。,"Taikai ga hajimaru mae ni, senshutachi wa shiai no tame ni shinshin tomo ni junbi shiteimasu.","Before the competition starts, the athletes are preparing both mentally and physically for their matches."
sent-0286,始める,Essential Verbs,日本語を勉強し始めることにした。,Nihongo o benkyou shihajimeru koto ni shita.,I decided to start learning Japanese.
sent-0287,始める,Essential Verbs,新しいプロジェクトを始める予定です。,Atarashii purojekuto o hajimeru yotei desu.,I plan to start a new project.
sent-0288,始める,Essential Verbs,彼はダイエットを始めることを決めました。,Kare wa daietto o hajimeru koto o kimemashita.,He decided to start a diet.
sent-0289,始める,Essential Verbs,仕事が忙しくなる前に、ジムに行き始めたい。,"Shigoto ga isogashiku naru mae ni, jimu ni ikihajimetai.",I want to start going to the gym before work gets busy.
sent-0290,始める,Essential Verbs,彼女はピアノを習い始めたばかりです。,Kanojo wa piano o naraihajimeta bakari desu.,She just started learning to play the piano.
sent-0291,測る（量る、計る）,Essential Verbs,身長を測るためには、背筋を伸ばして立つことが大切です。,"Shinchou o hakaru tame ni wa, sesuji o nobashite tatsu koto ga taisetsu desu.","To measure your height, it is important to stand up straight with your back stretched."
sent-0292,測る（量る、計る）,Essential Verbs,ケーキを作るとき、材料を正確に量ることが大切です。,"Kēki o tsukuru toki, zairyou o seikaku ni hakaru koto ga taisetsu desu.","When making a cake, it is important to accurately measure the ingredients."
sent-0293,測る（量る、計る）,Essential Verbs,彼女は熱が高いので、様子を見て定期的に体温を計ることにしました。,"Kanojo wa netsu ga takai node, yousu o mite teiki-teki ni taion o hakaru koto ni shimashita.","Since she has a high fever, I decided to watch her condition and measure her body temperature regularly."
sent-0294,測る（量る、計る）,Essential Verbs,スーパーで野菜を買う前に、重さを量ることが一般的です。,"Sūpā de yasai o kau mae ni, omosa o hakaru koto ga ippan-teki desu.",It is common to measure the weight of vegetables before buying them at the supermarket.
sent-0295,測る（量る、計る）,Essential Verbs,地図上で、2点間の距離を測ることが容易です。,"Chizu-jou de, nitenkan no kyori o hakaru koto ga youi desu.",It is easy to measure the distance between two points on a map.
sent-0296,図る,Essential Verbs,彼はその問題を解決する方法を図っている。,Kare wa sono mondai o kaiketsu suru houhou o hakatte iru.,He is trying to figure out a way to solve the problem.
sent-0297,図る,Essential Verbs,友人との距離を縮める方法を図らなければならない。,Yuujin to no kyori o chijimeru houhou o hakaranakereba naranai.,We need to figure out a way to close the distance with friends.
sent-0298,図る,Essential Verbs,あの二人の関係を改善しようと彼女は図った。,Ano futari no kankei o kaizen shiyou to kanojo wa hakatta.,She tried to find a way to improve the relationship between those two.
sent-0299,図る,Essential Verbs,会社の業績を向上させるために、新たな戦略を図ることが必要だ。,"Kaisha no gyouseki o koujou saseru tame ni, arata na senryaku o hakaru koto ga hitsuyou da.","In order to improve the company's performance, it is necessary to devise a new strategy."
sent-0300,図る,Essential Verbs,成功を図るためには、計画を立てることが重要です。,"Seikou o hakaru tame ni wa, keikaku o tateru koto ga juuyou desu.","In order to achieve success, it is important to make a plan."
sent-0301,運ぶ,Essential Verbs,引っ越しの荷物を運ぶのは大変だ。,Hikkoshi no nimotsu o hakobu no wa taihen da.,It's hard to carry moving luggage.
sent-0302,運ぶ,Essential Verbs,重い箱を運ぶのに苦労した。,Omoi hako o hakobu no ni kurou shita.,I had trouble carrying the heavy box.
sent-0303,運ぶ,Essential Verbs,彼は毎日野菜を市場に運んでいる。,Kare wa mainichi yasai o ichiba ni hakonde iru.,He carries vegetables to the market every day.
sent-0304,運ぶ,Essential Verbs,ピザ配達のおじさんがピザを運んできた。,Piza haitatsu no ojisan ga piza o hakonde kita.,The pizza delivery man brought the pizza.
sent-0305,運ぶ,Essential Verbs,週末は友達の家に荷物を運ぶ手伝いをします。,Shuumatsu wa tomodachi no ie ni nimotsu o hakobu tetsudai o shimasu.,"On the weekend, I will help my friend carry their luggage to their house."
sent-0306,履く,Essential Verbs,新しい靴を履いて学校へ行った。,Atarashii kutsu o haite gakkou e itta.,I wore new shoes and went to school.
sent-0307,履く,Essential Verbs,今日は運動するので、スニーカーを履きます。,"Kyou wa undou suru node, suniikaa o hakimasu.","Since I will be exercising today, I'll wear sneakers."
sent-0308,履く,Essential Verbs,雪が降っているので、長靴を履いて出かけましょう。,"Yuki ga futte iru node, nagagutsu o haite dekakemashou.","Since it's snowing, let's go out wearing boots."
sent-0309,履く,Essential Verbs,靴を履く時は、靴べらを使ってください。,"Kutsu o haku toki wa, kutsu bera o tsukatte kudasai.","When putting on shoes, please use a shoehorn."
sent-0310,履く,Essential Verbs,結婚式にはフォーマルな靴を履いて出席した方が良いです。,Kekkonshiki ni wa foomaru na kutsu o haite shusseki shita hou ga ii desu.,It is better to attend a wedding ceremony wearing formal shoes.
sent-0311,吐く,Essential Verbs,彼は緊張のあまり、舞台の上で吐いてしまった。,"Kare wa kinchou no amari, butai no ue de haite shimatta.",He was so nervous that he threw up on stage.
sent-0312,吐く,Essential Verbs,お酒を飲みすぎて、彼女は吐いてしまった。,"Osake o nomisugite, kanojo wa haite shimatta.",She drank too much alcohol and vomited.
sent-0313,吐く,Essential Verbs,彼は病気で苦しみ、悪寒とともに吐いた。,"Kare wa byouki de kurushimi, okan to tomoni haita.",He suffered from illness and vomited with chills.
sent-0314,吐く,Essential Verbs,汚れた空気が吐き気をもよおさせる。,Yogoreta kuuki ga hakike o moyouosaseru.,The polluted air makes me feel nauseous and want to vomit.
sent-0315,吐く,Essential Verbs,もうこれ以上食べると吐いてしまいそうだ。,Mou kore ijou taberu to haite shimaisou da.,"If I eat any more, I feel like I'm going to throw up."
sent-0316,掃く,Essential Verbs,床を掃くのは毎日の習慣です。,Yuka o haku no wa mainichi no shūkan desu.,Sweeping the floor is a daily habit.
sent-0317,掃く,Essential Verbs,週に一度、庭を掃くことが必要です。,"Shū ni ichido, niwa o haku koto ga hitsuyō desu.",It is necessary to sweep the garden once a week.
sent-0318,掃く,Essential Verbs,彼は毎朝、玄関の前を掃いています。,"Kare wa maiasa, genkan no mae o haiteimasu.",He sweeps the front of the entrance every morning.
sent-0319,掃く,Essential Verbs,秋になると、落ち葉を掃く仕事が増えます。,"Aki ni naru to, ochiba o haku shigoto ga fuemasu.","In autumn, the task of sweeping fallen leaves increases."
sent-0320,掃く,Essential Verbs,バケツの水で道路を濡らしてから、ホウキで埃を掃きます。,"Baketsu no mizu de dōro o nurashite kara, hōki de hokori o hakimasu.","Wet the road with water from a bucket, and then sweep the dust with a broom."
sent-0321,話す,Essential Verbs,彼女と長い時間話すのは楽しいです。,Kanojo to nagai jikan hanasu no wa tanoshii desu.,It's fun to talk with her for a long time.
sent-0322,話す,Essential Verbs,父は夕食のとき、家族と楽しく話しています.,"Chichi wa yuushoku no toki, kazoku to tanoshiku hanashite imasu.",My father often has pleasant conversations with the family during dinner.
sent-0323,話す,Essential Verbs,彼は英語を話すのが上手だと評判です。,Kare wa eigo o hanasu no ga jouzu da to hyouban desu.,He is reputed to be good at speaking English.
sent-0324,話す,Essential Verbs,友達と楽しい話しを交わすのが大好きです。,Tomodachi to tanoshii hanashi o kawasu no ga daisuki desu.,I love exchanging fun stories with my friends.
sent-0325,話す,Essential Verbs,若者たちはそのカフェでよく話している.,Wakamonotachi wa sono kafe de yoku hanashite iru.,Young people often chat in that café.
sent-0326,離す,Essential Verbs,彼女の手を離すことができなかった。,Kanojo no te o hanasu koto ga dekinakatta.,I couldn't let go of her hand.
sent-0327,離す,Essential Verbs,子どもが落ち着くまで目を離すな。,Kodomo ga ochitsuku made me o hanasu na.,Don't take your eyes off the child until they calm down.
sent-0328,離す,Essential Verbs,犬のリードを離すと、すぐに走り出した。,"Inu no riido o hanasu to, sugu ni hashiridashita.","As soon as I let go of the dog's leash, it started running."
sent-0329,離す,Essential Verbs,彼はまだ彼女の手を離すことができない。,Kare wa mada kanojo no te o hanasu koto ga dekinai.,He still can't let go of her hand.
sent-0330,離す,Essential Verbs,私たちは彼女の手を離すのが辛かったが、彼女の自立のためには必要だった。,"Watashitachi wa kanojo no te o hanasu no ga tsurakatta ga, kanojo no jiritsu no tame ni wa hitsuyou datta.","It was hard for us to let go of her hand, but it was necessary for her to become independent."
sent-0331,放す,Essential Verbs,彼は鳩を放して平和を祈った。,Kare wa hato o hanashite heiwa o inotta.,He released the pigeon and prayed for peace.
sent-0332,放す,Essential Verbs,その犬をリードから放すべきではありません。,Sono inu o ri-do kara hanasu beki de wa arimasen.,You should not let the dog off its leash.
sent-0333,放す,Essential Verbs,バラは、春になると香りを放します。,"Bara wa, haru ni naru to kaori o hanashimasu.",Roses release their fragrance in spring.
sent-0334,放す,Essential Verbs,我々は子犬を抱きしめた後、優しく放した。,"Wareware wa koinu o dakishimeta ato, yasashiku hanashita.","After hugging the puppy, we gently let it go."
sent-0335,放す,Essential Verbs,父は魚を捕まえてすぐに放すことを好む。,Chichi wa sakana o tsukamaete sugu ni hanasu koto o konomu.,My father likes to catch fish and release them right away.
sent-0336,払う,Essential Verbs,この商品は、値段が高くても払う価値がある。,"Kono shouhin wa, nedan ga takakutemo harau kachi ga aru.","Even if the price is high, this product is worth paying for."
sent-0337,払う,Essential Verbs,私はそのレストランで食事代を払ってから帰りました。,Watashi wa sono resutoran de shokuji-dai o haratte kara kaerimashita.,I paid for the meal at the restaurant and then went home.
sent-0338,払う,Essential Verbs,今月の家賃をまだ払っていなければ、すぐに払ってください。,"Kongetsu no yachin o mada haratte inakereba, sugu ni haratte kudasai.","If you haven't paid this month's rent yet, please pay it immediately."
sent-0339,払う,Essential Verbs,駐車場に車を停めるために料金を払わなければならなかった。,Chuushajou ni kuruma o tomeru tame ni ryoukin o harawanakereba naranakatta.,I had to pay a fee to park my car in the parking lot.
sent-0340,払う,Essential Verbs,友達と映画を見た後、チケット代を払った。,"Tomodachi to eiga o mita ato, chiketto-dai o haratta.","After watching the movie with my friend, I paid for the tickets."
sent-0341,晴れる,Essential Verbs,今日はよく晴れて暖かい日ですね。,Kyou wa yoku harete atatakai hi desu ne,"Today is a clear and warm day, isn't it?"
sent-0342,晴れる,Essential Verbs,明日は雨が止んで晴れるらしい。,Ashita wa ame ga yande hareru rashii,It seems that tomorrow the rain will stop and it will clear up.
sent-0343,晴れる,Essential Verbs,雲が少し晴れて、太陽が顔を出し始めた。,"Kumo ga sukoshi harete, taiyou ga kao o dashi hajimeta","The clouds cleared a little, and the sun began to show its face."
sent-0344,晴れる,Essential Verbs,もしも明日が晴れるのなら、ピクニックに行きましょう。,"Moshimo ashita ga hareru no nara, pikunikku ni ikimashou","If it clears up tomorrow, let's go for a picnic."
sent-0345,晴れる,Essential Verbs,山頂に着いた時、空が晴れて景色が素晴らしかった。,"Santou ni tsuita toki, sora ga harete keshiki ga subarashikatta","When we arrived at the mountain peak, the sky had cleared and the view was amazing."
sent-0346,腫れる,Essential Verbs,足が腫れて痛い。,Ashi ga hareru to itai,My leg is swollen and painful.
sent-0347,腫れる,Essential Verbs,虫刺されで顔が腫れてしまった。,Mushisasare de kao ga harete shimatta,My face swelled up from an insect bite.
sent-0348,腫れる,Essential Verbs,手首をひねったら、すぐに腫れてきた。,"Tekubi o hinettara, sugu ni harete kita",My wrist started swelling immediately after I twisted it.
sent-0349,腫れる,Essential Verbs,歯茎が炎症を起こして腫れている。,Haguki ga enshou o okoshite harete iru,The gums are swollen due to inflammation.
sent-0350,腫れる,Essential Verbs,彼はアレルギーで目が腫れて困っている。,Kare wa arerugī de me ga harete komatte iru,"His eyes are swollen due to an allergy, and he's having a hard time."
sent-0351,はる,Essential Verbs,春になると桜が咲く。,Haru ni naru to sakura ga saku,"When spring comes, cherry blossoms bloom."
sent-0352,はる,Essential Verbs,春休みは楽しみにしている。,Haru yasumi wa tanoshimi ni shiteiru,I'm looking forward to spring break.
sent-0353,はる,Essential Verbs,春は新しい出会いの季節だ。,Haru wa atarashii deai no kisetsu da,Spring is the season of new encounters.
sent-0354,はる,Essential Verbs,春になったら冬服とお別れです。,Haru ni nattara fuyufuku to owakare desu,"When spring comes, it's time to say goodbye to winter clothes."
sent-0355,はる,Essential Verbs,春の午後、公園で花見を楽しむ。,"Haru no gogo, kouen de hanami o tanoshimu","In the spring afternoon, I enjoy flower-viewing in the park."
sent-0356,張る,Essential Verbs,壁にポスターを張る。,Kabe ni posutā o haru.,Put up a poster on the wall.
sent-0357,張る,Essential Verbs,張り切って仕事に取り組む。,Harikitte shigoto ni torikumu.,Work enthusiastically.
sent-0358,張る,Essential Verbs,彼は緊張して手に汗を握っていた。,Kare wa kinchou shite te ni ase o nigitte ita.,He was nervous and had sweaty palms.
sent-0359,張る,Essential Verbs,この部屋の壁には、ポスターが張りすぎている。,"Kono heya no kabe ni wa, posutā ga harisugite iru.",There are too many posters stuck on the walls in this room.
sent-0360,張る,Essential Verbs,紙幣の表面には、微細な線が張り巡らされている。,"Shihei no hyoumen ni wa, bísaina sen ga harimegurasarete iru.",Fine lines are spread across the surface of the banknote.
sent-0361,走る,Essential Verbs,彼は毎朝公園で走る習慣がある。,Kare wa maiasa kouen de hashiru shuukan ga aru.,He has a habit of running in the park every morning.
sent-0362,走る,Essential Verbs,道路が凍っているので、走るのに注意が必要です。,"Douro ga kootte iru node, hashiru no ni chuui ga hitsuyou desu.","The roads are icy, so caution is needed when running."
sent-0363,走る,Essential Verbs,スポーツの試合で速く走るために練習を頑張っています。,Supootsu no shiai de hayaku hashiru tame ni renshuu o ganbatte imasu.,I am practicing hard to run faster in sports games.
sent-0364,走る,Essential Verbs,雨の日に外で走るのは避けたほうがいいでしょう。,Ame no hi ni soto de hashiru no wa saketa hou ga ii deshou.,It might be better to avoid running outside on rainy days.
sent-0365,走る,Essential Verbs,マラソンを走る前に、十分なトレーニングが必要です。,"Marason o hashiru mae ni, juubun na toreeningu ga hitsuyou desu.","Before running a marathon, sufficient training is necessary."
sent-0366,働く,Essential Verbs,週末はコンビニで働いています。,Shuumatsu wa konbini de hataraiteimasu,I work at a convenience store on weekends.
sent-0367,働く,Essential Verbs,彼は地元の病院で看護師として働いている。,Kare wa jimoto no byouin de kangoshi to shite hataraiteiru,He works as a nurse at a local hospital.
sent-0368,働く,Essential Verbs,私たちはチームとして働くことが効果的だと思います。,Watashitachi wa chiimu to shite hataraku koto ga koukateki da to omoimasu,I think working as a team is effective.
sent-0369,働く,Essential Verbs,彼女は働く母親であり、優れた料理人でもある。,"Kanojo wa hataraku hahaoya de ari, sugureta ryourinin demo aru",She is a working mother and an excellent cook.
sent-0370,働く,Essential Verbs,若者たちがより良い環境で働く機会を与えられるべきだ。,Wakamonotachi ga yori yoi kankyou de hataraku kikai o ataerareru beki da,Young people should be given the opportunity to work in a better environment.
sent-0371,はやる,Essential Verbs,この春は、ピンクのシャツがはやっている。,"Kono haru wa, pinku no shatsu ga hayatte iru","This spring, pink shirts are fashionable."
sent-0372,はやる,Essential Verbs,最近、健康食品がはやっているね。,"Saikin, kenkou shokuhin ga hayatte iru ne","Recently, healthy food products are becoming popular."
sent-0373,はやる,Essential Verbs,あの洋服店で買える服は、今シーズンはやっているデザインばかりだ。,"Ano youfuku ten de kaeru fuku wa, kono shiizun hayatte iru dezain bakari da",The clothes you can buy at that clothing store are all the designs that are in fashion this season.
sent-0374,はやる,Essential Verbs,スマートフォンアプリの中でも、あのゲームが特にはやっている。,"Sumaatofon apuri no naka demo, ano geemu ga tokuni hayatte iru","Among smartphone apps, that game is particularly popular."
sent-0375,はやる,Essential Verbs,彼女はいつもはやっているヘアスタイルにしている。,Kanojo wa itsumo hayatte iru hea sutairu ni shite iru,She always styles her hair in the latest fashion.
sent-0376,減らす,Essential Verbs,電気代を減らすために、節電に努めましょう。,"Denki-dai o herasu tame ni, setsuden ni tsutome mashou.",Let's strive to save electricity in order to reduce the electric bill.
sent-0377,減らす,Essential Verbs,コストを減らす工夫が必要です。,Kosuto o herasu kufū ga hitsuyō desu.,We need ingenious ways to reduce costs.
sent-0378,減らす,Essential Verbs,環境に配慮して、プラスチックごみを減らしましょう。,"Kankyō ni hairyo shite, purasuchikku gomi o herasimashou.",Let's reduce plastic waste in consideration of the environment.
sent-0379,減らす,Essential Verbs,ストレスを減らす方法を学ぶことが大切です。,Sutoresu o herasu hōhō o manabu koto ga taisetsu desu.,It is important to learn ways to reduce stress.
sent-0380,減らす,Essential Verbs,塩分を減らすことで、健康的な生活が送れます。,"Enbun o herasu koto de, kenkōteki na seikatsu ga okuremasu.","By reducing salt intake, you can lead a healthy lifestyle."
sent-0381,減る,Essential Verbs,この計画によって、コストが減るでしょう。,"Kono keikaku ni yotte, kosuto ga heru deshou.","With this plan, the cost will decrease."
sent-0382,減る,Essential Verbs,地球温暖化により、氷が減る。,"Chikyuu ondanka ni yori, koori ga heru.","Due to global warming, ice is decreasing."
sent-0383,減る,Essential Verbs,食べ物が少しずつ減っているのがわかる。,Tabemono ga sukoshizutsu hette iru no ga wakaru.,I can see that the food is gradually decreasing.
sent-0384,減る,Essential Verbs,その会社の売り上げが減る見込みだ。,Sono kaisha no uriage ga heru mikomi da.,The company's sales are expected to decrease.
sent-0385,減る,Essential Verbs,人々の車の使用が減ると、大気汚染も減るだろう。,"Hitobito no kuruma no shiyou ga heru to, taiki osen mo heru darou.","If people's car usage decreases, air pollution will likely decrease as well."
sent-0386,引く,Essential Verbs,彼は重い荷物を引いて歩いた。,Kare wa omoi nimotsu o hiite aruita.,He walked while pulling a heavy load.
sent-0387,引く,Essential Verbs,彼女はドアを引いて閉めた。,Kanojo wa doa o hiite shimeta.,She pulled the door closed.
sent-0388,引く,Essential Verbs,彼らは宝くじを引くために並んでいました。,Karera wa takarakuji o hiku tame ni narande imashita.,They were lined up to draw the lottery.
sent-0389,引く,Essential Verbs,彼は引き出しを引いて中身を見た。,Kare wa hikidashi o hiite nakami o mita.,He pulled the drawer and checked the contents.
sent-0390,引く,Essential Verbs,引いた結果には、どのような影響があるか。,"Hiita kekka ni wa, dono youna eikyou ga aru ka.",What impact will the drawn results have?
sent-0391,弾く,Essential Verbs,彼はギターをうまく弾くことができる。,Kare wa gitā o umaku hiku koto ga dekiru,He can play the guitar well.
sent-0392,弾く,Essential Verbs,彼女はピアノを弾くのが大好きだ。,Kanojo wa piano o hiku no ga daisuki da,She loves playing the piano.
sent-0393,弾く,Essential Verbs,弾き語りで歌を歌っている人がいた。,Hiki utai de uta o utatteiru hito ga ita,There was someone singing while playing an instrument.
sent-0394,弾く,Essential Verbs,練習でこの曲をきれいに弾くことができるようになりたい。,Renshuu de kono kyoku o kirei ni hiku koto ga dekiru you ni naritai,I want to practice enough to be able to play this song beautifully.
sent-0395,弾く,Essential Verbs,最初は弦楽器を弾くのが難しいと思ったけど、次第に慣れてきた。,"Saisho wa gen gakki o hiku no ga muzukashii to omotta kedo, shidai ni narete kita","At first, I thought playing stringed instruments was difficult, but gradually I got used to it."
sent-0396,拾う,Essential Verbs,道で財布を拾った。,Michi de saifu o hirotta,I picked up a wallet on the road.
sent-0397,拾う,Essential Verbs,落ちているゴミを拾ってみましょう。,Ochiteiru gomi o hirotte mimashou,Let's pick up the trash that's fallen.
sent-0398,拾う,Essential Verbs,彼はビーチで貝殻を拾い集めていた。,Kare wa bi-chi de kaigara o hiroiatsumeteita,He was collecting seashells on the beach.
sent-0399,拾う,Essential Verbs,散らかったおもちゃを拾って片付けなさい。,Chirakatta omocha o hirotte katazukenasai,Pick up the scattered toys and put them away.
sent-0400,拾う,Essential Verbs,彼女が駅のホームで本を拾いました。,Kanojo ga eki no hoomu de hon o hiroimashita,She picked up a book on the station platform.
sent-0401,褒める,Essential Verbs,彼女はいつも私の料理を褒めてくれる。,Kanojo wa itsumo watashi no ryouri o homete kureru.,She always praises my cooking.
sent-0402,褒める,Essential Verbs,先生は、彼の努力を褒めました。,"Sensei wa, kare no doryoku o homemashita.",The teacher praised his effort.
sent-0403,褒める,Essential Verbs,子供たちのやる気を引き出すには、うまく褒めることが大切だ。,"Kodomo-tachi no yaruki o hikidasu ni wa, umaku homeru koto ga taisetsu da.","To motivate children, it is important to praise them skillfully."
sent-0404,褒める,Essential Verbs,上司が部下の仕事を皆の前で褒めると、モチベーションが上がる。,"Joushi ga buka no shigoto o minna no mae de homeru to, mochibeeshon ga agaru.","When a boss publicly praises their subordinates' work, their motivation increases."
sent-0405,褒める,Essential Verbs,彼は良い点ばかり褒めるのではなく、悪い点も指摘してくれる。,"Kare wa yoi ten bakari homeru no dewa naku, warui ten mo shiteki shite kureru.","He not only praises the good points, but also points out the bad ones."
sent-0406,生きる,Essential Verbs,生きる力を持っている。,Ikiru chikara o motte iru,I have the power to live.
sent-0407,生きる,Essential Verbs,困難を乗り越えて生きることが、人間の本質だと思う。,"Konnan o norikoete ikiru koto ga, ningen no honshitsu da to omou",I believe overcoming difficulties and living is the essence of being human.
sent-0408,生きる,Essential Verbs,色々な経験を積み重ねて、生きる知恵を身に付けることが大切です。,"Iroiro na keiken o tsumikasanete, ikiru chie o mi ni tsukeru koto ga taisetsu desu",It's important to accumulate various experiences and gain wisdom for living.
sent-0409,生きる,Essential Verbs,自分らしく生きることが、私にとって最も重要です。,"Jibun rashiku ikiru koto ga, watashi ni totte motto mo juuyou desu",Living true to myself is the most important thing for me.
sent-0410,生きる,Essential Verbs,笑顔で生きることが、幸せへの第一歩だと思います。,"Egao de ikiru koto ga, shiawase e no daiippo da to omoimasu",I believe living with a smile is the first step towards happiness.
sent-0411,行く,Essential Verbs,今日は買い物に行くつもりです。,Kyou wa kaimono ni iku tsumori desu.,I plan to go shopping today.
sent-0412,行く,Essential Verbs,明日、友達と映画を見に行く予定です。,"Ashita, tomodachi to eiga o mi ni iku yotei desu.","Tomorrow, I plan to go see a movie with my friend."
sent-0413,行く,Essential Verbs,来週、家族で海に行くことになりました。,"Raishuu, kazoku de umi ni iku koto ni narimashita.",We have decided to go to the sea with our family next week.
sent-0414,行く,Essential Verbs,旅行に行く前に、荷造りをしなければなりません。,"Ryokou ni iku mae ni, nizukuri o shinakereba narimasen.",I have to pack before going on a trip.
sent-0415,行く,Essential Verbs,週末には散歩に行くのが好きです。,Shuumatsu ni wa sanpo ni iku no ga suki desu.,I like to go for a walk on weekends.
sent-0416,祈る,Essential Verbs,皆で無事を祈りましょう。,Mina de buji o inorimashou,Let's all pray for safety.
sent-0417,祈る,Essential Verbs,彼は成功を祈っています。,Kare wa seikou o inotte imasu,He is praying for success.
sent-0418,祈る,Essential Verbs,母は日々私の健康を祈ってくれている。,Haha wa hibi watashi no kenkou o inotte kurete iru,My mother prays for my health every day.
sent-0419,祈る,Essential Verbs,友達が試験に合格するように祈りました。,Tomodachi ga shiken ni goukaku suru you ni inorimashita,I prayed for my friend to pass the exam.
sent-0420,祈る,Essential Verbs,平和を祈る祈りが世界中で行われています。,Heiwa o inoru inori ga sekaijuu de okonawarete imasu,Prayers for peace are being held all around the world.
sent-0421,いらっしゃる,Essential Verbs,お客様がいらっしゃるので、部屋をきれいにする必要があります。,"Okyakusama ga irassharu no de, heya o kirei ni suru hitsuyou ga arimasu.","Since we have guests coming, it's necessary to clean the room."
sent-0422,いらっしゃる,Essential Verbs,先生がすぐにいらっしゃると言われました。,Sensei ga sugu ni irassharu to iwaremashita.,I was told that the teacher would be here soon.
sent-0423,いらっしゃる,Essential Verbs,おじいさんは毎朝、この公園で散歩にいらっしゃいます。,"Ojiisan wa maiasa, kono kouen de sanpo ni irasshaimasu.",The old man comes for a walk in this park every morning.
sent-0424,いらっしゃる,Essential Verbs,彼女は来週、東京にいらっしゃる予定です。,"Kanojo wa raishuu, Toukyou ni irassharu yotei desu.",She is planning to be in Tokyo next week.
sent-0425,いらっしゃる,Essential Verbs,どのくらい滞在される予定でいらっしゃいますか。,Dono kurai taizai sareru yotei de irasshaimasuka.,How long do you plan to stay?
sent-0426,入れる,Essential Verbs,コーヒーに砂糖を入れる。,Kōhī ni satō o ireru,Put sugar in the coffee.
sent-0427,入れる,Essential Verbs,彼は新しい電池を入れた。,Kare wa atarashii denchi o ireta,He put in new batteries.
sent-0428,入れる,Essential Verbs,バッグに鍵を忘れずに入れてください。,Baggu ni kagi o wasurezu ni irete kudasai,Don't forget to put the keys in the bag.
sent-0429,入れる,Essential Verbs,彼女はリストに私の名前を入れてくれた。,Kanojo wa risuto ni watashi no namae o irete kureta,She added my name to the list.
sent-0430,入れる,Essential Verbs,鍋に野菜とお肉を入れて煮込んでいます。,Nabe ni yasai to o-niku o irete nikondeimasu,I put vegetables and meat in the pot to simmer.
sent-0431,居る,Essential Verbs,彼が部屋に居る。,Kare ga heya ni iru.,He is in the room.
sent-0432,居る,Essential Verbs,私の友達は、日本に居る。,"Watashi no tomodachi wa, Nihon ni iru.",My friend is in Japan.
sent-0433,居る,Essential Verbs,そのことを知っている人が居るでしょうか。,Sono koto o shitteiru hito ga iru deshou ka.,Is there anyone who knows about that?
sent-0434,居る,Essential Verbs,この家には犬が二匹居る。,Kono ie ni wa inu ga nihiki iru.,There are two dogs in this house.
sent-0435,居る,Essential Verbs,彼女はどこかに居るはずです。,Kanojo wa dokoka ni iru hazu desu.,She must be somewhere.
sent-0436,いる,Essential Verbs,ここにいる猫はとても可愛いです。,Koko ni iru neko wa totemo kawaii desu,The cat that is here is very cute.
sent-0437,いる,Essential Verbs,彼は部屋にいるはずです。,Kare wa heya ni iru hazu desu,He should be in the room.
sent-0438,いる,Essential Verbs,学校にはたくさんの生徒がいる。,Gakkou ni wa takusan no seito ga iru,There are many students at school.
sent-0439,いる,Essential Verbs,明日はここに来ている人がいなくなると思う。,Ashita wa koko ni kite iru hito ga inaku naru to omou,I think the people who are here today won't be here tomorrow.
sent-0440,いる,Essential Verbs,彼女は居間で寛いでいるでしょう。,Kanojo wa ima de nonbiri shite iru deshou,She is probably relaxing in the living room.
sent-0441,要る,Essential Verbs,この仕事をするには特別なスキルが要る。,Kono shigoto o suru ni wa tokubetsu na sukiru ga iru,This job requires special skills.
sent-0442,要る,Essential Verbs,今すぐここに来る人が要るので、教えてください。,"Ima sugu koko ni kuru hito ga iru node, oshiete kudasai",Please tell me who is needed to come here right away.
sent-0443,要る,Essential Verbs,彼は助けが要るようです。,Kare wa tasuke ga iru you desu,It seems that he needs help.
sent-0444,要る,Essential Verbs,これ以上の情報は要りません。,Kore ijou no jouhou wa irimasen,No more information is needed.
sent-0445,要る,Essential Verbs,今、あなたに要る仕事は何ですか？,"Ima, anata ni iru shigoto wa nan desu ka?",What job do you need right now?
sent-0446,急ぐ,Essential Verbs,電車に乗り遅れないように急いで駅へ向かった。,Densha ni noriokurenai you ni isoide eki e mukatta,I hurried to the station so I wouldn't miss the train.
sent-0447,急ぐ,Essential Verbs,提出期限が近かったので、彼はレポートを急いで書いた。,"Teishutsu kigen ga chikakatta node, kare wa repo-to o isoide kaita","Because the submission deadline was near, he hurriedly wrote the report."
sent-0448,急ぐ,Essential Verbs,会議が始まる前に資料を揃えるため、彼女は急いで印刷室へ向かった。,"kaigi ga hajimaru mae ni shiryou o soroeru tame, kanojo wa isoide insatsu-shitsu e mukatta",She hurried to the printing room to prepare materials before the meeting started.
sent-0449,急ぐ,Essential Verbs,急いで食事を済ませて、すぐに出かける準備をしました。,"Isoide shokuji o sumasete, sugu ni dekakeru junbi o shimashita",I quickly finished my meal and prepared to go out right away.
sent-0450,急ぐ,Essential Verbs,彼は雨にぬれないように、急いで傘を開いた。,"Kare wa ame ni nurenai you ni, isoide kasa o hiraita",He quickly opened his umbrella to avoid getting wet in the rain.
sent-0451,致す,Essential Verbs,この度はご迷惑をおかけいたしまして、誠に申し訳ございませんでした。,"Konotabi wa gomeiwaku o okakete itashimashite, makoto ni moushiwake gozaimasen deshita.",I sincerely apologize for causing you inconvenience this time.
sent-0452,致す,Essential Verbs,お土産にこれをお振る舞い致します。,Omiyage ni kore o ofurumai itashimasu.,I will offer this as a souvenir for you.
sent-0453,致す,Essential Verbs,皆様のご支援に感謝いたします。,Mina-sama no go-shien ni kansha itashimasu.,I am grateful for everyone's support.
sent-0454,致す,Essential Verbs,当店ではお客様のご要望にお応え致します。,Touten de wa okyaku-sama no go-youbou ni o-kotae itashimasu.,We will meet the needs of our customers at our store.
sent-0455,致す,Essential Verbs,ご清聴に感謝を述べたく存じます。,Go-seichou ni kansha o nobetakaku zonjimasu.,I would like to express my gratitude for your attentive listening.
sent-0456,言う,Essential Verbs,彼女は彼に愛してると言った。,Kanojo wa kare ni aishiteru to itta,She told him that she loves him.
sent-0457,言う,Essential Verbs,彼はやるべきことをわかっているが、簡単に言うことはできない。,"Kare wa yarubeki koto o wakatte iru ga, kantan ni iu koto wa dekinai","He knows what needs to be done, but he can't just say it easily."
sent-0458,言う,Essential Verbs,先生はよく考えてから意見を言うべきだと思います。,Sensei wa yoku kangaete kara iken o iu beki da to omoimasu,I think the teacher should give their opinion after thinking it through.
sent-0459,言う,Essential Verbs,彼女は皆に、自分の経験を交えて言い、励ましを与えた。,"Kanojo wa mina ni, jibun no keiken o majiete ii, hagemashi o ataeta",She told everyone about her own experience and gave them encouragement.
sent-0460,言う,Essential Verbs,彼は私にもっと勇気を持って意見を言うように助言した。,Kare wa watashi ni motto yuuki o motte iken o iu you ni jogen shita,He advised me to have more courage and express my opinions.
sent-0461,祝う,Essential Verbs,彼女の誕生日を祝うためにパーティーを開いた。,Kanojo no tanjoubi o iwau tame ni paatii o hiraita,We held a party to celebrate her birthday.
sent-0462,祝う,Essential Verbs,卒業を祝うために友達と食事に行った。,Sotsugyou o iwau tame ni tomodachi to shokuji ni itta,I went out to eat with friends to celebrate graduation.
sent-0463,祝う,Essential Verbs,就職に成功したのを祝うため、家族で外食した。,"Shuushoku ni seikou shita no o iwau tame, kazoku de gaishoku shita",We went out to eat as a family to celebrate our success in finding a job.
sent-0464,祝う,Essential Verbs,結婚記念日を祝うため、旅行に出かけた。,"Kekkon kinenbi o iwau tame, ryokou ni dekaketa",We went on a trip to celebrate our wedding anniversary.
sent-0465,祝う,Essential Verbs,彼の昇進を祝うため、サプライズパーティーを企画した。,"Kare no shoushin o iwau tame, sapuraizupaati o kikaku shita",We planned a surprise party to celebrate his promotion.
sent-0466,帰る,Essential Verbs,仕事が終わったら、すぐに帰るつもりだ。,"Shigoto ga owattara, sugu ni kaeru tsumori da",I plan to go home as soon as my work is done.
sent-0467,帰る,Essential Verbs,明日の朝早く帰らなければならない。,Ashita no asa hayaku kaeranakereba naranai,I have to go home early tomorrow morning.
sent-0468,帰る,Essential Verbs,雨が降ってきたので、急いで帰るべきだ。,"Ame ga futte kita node, isoide kaeru beki da","It started raining, so I should hurry and go home."
sent-0469,帰る,Essential Verbs,彼女は毎日午後10時に帰るのが普通だ。,Kanojo wa mainichi gogo juuji ni kaeru no ga futsuu da,It's normal for her to go home at 10 pm every day.
sent-0470,帰る,Essential Verbs,休暇が終わったら、家に帰って、仕事を再開しなければなりません。,"Kyuuka ga owattara, ie ni kaette, shigoto o saikaishi nakereba narimasen","After the holiday is over, I must go back home and resume my work."
sent-0471,返る,Essential Verbs,借りた本は、期限が来ると図書館に返らなければなりません.,"Karita hon wa, kigen ga kuru to toshokan ni kaeranakereba narimasen.",Borrowed books must be returned to the library when the due date comes.
sent-0472,返る,Essential Verbs,忘れ物は、必ず持ち主のもとに返るものだ.,"Wasuremono wa, kanarazu mochinushi no moto ni kaeru mono da.",Lost items always end up returning to their owners.
sent-0473,返る,Essential Verbs,レンタルDVDは、使用後すぐに返らなければなりません.,"Rentaru DVD wa, shiyougo sugu ni kaeranakereba narimasen.",Rental DVDs must be returned promptly after use.
sent-0474,返る,Essential Verbs,みんなが使った道具は、元の場所に返ることが大切です.,"Minna ga tsukatta dougu wa, moto no basho ni kaeru koto ga taisetsu desu.",It is important that the tools everyone used are returned to their original place.
sent-0475,返る,Essential Verbs,失くした鍵が、時々持ち主のもとに返ってくることがある.,"Nakushita kagi ga, tokidoki mochinushi no moto ni kaette kuru koto ga aru.",Lost keys sometimes return to their owners.
sent-0476,変える（代える、替える、換える）,Essential Verbs,彼は部屋の雰囲気を変えるために壁の色を変えました。,Kare wa heya no fun'iki o kaeru tame ni kabe no iro o kaemashita.,He changed the wall color to change the atmosphere of the room.
sent-0477,変える（代える、替える、換える）,Essential Verbs,次のバッテリーに替える前に、今のバッテリーを使い切ってください.,"Tsugi no batterī ni kaeru mae ni, ima no batterī o tsukaikitte kudasai.",Please use up the current battery before replacing it with the next one.
sent-0478,変える（代える、替える、換える）,Essential Verbs,彼女は毎週シーツを替えて寝る.,Kanojo wa maishuu shītsu o kaete neru.,She changes the sheets every week before going to sleep.
sent-0479,変える（代える、替える、換える）,Essential Verbs,彼はコインを紙幣に換えました.,Kare wa koin o shihei ni kaemashita.,He exchanged coins for paper bills.
sent-0480,変える（代える、替える、換える）,Essential Verbs,私はいつも同じ場所に行くのではなく、週末の旅行先を変えることが好きです.,"Watashi wa itsumo onaji basho ni iku no dewa naku, shūmatsu no ryokousaki o kaeru koto ga suki desu.",I like to change my weekend travel destinations instead of always going to the same place.
sent-0481,返す,Essential Verbs,本を図書館に返すのを忘れた.,Hon o toshokan ni kaesu no o wasureta.,I forgot to return the book to the library.
sent-0482,返す,Essential Verbs,彼は貸したお金を期限に返すと約束しました.,Kare wa kashita okane o kigen ni kaesu to yakusoku shimashita.,He promised to pay back the borrowed money by the deadline.
sent-0483,返す,Essential Verbs,彼女は財布を無事に返すため、失くした人に連絡しました.,"Kanojo wa saifu o buji ni kaesu tame, nakushita hito ni renraku shimashita.",She contacted the person who lost the wallet to return it safely.
sent-0484,返す,Essential Verbs,私は彼にアドバイスをもらったので、お礼に何か返すべきだ.,"Watashi wa kare ni adobaisu o moratta node, orei ni nanika kaesu beki da.","Since I received advice from him, I should give something back as a thank you."
sent-0485,返す,Essential Verbs,満足できない商品を店員に返して、払い戻しを受けました.,"Manzoku dekinai shouhin o tenin ni kaeshite, haraimodoshi o ukemashita.",I returned the unsatisfactory product to the store clerk and received a refund.
sent-0486,掛かる（懸かる）,Essential Verbs,今回の試合にはチームの名誉が懸かっている.,Konkai no shiai ni wa chiimu no meiyo ga kakatte iru.,The team's honor is at stake in this match.
sent-0487,掛かる（懸かる）,Essential Verbs,彼は仕事に成功するかどうか、このプロジェクトに懸かっている.,"Kare wa shigoto ni seikou suru ka dou ka, kono purojekuto ni kakatte iru.",Whether he succeeds in his job or not depends on this project.
sent-0488,掛かる（懸かる）,Essential Verbs,その橋を渡るとき、足元の安全が懸かっているような恐怖を感じた.,"Sono hashi o wataru toki, ashimoto no anzen ga kakatte iru you na kyoufu o kanjita.","When crossing that bridge, I felt a fear as if my safety was at stake."
sent-0489,掛かる（懸かる）,Essential Verbs,親友との絆が試される試練に懸かっている.,Shin'yuu to no kizuna ga tamesareru shiren ni kakatte iru.,We are facing a challenge that tests the bond between best friends.
sent-0490,掛かる（懸かる）,Essential Verbs,この問題には彼の将来の夢が懸かっている.,Kono mondai ni wa kare no shourai no yume ga kakatte iru.,His future dreams hinge on this issue.
sent-0491,係る,Essential Verbs,その問題は彼の将来に係るものです.,Sono mondai wa kare no shourai ni kakawaru mono desu.,That issue is related to his future.
sent-0492,係る,Essential Verbs,これは私たち全員に係る問題であり、解決が求められています.,"Kore wa watashi-tachi zen'in ni kakawaru mondai de ari, kaiketsu ga motomerarete imasu.","This is an issue that concerns us all, and a resolution is being sought."
sent-0493,係る,Essential Verbs,警察は犯罪に係る情報を求めている.,Keisatsu wa hanzai ni kakawaru jouhou o motomete iru.,The police are looking for information related to the crime.
sent-0494,係る,Essential Verbs,彼女は環境保護に係る活動に積極的に参加している.,Kanojo wa kankyō hogo ni kakawaru katsudō ni sekkyokuteki ni sanka shite iru.,She is actively participating in activities related to environmental protection.
sent-0495,係る,Essential Verbs,このプロジェクトは多くの部門に係る共同作業です.,Kono purojekuto wa ōku no bumon ni kakawaru kyōdō sagyō desu.,This project is a collaborative work involving many departments.
sent-0496,かかる,Essential Verbs,時間がかかる仕事をしている.,Jikan ga kakaru shigoto o shite iru.,I am doing a job that takes time.
sent-0497,かかる,Essential Verbs,このプロジェクトには多くの費用がかかります.,Kono purojekuto ni wa ooku no hiyou ga kakarimasu.,This project involves a lot of expenses.
sent-0498,かかる,Essential Verbs,大学に合格するためには、努力がかかります.,"Daigaku ni goukaku suru tame ni wa, doryoku ga kakarimasu.",It takes effort to pass the university entrance examination.
sent-0499,かかる,Essential Verbs,全ての準備が整うまでに少し時間がかかるでしょう.,Subete no junbi ga totonou made ni sukoshi jikan ga kakaru deshou.,It will take some time for all the preparations to be completed.
sent-0500,かかる,Essential Verbs,彼は電話に出るのに時間がかかった.,Kare wa denwa ni deru no ni jikan ga kakatta.,It took him a while to answer the phone.
sent-0501,掛ける,Essential Verbs,電話を掛けるのを忘れてしまった.,Denwa o kakeru no o wasurete shimatta.,I forgot to make the phone call.
sent-0502,掛ける,Essential Verbs,私は壁に絵を掛けました.,Watashi wa kabe ni e o kakemashita.,I hung a picture on the wall.
sent-0503,掛ける,Essential Verbs,彼はソファにブランケットを掛けていた.,Kare wa sofa ni buranketto o kakete ita.,He had draped a blanket over the sofa.
sent-0504,掛ける,Essential Verbs,彼女は椅子にコートを掛けた.,Kanojo wa isu ni kooto o kaketa.,She draped her coat over the chair.
sent-0505,掛ける,Essential Verbs,お金を教育に掛けることは賢明です.,O-kane o kyouiku ni kakeru koto wa kenmei desu.,It is wise to invest money in education.
sent-0506,かける,Essential Verbs,電話をかける,Denwa o kakeru,To make a phone call.
sent-0507,かける,Essential Verbs,時間をかけて説明する,Jikan o kakete setsumei suru,To explain taking time.
sent-0508,かける,Essential Verbs,めがねをかける,Megane o kakeru,To put on glasses.
sent-0509,かける,Essential Verbs,椅子に腰掛ける,Isu ni koshikakeru,To sit on a chair.
sent-0510,かける,Essential Verbs,先生は生徒に大きな期待をかける.,Sensei wa seito ni ookina kitai o kakeru.,The teacher has high expectations for the students.
sent-0511,書く,Essential Verbs,手紙を書いて友達に送る.,Tegami o kaite tomodachi ni okuru.,I write a letter and send it to a friend.
sent-0512,書く,Essential Verbs,今日の日記を書くのを忘れないでください.,Kyou no nikki o kaku no o wasurenaide kudasai.,Please don't forget to write today's diary entry.
sent-0513,書く,Essential Verbs,論文を書くのに時間がかかる.,Ronbun o kaku no ni jikan ga kakaru.,It takes time to write a thesis.
sent-0514,書く,Essential Verbs,彼にメッセージを書いて、お礼を伝えました.,"Kare ni messeiji o kaite, orei o tsutaemashita.",I wrote a message to him to convey my gratitude.
sent-0515,書く,Essential Verbs,彼女は詩を書くのが得意です.,Kanojo wa shi o kaku no ga tokui desu.,She is good at writing poetry.
sent-0516,かく,Essential Verbs,彼はその壁に落書きをかいていた.,Kare wa sono kabe ni rakugaki o kaiteita.,He was writing graffiti on that wall.
sent-0517,かく,Essential Verbs,彼女は、彼に会ったことがないのに、彼のことを書いていた.,"Kanojo wa, kare ni atta koto ga nai no ni, kare no koto o kaiteita.","She wrote a lot about him, even though she had never met him."
sent-0518,かく,Essential Verbs,彼は優れたエッセイを書くことができる.,Kare wa sugureta essei o kaku koto ga dekiru.,He can write excellent essays.
sent-0519,かく,Essential Verbs,小説家は新しい本を書くために集中している.,Shousetsuka wa atarashii hon o kaku tame ni shuuchuu shiteiru.,The novelist is concentrating on writing a new book.
sent-0520,かく,Essential Verbs,その子供たちは、公園で砂に名前を書いていた.,"Sono kodomo-tachi wa, kouen de suna ni namae o kaiteita.",The children were writing their names in the sand at the park.
sent-0521,隠れる,Essential Verbs,彼は木の陰に隠れていた.,Kare wa ki no kage ni kakurete ita.,He was hiding in the shade of a tree.
sent-0522,隠れる,Essential Verbs,子供たちはかくれんぼで隠れるのが上手だ.,Kodomo-tachi wa kakurenbo de kakureru no ga jouzu da.,Children are good at hiding in hide-and-seek.
sent-0523,隠れる,Essential Verbs,犬は車の下に怖がって隠れた.,Inu wa kuruma no shita ni kowagatte kakureta.,The scared dog hid under the car.
sent-0524,隠れる,Essential Verbs,秘密の扉を開けると、隠れた部屋が現れた.,"Himitsu no tobira o akeru to, kakureta heya ga arawareta.","When the secret door was opened, a hidden room appeared."
sent-0525,隠れる,Essential Verbs,彼女は人ごみに紛れて隠れることができた.,Kanojo wa hitogomi ni magirete kakureru koto ga dekita.,She was able to hide by blending into the crowd.
sent-0526,隠す,Essential Verbs,彼は何かを隠しているようだ.,Kare wa nanika o kakushite iru you da.,It seems like he is hiding something.
sent-0527,隠す,Essential Verbs,彼女は笑顔で心の痛みを隠した.,Kanojo wa egao de kokoro no itami o kakushita.,She hid her heartache behind a smile.
sent-0528,隠す,Essential Verbs,私はプレゼントをベッドの下に隠しました.,Watashi wa purezento o beddo no shita ni kakushimashita.,I hid the present under the bed.
sent-0529,隠す,Essential Verbs,彼は真実を隠すためにうそをついた.,Kare wa shinjitsu o kakusu tame ni uso o tsuita.,He lied to hide the truth.
sent-0530,隠す,Essential Verbs,犯罪者は証拠を隠すために現場を急いで出た.,Hanzaisha wa shouko o kakusu tame ni genba o isoide deta.,The criminal hurriedly left the scene to hide the evidence.
sent-0531,構う,Essential Verbs,他人の意見に構わず、自分の信じる道を進むべきだ.,"Tanin no iken ni kamawazu, jibun no shinjiru michi o susumu beki da.",You should follow your own path without worrying about other people's opinions.
sent-0532,構う,Essential Verbs,彼は他人の悪口を気に構わなかった.,Kare wa tanin no waruguchi o ki ni kamawanakatta.,He didn't care about other people's bad-mouthing.
sent-0533,構う,Essential Verbs,彼女は周りの目を構わず、笑顔で歌を歌った.,"Kanojo wa mawari no me o kamawazu, egao de uta o utatta.","She sang with a smile, not caring about the eyes of those around her."
sent-0534,構う,Essential Verbs,時間が遅くなっても、彼は残務を構わずに帰りました.,"Jikan ga osoku natte mo, kare wa zanmu o kamawazu ni kaerimashita.","Even though it was getting late, he went home without worrying about the remaining work."
sent-0535,構う,Essential Verbs,忙しい日常でも、自分の健康を構うことが大切だ.,"Isogashii nichijou demo, jibun no kenkou o kamau koto ga taisetsu da.","Even in a busy daily life, it is important to take care of your health."
sent-0536,考える,Essential Verbs,その問題についてよく考える必要がある。,Sono mondai ni tsuite yoku kangaeru hitsuyou ga aru,It is necessary to think carefully about that problem.
sent-0537,考える,Essential Verbs,今後の計画を考える時が来た。,Kongo no keikaku o kangaeru toki ga kita,It's time to think about future plans.
sent-0538,考える,Essential Verbs,新しいアイデアを考えるのが好きだ。,Atarashii aidea o kangaeru no ga suki da,I like thinking about new ideas.
sent-0539,考える,Essential Verbs,彼は少し考えた後、答えを言った。,"Kare wa sukoshi kangaeta ato, kotae o itta",He thought for a moment and then gave his answer.
sent-0540,考える,Essential Verbs,その提案を検討して、また考えます。,"Sono teian o kentou shite, mata kangaemasu",I will examine the proposal and think about it again.
sent-0541,感じる,Essential Verbs,彼は喜びを感じるだろう。,Kare wa yorokobi o kanjiru darou.,He will probably feel joy.
sent-0542,感じる,Essential Verbs,寒さを感じると、身が震える。,"Samusa o kanjiru to, mi ga furueru.","When feeling cold, the body shivers."
sent-0543,感じる,Essential Verbs,心地よい風を感じるとリラックスできる。,Kokochiyoi kaze o kanjiru to rirakkusu dekiru.,Feeling a pleasant breeze can help you relax.
sent-0544,感じる,Essential Verbs,地震が起きたと感じることがありますか。,Jishin ga okita to kanjiru koto ga arimasu ka.,Do you ever feel that an earthquake has occurred?
sent-0545,感じる,Essential Verbs,彼女が私の気持ちを感じることができる。,Kanojo ga watashi no kimochi o kanjiru koto ga dekiru.,She can feel my emotions.
sent-0546,借りる,Essential Verbs,彼から本を借りました。,Kare kara hon o karimashita.,I borrowed a book from him.
sent-0547,借りる,Essential Verbs,友達に少しのお金を借りたいと思います。,Tomodachi ni sukoshi no o-kane o karitai to omoimasu.,I'm thinking of borrowing a little money from a friend.
sent-0548,借りる,Essential Verbs,近所の人から塩を借りた。,Kinjo no hito kara shio o karita.,I borrowed some salt from my neighbor.
sent-0549,借りる,Essential Verbs,映画館でヘッドフォンを借りる必要がありますか？,Eigakan de heddofon o kariru hitsuyou ga arimasu ka?,Do I need to rent headphones at the movie theater?
sent-0550,借りる,Essential Verbs,図書館から勉強の参考書を借りたい。,Toshokan kara benkyou no sankousho o karitai.,I want to borrow a study reference book from the library.
sent-0551,貸す,Essential Verbs,友達にお金を貸すことは慎重に考えた方がいい。,Tomodachi ni okane o kasu koto wa shinchou ni kangaeta hou ga ii,You should think carefully about lending money to a friend.
sent-0552,貸す,Essential Verbs,彼女は私に自分のノートを貸してくれました。,Kanojo wa watashi ni jibun no nooto o kashite kuremashita,She lent me her notebook.
sent-0553,貸す,Essential Verbs,この本を一週間貸しますが、それまでに返却してください。,"Kono hon o isshuukan kasimasu ga, sore made ni henkyaku shite kudasai","I will lend you this book for a week, but please return it by then."
sent-0554,貸す,Essential Verbs,近所の人に傘を貸してあげたら、感謝されました。,"Kinjo no hito ni kasa o kashite agetara, kansha saremashita","I lent an umbrella to a neighbor, and they thanked me."
sent-0555,貸す,Essential Verbs,あなたが無事に戻ってくるなら、私の自転車を貸しても構いません。,"Anata ga buji ni modotte kuru nara, watashi no jitensha o kashite mo kamaimasen","If you come back safely, I don't mind lending you my bicycle."
sent-0556,片付ける,Essential Verbs,部屋を片付ける時間がなかった。,Heya o katazukeru jikan ga nakatta,I didn't have time to clean up the room.
sent-0557,片付ける,Essential Verbs,彼女はいつも速くて丁寧に片付ける。,Kanojo wa itsumo hayakute teinei ni katazukeru,She always tidies up quickly and carefully.
sent-0558,片付ける,Essential Verbs,宿題がたくさんあるので、部屋の片付けは明日にします。,"Shukudai ga takusan aru node, heya no katazuke wa ashita ni shimasu","Since I have a lot of homework, I will clean up my room tomorrow."
sent-0559,片付ける,Essential Verbs,もし片付けないと、お母さんが怒りますよ。,"Moshi katazukenai to, okaasan ga okorimasu yo","If you don't clean up, your mother will get angry."
sent-0560,片付ける,Essential Verbs,彼は約束を守って、毎日台所を片付けてくれる。,"Kare wa yakusoku o mamotte, mainichi daidokoro o katazukete kureru",He keeps his promise and tidies up the kitchen every day.
sent-0561,勝つ,Essential Verbs,彼は試合に勝ちました。,Kare wa shiai ni kachimashita.,He won the match.
sent-0562,勝つ,Essential Verbs,私たちは必ず勝ちます。,Watashitachi wa kanarazu kachimasu.,We will definitely win.
sent-0563,勝つ,Essential Verbs,彼らはチームワークが良いので、勝つ可能性が高い。,"Karera wa chi-mu wa-ku ga yoi node, katsu kanousei ga takai.","They have good teamwork, so there is a high possibility of winning."
sent-0564,勝つ,Essential Verbs,努力を続ければ、いつか勝ちます。,"Doryoku o tsudzukereba, itsuka kachimasu.","If you continue to make efforts, someday you will win."
sent-0565,勝つ,Essential Verbs,試験で勝つために一生懸命勉強しましょう。,Shiken de katsu tame ni isshoukenmei benkyou shimashou.,Let's study hard to win in the test.
sent-0566,買う,Essential Verbs,この靴を買うつもりです。,Kono kutsu o kau tsumori desu.,I intend to buy these shoes.
sent-0567,買う,Essential Verbs,お菓子を買うためにスーパーマーケットに行きます。,Okashi o kau tame ni suupaamaaketto ni ikimasu.,I will go to the supermarket to buy some sweets.
sent-0568,買う,Essential Verbs,彼女は新しい本を買うのが大好きです。,Kanojo wa atarashii hon o kau no ga daisuki desu.,She loves buying new books.
sent-0569,買う,Essential Verbs,すぐに売り切れるから、チケットを買うのを急いだほうがいい。,"Sugu ni urikireru kara, chiketto o kau no o isoide hou ga ii.","Since they sell out quickly, you should hurry to buy the tickets."
sent-0570,買う,Essential Verbs,彼は買ったばかりの車を自慢しています。,Kare wa katta bakari no kuruma o jiman shiteimasu.,He is boasting about the car he just bought.
sent-0571,飼う,Essential Verbs,犬を飼うのが夢だった。,Inu o kau no ga yume datta,My dream was to raise a dog.
sent-0572,飼う,Essential Verbs,彼は猫を三匹飼っています。,Kare wa neko o sanbiki katteimasu.,He has three cats.
sent-0573,飼う,Essential Verbs,両親は家で鳥を飼っています。,Ryoushin wa ie de tori o katteimasu.,My parents are raising birds at home.
sent-0574,飼う,Essential Verbs,村の人々は家畜を飼って生計を立てている。,Mura no hitobito wa kachiku o katte seikatsu o tateteiru,The villagers raise livestock to make a living.
sent-0575,飼う,Essential Verbs,私たちはこの広い庭でウサギを飼うことができます。,Watashitachi wa kono hiroi niwa de usagi o kau koto ga dekimasu,We can raise rabbits in this spacious garden.
sent-0576,乾かす,Essential Verbs,セーターを乾かすために太陽の下に干す。,Sētā o kawakasu tame ni taiyou no shita ni hosu,I hang the sweater under the sun to dry it.
sent-0577,乾かす,Essential Verbs,髪をタオルで軽く乾かす。,Kami o taoru de karuku kawakasu,Lightly dry your hair with a towel.
sent-0578,乾かす,Essential Verbs,洗濯物を風で乾かすのが一番良い。,Sentakumono o kaze de kawakasu no ga ichiban yoi,Drying laundry in the wind is the best way.
sent-0579,乾かす,Essential Verbs,靴をテラスに出して乾かすことが必要です。,Kutsu o terasu ni dashite kawakasu koto ga hitsuyou desu,It is necessary to put the shoes out on the terrace to dry them.
sent-0580,乾かす,Essential Verbs,塗料が乾かされている間に休憩を取ろう。,Turyou ga kawakasarete iru aida ni kyuukei o torou,Let's take a break while the paint is drying.
sent-0581,乾く,Essential Verbs,洗濯物が乾くのに時間がかかる。,Sentakumono ga kawaku no ni jikan ga kakaru,It takes time for the laundry to dry.
sent-0582,乾く,Essential Verbs,この場所は風が強いから、すぐに髪が乾くだろう。,"Kono basho wa kaze ga tsuyoi kara, sugu ni kami ga kawaku darou",The hair will dry quickly because it's windy in this place.
sent-0583,乾く,Essential Verbs,雨が止んで、道が乾くまで待ちましょう。,"Ame ga yande, michi ga kawaku made machimashou",Let's wait for the rain to stop and the road to dry.
sent-0584,乾く,Essential Verbs,ペンキが完全に乾く前に、触らないでください。,"Penki ga kanzen ni kawaku mae ni, sawaranaide kudasai",Please do not touch it before the paint is completely dry.
sent-0585,乾く,Essential Verbs,土が乾いたら、植物を植えるのが良いでしょう。,"Tsuchi ga kawaitara, shokubutsu o ueru no ga yoi deshou",It's good to plant the plants when the soil is dry.
sent-0586,渇く,Essential Verbs,喉が渇いて、水が飲みたくなった。,"Nodo ga kawaite, mizu ga nomitaku natta",My throat became dry and I wanted to drink water.
sent-0587,渇く,Essential Verbs,長いランニングの後、彼はひどく渇いていた。,"Nagai ran'ningu no ato, kare wa hidoku kawaite ita","After a long run, he was very thirsty."
sent-0588,渇く,Essential Verbs,砂漠を歩いているとき、とても渇くはずです。,"Sabaku o aruite iru toki, totemo kawaku hazu desu",You must be very thirsty when walking in the desert.
sent-0589,渇く,Essential Verbs,彼女は喉が渇いた声で、カップに水を注いでくださいと頼んだ。,"Kanojo wa nodo ga kawaita koe de, kappu ni mizu o sosoide kudasai to tanonda","With a thirsty voice, she asked to pour water into the cup."
sent-0590,渇く,Essential Verbs,外で遊んだ後、子供たちは汗ばんで渇いていた。,"Soto de asonda ato, kodomo-tachi wa asebande kawaite ita","After playing outside, the children were sweaty and thirsty."
sent-0591,変わる（代わる、替わる、換わる）,Essential Verbs,昨日と比べて天気が大きく変わりました。,Kinou to kurabete tenki ga ookiku kawarimashita,The weather has changed greatly compared to yesterday.
sent-0592,変わる（代わる、替わる、換わる）,Essential Verbs,彼は私が休憩の間、仕事を代わってくれました。,"Kare wa watashi ga kyuukei no aida, shigoto o kawatte kuremashita",He took over my work while I took a break.
sent-0593,変わる（代わる、替わる、換わる）,Essential Verbs,電話が鳴る度に役割が替わる。,Denwa ga naru tabi ni yakuwari ga kawaru,The roles change every time the phone rings.
sent-0594,変わる（代わる、替わる、換わる）,Essential Verbs,このお金は両替すると外貨に換わる。,Kono okane wa ryougae suru to gaikyuu ni kawaru,"This money, when exchanged, turns into foreign currency."
sent-0595,変わる（代わる、替わる、換わる）,Essential Verbs,時代が変わっても、彼の考えは変わらない。,"Jidai ga kawattemo, kare no kangae wa kawaranai","Even as times change, his thoughts remain the same."
sent-0596,数える,Essential Verbs,自分の過ちを数えることは勉強になる。,Jibun no ayamachi o kazoeru koto wa benkyou ni naru.,Counting one's own mistakes can be a learning experience.
sent-0597,数える,Essential Verbs,お金を数えることは、支出を把握するために重要である。,"Okane o kazoeru koto wa, shishutsu o haaku suru tame ni juuyou de aru.",Counting money is important for keeping track of expenses.
sent-0598,数える,Essential Verbs,子供たちが星を数えるのを見るのは楽しかった。,Kodomo-tachi ga hoshi o kazoeru no o miru no wa tanoshikatta.,It was fun watching the children counting stars.
sent-0599,数える,Essential Verbs,彼は何度も失敗して数え切れないほどの成功を収めた。,Kare wa nando mo shippai shite kazoe kirenai hodo no seikou o osameta.,He has achieved countless successes after failing many times.
sent-0600,数える,Essential Verbs,計画を立てる前に、残りの日数を数えましょう。,"Keikaku o tateru mae ni, nokori no nissuu o kazoe mashou.",Let's count the remaining days before planning.
sent-0601,消す,Essential Verbs,彼はボードに書かれた文字を消しました。,Kare wa bōdo ni kakareta moji o keshimashita.,He erased the characters written on the board.
sent-0602,消す,Essential Verbs,彼女は間違った答えをノートから消した。,Kanojo wa machigatta kotae o nōto kara keshita.,She erased the wrong answer from her notebook.
sent-0603,消す,Essential Verbs,火を消すことができる消防士は勇敢です。,Hi o kesu koto ga dekiru shōbōshi wa yūkan desu.,Firefighters who can put out fires are brave.
sent-0604,消す,Essential Verbs,ファイルを誤って消してしまいました。,Fairu o ayamatte keshite shimaimashita.,I accidentally deleted the file.
sent-0605,消す,Essential Verbs,彼は彼女の記憶を消すことはできません。,Kare wa kanojo no kioku o kesu koto wa dekimasen.,He cannot erase her memories.
sent-0606,消える,Essential Verbs,突然彼の姿が消えた。,Totsuzen kare no sugata ga kieta,"Suddenly, his figure disappeared."
sent-0607,消える,Essential Verbs,この汚れはどうやっても消えない。,Kono yogore wa dou yatte mo kienai,This stain just won't come off no matter what I do.
sent-0608,消える,Essential Verbs,その車は暗闇の中に消えていった。,Sono kuruma wa kurayami no naka ni kieteitta,The car disappeared into the darkness.
sent-0609,消える,Essential Verbs,彼女の笑顔が消えてしまった。,Kanojo no egao ga kiete shimatta,Her smile disappeared.
sent-0610,消える,Essential Verbs,バッテリーが切れると電波が消える。,Batterī ga kireru to denpa ga kieru,"When the battery runs out, the signal disappears."
sent-0611,聞こえる,Essential Verbs,遠くから音楽が聞こえる。,Tooku kara ongaku ga kikoeru.,I can hear music from far away.
sent-0612,聞こえる,Essential Verbs,部屋の隣から笑い声が聞こえた。,Heya no tonari kara waraigoe ga kikoeta.,I heard laughter from the next room.
sent-0613,聞こえる,Essential Verbs,彼の声はよく聞こえませんでした。,Kare no koe wa yoku kikoemasen deshita.,I couldn't hear his voice well.
sent-0614,聞こえる,Essential Verbs,夜中に窓から怪しい音が聞こえてきた。,Yonaka ni mado kara ayashii oto ga kikoete kita.,I heard a suspicious sound coming from the window in the middle of the night.
sent-0615,聞こえる,Essential Verbs,この耳栓をすると、騒音がほとんど聞こえなくなる。,"Kono mimisen o suru to, souon ga hotondo kikoenaku naru.","When I wear these earplugs, I can hardly hear the noise."
sent-0616,聞く（聴く）,Essential Verbs,彼の話を注意深く聞いてください。,Kare no hanashi o chūibukaku kiite kudasai,Please listen carefully to what he has to say.
sent-0617,聞く（聴く）,Essential Verbs,彼女はラジオを聞くのが好きだ。,Kanojo wa rajio o kiku no ga suki da,She likes to listen to the radio.
sent-0618,聞く（聴く）,Essential Verbs,母にアドバイスを聞くことが大切です。,Haha ni adobaisu o kiku koto ga taisetsu desu,It is important to ask for advice from your mother.
sent-0619,聞く（聴く）,Essential Verbs,音楽を聞くときは、ヘッドフォンを使ってください。,"Ongaku o kiku toki wa, heddofon o tsukatte kudasai",Please use headphones when listening to music.
sent-0620,聞く（聴く）,Essential Verbs,先生の指示をよく聞いて、正しく実行してください。,"Sensei no shiji o yoku kiite, tadashiku jikkou shite kudasai",Listen carefully to the teacher's instructions and execute them correctly.
sent-0621,効く（利く）,Essential Verbs,頭痛薬がすぐに効くことを願っています。,Zutsuu kusuri ga sugu ni kiku koto o negatte imasu,I hope the headache medicine works quickly.
sent-0622,効く（利く）,Essential Verbs,この毒には解毒剤が効くでしょうか。,Kono doku ni wa gedokuzai ga kiku deshou ka,Will the antidote work for this poison?
sent-0623,効く（利く）,Essential Verbs,そのエクササイズは腹筋に効く。,Sono ekusasaizu wa fukkin ni kiku,That exercise works well on the abdominal muscles.
sent-0624,効く（利く）,Essential Verbs,節約に効く方法を試してみましょう。,Setsuyaku ni kiku houhou o tameshite mimashou,Let's try a method that effectively saves money.
sent-0625,効く（利く）,Essential Verbs,このスキンケア商品はシワに効くと言われています。,Kono sukinkea shouhin wa shiwa ni kiku to iwarete imasu,This skincare product is said to work well on wrinkles.
sent-0626,決まる,Essential Verbs,試験の日程がやっと決まった。,Shiken no nittei ga yatto kimatta,The exam schedule has finally been decided.
sent-0627,決まる,Essential Verbs,今日の会議で新しいプロジェクトが決まるでしょう。,Kyou no kaigi de atarashii purojekuto ga kimaru deshou,The new project will be decided in today's meeting.
sent-0628,決まる,Essential Verbs,彼女とデートの場所がまだ決まっていない。,Kanojo to deeto no basho ga mada kimatte inai,The date location with her hasn't been decided yet.
sent-0629,決まる,Essential Verbs,コンテストの勝者は、最後の審査で決まる。,"Kontesuto no shousha wa, saigo no shinsa de kimaru",The winner of the contest will be decided in the final judging.
sent-0630,決まる,Essential Verbs,部屋割りが決まるまで、待ってください。,"Heyawari ga kimaru made, matte kudasai",Please wait until the room assignments are decided.
sent-0631,決める,Essential Verbs,週末の予定を決める必要がある。,Shuumatsu no yotei o kimeru hitsuyou ga aru.,We need to decide on our weekend plans.
sent-0632,決める,Essential Verbs,彼は仕事を辞めるかどうかまだ決めていない。,Kare wa shigoto o yameru ka dou ka mada kimete inai.,He hasn't decided yet whether to quit his job or not.
sent-0633,決める,Essential Verbs,どのレストランでランチを食べるか決めましょう。,Dono resutoran de ranchi o taberu ka kimemashou.,Let's decide which restaurant to have lunch at.
sent-0634,決める,Essential Verbs,教室で椅子の位置を決めることができます。,Kyoushitsu de isu no ichi o kimeru koto ga dekimasu.,"In the classroom, you can decide the position of the chairs."
sent-0635,決める,Essential Verbs,彼女は自分の人生を自分で決める力が欲しいと言った。,Kanojo wa jibun no jinsei o jibun de kimeru chikara ga hoshii to itta.,She said she wanted the power to decide her own life herself.
sent-0636,切れる,Essential Verbs,電話が切れる前に伝えたかったことがあります。,Denwa ga kireru mae ni tsutaetakatta koto ga arimasu.,There is something I wanted to tell you before the phone got disconnected.
sent-0637,切れる,Essential Verbs,タイヤが突然切れて、車が止まってしまいました。,"Taiya ga totsuzen kirete, kuruma ga tomatte shimaimashita.","The tire suddenly burst, and the car came to a stop."
sent-0638,切れる,Essential Verbs,この包丁は切れるのがとてもいい。,Kono houchou wa kireru no ga totemo ii.,This kitchen knife cuts very well.
sent-0639,切れる,Essential Verbs,雨が降って視界が切れるほど悪くなった。,Ame ga futte shikai ga kireru hodo waruku natta.,The rain made the visibility so bad that it was almost unclear.
sent-0640,切れる,Essential Verbs,身元不明の犬が、誰も近づけないほどの怒りで切れてしまった。,"Mimoto fumei no inu ga, dare mo chikazukanai hodo no ikari de kirete shimatta.",The dog of unknown identity lost its temper so fiercely that no one could get close.
sent-0641,切る,Essential Verbs,野菜を切るときは、指を切らないように注意してください。,"Yasai o kiru toki wa, yubi o kiranai you ni chuui shite kudasai",Be careful not to cut your fingers when cutting vegetables.
sent-0642,切る,Essential Verbs,髪を切るために美容院を予約しました。,Kami o kiru tame ni biyouin o yoyaku shimashita,I made a reservation at the beauty salon to get my hair cut.
sent-0643,切る,Essential Verbs,パンを切る前に、オーブンを温めます。,"Pan o kiru mae ni, oobun o atatamemasu","Before cutting the bread, preheat the oven."
sent-0644,切る,Essential Verbs,電話を切る前に、最後の messeji を伝えたいです。,"Denwa o kiru mae ni, saigo no messeji o tsutaetai desu",I want to convey my last message before hanging up the phone.
sent-0645,切る,Essential Verbs,木を切るために、鋸が必要です。,"Ki o kiru tame ni, noko ga hitsuyou desu",A saw is necessary to cut a tree.
sent-0646,着る,Essential Verbs,今日はどんな服を着るべきか分からない。,Kyou wa donna fuku o kiru beki ka wakaranai,I don't know what clothes to wear today.
sent-0647,着る,Essential Verbs,彼はいつも暗い色のコートを着る。,Kare wa itsumo kurai iro no kooto o kiru,He always wears dark-colored coats.
sent-0648,着る,Essential Verbs,パーティーにはフォーマルな服を着ることが望ましいです。,Paatii niwa foomaru na fuku o kiru koto ga nozomashii desu,It is desirable to wear formal clothes to a party.
sent-0649,着る,Essential Verbs,冬が来ると、厚手のコートを着る必要がある。,"Fuyu ga kuru to, atsude no kooto o kiru hitsuyou ga aru","When winter comes, you need to wear thick coats."
sent-0650,着る,Essential Verbs,彼女はいつもオシャレな服を着るのが好きだ。,Kanojo wa itsumo oshare na fuku o kiru no ga suki da,She always likes to wear fashionable clothes.
sent-0651,越える（超える）,Essential Verbs,高い壁を越えるのは難しい。,Takai kabe o koeru no wa muzukashii.,It is difficult to overcome a high wall.
sent-0652,越える（超える）,Essential Verbs,この山を越えたら、目的地に着く。,"Kono yama o koetara, mokutekichi ni tsuku.","Once we cross this mountain, we will reach our destination."
sent-0653,越える（超える）,Essential Verbs,彼の才能は常識を越えている。,Kare no sainou wa joushiki o koete iru.,His talent goes beyond common sense.
sent-0654,越える（超える）,Essential Verbs,次のレベルに越えるために、もっと努力しなければならない。,"Tsugi no reberu ni koeru tame ni, motto doryoku shinakereba naranai.",I have to work harder to level up.
sent-0655,越える（超える）,Essential Verbs,彼女は言葉の壁を越えて、外国で成功を収めた。,"Kanojo wa kotoba no kabe o koete, gaikoku de seikou o osameta.",She overcame the language barrier and achieved success in a foreign country.
sent-0656,肥える,Essential Verbs,過剰な餌で魚が肥える。,Kajou na esa de sakana ga koeru.,Fish become fat due to excessive feeding.
sent-0657,肥える,Essential Verbs,その土地は非常に肥えていて、作物がよく育つ。,"Sono tochi wa hijou ni koete ite, sakumotsu ga yoku sodatsu.","The land is very fertile, and the crops grow well."
sent-0658,肥える,Essential Verbs,実りの多い季節には、果物がみるみるうちに肥える。,"Minori no ooi kisetsu ni wa, kudamono ga mirumiru uchi ni koeru.","During the fruitful season, fruits fatten up in no time."
sent-0659,肥える,Essential Verbs,農家は苦労して家畜を肥えさせている。,Nouka wa kurou shite kachiku o koesasete iru.,Farmers work hard to fatten their livestock.
sent-0660,肥える,Essential Verbs,食べ過ぎ続けると、体がどんどん肥える。,"Tabe sugi tsudzukeru to, karada ga dondon koeru.","If you continue to overeat, your body will become increasingly fat."
sent-0661,困る,Essential Verbs,こんな難しい問題で困ってしまった。,Konna muzukashii mondai de komatte shimatta,I got troubled by such a difficult problem.
sent-0662,困る,Essential Verbs,彼の態度には本当に困る。,Kare no taido ni wa hontou ni komaru,I am really bothered by his attitude.
sent-0663,困る,Essential Verbs,どちらを選ぶべきか分からず、困った。,"Dochira o erabu beki ka wakarazu, komatta",I was troubled because I didn't know which one to choose.
sent-0664,困る,Essential Verbs,宿題がたくさんありすぎて、困っている。,"Shukudai ga takusan arisugite, komatte iru",I am troubled because there is too much homework.
sent-0665,困る,Essential Verbs,どのレストランに行くか決められなくて、困っています。,"Dono resutoran ni iku ka kimerarenakute, komatteimasu",I am troubled because I cannot decide which restaurant to go to.
sent-0666,込む,Essential Verbs,電車が混んでいて、中に入るのが大変だった。,"Densha ga konde ite, naka ni hairu no ga taihen datta","The train was crowded, and it was difficult to get on."
sent-0667,込む,Essential Verbs,仕事が忙しくなり、考え込んでしまった。,"Shigoto ga isogashiku nari, kangaekomu de shimatta","Work became busy, and I ended up lost in thought."
sent-0668,込む,Essential Verbs,休日には公園が人で混み合っている。,Kyuujitsu ni wa kouen ga hito de komiatte iru,The park is crowded with people on holidays.
sent-0669,込む,Essential Verbs,新しい計画に熱心に取り組み、のめり込んだ。,"Atarashii keikaku ni nesshin ni torikunde, nomerikonda",I worked enthusiastically on the new plan and became completely absorbed in it.
sent-0670,込む,Essential Verbs,スキャンダルが込み入った事態に発展してしまった。,Sukyandaru ga komiitta jitai ni hatten shite shimatta,The scandal developed into a very complicated situation.
sent-0671,殺す,Essential Verbs,彼は動物を殺すことができない。,Kare wa doubutsu o korosu koto ga dekinai,He cannot kill animals.
sent-0672,殺す,Essential Verbs,彼は犯罪者に家族を殺された。,Kare wa hanzaisha ni kazoku o korosareta,His family was killed by the criminal.
sent-0673,殺す,Essential Verbs,その昆虫は木を殺す病原菌を運んでいる。,Sono konchuu wa ki o korosu byougenkin o hakonde iru,The insect carries a pathogen that kills trees.
sent-0674,殺す,Essential Verbs,彼は人を殺す意図はなかった。,Kare wa hito o korosu ito wa nakatta,He didn't intend to kill anyone.
sent-0675,殺す,Essential Verbs,毒薬を飲むと、すぐに人の命を殺してしまう。,"Dokuyaku o nomu to, sugu ni hito no inochi o koroshite shimau","If you drink poison, it will kill you instantly."
sent-0676,越す（超す）,Essential Verbs,彼は山を越すために早朝から出かけた。,Kare wa yama o kosu tame ni souchou kara dekaketa.,He left early in the morning to cross the mountain.
sent-0677,越す（超す）,Essential Verbs,その川を越すには橋を渡る必要があります。,Sono kawa o kosu niwa hashi o wataru hitsuyou ga arimasu.,You need to cross the bridge to get across that river.
sent-0678,越す（超す）,Essential Verbs,この問題は私の理解を超えるものです。,Kono mondai wa watashi no rikai o koeru mono desu.,This problem is beyond my understanding.
sent-0679,越す（超す）,Essential Verbs,君の努力は、他の誰の努力も超えている。,"Kimi no doryoku wa, hoka no dare no doryoku mo koete iru.",Your effort surpasses everyone else's.
sent-0680,越す（超す）,Essential Verbs,今度の試験で彼は合格点を超えることができた。,Kondo no shiken de kare wa goukakuten o koeru koto ga dekita.,He was able to score above the passing mark in this exam.
sent-0681,答える,Essential Verbs,先生の質問に答える。,Sensei no shitsumon ni kotaeru.,Answer the teacher's question.
sent-0682,答える,Essential Verbs,彼女は質問に正直に答えた。,Kanojo wa shitsumon ni shoujiki ni kotaeta.,She answered the question honestly.
sent-0683,答える,Essential Verbs,この問題に答えるのは難しいです。,Kono mondai ni kotaeru no wa muzukashii desu.,It is difficult to answer this question.
sent-0684,答える,Essential Verbs,彼は私の質問にすぐに答えました。,Kare wa watashi no shitsumon ni sugu ni kotaemashita.,He answered my question immediately.
sent-0685,答える,Essential Verbs,電話に出て彼の質問に答えなければならない。,Denwa ni dete kare no shitsumon ni kotaenakereba naranai.,I have to answer his question on the phone.
sent-0686,こたえる,Essential Verbs,彼は質問に答えるのが上手です。,Kare wa shitsumon ni kotaeru no ga jouzu desu,He is good at answering questions.
sent-0687,こたえる,Essential Verbs,先生に出された問題に答えるために、一生懸命考えました。,"Sensei ni dasareta mondai ni kotaeru tame ni, isshoukenmei kangaemashita",I thought hard to answer the question given by the teacher.
sent-0688,こたえる,Essential Verbs,どんな困難な質問でも、彼女はすぐに答えることができます。,"Donna konnan na shitsumon demo, kanojo wa sugu ni kotaeru koto ga dekimasu",She can answer any difficult question immediately.
sent-0689,こたえる,Essential Verbs,彼は私たちの疑問に正確に答えました。,Kare wa watashitachi no gimon ni seikaku ni kotaemashita,He answered our questions accurately.
sent-0690,こたえる,Essential Verbs,電話に出たら、彼女が質問に答えていました。,Denwa ni detara kanojo ga shitsumon ni kotaete imashita,"When I answered the phone, she was answering the questions."
sent-0691,断る,Essential Verbs,彼の誘いを断ることにした。,Kare no sasoi o kotowaru koto ni shita.,I decided to refuse his invitation.
sent-0692,断る,Essential Verbs,その仕事を引き受けるか断るか、もうすぐ決めなければならない。,"Sono shigoto o hikiukeru ka kotowaru ka, mou sugu kimenakereba naranai.",I have to decide soon whether to take up or refuse that job.
sent-0693,断る,Essential Verbs,友達のお願いを断るのは難しい。,Tomodachi no onegai o kotowaru no wa muzukashii.,It's difficult to refuse a friend's request.
sent-0694,断る,Essential Verbs,彼女は彼のプロポーズを断った。,Kanojo wa kare no puropo-zu o kotowatta.,She refused his marriage proposal.
sent-0695,断る,Essential Verbs,彼は自分の意見を言うことはできますが、どんな理由でも断ることはできません。,"Kare wa jibun no iken o iu koto wa dekimasu ga, donna riyuu demo kotowaru koto wa dekimasen.","He can express his opinion, but he cannot refuse for any reason."
sent-0696,壊れる,Essential Verbs,彼の自転車は古くてすぐに壊れる。,Kare no jitensha wa furukute sugu ni kowareru,His bicycle is old and breaks easily.
sent-0697,壊れる,Essential Verbs,写真のフレームが落ちて、壊れてしまった。,"Shashin no fure-mu ga ochite, kowarete shimatta",The photo frame fell and got broken.
sent-0698,壊れる,Essential Verbs,高いものを落として壊れる前に捕まえる。,Takai mono o otoshite kowareru mae ni tsukamaeru,Catch the expensive item before it falls and breaks.
sent-0699,壊れる,Essential Verbs,洗濯機が壊れたので新しいものを買わなくてはいけない。,Sentakuki ga kowareta node atarashii mono o kawanakute wa ikenai,"The washing machine broke, so I have to buy a new one."
sent-0700,壊れる,Essential Verbs,十年使ったスマートフォンがついに壊れた。,Juu-nen tsukatta sumaatofon ga tsuini kowareta,The smartphone that I used for ten years finally broke.
sent-0701,壊す,Essential Verbs,彼はうっかりガラスを壊してしまった。,Kare wa ukkari garasu o kowashite shimatta.,He accidentally broke the glass.
sent-0702,壊す,Essential Verbs,気をつけてください。壁にある絵を壊さないように。,Ki o tsukete kudasai. Kabe ni aru e o kowasanai you ni.,Please be careful not to break the painting on the wall.
sent-0703,壊す,Essential Verbs,彼女は怒って携帯電話を壊した。,Kanojo wa okotte keitai denwa o kowashita.,She broke her cell phone in anger.
sent-0704,壊す,Essential Verbs,彼が遊び半分で友達のおもちゃを壊してしまった。,Kare ga asobi hanbun de tomodachi no omocha o kowashite shimatta.,He broke his friend's toy half-intentionally while playing.
sent-0705,壊す,Essential Verbs,地震でたくさんの建物を壊してしまった。,Jishin de takusan no tatemono o kowashite shimatta.,Many buildings were broken by the earthquake.
sent-0706,曇る,Essential Verbs,空が曇って、雨が降りそうだ。,"Sora ga kumotte, ame ga furisou da.","The sky is cloudy, and it looks like it's going to rain."
sent-0707,曇る,Essential Verbs,天気予報によると、明日は曇りがちだ。,"Tenki yohou ni yoru to, ashita wa kumorigachi da.","According to the weather forecast, tomorrow will be mostly cloudy."
sent-0708,曇る,Essential Verbs,曇った日には気分もちょっと曇り気味。,Kumotta hi ni wa kibun mo chotto kumorigimi.,"On a cloudy day, my mood also feels a bit gloomy."
sent-0709,曇る,Essential Verbs,朝は晴れていたのに、午後になって急に曇ってきた。,"Asa wa harete ita noni, gogo ni natte kyuu ni kumotte kita.","Although it was sunny in the morning, it suddenly became cloudy in the afternoon."
sent-0710,曇る,Essential Verbs,この夏は曇りの日が多くて、あまり日差しが強くなかった。,"Kono natsu wa kumori no hi ga ookute, amari hizashi ga tsuyokunakatta.","This summer, there were many cloudy days, and the sunlight wasn't very strong."
sent-0711,比べる,Essential Verbs,この二つの商品を比べて、どちらがいいかを考えてください。,"Kono futatsu no shouhin o kurabete, dochira ga ii ka o kangaete kudasai",Please compare these two products and think about which one is better.
sent-0712,比べる,Essential Verbs,彼女は彼と私を比べているような気がする。,Kanojo wa kare to watashi o kurabete iru you na ki ga suru,I feel like she is comparing him and me.
sent-0713,比べる,Essential Verbs,今年の収穫量を去年の収穫量と比べると、多い方だ。,"Kotoshi no shuukakuryou o kyonen no shuukakuryou to kuraberu to, ooi hou da","Comparing this year's harvest with last year's, it's larger."
sent-0714,比べる,Essential Verbs,これらの車とあの車を性能で比べると、どちらが優れているか分かりますか？,"Korera no kuruma to ano kuruma o seinou de kuraberu to, dochira ga sugurete iru ka ga wakarimasu ka?","When comparing these cars in terms of performance, can you tell which one is superior?"
sent-0715,比べる,Essential Verbs,昨日の天気と比べて、今日は暖かいです。,"Kinou no tenki to kurabete, kyou wa atatakai desu","Comparing with yesterday's weather, today is warm."
sent-0716,くれる,Essential Verbs,彼は私にプレゼントをくれた。,Kare wa watashi ni purezento o kureta,He gave me a present.
sent-0717,くれる,Essential Verbs,お父さんが新しい自転車をくれました。,Otousan ga atarashii jitensha o kuremashita,My father gave me a new bicycle.
sent-0718,くれる,Essential Verbs,友達が宿題を手伝ってくれると約束した。,Tomodachi ga shukudai o tetsudatte kureru to yakusoku shita,My friend promised to help me with my homework.
sent-0719,くれる,Essential Verbs,先生は質問に対して説明してくれました。,Sensei wa shitsumon ni taishite setsumei shite kuremashita,The teacher explained in response to the question.
sent-0720,くれる,Essential Verbs,お母さんが美味しい料理を作ってくれる。,Okaasan ga oishii ryouri o tsukutte kureru,My mother makes delicious meals for me.
sent-0721,暮れる,Essential Verbs,日が暮れると、街は美しいイルミネーションで飾られます。,"Hi ga kureru to, machi wa utsukushii irumineeshon de kazararemasu","When the sun sets, the town is decorated with beautiful illuminations."
sent-0722,暮れる,Essential Verbs,夕暮れ時に公園で散歩するのが好きです。,Yuuguredoki ni kouen de sanpo suru no ga suki desu,I like taking a walk in the park at dusk.
sent-0723,暮れる,Essential Verbs,山への道は日が暮れると危険です。,Yama e no michi wa hi ga kureru to kiken desu,The road to the mountain is dangerous when the sun sets.
sent-0724,暮れる,Essential Verbs,窓から夕暮れの空が見えました。,Mado kara yuugure no sora ga miemashita,I could see the evening sky from the window.
sent-0725,暮れる,Essential Verbs,彼女は夏休みが暮れる前に宿題を終わらせたいと言っていた。,Kanojo wa natsuyasumi ga kureru mae ni shukudai o owarasetai to itteita,She said she wanted to finish her homework before the summer vacation ends.
sent-0726,来る,Essential Verbs,明日友達が遊びに来ることになった。,Ashita tomodachi ga asobi ni kuru koto ni natta.,It has been decided that my friend is coming over to play tomorrow.
sent-0727,来る,Essential Verbs,彼はこのイベントに毎年来る。,Kare wa kono ibento ni maitoshi kuru.,He comes to this event every year.
sent-0728,来る,Essential Verbs,春が来ると桜が咲き始めます。,Haru ga kuru to sakura ga sakihajimemasu.,"When spring comes, cherry blossoms start to bloom."
sent-0729,来る,Essential Verbs,来週の月曜日、新しい先生が来るらしい。,"Raishuu no getsuyoubi, atarashii sensei ga kuru rashii.",It seems a new teacher is coming next Monday.
sent-0730,来る,Essential Verbs,遠い未来を見据え、これから来る時代に備えて、今後の決定を行っていくべきだ。,"Tooi mirai o misuete, korekara kuru jidai ni sonaete, kongo no kettei o okonatte ikubeki da.","We should make future decisions in preparation for the coming era, keeping the distant future in mind."
sent-0731,加える,Essential Verbs,この料理に少し塩を加えてください。,Kono ryouri ni sukoshi shio o kuwaete kudasai,Please add a little salt to this dish.
sent-0732,加える,Essential Verbs,彼は彼女の会話に自分の意見を加えた。,Kare wa kanojo no kaiwa ni jibun no iken o kuwaeta,He added his own opinion to her conversation.
sent-0733,加える,Essential Verbs,今月の経費にこれらの領収書の金額を加える必要がある。,Kongetsu no keihi ni korera no ryoushuusho no kingaku o kuwaeru hitsuyou ga aru,I need to add the amounts on these receipts to this month's expenses.
sent-0734,加える,Essential Verbs,問題を解決するために、新しいアイデアを加えることが役立つだろう。,"Mondai o kaiketsu suru tame ni, atarashii aidea o kuwaeru koto ga yakudatsu darou",Adding new ideas would be helpful to solve the problem.
sent-0735,加える,Essential Verbs,大きなスキルに細かな技術を加えることが大切だ。,Ookina sukiru ni komakana gijutsu o kuwaeru koto ga taisetsu da,It is important to add small techniques to big skills.
sent-0736,くわえる,Essential Verbs,彼はペンをくわえて、両手を使ってパソコンを動かしていた。,"Kare wa pen o kuwaete, ryoute o tsukatte pasokon o ugokashiteita.",He was holding a pen in his mouth and using both hands to operate the computer.
sent-0737,くわえる,Essential Verbs,彼女はコップを口にくわえて運んでいた。,Kanojo wa koppu o kuchi ni kuwaete hakondeita.,She was carrying a cup by holding it in her mouth.
sent-0738,くわえる,Essential Verbs,犬は散歩中に木の枝をくわえていた。,Inu wa sanpo chuu ni ki no eda o kuwaete ita,The dog was holding a branch in its mouth while walking.
sent-0739,くわえる,Essential Verbs,彼はタバコをくわえたまま、本を読んでいた。,"Kare wa tabako o kuwaeta mama, hon o yonde ita.",He was reading a book while holding a cigarette in his mouth.
sent-0740,くわえる,Essential Verbs,彼女は手が塞がっていたので、リボンを口にくわえて髪を結んだ。,"Kanojo wa te ga segatte ita node, ribon o kuchi ni kuwaete kami o musunda.","Since her hands were full, she held a ribbon in her mouth to tie her hair."
sent-0741,間違える,Essential Verbs,問題を間違えることで、学ぶことができる。,"Mondai o machigaeru koto de, manabu koto ga dekiru","By making mistakes in problems, we can learn."
sent-0742,間違える,Essential Verbs,間違いやすいので、注意してください。,"Machigaiyasui node, chuui shite kudasai","Please be careful, as it is easy to make mistakes."
sent-0743,間違える,Essential Verbs,彼は英語の単語をよく間違えます。,Kare wa eigo no tango o yoku machigaemasu,He often gets English words wrong.
sent-0744,間違える,Essential Verbs,間違えたことを認めて、 kaizensaku o nerou.,"Machigaeta koto o mitomete, kaizensaku o nerou",Let's admit our mistakes and work on improvement measures.
sent-0745,間違える,Essential Verbs,時には他人の意見も聞くことで、自分の間違いに気づくことができます。,"Toki ni wa tanin no iken mo kiku koto de, jibun no machigai ni kizuku koto ga dekimasu","Sometimes, by listening to others' opinions, we can realize our own mistakes."
sent-0746,間違う,Essential Verbs,間違うことは誰にでもある。,Machigau koto wa dare ni demo aru.,Everyone makes mistakes.
sent-0747,間違う,Essential Verbs,彼は質問の答えを間違ってしまった。,Kare wa shitsumon no kotae o machigatte shimatta.,He got the answer to the question wrong.
sent-0748,間違う,Essential Verbs,道を間違って、遠回りしてしまった。,"Michi o machigatte, toomawari shite shimatta.",I took the wrong road and ended up taking a long detour.
sent-0749,間違う,Essential Verbs,電話番号を間違ってかけることがある。,Denwa bangou o machigatte kakeru koto ga aru.,Sometimes I dial the wrong phone number.
sent-0750,間違う,Essential Verbs,彼の名前を間違って呼んでしまった。,Kare no namae o machigatte yonde shimatta.,I accidentally called him by the wrong name.
sent-0751,曲がる,Essential Verbs,この道を右に曲がってください。,Kono michi o migi ni magatte kudasai,Please turn right on this road.
sent-0752,曲がる,Essential Verbs,信号を左に曲がると、駅が見えます。,"Shingou o hidari ni magaru to, eki ga miemasu","If you turn left at the traffic light, you can see the station."
sent-0753,曲がる,Essential Verbs,次の角を曲がると、コンビニがあります。,"Tsugi no kado o magaru to, konbini ga arimasu","If you turn at the next corner, there is a convenience store."
sent-0754,曲がる,Essential Verbs,木の枝が風に曲がっている。,Ki no eda ga kaze ni magatte iru,The tree branches are bending in the wind.
sent-0755,曲がる,Essential Verbs,この川は山を曲がりくねって流れている。,Kono kawa wa yama o magarikunette nagarete iru,This river flows winding through the mountains.
sent-0756,曲げる,Essential Verbs,竹を曲げるのは難しい。,Take o mageru no wa muzukashii,It is difficult to bend bamboo.
sent-0757,曲げる,Essential Verbs,彼は金属を曲げる技術を持っている。,Kare wa kinzoku o mageru gijutsu o motteiru,He has the skill to bend metal.
sent-0758,曲げる,Essential Verbs,彼女は体が柔らかく、簡単に腕を曲げることができる。,"Kanojo wa karada ga yawarakaku, kantan ni ude o mageru koto ga dekiru","Her body is flexible, and she can easily bend her arms."
sent-0759,曲げる,Essential Verbs,フォークが使いにくいと感じたので、形を少し曲げて使いやすくした。,"Fooku ga tsukai nikui to kanjita node, katachi o sukoshi magete tsukaiyasuku shita","I felt the fork was difficult to use, so I bent it slightly to make it easier to use."
sent-0760,曲げる,Essential Verbs,彼は自分の意志を曲げずに、困難に立ち向かった。,"Kare wa jibun no ishi o magerazu ni, konnan ni tachimukatta",He did not bend his will and faced the difficulties.
sent-0761,任せる,Essential Verbs,彼に仕事を任せるのは安心できる。,Kare ni shigoto o makaseru no wa anshin dekiru.,I can feel at ease leaving work to him.
sent-0762,任せる,Essential Verbs,彼女に料理を任せることにした。,Kanojo ni ryouri o makaseru koto ni shita.,I decided to leave the cooking to her.
sent-0763,任せる,Essential Verbs,その問題は私に任せてください。,Sono mondai wa watashi ni makasete kudasai.,Please leave that issue to me.
sent-0764,任せる,Essential Verbs,彼らは天気に任せて旅行の計画を立てる。,Karera wa tenki ni makasete ryokou no keikaku o tateru.,"They plan their trips, leaving it to the weather."
sent-0765,任せる,Essential Verbs,学生たちはチームリーダーに企画を任せた。,Gakusei-tachi wa chiimu riidaa ni kikaku o makaseta.,The students left the planning to the team leader.
sent-0766,負ける,Essential Verbs,試合に負けるのは残念だった。,Shiai ni makeru no wa zannen datta,It was disappointing to lose the match.
sent-0767,負ける,Essential Verbs,勉強では負ける気はしなかった。,Benkyou de wa makeru ki wa shinakatta,I didn't feel like losing in my studies.
sent-0768,負ける,Essential Verbs,彼は弟に将棋で負けた。,Kare wa otouto ni shougi de maketa,He lost to his younger brother in shogi.
sent-0769,負ける,Essential Verbs,今回は負けたけど、次は絶対に負けない！,"Konkai wa maketa kedo, tsugi wa zettai ni makenai!","I lost this time, but I will definitely not lose next time!"
sent-0770,負ける,Essential Verbs,チームは練習試合で惜しくも負けました。,Chiimu wa renshuu shiai de oshikumo makemashita,The team unfortunately lost the practice match.
sent-0771,まける,Essential Verbs,彼にゲームで負けるのが許せない。,Kare ni geemu de makeru no ga yurusenai,I cannot stand losing to him in the game.
sent-0772,まける,Essential Verbs,対戦相手には絶対に負けるわけにはいかない。,Taisen aite ni wa zettai ni makeru wake ni wa ikanai,I can't afford to lose to my opponent.
sent-0773,まける,Essential Verbs,試合で負けることも、学ぶことが多い。,"Shiai de makeru koto mo, manabu koto ga ooi",Losing a game can also teach you a lot.
sent-0774,まける,Essential Verbs,最後の瞬間まで、絶対に負ける気はしなかった。,"Saigo no shunkan made, zettai ni makeru ki wa shinakatta",I never felt like losing until the very last moment.
sent-0775,まける,Essential Verbs,今回の試合は、友達に負けたために、良い評価がもらえず、悔しかった。,"Konkai no shiai wa, tomodachi ni maketa tame ni, ii hyouka ga moraezu, kuyashikatta","In this match, I was frustrated because I couldn't get a good evaluation for losing to my friend."
sent-0776,巻く,Essential Verbs,彼は寒さに耐えるために厚いマフラーを首に巻いた。,Kare wa samusa ni taeru tame ni atsui mafurā o kubi ni maita,He wrapped a thick scarf around his neck to endure the cold.
sent-0777,巻く,Essential Verbs,彼女はリボンをプレゼントに巻いて可愛く飾った。,Kanojo wa ribon o purezento ni maite kawaiku kazatta,She wrapped a ribbon around the gift and decorated it cutely.
sent-0778,巻く,Essential Verbs,彼は敷物を丸めて、体に巻いた。,"Kare wa shikimono o marumete, karada ni maita",He rolled up the rug and wrapped it around his body.
sent-0779,巻く,Essential Verbs,彼女はパーマをかける前に髪をロッドに巻いた。,Kanojo wa paama o kakeru mae ni kami o roddo ni maita,She wrapped her hair around the rods before getting a perm.
sent-0780,巻く,Essential Verbs,子供たちは葉っぱを集めて、棒に巻き付けた。,"Kodomotachi wa happa o atsumete, bou ni makitsuketa",The children collected leaves and wrapped them around a stick.
sent-0781,まく,Essential Verbs,花びらをまく,Hanabira o maku,Scatter flower petals.
sent-0782,まく,Essential Verbs,種をまく時期が来た。,Tane o maku jiki ga kita,The time has come to sow seeds.
sent-0783,まく,Essential Verbs,彼女は紙吹雪をまいた。,Kanojo wa kamifubuki o maita,She scattered paper confetti.
sent-0784,まく,Essential Verbs,畑に肥料をまく。,Hatake ni hiryou o maku,Spread fertilizer on the field.
sent-0785,まく,Essential Verbs,彼は歩くたびに、まかれた種を踏んでしまった。,"Kare wa aruku tabi ni, makarareta tane o funde shimatta",He kept stepping on the sown seeds every time he walked.
sent-0786,守る,Essential Verbs,僕は家族を守るために働いています。,Boku wa kazoku o mamoru tame ni hataraiteimasu,I am working to protect my family.
sent-0787,守る,Essential Verbs,自分の意見を守ることが大切だ。,Jibun no iken o mamoru koto ga taisetsu da,It is important to stand by your own opinions.
sent-0788,守る,Essential Verbs,彼女は友達の秘密を守った。,Kanojo wa tomodachi no himitsu o mamotta,She kept her friend's secret.
sent-0789,守る,Essential Verbs,サッカーのゴールキーパーはゴールを守る役割がある。,Sakkaa no goorukiipaa wa gooru o mamoru yakuwari ga aru,A soccer goalkeeper has the role of protecting the goal.
sent-0790,守る,Essential Verbs,私たちは環境を守る責任がある。,Watashitachi wa kankyou o mamoru sekinin ga aru,We have a responsibility to protect the environment.
sent-0791,間に合う,Essential Verbs,明日のパーティーには間に合うはずだ。,Ashita no paatii ni wa maniau hazu da.,I should make it in time for tomorrow's party.
sent-0792,間に合う,Essential Verbs,宿題を提出する期限は明日だけど、間に合うか心配です。,"Shukudai o teishutsu suru kigen wa ashita dakedo, maniau ka shinpai desu.","The deadline for submitting my homework is tomorrow, and I'm worried if I can make it in time."
sent-0793,間に合う,Essential Verbs,コンサートはあと1時間後だが、電車で行けば間に合うだろう。,"Konsaato wa ato ichi jikan go da ga, densha de ikeba maniau darou.","The concert is in an hour, but I should make it in time if I take the train."
sent-0794,間に合う,Essential Verbs,間に合うように走れば、最終電車に乗れるはずです。,"Maniau you ni hashireba, saishuu densha ni noreru hazu desu.","If I run to make it in time, I should be able to catch the last train."
sent-0795,間に合う,Essential Verbs,大切なミーティングに間に合うために、早く出発した。,"Taisetsu na miitingu ni maniau tame ni, hayaku shuppatsu shita.",I left early so that I could make it in time for the important meeting.
sent-0796,待つ,Essential Verbs,長い時間を待たされるのは嫌です。,Nagai jikan o matasareru no wa iya desu,I don't like being kept waiting for a long time.
sent-0797,待つ,Essential Verbs,彼は駅で私を待っていた。,Kare wa eki de watashi o matteita,He was waiting for me at the station.
sent-0798,待つ,Essential Verbs,このレストランの料理は待つ価値がある。,Kono resutoran no ryouri wa matsu kachi ga aru,The food at this restaurant is worth the wait.
sent-0799,待つ,Essential Verbs,面接の結果を待つ間、彼はとても緊張していた。,"Mensetsu no kekka o matsu aida, kare wa totemo kinchou shiteita",He was very nervous while waiting for the results of the interview.
sent-0800,待つ,Essential Verbs,彼女は電話がかかってくるのを待っていた。,Kanojo wa denwa ga kakatte kuru no o matteita,She was waiting for the phone call to come.
sent-0801,回る,Essential Verbs,地球は太陽の周りを回る。,Chikyuu wa taiyou no mawari o mawaru,The Earth revolves around the Sun.
sent-0802,回る,Essential Verbs,毎週、新聞配達員は私達の家の周りを回る。,"Maishuu, shimbun haitatsuin wa watashitachi no ie no mawari o mawaru","Every week, the newspaper delivery person goes around our house."
sent-0803,回る,Essential Verbs,このバスは市内を回るコースになっています。,Kono basu wa shinai o mawaru koosu ni natte imasu,This bus takes a route that goes around the city.
sent-0804,回る,Essential Verbs,ごみ収集車が、地域を回るスケジュールを知りたいです。,"Gomi shuuseisha ga, chiiki o mawaru sukejuuru o shiritai desu",I would like to know the schedule of the garbage collection truck going around the area.
sent-0805,回る,Essential Verbs,彼女は美術館に案内してもらい、展示品を見て回るのが好きです。,"Kanojo wa bijutsukan ni annai shite morai, tenjihin o mite mawaru no ga suki desu",She enjoys going around looking at the exhibits at the art museum with a tour guide.
sent-0806,回す,Essential Verbs,彼はペンを指でくるくる回す癖がある。,Kare wa pen o yubi de kuru kuru mawasu kuse ga aru.,He has a habit of twirling his pen with his fingers.
sent-0807,回す,Essential Verbs,スピーカーの音量を少し回してください。,Supiikaa no onryou o sukoshi mawashite kudasai.,Please turn up the speaker's volume a little.
sent-0808,回す,Essential Verbs,彼女は視線を回して周りを見渡した。,Kanojo wa shisen o mawashite mawari o miwatashita.,"She looked around, turning her gaze."
sent-0809,回す,Essential Verbs,会議の出席者に資料を回してください。,Kaigi no shusseki-sha ni shiryou o mawashite kudasai.,Please pass the documents around to the attendees of the meeting.
sent-0810,回す,Essential Verbs,リクエストを友人に回すことで、多くの人に届けたいと思います。,"Rikuesuto o yuujin ni mawasu koto de, ooku no hito ni todoketai to omoimasu.",I want to reach many people by circulating the request to my friends.
sent-0811,迷う,Essential Verbs,どの道を選べばいいか迷っています。,Dono michi o erabeba ii ka mayotteimasu.,I am hesitating about which road to choose.
sent-0812,迷う,Essential Verbs,将来の進路について迷っている。,Shourai no shinro ni tsuite mayotteiru.,I am uncertain about my future path.
sent-0813,迷う,Essential Verbs,彼女はどちらのドレスを買うべきか迷った。,Kanojo wa dochira no doresu o kau beki ka mayotta.,She hesitated about which dress to buy.
sent-0814,迷う,Essential Verbs,あまりにも多くの選択肢があり、彼は何をするべきか迷ってしまった。,"Amari nimo ooku no sentakushi ga ari, kare wa nani o suru beki ka mayotte shimatta.",There were so many choices that he was unsure of what to do.
sent-0815,迷う,Essential Verbs,私は大学選びに迷っている。,Watashi wa daigaku erabi ni mayotteiru.,I am struggling to decide which university to choose.
sent-0816,目立つ,Essential Verbs,彼はパーティーで目立つ服を着ていた。,Kare wa paatii de medatsu fuku o kite ita.,He was wearing attention-grabbing clothes at the party.
sent-0817,目立つ,Essential Verbs,その赤い傘は雨の中でとても目立ちます。,Sono akai kasa wa ame no naka de totemo medachimasu.,That red umbrella stands out in the rain.
sent-0818,目立つ,Essential Verbs,この新しい看板は通りで目立つだろう。,Kono atarashii kanban wa toori de medatsu darou.,This new sign will stand out on the street.
sent-0819,目立つ,Essential Verbs,彼女はチームの中で目立つ性格を持っている。,Kanojo wa chiimu no naka de medatsu seikaku o motte iru.,She has a noticeable personality within the team.
sent-0820,目立つ,Essential Verbs,彼が教室でいつも目立っているので、先生は注意をしている。,"Kare ga kyoushitsu de itsumo medatte iru node, sensei wa chuui o shite iru.","He always stands out in the classroom, so the teacher is paying attention to him."
sent-0821,見える,Essential Verbs,この場所から美しい景色が見える。,Kono basho kara utsukushii keshiki ga mieru.,A beautiful scenery can be seen from this place.
sent-0822,見える,Essential Verbs,彼は動物園でパンダが見えた。,Kare wa doubutsuen de panda ga mieta.,He was able to see the panda at the zoo.
sent-0823,見える,Essential Verbs,山の頂上からの眺めは、遠くの街が見える。,"Yama no choujou kara no nagame wa, tooku no machi ga mieru.","From the top of the mountain, you can see the distant city."
sent-0824,見える,Essential Verbs,雪のために道路がほとんど見えなくなった。,Yuki no tame ni douro ga hotondo mienaku natta.,"Due to the snow, the road became almost invisible."
sent-0825,見える,Essential Verbs,彼女の笑顔は、部屋全体を明るく見えさせていた。,"Kanojo no egao wa, heya zentai o akaruku miesasete ita.",Her smile made the whole room seem brighter.
sent-0826,磨く,Essential Verbs,彼は毎日ギターの技術を磨いている。,Kare wa mainichi gitaa no gijutsu o migaite iru,He hones his guitar skills every day.
sent-0827,磨く,Essential Verbs,包丁を磨くために砥石が必要です。,Houchou o migaku tame ni toishi ga hitsuyou desu,You need a whetstone to sharpen a knife.
sent-0828,磨く,Essential Verbs,世界中を旅して英語を磨きたい。,Sekaijuu o tabi shite eigo o migakitai,I want to travel around the world to improve my English.
sent-0829,磨く,Essential Verbs,ジムに通うことで体力を磨くことができます。,Jimu ni kayou koto de tairyoku o migaku koto ga dekimasu,Going to the gym can help you improve your physical strength.
sent-0830,磨く,Essential Verbs,彼女は一生懸命ダンスの技能を磨き続けました。,Kanojo wa isshou kenmei dansu no ginou o migakitsudukemashita,She kept working hard to polish her dance skills.
sent-0831,見る,Essential Verbs,その絵を見ると、懐かしい思いが湧いてくる。,"Sono e o miru to, natsukashii omoi ga waite kuru","When I look at that picture, nostalgic feelings well up."
sent-0832,見る,Essential Verbs,見て下さい、窓の外に美しい虹がかかっています。,"Mite kudasai, mado no soto ni utsukushii niji ga kakatte imasu","Please look, there's a beautiful rainbow outside the window."
sent-0833,見る,Essential Verbs,彼女は私が見るのを避けるために、顔をそらしました。,"Kanojo wa watashi ga miru no o sakeru tame ni, kao o sorashimashita.",She turned her face away to avoid being looked at by me.
sent-0834,見る,Essential Verbs,毎週木曜日の夜、よくテレビの番組を見ます。,"Maishuu mokuyoubi no yoru, yoku terebi no bangumi o mimasu",I often watch TV shows on Thursday nights.
sent-0835,見る,Essential Verbs,明日、映画を見に行こう。,"Ashita, eiga o mi ni ikou",Let's go watch a movie tomorrow.
sent-0836,みる,Essential Verbs,彼女の絵を見るのが好きです。,Kanojo no e o miru no ga suki desu,I like looking at her paintings.
sent-0837,みる,Essential Verbs,明日、映画を見に行きましょう。,"Ashita, eiga o mi ni ikimashou",Let's go watch a movie tomorrow.
sent-0838,みる,Essential Verbs,彼は遠くを見ると、目が痛むそうです。,"Kare wa tooku o miru to, me ga itamu sou desu","When he looks into the distance, his eyes seem to hurt."
sent-0839,みる,Essential Verbs,時間があるとき、その本を見てみます。,"Jikan ga aru toki, sono hon o mite mimasu","When I have time, I'll take a look at that book."
sent-0840,みる,Essential Verbs,子供たちは動物園でたくさんの動物を見ました。,Kodomo-tachi wa doubutsuen de takusan no doubutsu o mimashita,The children saw many animals at the zoo.
sent-0841,見せる,Essential Verbs,彼は新しい車を見せるために家にやってきた。,Kare wa atarashii kuruma o miseru tame ni ie ni yattekita.,He came to the house to show off his new car.
sent-0842,見せる,Essential Verbs,この絵をみんなに見せるのが楽しみです。,Kono e o minna ni miseru no ga tanoshimi desu.,I'm looking forward to showing this painting to everyone.
sent-0843,見せる,Essential Verbs,彼女は私に美しい景色を見せるために山に連れて行ってくれた。,Kanojo wa watashi ni utsukushii keshiki o miseru tame ni yama ni tsurete itte kureta.,She took me to the mountains to show me the beautiful scenery.
sent-0844,見せる,Essential Verbs,犬に服を着せて見せるのは可愛いと思いませんか。,Inu ni fuku o kisete miseru no wa kawaii to omoimasen ka.,Don't you think it's cute to dress up dogs and show them off?
sent-0845,見せる,Essential Verbs,このネックレスをみんなに見せると、彼らはすぐにそれが本物だと気づくでしょう。,"Kono nekkuresu o minna ni miseru to, karera wa sugu ni sore ga honmono da to kizuku deshou.","If I show this necklace to everyone, they will quickly realize it's genuine."
sent-0846,認める,Essential Verbs,彼は自分の過ちを認める勇気がある。,Kare wa jibun no ayamachi o mitomeru yuuki ga aru.,He has the courage to admit his own mistakes.
sent-0847,認める,Essential Verbs,彼女は彼の実力を認めざるを得なかった。,Kanojo wa kare no jitsuryoku o mitomezaru o enakatta.,She had no choice but to acknowledge his ability.
sent-0848,認める,Essential Verbs,その結果を認めるのはまだ早すぎる。,Sono kekka o mitomeru no wa mada haya sugiru.,It's too early to acknowledge the results.
sent-0849,認める,Essential Verbs,同性婚を法的に認める国も増えてきました。,Douseikon o houteki ni mitomeru kuni mo fuete kimashita.,The number of countries that legally recognize same-sex marriage is increasing.
sent-0850,認める,Essential Verbs,もし私が間違っているとすれば、それを認めるつもりです。,"Moshi watashi ga machigatte iru to sureba, sore o mitomeru tsumori desu.","If I am wrong, I intend to admit it."
sent-0851,見つかる,Essential Verbs,迷子の猫がとうとう見つかった。,Maigo no neko ga toutou mitsukatta,The lost cat was finally found.
sent-0852,見つかる,Essential Verbs,財布は出かける前に見つかった。,Saifu wa dekakeru mae ni mitsukatta,The wallet was found before going out.
sent-0853,見つかる,Essential Verbs,山中で行方不明者が見つかった。,Yamanaka de yukue fumeisha ga mitsukatta,The missing person was found in the mountains.
sent-0854,見つかる,Essential Verbs,駅のベンチで忘れ物が見つかりました。,Eki no benchi de wasuremono ga mitsukarimashita,A lost item was found on a bench at the station.
sent-0855,見つかる,Essential Verbs,彼女はインターネットで欲しかった商品が見つかった。,Kanojo wa intaanetto de hoshikatta shouhin ga mitsukatta,She found the product she wanted on the internet.
sent-0856,見つける,Essential Verbs,迷子の犬を見つけることができました。,Maigo no inu o mitsukeru koto ga dekimashita.,I was able to find the lost dog.
sent-0857,見つける,Essential Verbs,彼は答えを見つける努力を続けました。,Kare wa kotae o mitsukeru doryoku o tsuzukemashita.,He continued to make efforts to find the answer.
sent-0858,見つける,Essential Verbs,その問題の原因を見つける必要があります。,Sono mondai no gen'in o mitsukeru hitsuyou ga arimasu,We need to find the cause of the problem.
sent-0859,見つける,Essential Verbs,私はついに素晴らしいアパートを見つけた。,Watashi wa tsuini subarashii apaato o mitsuketa.,I finally found a great apartment.
sent-0860,見つける,Essential Verbs,どのようにして彼らは宝物を見つけることができたの？,Dono you ni shite karera wa takaramono o mitsukeru koto ga dekita no?,How were they able to find the treasure?
sent-0861,もうかる,Essential Verbs,このビジネスはもうかるだろう,Kono bijinesu wa moukaru darou,This business will probably be profitable.
sent-0862,もうかる,Essential Verbs,彼の会社は結構もうかっている,Kare no kaisha wa kekkou moukatte iru,His company is doing quite well and being profitable.
sent-0863,もうかる,Essential Verbs,それはもうかる投資だと思います,Sore wa moukaru toushi da to omoimasu,I think that will be a profitable investment.
sent-0864,もうかる,Essential Verbs,彼はもうかるアイデアを考え出した,Kare wa moukaru aidea o kangaedashita,He came up with a profitable idea.
sent-0865,もうかる,Essential Verbs,その事業計画は本当にもうかるかどうか疑問だ,Sono jigyou keikaku wa hontou ni moukaru ka douka gimon da,It is questionable whether that business plan will really be profitable or not.
sent-0866,もうける,Essential Verbs,利益をもうけるために多くの商品を販売した。,Rieki o moukeru tame ni ōku no shōhin o hanbai shita,We sold many products to make a profit.
sent-0867,もうける,Essential Verbs,彼は投資でたくさんのお金をもうけた。,Kare wa tōshi de takusan no okane o mōketa,He made a lot of money from his investments.
sent-0868,もうける,Essential Verbs,新しい事業を始めて利益をもうけることを目指す。,Atarashī jigyou wo hajimete rieki o moukeru koto o mezashimasu,We aim to make a profit by starting a new business.
sent-0869,もうける,Essential Verbs,彼女は美術品の転売で利益をもうけている。,Kanojo wa bijutsuhin no tenbai de rieki o moukete iru,She makes a profit by reselling artworks.
sent-0870,もうける,Essential Verbs,彼は株式市場でうまく利益をもうける方法を学んでいる。,Kare wa kabushiki shijō de umaku rieki o moukeru hōhō o manande iru,He is learning how to make a profit effectively in the stock market.
sent-0871,設ける,Essential Verbs,この部屋に窓を設けることにした。,Kono heya ni mado o moukeru koto ni shita.,We decided to install a window in this room.
sent-0872,設ける,Essential Verbs,会社は従業員のために休憩スペースを設けました。,Kaisha wa juugyouin no tame ni kyuukei supeesu o moukemashita.,The company provided a break space for employees.
sent-0873,設ける,Essential Verbs,新しい法律では、駐車スペースのルールが設けられている。,"Atarashii houritsu dewa, chuusha supeesu no ruuru ga moukerarete iru.","In the new law, rules for parking spaces are established."
sent-0874,設ける,Essential Verbs,学校は、生徒たちに勉強を手伝うための補習教室を設けています。,"Gakkou wa, seito-tachi ni benkyou o tetsudau tame no hoshuu kyoushitsu o mouketeimasu.",The school provides additional classes to help students with their studies.
sent-0875,設ける,Essential Verbs,彼らは家族と友人が集まるための場所を設けた。,Karera wa kazoku to yuujin ga atsumaru tame no basho o mouketa.,They arranged a gathering place for their family and friends.
sent-0876,漏らす,Essential Verbs,彼女は感動して涙を漏らした。,Kanojo wa kandou shite namida o morashita.,She was so moved that she shed tears.
sent-0877,漏らす,Essential Verbs,潜入者は情報を敵に漏らすことがないように気を付けなければならない。,Senyuusha wa jouhou o teki ni morasu koto ga nai you ni ki o tsukenakereba naranai.,Infiltrators must be careful not to leak information to the enemy.
sent-0878,漏らす,Essential Verbs,家の屋根が雨水を漏らしているので、修理が必要だ。,"Ie no yane ga amamizu o morashite iru node, shuuri ga hitsuyou da.","The roof of the house is leaking rainwater, so repairs are needed."
sent-0879,漏らす,Essential Verbs,彼は秘密を漏らすことなく、完全に信用できる人だ。,"Kare wa himitsu o morasu koto naku, kanzen ni shinyou dekiru hito da.",He is a completely trustworthy person who doesn't leak secrets.
sent-0880,漏らす,Essential Verbs,試験に関する情報を漏らすと、不正行為とみなされる。,"Shiken ni kansuru jouhou o morasu to, fusei koui to minasareru.",Leaking information about the exam will be considered cheating.
sent-0881,漏らす,Essential Verbs,会議の内容を漏らさずに、ここで話し合いましょう。,"Kaigi no naiyou o morasazu ni, koko de hanashiaimashou.",Let's discuss the content of the meeting here without leaking it.
sent-0882,漏らす,Essential Verbs,情報を漏らすと、重大な問題が発生する可能性があります。,"Jouhou o morasu to, juudai na mondai ga hassei suru kanousei ga arimasu.",Leaking information may lead to serious problems.
sent-0883,漏らす,Essential Verbs,秘密を漏らさないでください。,Himitsu o morasanai de kudasai.,Please do not leak the secret.
sent-0884,漏らす,Essential Verbs,彼女はウワサを誰にも漏らさずに秘密にしておいた。,Kanojo wa uwasa o dare ni mo morasazu ni himitsu ni shite oita.,She kept the rumor a secret without telling anyone.
sent-0885,漏らす,Essential Verbs,水道の蛇口が壊れて、水が漏らしている。,"Suidou no jaguchi ga kowarete, mizu ga morashite iru.",The faucet is broken and the water is leaking.
sent-0886,もらう,Essential Verbs,彼からプレゼントをもらった。,Kare kara purezento o moratta.,I received a present from him.
sent-0887,もらう,Essential Verbs,友達にアドバイスをもらうことが役に立った。,Tomodachi ni adobaisu o morau koto ga yaku ni tatta.,Getting advice from my friends was helpful.
sent-0888,もらう,Essential Verbs,先生に説明をもらった後で、ようやく理解できた。,"Sensei ni setsumei o moratta ato de, youyaku rikai dekita.","After getting an explanation from the teacher, I finally understood."
sent-0889,もらう,Essential Verbs,仕事でボーナスをもらいました。,Shigoto de boonasu o moraimashita.,I received a bonus at work.
sent-0890,もらう,Essential Verbs,病院から処方箋をもらって、薬局で薬を買った。,"Byouin kara shohousen o moratte, yakkyoku de kusuri o katta.",I got a prescription from the hospital and bought medicine at the pharmacy.
sent-0891,漏れる,Essential Verbs,水が漏れるのは、どこからですか？,"Mizu ga moreru no wa, doko kara desu ka?",Where is the water leaking from?
sent-0892,漏れる,Essential Verbs,情報が漏れることは避けたいです。,Jouhou ga moreru koto wa saketai desu.,I want to avoid information leaks.
sent-0893,漏れる,Essential Verbs,外の雨の音が窓から部屋に漏れている。,Soto no ame no oto ga mado kara heya ni morete iru.,The sound of the rain outside leaks into the room.
sent-0894,漏れる,Essential Verbs,このひびからは冷気が漏れる。,Kono hibi kara wa reiki ga moreru.,Cold air leaks from this crack.
sent-0895,漏れる,Essential Verbs,タイヤから空気が漏れているので、修理しましょう。,"Taiya kara kuuki ga morete iru node, shuuri shimashou.",Let's repair the tire as air is leaking out.
sent-0896,求める,Essential Verbs,幸せを求めるのは誰もが持っている願いです。,Shiawase o motomeru no wa dare mo ga motte iru negai desu.,Seeking happiness is a wish that everyone has.
sent-0897,求める,Essential Verbs,上司は部下に高い目標を求めました。,Joushi wa buka ni takai mokuhyou o motomemashita.,The boss demanded high goals from his subordinates.
sent-0898,求める,Essential Verbs,その問題の解決策を求めて、彼は一生懸命働いています。,"Sono mondai no kaiketsusaku o motomete, kare wa isshoukenmei hataraiteimasu.",He is working hard to find a solution to the problem.
sent-0899,求める,Essential Verbs,彼女は常に新しい知識を求めて努力している。,Kanojo wa tsune ni atarashii chishiki o motomete doryoku shite iru.,She is always striving to seek new knowledge.
sent-0900,求める,Essential Verbs,消費者は質の高い製品を求めています。,Shouhisha wa shitsu no takai seihin o motometeimasu.,Consumers are demanding high-quality products.
sent-0901,持つ,Essential Verbs,彼女は新しい仕事を持つことになりました。,Kanojo wa atarashii shigoto o motsu koto ni narimashita.,She got a new job.
sent-0902,持つ,Essential Verbs,この財布は古いけど、特別な意味を持っているので捨てられない。,"Kono saifu wa furui kedo, tokubetsu na imi o motte iru node suterarenai.","This wallet is old, but I can't throw it away because it has a special meaning."
sent-0903,持つ,Essential Verbs,彼は一人で多くの荷物を持って旅行するのが苦労している。,Kare wa hitori de ooku no nimotsu o motte ryokou suru no ga kurou shite iru.,He struggles to travel alone carrying a lot of luggage.
sent-0904,持つ,Essential Verbs,彼女は素晴らしい資質を持っているから、素晴らしいリーダーになるでしょう。,"Kanojo wa subarashii shishitsu o motte iru kara, subarashii rīdā ni narudeshou.",She will make a great leader because she has excellent qualities.
sent-0905,持つ,Essential Verbs,知識を持つことは重要ですが、それを上手に使える能力も大切です。,"Chishiki o motsu koto wa juuyou desu ga, sore o jouzu ni tsukaeru nouryoku mo taisetsu desu.","It is important to have knowledge, but it is also important to have the ability to use it skillfully."
sent-0906,向ける,Essential Verbs,彼女は私に視線を向けた。,Kanojo wa watashi ni shisen o muketa.,She turned her gaze towards me.
sent-0907,向ける,Essential Verbs,この商品は若者向けにデザインされています。,Kono shouhin wa wakamono muke ni dezain sareteimasu.,This product is designed for young people.
sent-0908,向ける,Essential Verbs,教育の質を向上させるために、努力を向けることが重要である。,"Kyouiku no shitsu o koujou saseru tame ni, doryoku o mukeru koto ga juuyou de aru.",It is important to direct efforts towards improving the quality of education.
sent-0909,向ける,Essential Verbs,彼は相手の意見に耳を向けて話を聞いた。,Kare wa aite no iken ni mimi o mukete hanashi o kiita.,He listened to his opponent's opinion with an open mind.
sent-0910,向ける,Essential Verbs,新しいビジネスチャンスに目を向けましょう。,Atarashii bijinesu chansu ni me o mukemashou.,Let's focus on new business opportunities.
sent-0911,向く,Essential Verbs,その仕事は彼に向いている。,Sono shigoto wa kare ni muite iru.,That job suits him well.
sent-0912,向く,Essential Verbs,彼女は人と話すのが向いている。,Kanojo wa hito to hanasu no ga muite iru.,She is good at talking to people.
sent-0913,向く,Essential Verbs,これからどの道に進むべきか、彼はどちらに向けば良いか分からない。,"Kore kara dono michi ni susumu beki ka, kare wa dochira ni mukeba yoi ka wakaranai.",He doesn't know which direction he should take from here.
sent-0914,向く,Essential Verbs,彼は教育の仕事に向いていると思います。,Kare wa kyouiku no shigoto ni muite iru to omoimasu.,I think he is well-suited for a job in education.
sent-0915,向く,Essential Verbs,自分に向いた習い事を見つけるのは大切だ。,Jibun ni muita naraigoto o mitsukeru no wa taisetsu da.,It is important to find a hobby that suits you.
sent-0916,むく,Essential Verbs,足がむくんで痛いです。,Ashi ga mukunde itai desu.,My legs are swollen and painful.
sent-0917,むく,Essential Verbs,長い飛行で足がむくむことがあります。,Nagai hikou de ashi ga mukumu koto ga arimasu.,Legs can swell on long flights.
sent-0918,むく,Essential Verbs,仕事で一日中立っていると、足がむくむことがよくある。,"Shigoto de ichinichijuu tatte iru to, ashi ga mukumu koto ga yoku aru.",Standing all day at work often causes my legs to swell.
sent-0919,むく,Essential Verbs,水分の摂取が適度でないと、身体がむくんでしまいます。,"Suibun no sesshu ga tekido denai to, karada ga mukunde shimaimasu.","If you don't consume the right amount of water, your body will swell up."
sent-0920,むく,Essential Verbs,塩分を取りすぎると、むくみの原因になります。,"Enbun o torisugiru to, mukumi no gen'in ni narimasu.",Consuming too much salt can cause swelling.
sent-0921,結ぶ,Essential Verbs,仲間たちと絆を結ぶ。,Nakama-tachi to kizuna o musubu.,Form bonds with friends.
sent-0922,結ぶ,Essential Verbs,この橋は両岸を結ぶ重要な役割を果たしている。,Kono hashi wa ryōgan o musubu jūyō na yakuwari o hatashite iru.,This bridge plays an important role in connecting the two banks.
sent-0923,結ぶ,Essential Verbs,両家の家族は結婚で結ばれた。,Ryōke no kazoku wa kekkon de musubareta.,The two families were united by marriage.
sent-0924,結ぶ,Essential Verbs,目標に向かって共通の決意を結ぶ。,Mokuhyō ni mukatte kyōtsū no ketsui o musubu.,Unite in a common determination toward the goal.
sent-0925,結ぶ,Essential Verbs,このボタンを押すと、電話回線が結ばれる。,"Kono botan o osu to, denwa kaisen ga musubareru.",Pressing this button connects the phone line.
sent-0926,投げる,Essential Verbs,彼は石を投げて、犬を追い払った。,"Kare wa ishi o nagete, inu o oiharatta.",He threw a stone and drove the dog away.
sent-0927,投げる,Essential Verbs,ボールを高く空に投げると、子供たちは歓声を上げた。,"Booru o takaku sora ni nageru to, kodomo-tachi wa kansei o ageta.","When the ball was thrown high into the sky, the children cheered."
sent-0928,投げる,Essential Verbs,彼女はコインを噴水に投げ入れた。,Kanojo wa koin o funsui ni nageireta.,She threw a coin into the fountain.
sent-0929,投げる,Essential Verbs,野球のピッチャーは力強くボールを投げる。,Yakyuu no pitchaa wa chikarazuyoku booru o nageru.,The baseball pitcher throws the ball with power.
sent-0930,投げる,Essential Verbs,彼は怒ってリモコンを壁に投げた。,Kare wa okotte rimokon o kabe ni nageta.,"Angry, he threw the remote control against the wall."
sent-0931,鳴く,Essential Verbs,その鳥は美しい鳴き声で鳴く。,Sono tori wa utsukushii nakigoe de naku.,The bird chirps with a beautiful call.
sent-0932,鳴く,Essential Verbs,犬が夜中に突然鳴くので、起きてしまった。,"Inu ga yonaka ni totsuzen naku node, okite shimatta.","The dog suddenly barked in the middle of the night, so I woke up."
sent-0933,鳴く,Essential Verbs,寒い朝、ガチョウが南へと飛んでいくとき、鳴いているのを見た。,"Samui asa, gachou ga minami e to tonde iku toki, naite iru no o mita.","On a cold morning, I saw geese honking as they flew south."
sent-0934,鳴く,Essential Verbs,あの変わった鳴き声は、カエルが鳴く音です。,"Ano kawatta nakigoe wa, kaeru ga naku oto desu.",That peculiar cry is the sound of frogs croaking.
sent-0935,鳴く,Essential Verbs,猫が、まるで赤ちゃんが泣いているかのように鳴く。,"Neko ga, marude akachan ga naite iru ka no you ni naku.",The cat meows as if a baby were crying.
sent-0936,泣く,Essential Verbs,彼女は悲しくて泣いてしまった。,Kanojo wa kanashikute naite shimatta,She was so sad that she cried.
sent-0937,泣く,Essential Verbs,子供が痛くて泣いている。,Kodomo ga itakute naite iru,The child is crying because it hurts.
sent-0938,泣く,Essential Verbs,映画の感動的なシーンで泣いた。,Eiga no kandouteki na shīn de naita,I cried during the touching scene in the movie.
sent-0939,泣く,Essential Verbs,彼は喜びのあまり泣いた。,Kare wa yorokobi no amari naita,He cried with joy.
sent-0940,泣く,Essential Verbs,泣く前に、もう一度話し合ってみましょう。,"Naku mae ni, mou ichido hanashiatte mimashou",Let's try discussing again before crying.
sent-0941,無くなる,Essential Verbs,鍵が無くなってしまった。,Kagi ga nakunatte shimatta,The key has disappeared.
sent-0942,無くなる,Essential Verbs,彼は貯金が全部無くなった。,Kare wa chokin ga zenbu nakunatta,All of his savings have disappeared.
sent-0943,無くなる,Essential Verbs,彼女が持っていたお菓子が無くなった。,Kanojo ga motte ita okashi ga nakunatta,The sweets she had have disappeared.
sent-0944,無くなる,Essential Verbs,バッテリーの残量が無くなりました。,Batterī no zanryō ga nakunarimashita,The battery has run out.
sent-0945,無くなる,Essential Verbs,森が伐採によって無くなってしまう。,Mori ga baihai ni yotte nakunatte shimau,The forest will disappear due to deforestation.
sent-0946,亡くなる,Essential Verbs,祖父が先週亡くなりました。,Sofu ga senshuu nakunarimashita,My grandfather passed away last week.
sent-0947,亡くなる,Essential Verbs,彼は事故で亡くなった。,Kare wa jiko de nakunatta,He died in an accident.
sent-0948,亡くなる,Essential Verbs,彼女の愛犬は昨年亡くなりました。,Kanojo no aiken wa sakunen nakunarimashita,Her beloved dog passed away last year.
sent-0949,亡くなる,Essential Verbs,彼の父親は病気で亡くなりました。,Kare no chichioya wa byouki de nakunarimashita,His father died of illness.
sent-0950,亡くなる,Essential Verbs,その有名な作家は2年前に亡くなりました。,Sono yuumei na sakka wa ni-nen mae ni nakunarimashita,The famous author passed away two years ago.
sent-0951,無くす,Essential Verbs,大切な物を無くさないように気をつけましょう。,Taisetsu na mono o nakusanai you ni ki o tsukemashou.,Let's be careful not to lose important things.
sent-0952,無くす,Essential Verbs,彼はバスに財布を無くしてしまった。,Kare wa basu ni saifu o nakushite shimatta.,He lost his wallet on the bus.
sent-0953,無くす,Essential Verbs,僕は何度も同じミスを繰り返して、信用を無くすことになった。,"Boku wa nando mo onaji misu o kurikaeshite, shinyou o nakusu koto ni natta.",I lost credibility by repeating the same mistake over and over again.
sent-0954,無くす,Essential Verbs,彼女はダイエットして、余分な体重を5キロ無くした。,"Kanojo wa daietto shite, yobun na taijuu o 5-kiro nakushita.",She lost 5 kilograms of excess weight by dieting.
sent-0955,無くす,Essential Verbs,社会の変化によって、伝統的な文化が少しずつ無くされている。,"Shakai no henka ni yotte, dentouteki na bunka ga sukoshi zutsu nakusarete iru.",Traditional culture is gradually being lost due to changes in society.
sent-0956,亡くす,Essential Verbs,彼は昨年、母親を亡くしました。,"Kare wa sakunen, hahaoya o nakushimashita",He lost his mother last year.
sent-0957,亡くす,Essential Verbs,事故で大切な友人を亡くしたことがとても悲しいです。,Jiko de taisetsu na yuujin o nakushita koto ga totemo kanashii desu,It is very sad to lose a dear friend in an accident.
sent-0958,亡くす,Essential Verbs,彼女は病気で父親を亡くした後、頑張って家族を支えていました。,"Kanojo wa byouki de chichioya o nakushita ato, ganbatte kazoku o sasaete imashita","After losing her father to illness, she worked hard to support her family."
sent-0959,亡くす,Essential Verbs,多くの人がその地震で家族を亡くしました。,Ooku no hito ga sono jishin de kazoku o nakushimashita,Many people lost their families in that earthquake.
sent-0960,亡くす,Essential Verbs,交通事故で彼を亡くしたことは私たちみんなにとって大きなショックでした。,Koutsuu jiko de kare o nakushita koto wa watashitachi minna ni totte ookina shokku deshita,Losing him in a traffic accident was a huge shock for all of us.
sent-0961,直る,Essential Verbs,壊れた時計が直って、また使えるようになった。,"Kowareta tokei ga naotte, mata tsukaeru you ni natta.","The broken clock got fixed, and it became usable again."
sent-0962,直る,Essential Verbs,彼は早く壊れた自転車が直ることを願っている。,Kare wa hayaku kowareta jitensha ga naoru koto o negatte iru.,He is hoping that his broken bicycle will be fixed soon.
sent-0963,直る,Essential Verbs,この不具合はすぐに直ると思います。,Kono fugai wa sugu ni naoru to omoimasu.,I think this issue will be fixed soon.
sent-0964,直る,Essential Verbs,電話の不具合が直るまで、メールで連絡しましょう。,"Denwa no fuguai ga naoru made, meeru de renraku shimashou.","Until the phone issue is fixed, let's contact each other by email."
sent-0965,直る,Essential Verbs,パソコンが直るまで、仕事に遅れが出るかもしれません。,"Pasokon ga naoru made, shigoto ni okure ga deru kamo shiremasen.","Until my computer is fixed, there might be delays in my work."
sent-0966,治る,Essential Verbs,この薬を飲めば、風邪が治るでしょう。,"Kono kusuri o nomeba, kaze ga naoru deshou","If you take this medicine, your cold will likely get better."
sent-0967,治る,Essential Verbs,手術後、すぐには傷が治らない。,"Shujutsu go, sugu ni wa kizu ga naoranai",The wound will not heal immediately after the surgery.
sent-0968,治る,Essential Verbs,安静にしていれば、足の骨折が治るだろう。,"Ansei ni shite ireba, ashi no kossetsu ga naoru darou","If you keep quiet, your broken leg will probably heal."
sent-0969,治る,Essential Verbs,彼女は、病気が治るまで療養しました。,"Kanojo wa, byouki ga naoru made ryouyou shimashita",She took a rest until her illness healed.
sent-0970,治る,Essential Verbs,正しいケアを行えば、皮膚の問題は早く治るでしょう。,"Tadashii kea o okoneba, hifu no mondai wa hayaku naoru deshou","With proper care, skin problems will heal more quickly."
sent-0971,直す,Essential Verbs,彼は間違いを指摘されるとすぐに直す。,Kare wa machigai o shiteki sareru to sugu ni naosu,"When his mistakes are pointed out, he fixes them immediately."
sent-0972,直す,Essential Verbs,道が曲がっているので、まっすぐに直す必要がある。,"Michi ga magatte iru node, massugu ni naosu hitsuyou ga aru","The road is curved, so it needs to be straightened."
sent-0973,直す,Essential Verbs,彼女は傾いた椅子を直すために修理に出した。,Kanojo wa katamuita isu o naosu tame ni shuuri ni dashita,She sent the tilted chair for repair to fix it.
sent-0974,直す,Essential Verbs,コンピューターの問題を直す方法を教えてください。,Konpyuutaa no mondai o naosu houhou o oshiete kudasai,Please teach me how to fix the computer problem.
sent-0975,直す,Essential Verbs,彼は自分の人間関係を直すために、努力を重ねている。,"Kare wa jibun no ningen kankei o naosu tame ni, doryoku o kasanete iru",He is making continuous efforts to fix his interpersonal relationships.
sent-0976,治す,Essential Verbs,この薬で風邪を治すことができる。,Kono kusuri de kaze o naosu koto ga dekiru,This medicine can cure a cold.
sent-0977,治す,Essential Verbs,彼は傷を治すために病院に行った。,Kare wa kizu o naosu tame ni byouin ni itta,He went to the hospital to heal his wound.
sent-0978,治す,Essential Verbs,感染症を治すために取り組む必要がある.,Kansenshou o naosu tame ni torikumu hitsuyou ga aru,We need to work on curing infectious diseases.
sent-0979,治す,Essential Verbs,彼女は犬の皮膚病を治すために獣医さんに相談した。,Kanojo wa inu no hifubyou o naosu tame ni juui-san ni soudan shita,She consulted a veterinarian to treat her dog's skin disease.
sent-0980,治す,Essential Verbs,彼は病気を治すために、食生活を改善した。,"Kare wa byouki o naosu tame ni, shokuseikatsu o kaizen shita",He improved his eating habits to cure his illness.
sent-0981,並べる,Essential Verbs,本を棚に並べる。,Hon o tana ni naraberu.,I arrange the books on the shelf.
sent-0982,並べる,Essential Verbs,スーパーの商品を陳列棚に並べる。,Suupaa no shouhin o chinretsu tana ni naraberu.,I arrange the supermarket products on the display shelf.
sent-0983,並べる,Essential Verbs,生徒たちを背の高い順に並べる。,Seitotachi o se no takai jun ni naraberu.,I line up the students in order of their height.
sent-0984,並べる,Essential Verbs,日本各地のお土産をテーブルに並べた。,Nihon kakuchi no omiyage o teeburu ni narabeta.,I displayed souvenirs from all over Japan on the table.
sent-0985,並べる,Essential Verbs,紙にアイデアを並べて考える。,Kami ni aidea o narabete kangaeru.,I list my ideas on a paper to think about them.
sent-0986,並ぶ,Essential Verbs,人々が列に並んで待っている。,Hitobito ga retsu ni narande matteiru,People are waiting in line.
sent-0987,並ぶ,Essential Verbs,その本屋では多くの本が壁沿いに並んでいる。,Sono honya de wa ooku no hon ga kabezoi ni narande iru.,"In that bookstore, many books are lined up along the wall."
sent-0988,並ぶ,Essential Verbs,そのレストランではたくさんの料理がビュッフェに並んでいた。,"Sono resutoran de wa takusan no ryouri ga roten ga michizoi ni narande, nigiyakana fun'iki o tsukutte ita.",Many dishes were lined up at the buffet in that restaurant.
sent-0989,並ぶ,Essential Verbs,学校の校庭では生徒たちがスポーツの練習のために整然と並んでいた。,Gakkou no koutei de wa seitotachi ga supootsu no renshuu no tame ni seizen to narande ita.,"In the schoolyard, students were lined up neatly for sports practice."
sent-0990,並ぶ,Essential Verbs,お祭りでは、露店が道沿いに並んで、にぎやかな雰囲気を作っていた。,"Omatsuri de wa, roten ga michizoi ni narande, nigiyakana fun'iki o tsukutte ita.","At the festival, stalls were lined up along the street, creating a lively atmosphere."
sent-0991,習う,Essential Verbs,日本語を習うことに興味がある。,Nihongo o narau koto ni kyoumi ga aru,I am interested in learning Japanese.
sent-0992,習う,Essential Verbs,彼女はピアノを習っています。,Kanojo wa piano o naratteimasu,She is learning to play the piano.
sent-0993,習う,Essential Verbs,このクラスでは新しい文法を習います。,Kono kurasu de wa atarashii bunpou o naraimasu,"In this class, we will learn new grammar."
sent-0994,習う,Essential Verbs,僕は子供の頃、水泳を習いました。,"Boku wa kodomo no koro, suiei o naraimashita",I learned swimming when I was a child.
sent-0995,習う,Essential Verbs,彼は剣道を習い始めたばかりです。,Kare wa kendou o naraihajimeta bakari desu,He has just started learning Kendo.
sent-0996,慣れる,Essential Verbs,この仕事に慣れるのに時間がかかりました。,Kono shigoto ni nareru noni jikan ga kakarimashita,It took time to get used to this job.
sent-0997,慣れる,Essential Verbs,新しい環境に慣れるのは大変ですが、頑張りましょう。,"Atarashii kankyou ni nareru no wa taihen desu ga, ganbarimashou","It's tough to get used to a new environment, but let's do our best."
sent-0998,慣れる,Essential Verbs,日本の食べ物に慣れるまでに少し時間がかかりました。,Nihon no tabemono ni nareru made ni sukoshi jikan ga kakarimashita,It took me a while to get used to Japanese food.
sent-0999,慣れる,Essential Verbs,彼は外国語を習うのにすぐ慣れました。,Kare wa gaikokugo wo narau noni sugu naremashita,He quickly got used to learning foreign languages.
sent-1000,慣れる,Essential Verbs,運転するのに慣れるために、練習が必要です。,"Unten suru noni nareru tame ni, renshuu ga hitsuyou desu","In order to get used to driving, practice is necessary."
sent-1001,なる（成る）,Essential Verbs,彼は医者になることを夢見ている。,Kare wa isha ni naru koto o yume mite iru.,He dreams of becoming a doctor.
sent-1002,なる（成る）,Essential Verbs,努力して、いつか成功する人になりたいです。,"Doryoku shite, itsuka seikou suru hito ni naritai desu.",I want to become a successful person someday through efforts.
sent-1003,なる（成る）,Essential Verbs,整理整頓ができないと、部屋はすぐに散らかった状態になる。,"Seiri seiton ga dekinai to, heya wa sugu ni chirakatta joutai ni naru.","If you don't keep things organized, your room will quickly become messy."
sent-1004,なる（成る）,Essential Verbs,母が今日は晴れると言っていたが、雨になった。,"Haha ga kyou wa hareru to itte ita ga, ame ni natta.","My mother said it would be sunny today, but it rained."
sent-1005,なる（成る）,Essential Verbs,時間をかければ、だんだん上達するようになる。,"Jikan o kakereba, dandan joutatsu suru you ni naru.","If you spend time, you will gradually improve."
sent-1006,鳴る,Essential Verbs,電話が鳴っている。,Denwa ga natte iru.,The telephone is ringing.
sent-1007,鳴る,Essential Verbs,学校のチャイムが鳴った。,Gakkou no chaimu ga natta.,The school bell rang.
sent-1008,鳴る,Essential Verbs,今朝、目覚まし時計が鳴らなかった。,"Kesa, mezamashi-dokei ga naranakatta.","This morning, my alarm clock didn't ring."
sent-1009,鳴る,Essential Verbs,そのバンドの音楽は大きく鳴っています。,Sono bando no ongaku wa ookiku natte imasu.,The music of that band is playing loudly.
sent-1010,鳴る,Essential Verbs,夜中に車のクラクションが鳴って、眠れなかった。,"Yonaka ni kuruma no kurakushon ga natte, nemurenakatta.","Car horns were sounding in the middle of the night, and I couldn't sleep."
sent-1011,なさる,Essential Verbs,お飲み物は何になさいますか。,O-nomimono wa nani ni nasaimasuka.,What would you like to drink?
sent-1012,なさる,Essential Verbs,ご意見をお聞かせください。,Goiken o okikase nasai kudasai.,Please let me hear your opinion.
sent-1013,なさる,Essential Verbs,お仕事は何をなさっていますか。,O-shigoto wa nani o nasatte imasuka.,What kind of work do you do?
sent-1014,なさる,Essential Verbs,こちらのお料理はいかがなさいますか。,Kochira no o-ryouri wa ikaga nasaimasuka.,How do you find this dish?
sent-1015,なさる,Essential Verbs,話を進める前に、休憩をなさってください。,"Hanashi o susumeru mae ni, kyuukei o nasatte kudasai.",Please take a break before proceeding with the discussion.
sent-1016,眠る,Essential Verbs,毎晩、10時にはもう眠ってしまう。,"Maiban, juu-ji ni wa mou nemutte shimau.","Every night, I end up falling asleep by 10 o'clock."
sent-1017,眠る,Essential Verbs,眠れない夜が続いて、体調が悪くなった。,"Nemurenai yoru ga tsuzuite, taichou ga warukunatta.",My health deteriorated due to consecutive sleepless nights.
sent-1018,眠る,Essential Verbs,出張中はホテルでの寝心地が悪くて、あまり眠れませんでした。,"Shucchouchuu wa hoteru de no negokochi ga warukute, amari nemuremasen deshita.","During the business trip, I couldn't sleep much due to the hotel bed's poor comfort."
sent-1019,眠る,Essential Verbs,昼休みに、公園のベンチでちょっと眠ることが好きです。,"Hiruyasumi ni, kouen no benchi de chotto nemuru koto ga suki desu.",I like taking a short nap on a park bench during lunch break.
sent-1020,眠る,Essential Verbs,眠りが浅くて、すぐに目覚めてしまう。,"Nemuri ga asakute, sugu ni mezamete shimau.",My sleep is shallow and I wake up quickly.
sent-1021,寝る,Essential Verbs,今夜は早く寝るつもりです。,Konya wa hayaku neru tsumori desu,I plan to go to bed early tonight.
sent-1022,寝る,Essential Verbs,昨日は遅くまで起きていたので、昼間に少し寝ました。,"Kinou wa osoku made okite ita node, hiruma ni sukoshi nemashita","Since I stayed up late yesterday, I took a short nap during the day."
sent-1023,寝る,Essential Verbs,寝る前にいつも本を読む習慣があります。,Neru mae ni itsumo hon o yomu shuukan ga arimasu,I have a habit of reading a book before going to bed.
sent-1024,寝る,Essential Verbs,彼女は仰向けで寝るのが好きです。,Kanojo wa aomuke de neru no ga suki desu.,She likes sleeping on her back.
sent-1025,寝る,Essential Verbs,緊張するとなかなか寝付けません。,Kinchou suru to nakanaka netsukemasen,I can't fall asleep easily when I'm nervous.
sent-1026,逃げる,Essential Verbs,彼は追いかけられると、すぐに逃げる。,"Kare wa oikakerareru to, sugu ni nigeru.","When he is chased, he immediately runs away."
sent-1027,逃げる,Essential Verbs,猫が突然現れたので、鳥たちは逃げた。,"Neko ga totsuzen arawareta node, toritachi wa nigeta.",The birds fled when the cat suddenly appeared.
sent-1028,逃げる,Essential Verbs,逃げることは解決策ではありません。,Nigeru koto wa kaiketsusaku de wa arimasen.,Running away is not a solution.
sent-1029,逃げる,Essential Verbs,彼女は恐ろしい映画のシーンを見て、すぐにその場から逃げ出した。,"Kanojo wa osoroshii eiga no shiin o mite, sugu ni sono ba kara nigedashita.",She immediately fled the scene after watching the scary scene in the movie.
sent-1030,逃げる,Essential Verbs,彼は困難な状況に立ち向かわずに逃げる傾向がある。,Kare wa konnan na joukyou ni tachimukawazu ni nigeru keikou ga aru.,He has a tendency to run away instead of facing difficult situations.
sent-1031,煮る,Essential Verbs,野菜を煮るのに便利な鍋が欲しい。,Yasai o niru no ni benri na nabe ga hoshii.,I want a convenient pot for boiling vegetables.
sent-1032,煮る,Essential Verbs,大根は十分に柔らかく煮ることが重要です。,Daikon wa juubun ni yawarakaku niru koto ga juuyou desu.,It is important to boil daikon until it is sufficiently soft.
sent-1033,煮る,Essential Verbs,肉や魚を煮るときは、中まで火が通るように気をつけてください。,"Niku ya sakana o niru toki wa, naka made hi ga tooru you ni ki o tsukete kudasai.","When boiling meat or fish, please be careful to ensure that the heat reaches the center."
sent-1034,煮る,Essential Verbs,美味しいおでんは、具材をじっくり煮ることがポイントです。,"Oishii oden wa, guzai o jikkuri niru koto ga pointo desu.",The key to making delicious oden is to simmer the ingredients thoroughly.
sent-1035,煮る,Essential Verbs,野菜を煮る前に、塩を入れるとより美味しくなります。,"Yasai o niru mae ni, shio o ireru to yori oishiku narimasu.",Adding salt before boiling vegetables makes them even more delicious.
sent-1036,似る,Essential Verbs,彼は父親によく似ている。,Kare wa chichioya ni yoku niteiru.,He looks a lot like his father.
sent-1037,似る,Essential Verbs,この絵は実物に似ていますね。,Kono e wa jitsubutsu ni niteimasu ne.,"This painting looks like the real thing, doesn't it?"
sent-1038,似る,Essential Verbs,その兄弟は性格も似ている。,Sono kyoudai wa seikaku mo niteiru.,The siblings have similar personalities as well.
sent-1039,似る,Essential Verbs,彼女の声は有名な歌手に似ている。,Kanojo no koe wa yuumei na kashu ni niteiru.,Her voice sounds like a famous singer.
sent-1040,似る,Essential Verbs,この二つの意見はかなり似ています。,Kono futatsu no iken wa kanari niteimasu.,These two opinions are quite similar.
sent-1041,伸ばす,Essential Verbs,髪を伸ばすことにしました。,Kami o nobasu koto ni shimashita.,I decided to grow my hair out.
sent-1042,伸ばす,Essential Verbs,彼は足を伸ばしてリラックスしています。,Kare wa ashi o nobashite rirakkusu shiteimasu.,He is relaxing by stretching his legs.
sent-1043,伸ばす,Essential Verbs,学習時間を伸ばすことで、成果も大きくなるでしょう。,"Gakushuu jikan o nobasu koto de, seika mo ookiku naru deshou.","By extending the study time, the results will probably improve significantly."
sent-1044,伸ばす,Essential Verbs,今日は疲れたので、昼寝の時間を伸ばしたいです。,"Kyou wa tsukareta node, hirune no jikan o nobashitai desu.","I'm tired today, so I want to extend my nap time."
sent-1045,伸ばす,Essential Verbs,彼女は自分の限界を伸ばすために挑戦し続けました。,Kanojo wa jibun no genkai o nobasu tame ni chousen shitsuzukemashita.,She continued to challenge herself to stretch her own limits.
sent-1046,延ばす,Essential Verbs,締め切りを延ばすことにしました。,Shimekiri o nobasu koto ni shimashita.,We decided to extend the deadline.
sent-1047,延ばす,Essential Verbs,彼は会議の開始時間を延ばして、全員に事情を説明した。,"Kare wa kaigi no kaishi jikan o nobashite, zen'in ni jijou o setsumei shita.",He postponed the meeting start time and explained the situation to everyone.
sent-1048,延ばす,Essential Verbs,リーダーは会議の期間をもう1週間延ばした。,Riidaa wa kaigi no kikan o mou isshuukan nobashita.,The leader extended the duration of the meeting by another week.
sent-1049,延ばす,Essential Verbs,これまでの成功を礎に、契約期間を延ばしていくつもりだ。,"Kore made no seikou o ishizue ni, keiyaku kikan o nobashite iku tsumori da.","Based on our success so far, we intend to extend the contract period."
sent-1050,延ばす,Essential Verbs,僕は授業の終了時間を延ばす必要があったので、先生に相談しました。,"Boku wa jugyou no shuuryou jikan o nobasu hitsuyou ga atta node, sensei ni soudan shimashita.","I needed to extend the class end time, so I consulted with the teacher."
sent-1051,伸びる,Essential Verbs,成長が早く、彼の身長はすぐに伸びるだろう。,"Seichou ga hayaku, kare no shinchou wa sugu ni nobiru darou.","His growth is fast, so his height will likely grow quickly."
sent-1052,伸びる,Essential Verbs,髪の毛が伸びるのが早すぎて、よく散髪に行かないといけません。,"Kaminoke ga nobiru no ga hayasugite, yoku sanpatsu ni ikanai to ikemasen.","My hair grows too fast, so I have to get a haircut often."
sent-1053,伸びる,Essential Verbs,この植物は日光があればよく伸びる。,Kono shokubutsu wa nikko ga areba yoku nobiru.,This plant grows well if it has sunlight.
sent-1054,伸びる,Essential Verbs,無理に筋肉を伸ばすと、逆に伸びるのが遅くなる。,"Muri ni kin'niku o nobasu to, gyaku ni nobiru no ga osoku naru.",Forcing your muscles to stretch can actually slow down their growth.
sent-1055,伸びる,Essential Verbs,会社の売上がどんどん伸びることを期待している。,Kaisha no uriage ga dondon nobiru koto o kitai shite iru.,I expect the company's sales to grow rapidly.
sent-1056,延びる,Essential Verbs,会議が予想外に時間が延びてしまった。,Kaigi ga yosougai ni jikan ga nobite shimatta.,The meeting unexpectedly extended longer than anticipated.
sent-1057,延びる,Essential Verbs,プロジェクトの期限がまた延びることになった。,Purojekuto no kigen ga mata nobiru koto ni natta.,The project deadline has been extended again.
sent-1058,延びる,Essential Verbs,雨のせいで、試合は次の週に延びた。,"Ame no sei de, shiai wa tsugi no shuu ni nobita.","Due to the rain, the game was postponed to the following week."
sent-1059,延びる,Essential Verbs,交通渋滞で帰りのバスが延びてしまった。,Koutsuu juutai de kaeri no basu ga nobite shimatta.,The return bus was delayed due to traffic congestion.
sent-1060,延びる,Essential Verbs,成績が上がると奨学金の期間が延びることがある。,Seiseki ga agaru to shougakukin no kikan ga nobiru koto ga aru.,"If your grades improve, the duration of your scholarship may be extended."
sent-1061,上る,Essential Verbs,階段を上るのに息が切れた。,Kaidan o noboru no ni iki ga kireta.,I ran out of breath climbing the stairs.
sent-1062,上る,Essential Verbs,山を上る途中で景色を楽しんだ。,Yama o noboru tochuu de keshiki o tanoshinda.,I enjoyed the scenery while climbing the mountain.
sent-1063,上る,Essential Verbs,成功するためには、困難という坂を上る覚悟が必要だ。,"Seikou suru tame ni wa, konnan to iu saka o noboru kakugo ga hitsuyou da.","To succeed, you must be prepared to climb the hill of difficulties."
sent-1064,上る,Essential Verbs,株価が急激に上ることが期待されている。,Kabuka ga kyuugeki ni noboru koto ga kitai sarete iru.,It is expected that stock prices will rise sharply.
sent-1065,上る,Essential Verbs,毎年物価が上ることが経済の懸念事項だ。,Maitoshi bukka ga noboru koto ga keizai no kenen jikou da.,The annual rise in prices is an economic concern.
sent-1066,登る,Essential Verbs,この山を登るのには、登山道具が必要だ。,"Kono yama o noboru no ni wa, tozan dougu ga hitsuyou da.","To climb this mountain, you need climbing equipment."
sent-1067,登る,Essential Verbs,頂上まで登るのには3時間くらいかかるでしょう。,Choujou made noboru no ni wa san-jikan kurai kakaru deshou.,It will probably take about three hours to climb to the top.
sent-1068,登る,Essential Verbs,彼は富士山を登る計画を立てた。,Kare wa Fujisan o noboru keikaku o tateta.,He made a plan to climb Mount Fuji.
sent-1069,登る,Essential Verbs,山に登る時は天候に注意してください。,Yama ni noboru toki wa tenkou ni chuui shite kudasai.,Please pay attention to the weather when climbing a mountain.
sent-1070,登る,Essential Verbs,登る前に十分な準備をしなければならない。,Noboru mae ni juubun na junbi o shinakereba naranai.,You must make adequate preparations before climbing.
sent-1071,昇る,Essential Verbs,太陽が昇るのを見るのが好きです。,Taiyou ga noboru no o miru no ga suki desu.,I like watching the sun rise.
sent-1072,昇る,Essential Verbs,煙突から煙が昇っている。,Entotsu kara kemuri ga nobotte iru.,Smoke is rising from the chimney.
sent-1073,昇る,Essential Verbs,彼は昇進して課長になった。,Kare wa shoushin shite kachou ni natta.,He was promoted and became a section chief.
sent-1074,昇る,Essential Verbs,気球が空高く昇る様子は幻想的だ。,Kikyuu ga soratakaku noboru yousu wa gensouteki da.,The sight of a hot air balloon rising high into the sky is enchanting.
sent-1075,昇る,Essential Verbs,ロケットが勢いよく昇るのを見た。,Roketto ga ikiyoyoku noboru no o mita.,I saw a rocket rising powerfully.
sent-1076,残る,Essential Verbs,このプロジェクトでは、まだ多くの課題が残っている。,"Kono purojekuto de wa, mada ōku no kadai ga nokotte iru.","In this project, there are still many issues remaining."
sent-1077,残る,Essential Verbs,彼は、パーティーが終わった後も残って片付けを手伝った。,"Kare wa, paatii ga owatta ato mo nokotte katazuke o tetsudatta.",He stayed after the party was over and helped with the cleaning.
sent-1078,残る,Essential Verbs,食べ物がまだたくさん残っています。,Tabemono ga mada takusan nokotte imasu.,There is still a lot of food left.
sent-1079,残る,Essential Verbs,彼女は最後に残る人々のためにも力を尽くすことが大切だと考えた。,Kanojo wa saigo ni nokoru hitobito no tame ni mo chikara o tsukusu koto ga taisetsu da to kangaeta.,She thought it was important to do her utmost for the sake of the people who remained until the end.
sent-1080,残る,Essential Verbs,寿司を食べましたが、一切れのものがまだ残っています。,"Sushi o tabemashita ga, hitokire no mono ga mada nokotte imasu.","I ate sushi, but there's still a piece left."
sent-1081,残す,Essential Verbs,私は昼食を半分しか食べられなかったので、残してしまった。,"Watashi wa chuushoku o hanbun shika taberarenakatta node, nokoshite shimatta.",I couldn't eat even half of my lunch and left it unfinished.
sent-1082,残す,Essential Verbs,この仕事の課題は、明日までにすべての資料を確認し、重要な点だけを残すことです。,"Kono shigoto no kadai wa, ashita made ni subete no shiryou o kakunin shi, juuyou na ten dake o nokosu koto desu.",The task of this job is to check all the materials by tomorrow and leave only important points.
sent-1083,残す,Essential Verbs,彼が残した遺産は私たち家族にとって大変価値があります。,Kare ga nokoshita isan wa watashitachi kazoku ni totte taihen kachi ga arimasu.,The legacy he left behind is very valuable to our family.
sent-1084,残す,Essential Verbs,私たちは、地球に良い環境を子孫に残す責任がある。,"Watashitachi wa, chikyuu ni yoi kankyou o shison ni nokosu sekinin ga aru.",We have a responsibility to leave a good environment on Earth for our descendants.
sent-1085,残す,Essential Verbs,ホワイトボードに大切なメモを書いて残すことが役立ちます。,Howaitoboodo ni taisetsu na memo o kaite nokosu koto ga yakudachimasu.,Writing and leaving important notes on the whiteboard can be helpful.
sent-1086,飲む,Essential Verbs,水を飲むことで、体の水分を補給しましょう。,"Mizu o nomu koto de, karada no suibun o hokyuu shimashou.",Drinking water helps replenish the body's fluids.
sent-1087,飲む,Essential Verbs,彼は毎日コーヒーを２杯飲むのが習慣です。,Kare wa mainichi koohii o ni-hai nomu no ga shuukan desu.,It is his habit to drink two cups of coffee every day.
sent-1088,飲む,Essential Verbs,飲み会で飲みすぎて、頭が痛い。,"Nomikai de nomisugite, atama ga itai.","I drank too much at the drinking party, and now I have a headache."
sent-1089,飲む,Essential Verbs,薬を飲む時間になったので、飲みましょう。,"Kusuri o nomu jikan ni natta node, nomimashou.","It's time to take your medicine, so let's take it."
sent-1090,飲む,Essential Verbs,外で遊んだ後は、飲む用の水を持っていくことを忘れずに。,"Soto de asonda ato wa, nomu you no mizu o motte iku koto o wasurezu ni.","After playing outside, don't forget to bring water for drinking."
sent-1091,乗る,Essential Verbs,今日はバスに乗ることにした。,Kyou wa basu ni noru koto ni shita.,I decided to take the bus today.
sent-1092,乗る,Essential Verbs,電車に乗る前に切符を買わなければなりません。,Densha ni noru mae ni kippu o kawanakereba narimasen.,You need to buy a ticket before getting on the train.
sent-1093,乗る,Essential Verbs,彼女は馬に乗るのが上手です。,Kanojo wa uma ni noru no ga jouzu desu.,She is good at riding horses.
sent-1094,乗る,Essential Verbs,友達が車に乗って駅まで送ってくれました。,Tomodachi ga kuruma ni notte eki made okutte kuremashita.,My friend gave me a ride to the station in their car.
sent-1095,乗る,Essential Verbs,飛行機に乗るのは初めてで緊張しました。,Hikouki ni noru no wa hajimete de kinchou shimashita.,"It was my first time on a plane, and I was nervous."
sent-1096,載る,Essential Verbs,新聞にその事件が載った。,Shinbun ni sono jiken ga notta.,The incident was reported in the newspaper.
sent-1097,載る,Essential Verbs,彼の名前が雑誌に載っていました。,Kare no namae ga zasshi ni notte imashita.,His name was listed in the magazine.
sent-1098,載る,Essential Verbs,そのレストランは有名なガイドブックに載っている。,Sono resutoran wa yuumei na gaidobukku ni notte iru.,That restaurant is listed in a famous guidebook.
sent-1099,載る,Essential Verbs,私たちの写真が学校の新聞に載りました。,Watashi-tachi no shashin ga gakkou no shinbun ni norimashita.,Our pictures were published in the school newspaper.
sent-1100,載る,Essential Verbs,この本にはたくさんの役に立つ情報が載っています。,Kono hon ni wa takusan no yaku ni tatsu jouhou ga notteimasu.,This book contains a lot of useful information.
sent-1101,除く,Essential Verbs,そのリストから彼を除くべきです。,Sono risuto kara kare wo nozoku beki desu.,He should be excluded from that list.
sent-1102,除く,Essential Verbs,私たちはその問題を除いて話し合いました。,Watashitachi wa sono mondai o nozoite hanashiaimashita.,We discussed everything except for that issue.
sent-1103,除く,Essential Verbs,この対策は全員が参加する必要があるが、君だけは除いてもらう。,"Kono taisaku wa zen'in ga sanka suru hitsuyou ga aru ga, kimi dake wa nozoite morau.","Everyone needs to participate in this countermeasure, but you will be the only one excluded."
sent-1104,除く,Essential Verbs,すべての要素を考慮しなければならないので、どれも除くことができない。,"Subete no youso o kouryo shinakereba naranai node, dore mo nozoku koto ga dekinai.",We have to consider all the factors; none of them can be excluded.
sent-1105,除く,Essential Verbs,この会議の議題は、財務問題を除くすべての事項についてです。,"Kono kaigi no gidai wa, zaimu mondai o nozoku subete no jikou ni tsuite desu.",The agenda of this meeting is about everything except financial issues.
sent-1106,のぞく,Essential Verbs,彼女は窓からのぞいてみて、雨が降っていることに気づいた。,"Kanojo wa mado kara nozoite mite, ame ga futte iru koto ni kizuita.",She peeked out the window and noticed that it was raining.
sent-1107,のぞく,Essential Verbs,弟は私の部屋にのぞきに来るのが嫌だ。,Otouto wa watashi no heya ni nozoki ni kuru no ga iya da.,I don't like it when my younger brother peeks into my room.
sent-1108,のぞく,Essential Verbs,彼はドアの隙間からのぞいて、誰もいないことを確認した。,"Kare wa doa no sukima kara nozoite, dare mo inai koto o kakunin shita.",He peeked through the gap in the door and confirmed that no one was there.
sent-1109,のぞく,Essential Verbs,彼女は成績リストをのぞいて、自分の名前を見つけた。,"Kanojo wa seiseki risuto o nozoite, jibun no namae o mitsuketa.",She peeked at the grade list and found her name.
sent-1110,のぞく,Essential Verbs,部屋からのぞく景色はとても美しい。,Heya kara nozoku keshiki wa totemo utsukushii.,The view from the room is very beautiful.
sent-1111,脱ぐ,Essential Verbs,彼は帰宅してすぐに上着を脱いだ。,Kare wa kitaku shite sugu ni uwagi o nuida.,He took off his jacket as soon as he got home.
sent-1112,脱ぐ,Essential Verbs,私たちは海に入る前に靴を脱いだ。,Watashitachi wa umi ni hairu mae ni kutsu o nuida.,We took off our shoes before going into the sea.
sent-1113,脱ぐ,Essential Verbs,部屋に入る前に、スリッパに履きかわるために靴を脱がなければならない。,"Heya ni hairu mae ni, surippa ni hakikaeru tame ni kutsu o nukanakereba naranai.",We have to take off our shoes before entering the room to change into slippers.
sent-1114,脱ぐ,Essential Verbs,暖かくなったので、彼はセーターを脱いで腰に巻いた。,"Atatakaku natta node, kare wa seetaa o nuide koshi ni maita.","It became warm, so he took off his sweater and tied it around his waist."
sent-1115,脱ぐ,Essential Verbs,マッサージルームで服を脱いでくださいね。,Massaajiruumu de fuku o nuide kudasai ne.,Please undress in the massage room.
sent-1116,ぬれる,Essential Verbs,雨にぬれて服が濡れた。,Ame ni nurete fuku ga nureta.,My clothes got wet in the rain.
sent-1117,ぬれる,Essential Verbs,靴が水たまりにぬれてしまった。,Kutsu ga mizutamari ni nurete shimatta.,My shoes got wet in a puddle.
sent-1118,ぬれる,Essential Verbs,草原を歩いていると、植物の露に足がぬれた。,"Sougen o aruite iru to, shokubutsu no tsuyu ni ashi ga nureta.","While walking in the meadow, my feet got wet with the dew on the plants."
sent-1119,ぬれる,Essential Verbs,シャワーから出て髪がまだぬれている。,Shawaa kara dete kami ga mada nurete iru.,My hair is still wet after coming out of the shower.
sent-1120,ぬれる,Essential Verbs,彼は水鉄砲でぬれている。,Kare wa mizudeppou de nurete iru.,He is wet from being squirted with a water gun.
sent-1121,塗る,Essential Verbs,壁にペンキを塗ることにしました。,Kabe ni penki o nuru koto ni shimashita.,I decided to paint the walls with paint.
sent-1122,塗る,Essential Verbs,彼は日焼け止めを顔に塗っていました。,Kare wa hiyakedome o kao ni nutte imashita.,He was applying sunscreen to his face.
sent-1123,塗る,Essential Verbs,リップクリームを塗ると、唇が潤います。,"Rippu kurīmu o nuru to, kuchibiru ga uruimasu.",Applying lip balm makes my lips moisturized.
sent-1124,塗る,Essential Verbs,この絵の具をキャンバスに塗る方法はいろいろあります。,Kono enogu o kyanbasu ni nuru houhou wa iroiro arimasu.,There are various ways to apply this paint to the canvas.
sent-1125,塗る,Essential Verbs,彼女はつけまつげにマスカラを塗っていました。,Kanojo wa tsukematsuge ni masukara o nutte imashita.,She was applying mascara to her false eyelashes.
sent-1126,盗む,Essential Verbs,彼は店から商品を盗んで捕まった。,Kare wa mise kara shouhin o nusunde tsukamatta.,He was caught stealing products from the store.
sent-1127,盗む,Essential Verbs,彼女の財布が誰かに盗まれたようだ。,Kanojo no saifu ga dareka ni nusumareta you da.,It seems someone stole her wallet.
sent-1128,盗む,Essential Verbs,手荷物に注意しないと、すぐに盗まれてしまうかもしれない。,"Tenimotsu ni chūi shinai to, sugu ni nusumarete shimau kamo shirenai.","If you don't pay attention to your luggage, it might get stolen right away."
sent-1129,盗む,Essential Verbs,車が駐車場で盗まれないようロックをかけてください。,Kuruma ga chūshajō de nusumarenai you rokku o kakete kudasai.,Please lock your car so it won't be stolen in the parking lot.
sent-1130,盗む,Essential Verbs,どうして彼はそんなばかげたことをして、自分の将来を盗むのだろうか？,"Dōshite kare wa sonna bakageta koto o shite, jibun no shōrai o nusumu no darou ka?","Why does he do such foolish things, stealing his own future?"
sent-1131,覚える,Essential Verbs,新しい単語を覚えるのに時間がかかります。,Atarashii tango o oboeru noni jikan ga kakarimasu.,It takes time to learn new words.
sent-1132,覚える,Essential Verbs,彼は急速に日本語の文法を覚えました。,Kare wa kyuusoku ni nihongo no bunpou o oboemashita.,He quickly learned Japanese grammar.
sent-1133,覚える,Essential Verbs,覚えるべき情報がたくさんあります。,Oboeru beki jouhou ga takusan arimasu.,There is a lot of information to remember.
sent-1134,覚える,Essential Verbs,彼女は歌詞を全部覚えるのに一晩かかった。,Kanojo wa kashi o zenbu oboeru noni hitoban kakatta.,It took her all night to learn the lyrics.
sent-1135,覚える,Essential Verbs,このフレーズを覚えて、試験に備えましょう。,"Kono fureezu o oboete, shiken ni sonaemashou.",Let's remember this phrase and prepare for the test.
sent-1136,落ちる,Essential Verbs,リンゴが木から落ちた。,Ringo ga ki kara ochita.,The apple fell from the tree.
sent-1137,落ちる,Essential Verbs,今日、橋の上から財布が落ちた。,"Kyou, hashi no ue kara saifu ga ochita.","Today, my wallet fell from the bridge."
sent-1138,落ちる,Essential Verbs,アイスクリームが服に落ちた。,Aisukuriimu ga fuku ni ochita.,The ice cream fell on my clothes.
sent-1139,落ちる,Essential Verbs,身長が伸びると、重心が高くなり、落ちやすくなる。,"Shinchou ga nobiru to, juushin ga takaku nari, ochiyasuku naru.","As you grow taller, your center of gravity becomes higher, making you more likely to fall."
sent-1140,落ちる,Essential Verbs,最終列車に乗り遅れると、駅の階段で足を滑らせて落ちることがある。,"Saishuu ressha ni noriokureru to, eki no kaidan de ashi o suberasete ochiru koto ga aru.","If you miss the last train, you might slip on the station stairs and fall."
sent-1141,驚く,Essential Verbs,彼の話を聞いて、私は驚いた。,"Kare no hanashi o kiite, watashi wa odoroita.",I was surprised to hear his story.
sent-1142,驚く,Essential Verbs,彼女の急な訪問にみんな驚いた。,Kanojo no kyuu na houmon ni minna odoroita.,Everyone was surprised by her sudden visit.
sent-1143,驚く,Essential Verbs,そのニュースを聞いて、私は本当に驚いた。,"Sono nyuusu o kiite, watashi wa hontou ni odoroita.",I was really surprised to hear the news.
sent-1144,驚く,Essential Verbs,彼は彼女の変わった様子に驚いた。,Kare wa kanojo no kawatta yousu ni odoroita.,He was surprised by her changed appearance.
sent-1145,驚く,Essential Verbs,彼が宝くじに当たり、みんな驚いた。,"Kare ga takarakuji ni atari, minna odoroita.",Everyone was surprised that he won the lottery.
sent-1146,踊る,Essential Verbs,昨日のパーティーで楽しく踊りました。,Kinou no paatii de tanoshiku odorimashita.,I danced happily at yesterday's party.
sent-1147,踊る,Essential Verbs,子供たちは音楽に合わせて踊っている。,Kodomo-tachi wa ongaku ni awasete odotte iru.,The children are dancing to the music.
sent-1148,踊る,Essential Verbs,花火大会の後で、皆で盆踊りを踊りました。,"Hanabi taikai no ato de, mina de bon odori o odorimashita.","After the fireworks festival, we all danced the Bon dance."
sent-1149,踊る,Essential Verbs,プロのダンサーは美しく踊ることができます。,Puro no dansaa wa utsukushiku odoru koto ga dekimasu.,Professional dancers can dance beautifully.
sent-1150,踊る,Essential Verbs,今週末、友達と祭りに行って踊る予定です。,"Konshuumatsu, tomodachi to matsuri ni itte odoru yotei desu.",I'm planning to go to the festival with my friends this weekend and dance.
sent-1151,躍る,Essential Verbs,雲が空に躍るように見えた。,Kumo ga sora ni odoru you ni mieta.,The clouds appeared to dance in the sky.
sent-1152,躍る,Essential Verbs,彼女の瞳は喜びで躍っていた。,Kanojo no hitomi wa yorokobi de odotte ita.,Her eyes were dancing with joy.
sent-1153,躍る,Essential Verbs,子供たちは公園で元気に躍っていた。,Kodomo-tachi wa kouen de genki ni odotte ita.,The children were energetically dancing in the park.
sent-1154,躍る,Essential Verbs,音楽が始まると、彼はすぐに躍り出した。,"Ongaku ga hajimaru to, kare wa sugu ni odoridashita.","As soon as the music started, he began to dance."
sent-1155,躍る,Essential Verbs,彼は足を躍らせて喜びを表していた。,Kare wa ashi o odorasete yorokobi o arawashite ita.,He expressed his joy by making his feet dance.
sent-1156,起きる,Essential Verbs,毎朝6時に起きる。,Maiasa rokuji ni okiru.,I wake up at 6 o'clock every morning.
sent-1157,起きる,Essential Verbs,地震が起きたとき、すぐに避難するようにしてください。,"Jishin ga okita toki, sugu ni hinan suru you ni shite kudasai.","When an earthquake occurs, please try to evacuate immediately."
sent-1158,起きる,Essential Verbs,昨夜、とても寒かったので何度も起きてしまった。,"Sakuya, totemo samukatta node nando mo okite shimatta.",It was so cold last night that I woke up several times.
sent-1159,起きる,Essential Verbs,早く起きて朝の散歩を楽しみたい。,Hayaku okite asa no sanpo o tanoshimitai.,I want to wake up early and enjoy a morning walk.
sent-1160,起きる,Essential Verbs,明日は試験があるから、早く起きなければならない。,"Ashita wa shiken ga aru kara, hayaku okinakereba naranai.","I have an exam tomorrow, so I have to wake up early."
sent-1161,怒る,Essential Verbs,彼は簡単に怒るタイプの人です。,Kare wa kantan ni okoru taipu no hito desu.,He is the type of person who gets angry easily.
sent-1162,怒る,Essential Verbs,彼女が怒る理由が分からない。,Kanojo ga okoru riyuu ga wakaranai.,I don't understand the reason why she gets angry.
sent-1163,怒る,Essential Verbs,上司は遅刻をした時、すぐに怒ります。,"Joushi wa chikoku o shita toki, sugu ni okorimasu.",My boss gets angry immediately when I'm late.
sent-1164,怒る,Essential Verbs,お母さんは部屋が散らかっていると怒ります。,Okaasan wa heya ga chirakatteiru to okorimasu.,My mother gets angry when my room is messy.
sent-1165,怒る,Essential Verbs,彼が言ったことに怒って、彼女は家を出て行った。,"Kare ga itta koto ni okotte, kanojo wa ie o deteitta.",She got angry at what he said and left the house.
sent-1166,起こる,Essential Verbs,地震が起こる可能性がある。,Jishin ga okoru kanousei ga aru.,There is a possibility of an earthquake occurring.
sent-1167,起こる,Essential Verbs,交通事故が起こる原因は様々だ。,Koutsuu jiko ga okoru gen'in wa samazama da.,There are various causes for traffic accidents to occur.
sent-1168,起こる,Essential Verbs,今年は異常気象が起こることが予想される。,Kotoshi wa ijou kishou ga okoru koto ga yosou sareru.,It is predicted that abnormal weather will occur this year.
sent-1169,起こる,Essential Verbs,問題が起こる前に、対策を講じるべきだ。,"Mondai ga okoru mae ni, taisaku o koujiru beki da.",Measures should be taken before problems arise.
sent-1170,起こる,Essential Verbs,彼女は家庭内でトラブルが起こると悩んでいる。,Kanojo wa katei nai de toraburu ga okoru to nayande iru.,She is worried about troubles occurring within the family.
sent-1171,起こす,Essential Verbs,地震が津波を起こすことがある。,Jishin ga tsunami o okosu koto ga aru.,Earthquakes can sometimes cause tsunamis.
sent-1172,起こす,Essential Verbs,彼の言動が周囲の人の不快感を起こすことがある。,Kare no gendou ga shuui no hito no fukaikan o okosu koto ga aru.,His words and actions can sometimes cause discomfort to those around him.
sent-1173,起こす,Essential Verbs,喧嘩を起こさないように、言葉遣いに気を付けましょう。,"Kenka o okosanai you ni, kotobazukai ni ki o tsukemashou.",Be careful with your choice of words to avoid starting a fight.
sent-1174,起こす,Essential Verbs,子供たちを起こして、学校に送る準備を始めなければならない。,"Kodomo-tachi o okoshite, gakkou ni okuru junbi o hajime nakereba naranai.",I have to wake up the children and start preparing to send them to school.
sent-1175,起こす,Essential Verbs,新しいプロジェクトを起こすために、多くの人材が必要です。,"Atarashii purojekuto o okosu tame ni, ooku no jinzai ga hitsuyou desu.",Starting a new project requires a lot of human resources.
sent-1176,興す,Essential Verbs,国を興すために、彼は多くの改革を行った。,"Kuni o okosu tame ni, kare wa ooku no kaikaku o okonatta.",He carried out many reforms to build up the country.
sent-1177,興す,Essential Verbs,文化を興すため、市は様々な芸術イベントを開催している。,"Bunka o okosu tame, shi wa samazama na geijutsu ibento o kaisai shite iru.",The city is holding various art events to promote culture.
sent-1178,興す,Essential Verbs,彼は老舗の会社を再興すべく努力している。,Kare wa shinise no kaisha o saikou subeku doryoku shite iru.,He is working hard to revive the long-established company.
sent-1179,興す,Essential Verbs,ボランティア活動を通じて、地域を興す取り組みを行う。,"Borantia katsudou o tsuujite, chiiki o okosu torikumi o okonau.",Carry out initiatives to revitalize the community through volunteer activities.
sent-1180,興す,Essential Verbs,新しい事業を興すために、彼女は投資家を探している。,"Atarashii jigyou o okosu tame ni, kanojo wa toushika o sagashite iru.",She is looking for investors to start a new business.
sent-1181,置く,Essential Verbs,本を机の上に置く。,Hon o tsukue no ue ni oku.,I put the book on the desk.
sent-1182,置く,Essential Verbs,彼は鍵を玄関に置いて出かけた。,Kare wa kagi o genkan ni oite dekaketa.,He left the key at the entrance and went out.
sent-1183,置く,Essential Verbs,カバンを椅子の横に置いて座った。,Kaban o isu no yoko ni oite suwatta.,I put my bag next to the chair and sat down.
sent-1184,置く,Essential Verbs,水筒をポケットに置くのを忘れてしまった。,Suitou o poketto ni oku no o wasurete shimatta.,I forgot to put the water bottle in my pocket.
sent-1185,置く,Essential Verbs,余ったお金を貯金箱に置いておこう。,Amatta okane o chokinbako ni oite okou.,Let's put the leftover money in the piggy bank.
sent-1186,遅れる,Essential Verbs,電車が遅れることがよくある。,Densha ga okureru koto ga yoku aru.,It's common for the train to be delayed.
sent-1187,遅れる,Essential Verbs,提出期限に遅れると、ペナルティが課せられる。,"Teishutsu kigen ni okureru to, penaruti ga kaserareru.","If you're late for the submission deadline, you'll be penalized."
sent-1188,遅れる,Essential Verbs,仕事が終わらなかったので、彼は約束の時間に遅れることになった。,"Shigoto ga owaranakatta node, kare wa yakusoku no jikan ni okureru koto ni natta.",He was late for the appointment time because his work didn't finish.
sent-1189,遅れる,Essential Verbs,彼女は家を出るのが遅れて、バスに乗り遅れた。,"Kanojo wa ie o deru no ga okurete, basu ni noriokureta.",She left the house late and missed the bus.
sent-1190,遅れる,Essential Verbs,ミーティングが遅れると、一日のスケジュールが狂ってしまう。,"Miitingu ga okureru to, ichinichi no sukejuuru ga kurutte shimau.","If the meeting is delayed, the schedule for the whole day gets disrupted."
sent-1191,後れる,Essential Verbs,試験に遅れてしまったので、みんなに後れを取ることになった。,"Shiken ni okurete shimatta node, minna ni atore o toru koto ni natta.","Since I was late for the exam, I ended up falling behind everyone."
sent-1192,後れる,Essential Verbs,締め切りに間に合わず、作業で後れを取ることがあるので、早めに仕事を始めなければいけません。,"Shimekiri ni maniawazu, sagyou de atore o toru koto ga aru node, hayame ni shigoto o hajimenakereba ikemasen.","Sometimes I fall behind in my work because I can't meet the deadline, so I need to start working earlier."
sent-1193,後れる,Essential Verbs,列車が遅れているため、会議の開始に後れを取るかもしれません。,"Ressha ga okurete iru tame, kaigi no kaishi ni atore o toru kamoshiremasen.","Due to the train delay, I might fall behind the start of the meeting."
sent-1194,後れる,Essential Verbs,彼は全ての課題が終わっていないが、みんなに後れを取ることを恐れている。,"Kare wa subete no kadai ga owatte inai ga, minna ni atore o toru koto o osorete iru.","He hasn't finished all his assignments yet, but he's afraid of falling behind everyone else."
sent-1195,後れる,Essential Verbs,病気で学校を休んだため、勉強で後れを取ることを心配していた。,"Byouki de gakkou o yasunda tame, benkyou de atore o toru koto o shinpai shite ita.",I was worried about falling behind in my studies because I was absent from school due to illness.
sent-1196,送る,Essential Verbs,彼女に誕生日プレゼントを送るつもりです。,Kanojo ni tanjoubi purezento o okuru tsumori desu.,I'm planning to send her a birthday present.
sent-1197,送る,Essential Verbs,大学に書類を送る必要があります。,Daigaku ni shorui o okuru hitsuyou ga arimasu.,I need to send documents to the university.
sent-1198,送る,Essential Verbs,両親に就職の報告メールを送ることにしました。,Ryoujin ni shuushoku no houkoku meeru o okuru koto ni shimashita.,I decided to send an email informing my parents about my new job.
sent-1199,送る,Essential Verbs,友達に迎えに来てもらうために、今からメッセージを送る。,"Tomodachi ni mukae ni kite morau tame ni, ima kara messe-ji o okuru.",I'll send a message now to have my friend come and pick me up.
sent-1200,送る,Essential Verbs,彼に安心するような手紙を送るべきです。,Kare ni anshin suru you na tegami o okuru beki desu.,You should send him a reassuring letter.
sent-1201,贈る,Essential Verbs,彼女に花を贈ることにしました。,Kanojo ni hana o okuru koto ni shimashita.,I decided to give her flowers as a gift.
sent-1202,贈る,Essential Verbs,成功を祝して、彼にプレゼントを贈りたい。,"Seikou o iwatte, kare ni purezento o okuritai.",I want to give him a present to celebrate his success.
sent-1203,贈る,Essential Verbs,友達の結婚式にギフトを贈るのは普通だ。,Tomodachi no kekkonshiki ni gifuto o okuru no wa futsuu da.,It's common to give a gift at a friend's wedding.
sent-1204,贈る,Essential Verbs,今年のクリスマスには、家族に手紙を贈ろうと思っています。,"Kotoshi no Kurisumasu ni wa, kazoku ni tegami o okurou to omotteimasu.",I'm planning to send letters to my family for this year's Christmas.
sent-1205,贈る,Essential Verbs,彼の誕生日に何を贈ったら喜ぶだろうか？,Kare no tanjoubi ni nani o okuttara yorokobu darou ka?,What should I give him for his birthday to make him happy?
sent-1206,思う,Essential Verbs,彼はいつも私のことを思ってくれています。,Kare wa itsumo watashi no koto o omotte kurete imasu.,He always thinks about me.
sent-1207,思う,Essential Verbs,この新しいアイデアについてどう思いますか？,Kono atarashii aidea ni tsuite dou omoimasu ka?,What do you think about this new idea?
sent-1208,思う,Essential Verbs,彼女は成功すると思います。,Kanojo wa seikou suru to omoimasu.,I think she will succeed.
sent-1209,思う,Essential Verbs,彼はいつも他人の気持ちを思う人だ。,Kare wa itsumo tanin no kimochi o omou hito da.,He is always a person who thinks about the feelings of others.
sent-1210,思う,Essential Verbs,今回の試験は難しかったと思う。,Konkai no shiken wa muzukashikatta to omou.,I think this time's exam was difficult.
sent-1211,折れる,Essential Verbs,彼は転んで腕が折れる。,Kare wa koronde ude ga oreru.,He falls and breaks his arm.
sent-1212,折れる,Essential Verbs,台風で木が折れている。,Taifuu de ki ga orete iru.,Trees have been broken by the typhoon.
sent-1213,折れる,Essential Verbs,試験のプレッシャーで彼の気持ちが折れる。,Shiken no puresshaa de kare no kimochi ga oreru.,His spirit breaks under the pressure of the exam.
sent-1214,折れる,Essential Verbs,その大きな雪の重さで屋根が折れそうだ。,Sono ookina yuki no omosa de yane ga oresou da.,The roof seems to break under the weight of the heavy snow.
sent-1215,折れる,Essential Verbs,彼は決して折れることがない強い意志をもっている。,Kare wa kesshite oreru koto ga nai tsuyoi ishi o motte iru.,He has a strong will that never breaks.
sent-1216,降りる,Essential Verbs,電車から降りるときには注意してください。,Densha kara oriru toki niwa chuui shite kudasai.,Please be careful when getting off the train.
sent-1217,降りる,Essential Verbs,彼は山を降りる途中で足を滑らせた。,Kare wa yama o oriru tochuu de ashi o suberaseta.,He slipped while descending the mountain.
sent-1218,降りる,Essential Verbs,見学者たちはバスから降りて観光地を見学しました。,Kengakusha-tachi wa basu kara orite kankouchi o kengaku shimashita.,The visitors got off the bus and toured the sightseeing spot.
sent-1219,降りる,Essential Verbs,駅で誤って早く降りると、次の電車を待たなければならない。,"Eki de ayamatte hayaku oriru to, tsugi no densha o matanakereba naranai.","If you accidentally get off too early at the station, you will have to wait for the next train."
sent-1220,降りる,Essential Verbs,急いで階段を降りると危険です。,Isogide kaidan o oriru to kiken desu.,It is dangerous to hurry down the stairs.
sent-1221,下りる,Essential Verbs,駅の階段を下りるときは気をつけてください。,Eki no kaidan o oriru toki wa ki o tsukete kudasai.,Please be careful when going down the stairs at the station.
sent-1222,下りる,Essential Verbs,バスから下りる前に、荷物を忘れないようにしましょう。,"Basu kara oriru mae ni, nimotsu o wasurenai you ni shimashou.","Before getting off the bus, make sure not to forget your belongings."
sent-1223,下りる,Essential Verbs,山を下りる途中で足を滑らせて転んだ。,Yama o oriru tochuu de ashi o suberasete koronda.,I slipped and fell while coming down the mountain.
sent-1224,下りる,Essential Verbs,エレベーターが故障しているので、階段を下りるしかない。,"Erebeetaa ga koshou shite iru node, kaidan o oriru shika nai.","Since the elevator is broken, there's no choice but to go down the stairs."
sent-1225,下りる,Essential Verbs,電車から下りると、友達が待っていた。,"Densha kara oriru to, tomodachi ga matte ita.","When I got off the train, my friend was waiting."
sent-1226,折る,Essential Verbs,この紙を三つに折ってください。,Kono kami o mittsu ni otte kudasai.,Please fold this paper into three.
sent-1227,折る,Essential Verbs,彼女は手紙を折って封筒に入れた。,Kanojo wa tegami o otte fuutou ni ireta.,She folded the letter and put it in the envelope.
sent-1228,折る,Essential Verbs,紙飛行機を折るのが得意です。,Kami hikouki o oru no ga tokui desu.,I'm good at folding paper airplanes.
sent-1229,折る,Essential Verbs,折り紙を折って美しい花を作った。,Origami o otte utsukushii hana o tsukutta.,I folded origami and made a beautiful flower.
sent-1230,折る,Essential Verbs,雑誌に折り目を入れずに読んでください。,Zasshi ni orime o irezu ni yonde kudasai.,Please read the magazine without folding the pages.
sent-1231,押さえる,Essential Verbs,彼は彼女の手を押さえて止めた。,Kare wa kanojo no te o osaete tometa.,He held her hand and stopped her.
sent-1232,押さえる,Essential Verbs,重要なポイントを押さえた説明が求められます。,Juuyou na pointo o osaeta setsumei ga motomeraremasu.,An explanation that covers the important points is required.
sent-1233,押さえる,Essential Verbs,彼は犬を押さえてリードをつけた。,Kare wa inu o osaete ri-do o tsuketa.,He held the dog and attached the leash.
sent-1234,押さえる,Essential Verbs,消火器で火を押さえることができました。,Shoukaki de hi o osaeru koto ga dekimashita.,We were able to suppress the fire with a fire extinguisher.
sent-1235,押さえる,Essential Verbs,勉強方法を押さえることが試験に成功するために大切です。,Benkyou houhou o osaeru koto ga shiken ni seikou suru tame ni taisetsu desu.,Grasping the study method is important for success in exams.
sent-1236,抑える,Essential Verbs,彼は怒りを抑えることができなかった。,Kare wa ikari o osaeru koto ga dekinakatta.,He was unable to suppress his anger.
sent-1237,抑える,Essential Verbs,ボリュームを抑えて静かに音楽を聞く。,Boryuumu o osaete shizuka ni ongaku o kiku.,Listen to music quietly with the volume turned down.
sent-1238,抑える,Essential Verbs,彼女は涙を抑えるために目をつぶった。,Kanojo wa namida o osaeru tame ni me o tsubutta.,She closed her eyes to hold back tears.
sent-1239,抑える,Essential Verbs,痛みを抑えるために薬を飲む。,Itami o osaeru tame ni kusuri o nomu.,Take medicine to relieve pain.
sent-1240,抑える,Essential Verbs,この会議では経費を抑えることが一番の目標だ。,Kono kaigi de wa keihi o osaeru koto ga ichiban no mokuhyou da.,The main goal of this meeting is to cut costs.
sent-1241,おさえる,Essential Verbs,彼は彼女の手を押さえるのに成功した。,Kare wa kanojo no te o osaeru no ni seikou shita.,He succeeded in holding her hand.
sent-1242,おさえる,Essential Verbs,模試でポイントを押さえることが大切です。,Mosei de pointo o osaeru koto ga taisetsu desu.,It's important to cover all the key points in a mock exam.
sent-1243,おさえる,Essential Verbs,彼はその場で泣かないように涙をおさえた。,Kare wa sono ba de nakanai you ni namida o osaeta.,He held back tears so he wouldn't cry on the spot.
sent-1244,おさえる,Essential Verbs,この野菜を使えば、味をおさえることができます。,"Kono yasai o tsukaeba, aji o osaeru koto ga dekimasu.",Using this vegetable can help you control the taste.
sent-1245,おさえる,Essential Verbs,その飛行機の搭乗者は犯人を押さえるのに成功した。,Sono hikouki no toujousha wa hannin o osaeru no ni seikou shita.,The passengers on the plane succeeded in restraining the criminal.
sent-1246,教える,Essential Verbs,先生は生徒に新しい単語を教える。,Sensei wa seito ni atarashii tango o oshieru.,The teacher teaches new words to the students.
sent-1247,教える,Essential Verbs,彼女は私に料理を教えてくれました。,Kanojo wa watashi ni ryouri o oshiete kuremashita.,She taught me how to cook.
sent-1248,教える,Essential Verbs,音楽の先生は子どもたちに新しい歌を教えました。,Ongaku no sensei wa kodomo-tachi ni atarashii uta o oshiemashita.,The music teacher taught the children a new song.
sent-1249,教える,Essential Verbs,父は私に運転の仕方を教えました。,Chichi wa watashi ni unten no shikata o oshiemashita.,My father taught me how to drive.
sent-1250,教える,Essential Verbs,同僚が会議室の場所を教えてくれた。,Douryou ga kaigishitsu no basho o oshiete kureta.,My colleague told me the location of the meeting room.
sent-1251,押す,Essential Verbs,ドアを押すと、部屋の中が見える。,"Doa o osu to, heya no naka ga mieru.","When you push the door, you can see inside the room."
sent-1252,押す,Essential Verbs,彼はエレベーターのボタンを押して待った。,Kare wa erebētā no botan o oshite matta.,He pushed the elevator button and waited.
sent-1253,押す,Essential Verbs,このボタンを押すと、アラームが止まります。,"Kono botan o osu to, arāmu ga tomarimasu.",Pressing this button will stop the alarm.
sent-1254,押す,Essential Verbs,彼女はタクシーの運転手にホーンを押すように頼んだ。,Kanojo wa takushī no untenshu ni hōn o osu you ni tanonda.,She asked the taxi driver to honk the horn.
sent-1255,押す,Essential Verbs,彼は審判に反対し、抗議の意味でサインを押した。,"Kare wa shinpan ni hantai shi, kougi no imi de sain o oshita.",He opposed the referee and pushed the sign in protest.
sent-1256,落とす,Essential Verbs,彼はペンを床に落とした。,Kare wa pen o yuka ni otoshita.,He dropped the pen on the floor.
sent-1257,落とす,Essential Verbs,財布を落としてしまい、大変困りました。,"Saifu o otoshite shimai, taihen komarimashita.",I dropped my wallet and was in great trouble.
sent-1258,落とす,Essential Verbs,彼女はその秘密を絶対に誰にも口に落とさないだろう。,Kanojo wa sono himitsu o zettai ni dare ni mo kuchi ni otosanai darou.,She probably won't reveal that secret to anyone.
sent-1259,落とす,Essential Verbs,車の鍵を池に落としてしまった。,Kuruma no kagi o ike ni otoshite shimatta.,I accidentally dropped my car keys in the pond.
sent-1260,落とす,Essential Verbs,コンピュータのウイルスによって、重要なデータが全部落とされた。,"Konpyuuta no uirusu ni yotte, juuyou na deeta ga zenbu otosareta.",A computer virus caused all the important data to be lost.
sent-1261,追う,Essential Verbs,彼は車で私たちを追ってきた。,Kare wa kuruma de watashitachi o otte kita.,He followed us in his car.
sent-1262,追う,Essential Verbs,駅まで走って彼女を追いかけた。,Eki made hashitte kanojo o oikaketa.,I ran after her to the station.
sent-1263,追う,Essential Verbs,犬が猫を追いかけるのは自然な行動です。,Inu ga neko o oikakeru no wa shizen na koudou desu.,It is natural behavior for a dog to chase a cat.
sent-1264,追う,Essential Verbs,彼は債権者たちに追われていた。,Kare wa saikensha-tachi ni owarete ita.,He was being pursued by his creditors.
sent-1265,追う,Essential Verbs,あの敵を追い詰めるまで諦めない。,Ano teki o oitsumeru made akiramenai.,I won't give up until I corner that enemy.
sent-1266,負う,Essential Verbs,責任を負うべきだ。,Sekinin o ou beki da.,One should bear the responsibility.
sent-1267,負う,Essential Verbs,彼は家族のために多大な苦労を負っている。,Kare wa kazoku no tame ni tadai na kurou o outte iru.,He is bearing great hardships for his family.
sent-1268,負う,Essential Verbs,新しいリーダーとして、彼は多くの責任を負うことになる。,"Atarashii riidaa to shite, kare wa ooku no sekinin o ou koto ni naru.","As the new leader, he will bear many responsibilities."
sent-1269,負う,Essential Verbs,彼はその失敗に対して罰を負った。,Kare wa sono shippai ni taishite batsu o otta.,He bore the punishment for that failure.
sent-1270,負う,Essential Verbs,私たちはこの結果に対して責任を負うべきである。,Watashitachi wa kono kekka ni taishite sekinin o ou beki de aru.,We should bear responsibility for this outcome.
sent-1271,終わる,Essential Verbs,今年の夏休みが終わるのが早かった。,Kotoshi no natsu yasumi ga owaru no ga hayakatta.,This year's summer vacation ended quickly.
sent-1272,終わる,Essential Verbs,映画は、予期しない終わり方で終わった。,"Eiga wa, yoki shinai owarikata de owatta.",The movie ended with an unexpected ending.
sent-1273,終わる,Essential Verbs,その仕事はいつ終わるのが分からない。,Sono shigoto wa itsu owaru no ga wakaranai.,I don't know when that job will end.
sent-1274,終わる,Essential Verbs,パーティは夜遅くに終わった。,Paatii wa yoru osoku ni owatta.,The party ended late at night.
sent-1275,終わる,Essential Verbs,彼のスピーチが終わると、みんなが拍手を送った。,"Kare no supiichi ga owaru to, minna ga hakushu o okutta.","When his speech ended, everyone applauded."
sent-1276,泳ぐ,Essential Verbs,彼は毎朝泳ぐのが習慣です。,Kare wa mai asa oyogu no ga shuukan desu.,It is his habit to swim every morning.
sent-1277,泳ぐ,Essential Verbs,夏休みに海で泳ぐのが大好きです。,Natsuyasumi ni umi de oyogu no ga daisuki desu.,I love swimming in the sea during summer vacation.
sent-1278,泳ぐ,Essential Verbs,彼女はかなり速く泳ぐことができます。,Kanojo wa kanari hayaku oyogu koto ga dekimasu.,She can swim quite fast.
sent-1279,泳ぐ,Essential Verbs,子供たちは公園のプールで泳ぐのを楽しみにしています。,Kodomo-tachi wa kouen no puuru de oyogu no o tanoshimi ni shiteimasu.,The children are looking forward to swimming in the park's pool.
sent-1280,泳ぐ,Essential Verbs,この川で泳ぐのは危険です。,Kono kawa de oyogu no wa kiken desu.,It is dangerous to swim in this river.
sent-1281,下がる,Essential Verbs,今日の気温は急に下がった。,Kyou no kion wa kyuu ni sagatta.,The temperature dropped suddenly today.
sent-1282,下がる,Essential Verbs,この道を下がって左に曲がってください。,Kono michi wo sagatte hidari ni magatte kudasai.,Please go down this street and turn left.
sent-1283,下がる,Essential Verbs,株価が下がることで、投資家たちは悲鳴をあげた。,"Kabuka ga sagaru koto de, toushikatachi wa himei wo ageta.","As stock prices fell, investors screamed in despair."
sent-1284,下がる,Essential Verbs,近所の川の水位が少し下がっているようだ。,Kinjo no kawa no sui'i ga sukoshi sagatteiru you da.,It seems that the water level of the nearby river has dropped a little.
sent-1285,下がる,Essential Verbs,値段が下がると、より多くの人がその商品を買うでしょう。,"Nedan ga sagaru to, yori ooku no hito ga sono shouhin wo kau deshou.","When the price drops, more people are likely to buy the product."
sent-1286,捜す（探す）,Essential Verbs,彼は花瓶の中にひそむ花を探した。,Kare wa kabin no naka ni hisomu hana o sagashimashita.,He searched for the flower hiding inside the vase.
sent-1287,捜す（探す）,Essential Verbs,駅周辺を探して貴重品が落ちていないか確かめた。,Eki shūhen o sagashite kichouhin ga ochite inai ka tashikameta.,I searched around the station to make sure that no valuables had fallen.
sent-1288,捜す（探す）,Essential Verbs,港で迷子の犬を捜し続けました。,Minato de maigo no inu o sagashitsuzukemashita.,I kept searching for the lost dog at the harbor.
sent-1289,捜す（探す）,Essential Verbs,課長は適任な人材を探している。,Kachou wa tekinin na jinzai o sagashite iru.,The section chief is searching for suitable personnel.
sent-1290,捜す（探す）,Essential Verbs,彼女は図書館で必要な本を探していた。,Kanojo wa toshokan de hitsuyou na hon o sagashiteita.,She was searching for the necessary book in the library.
sent-1291,下げる,Essential Verbs,温度を下げる必要があります。,Ondo o sageru hitsuyou ga arimasu.,We need to lower the temperature.
sent-1292,下げる,Essential Verbs,彼は声のボリュームを下げました。,Kare wa koe no boryuumu o sagemashita.,He lowered the volume of his voice.
sent-1293,下げる,Essential Verbs,会社は販売目標を下げることを決定しました。,Kaisha wa hanbai mokuhyou o sageru koto o kettei shimashita.,The company decided to lower its sales target.
sent-1294,下げる,Essential Verbs,私たちは食塩摂取量を下げるべきです。,Watashitachi wa shokuen sesshuryou o sageru beki desu.,We should reduce our salt intake.
sent-1295,下げる,Essential Verbs,日本政府は税金を下げる可能性があります。,Nihon seifu wa zeikin o sageru kanousei ga arimasu.,The Japanese government might lower taxes.
sent-1296,裂ける,Essential Verbs,紙が裂けるほど強く引っ張った。,Kami ga sakeru hodo tsuyoku hipparutta.,I pulled so hard that the paper tore.
sent-1297,裂ける,Essential Verbs,大地が裂けるような地震が起こった。,Daichi ga sakeru you na jishin ga okotta.,An earthquake occurred as if the earth was tearing apart.
sent-1298,裂ける,Essential Verbs,そのジーンズはポケットの部分が裂けている。,Sono jiinzu wa poketto no bubun ga sakete iru.,The pocket area of those jeans is torn.
sent-1299,裂ける,Essential Verbs,彼はカーテンが裂けるほど強く引っ張った。,Kare wa kaaten ga sakeru hodo tsuyoku hipparutta.,He pulled so hard that the curtain tore.
sent-1300,裂ける,Essential Verbs,皮膚が乾燥し、指先が裂けることがある。,"Hifu ga kansou shi, yubisaki ga sakeru koto ga aru.",Skin can become dry and fingertips may crack.
sent-1301,避ける,Essential Verbs,彼は交通事故を避けるために急ブレーキをかけた。,Kare wa koutsuu jiko o sakeru tame ni kyuu bureeki o kaketa.,He applied the emergency brake to avoid a traffic accident.
sent-1302,避ける,Essential Verbs,できるだけ問題を避けるようにしましょう。,Dekiru dake mondai o sakeru you ni shimashou.,Let's try to avoid problems as much as possible.
sent-1303,避ける,Essential Verbs,彼女は彼の視線を避けるために壁に背を向けた。,Kanojo wa kare no shisen o sakeru tame ni kabe ni se o muketa.,She turned her back to the wall to avoid his gaze.
sent-1304,避ける,Essential Verbs,大雨を避けるために、皆その場所を離れた。,"Ooame o sakeru tame ni, mina sono basho o hanareta.",Everyone left the place to avoid the heavy rain.
sent-1305,避ける,Essential Verbs,ストレスを避けるために、リラックスする時間を作りましょう。,"Sutoresu o sakeru tame ni, rirakkusu suru jikan o tsukurimashou.","To avoid stress, let's make time to relax."
sent-1306,咲く,Essential Verbs,春になると桜が咲く。,Haru ni naru to sakura ga saku.,Cherry blossoms bloom when spring comes.
sent-1307,咲く,Essential Verbs,庭園にはたくさんの花が咲いています。,Teien ni wa takusan no hana ga saiteimasu.,Many flowers are blooming in the garden.
sent-1308,咲く,Essential Verbs,この木は毎年同じ時期に花が咲く。,Kono ki wa mainen onaji jiki ni hana ga saku.,This tree blooms flowers every year at the same time.
sent-1309,咲く,Essential Verbs,もうすぐ夏だから向日葵が咲き始める。,Mou sugu natsu dakara himawari ga sakihajimeru.,Sunflowers will start to bloom soon because it's almost summer.
sent-1310,咲く,Essential Verbs,山の斜面には野生の花々が咲いていました。,Yama no shamen ni wa yasei no hanabana ga saiteimashita.,Wildflowers were blooming on the mountainside.
sent-1311,裂く,Essential Verbs,彼は紙を裂いて破り捨てた。,Kare wa kami o saite yaburisuteta.,He tore the paper and threw it away.
sent-1312,裂く,Essential Verbs,その大きな音が空を裂くようだった。,Sono ookina oto ga sora o saku you datta.,The loud sound seemed to split the sky.
sent-1313,裂く,Essential Verbs,彼女は怒りに駆られ、手紙を裂いた。,"Kanojo wa ikari ni karare, tegami o saita.","Driven by anger, she tore the letter."
sent-1314,裂く,Essential Verbs,荒れた波が網を少しずつ裂いていく。,Areta nami ga ami o sukoshi zutsu saite iku.,The rough waves gradually tore the net.
sent-1315,裂く,Essential Verbs,その強風が木々の葉を裂くように吹いていた。,Sono kyoufuu ga kigi no ha o saku you ni fuite ita.,The strong wind blew as if tearing the leaves from the trees.
sent-1316,割く,Essential Verbs,時間を割いて勉強に集中しましょう。,Jikan o saite benkyou ni shuuchuu shimashou.,Let's set aside time to focus on studying.
sent-1317,割く,Essential Verbs,彼女は週末に時間を割いてボランティア活動をしています。,Kanojo wa shuumatsu ni jikan o saite borantia katsudou o shiteimasu.,She spends time volunteering on weekends.
sent-1318,割く,Essential Verbs,私は毎日20分を割いて英語を勉強します。,Watashi wa mainichi nijuppun o saite eigo o benkyou shimasu.,I spend 20 minutes every day studying English.
sent-1319,割く,Essential Verbs,美術に専念するために時間を割くことが重要です。,Bijutsu ni sennen suru tame ni jikan o saite koto ga juuyou desu.,It is important to allocate time to focus on art.
sent-1320,割く,Essential Verbs,彼は家族との時間を割くことを大切にしています。,Kare wa kazoku to no jikan o saite koto o taisetsu ni shiteimasu.,He values spending time with his family.
sent-1321,支える,Essential Verbs,彼はいつも私を支えてくれます。,Kare wa itsumo watashi o sasaete kuremasu.,He always supports me.
sent-1322,支える,Essential Verbs,家族は互いに支え合うべきです。,Kazoku wa tagai ni sasaeau beki desu.,Families should support each other.
sent-1323,支える,Essential Verbs,彼の励ましが私を支えていました。,Kare no hagemashi ga watashi o sasaete imashita.,His encouragement has been supporting me.
sent-1324,支える,Essential Verbs,みんなの応援がチームを支える力になります。,Minna no ouen ga chiimu o sasaeru chikara ni narimasu.,Everyone's cheers become the power to support the team.
sent-1325,支える,Essential Verbs,その橋は強い柱で支えられています。,Sono hashi wa tsuyoi hashira de sasaerarete imasu.,The bridge is supported by strong pillars.
sent-1326,誘う,Essential Verbs,彼女は友達をパーティーに誘った。,Kanojo wa tomodachi o paatii ni sasotta.,She invited her friends to the party.
sent-1327,誘う,Essential Verbs,映画に行かないかと彼は私を誘った。,Eiga ni ikanai ka to kare wa watashi o sasotta.,He invited me to go to the movies.
sent-1328,誘う,Essential Verbs,週末、彼女をデートに誘おうと思います。,"Shuumatsu, kanojo o deeto ni sasou to omoimasu.",I'm thinking about asking her out on a date this weekend.
sent-1329,誘う,Essential Verbs,仕事の後、同僚を飲みに誘われました。,"Shigoto no ato, doukyou o nomi ni sasowaremashita.","After work, I was invited to go drinking by my colleagues."
sent-1330,誘う,Essential Verbs,このイベントは多くの観光客を誘うでしょう。,Kono ibento wa ooku no kankoukyaku o sasou deshou.,This event will attract many tourists.
sent-1331,刺す,Essential Verbs,ワクチンを刺すのは看護師さんの仕事です。,Wakuchin o sasu no wa kangoshi-san no shigoto desu.,It is the nurse's job to administer vaccines.
sent-1332,刺す,Essential Verbs,彼はトゲに指を刺して痛がっていた。,Kare wa toge ni yubi o sashite itagatteita.,He was in pain after pricking his finger on a thorn.
sent-1333,刺す,Essential Verbs,蚊に刺されたところがかゆいです。,Ka ni sasa reta tokoro ga kayui desu.,The place where I was bitten by a mosquito is itchy.
sent-1334,刺す,Essential Verbs,そのバラのとげに刺すと痛いので、気をつけてください。,"Sono bara no toge ni sasu to itai node, ki o tsukete kudasai.",Be careful because it hurts when you get pricked by a rose thorn.
sent-1335,刺す,Essential Verbs,彼は焼き鳥を串に刺して食べるのが好きです。,Kare wa yakitori o kushi ni sashite taberu no ga suki desu.,He likes to skewer and eat yakitori.
sent-1336,指す,Essential Verbs,彼がその建物を指しているのに気づいた。,Kare ga sono tatemono o sashite iru no ni kizuita.,I noticed that he was pointing at that building.
sent-1337,指す,Essential Verbs,彼は私に方向を指してくれました。,Kare wa watashi ni houkou o sashite kuremashita.,He pointed out the direction to me.
sent-1338,指す,Essential Verbs,この言葉はどういった意味を指すのでしょうか。,Kono kotoba wa douitta imi o sasu no deshou ka.,What kind of meaning does this word point to?
sent-1339,指す,Essential Verbs,彼女は私の間違いを指して、正しい方法を教えてくれました。,"Kanojo wa watashi no machigai o sashite, tadashii houhou o oshiete kuremashita.",She pointed out my mistake and taught me the correct method.
sent-1340,指す,Essential Verbs,教師は地図を指して、その国の位置を示しました。,"Kyoushi wa chizu o sashite, sono kuni no ichi o shimeshimashita.",The teacher pointed at the map and indicated the location of that country.
sent-1341,差す,Essential Verbs,朝日が窓から差し込む。,Asahi ga mado kara sashikomu.,The morning sun streams in through the window.
sent-1342,差す,Essential Verbs,彼は紙に鉛筆で線を差した。,Kare wa kami ni enpitsu de sen o sashita.,He drew a line with a pencil on the paper.
sent-1343,差す,Essential Verbs,傘を差さないで、雨に濡れた。,"Kasa o sasanai de, ame ni nureta.",I got wet in the rain because I didn't put up an umbrella.
sent-1344,差す,Essential Verbs,郵便受けに手紙を差した。,Yuubinuke ni tegami o sashita.,I put the letter in the mailbox.
sent-1345,差す,Essential Verbs,彼は鍵を差してドアを開けた。,Kare wa kagi o sashite doa o aketa.,He inserted the key and opened the door.
sent-1346,騒ぐ,Essential Verbs,子供たちが庭で大騒ぎしている。,Kodomo-tachi ga niwa de oosawagi shite iru.,The children are making a big commotion in the garden.
sent-1347,騒ぐ,Essential Verbs,電車内で騒ぐのはマナー違反です。,Densha nai de sawagu no wa manā ihan desu.,Making noise on the train is a breach of manners.
sent-1348,騒ぐ,Essential Verbs,そのニュースが報道されて、一部の人々がすごく騒いでいる。,"Sono nyūsu ga houdou sarete, ichibu no hitobito ga sugoku sawaide iru.","Since the news was reported, some people have been making a big fuss."
sent-1349,騒ぐ,Essential Verbs,試験前の学生は皆、勉強について騒いでいる。,"Shiken mae no gakusei wa mina, benkyō ni tsuite sawaide iru.",All the students are fussing about studying before the exam.
sent-1350,騒ぐ,Essential Verbs,そのバンドの音楽がうるさくて、近所の人が騒ぐのも当然だ。,"Sono bando no ongaku ga urusakute, kinjo no hito ga sawagu no mo touzen da.",The band's music is so loud that it's only natural for the neighbors to complain.
sent-1351,縛る,Essential Verbs,彼は自由な発想に縛られたくない。,Kare wa jiyuu na hassou ni shibararetakunai.,He doesn't want to be bound by free thinking.
sent-1352,縛る,Essential Verbs,彼女は慣習に縛られず、自分のスタイルを追求している。,"Kanojo wa kanshou ni shibararezu, jibun no sutairu o tsuikyuu shite iru.",She pursues her own style without being bound by conventions.
sent-1353,縛る,Essential Verbs,自分の過去に縛られないで前に進むべきです。,Jibun no kako ni shibararenaide mae ni susumu beki desu.,You should move forward without being tied down by your past.
sent-1354,縛る,Essential Verbs,彼はその約束を守るために、自分の行動を厳しく縛った。,"Kare wa sono yakusoku o mamoru tame ni, jibun no koudou o kibishiku shibatta.",He strictly restrained his actions to keep that promise.
sent-1355,縛る,Essential Verbs,法律は私たちの行動を縛るもののはずです。,Houritsu wa watashitachi no koudou o shibaru mono no hazu desu.,Laws are supposed to bind our actions.
sent-1356,叱る,Essential Verbs,彼は上司に叱られた。,Kare wa joushi ni shikarareta.,He was scolded by his boss.
sent-1357,叱る,Essential Verbs,母は子供たちを叱る必要があった。,Haha wa kodomo-tachi o shikaru hitsuyou ga atta.,The mother needed to scold the children.
sent-1358,叱る,Essential Verbs,先生は遅刻した生徒を叱った。,Sensei wa chikoku shita seito o shikatta.,The teacher scolded the student who was late.
sent-1359,叱る,Essential Verbs,彼は犬に家の中で走るのをやめさせるために叱った。,Kare wa inu ni ie no naka de hashiru no o yamesaseru tame ni shikatta.,He scolded the dog to stop it from running inside the house.
sent-1360,叱る,Essential Verbs,親は言い訳をせずに、ちゃんと説明するよう息子に叱った。,"Oya wa iiwake o sezu ni, chanto setsumei suru you musuko ni shikatta.",The parents scolded their son to explain properly without making excuses.
sent-1361,敷く,Essential Verbs,寝具を敷いて寝る準備をする。,Shingu o shiku de neru junbi o suru.,I prepare to sleep by laying out the bedding.
sent-1362,敷く,Essential Verbs,タオルをベンチに敷いて座る。,Taoru o benchi ni shiku de suwaru.,I sit on the bench by spreading a towel on it.
sent-1363,敷く,Essential Verbs,犬のためにブランケットを床に敷く。,Inu no tame ni buranketto o yuka ni shiku.,I lay a blanket on the floor for the dog.
sent-1364,敷く,Essential Verbs,お金を使いすぎないように、厳しい支出規制を敷く。,"O-kane o tsukaisuginai you ni, kibishii shishutsu kisei o shiku.",I impose strict spending regulations to prevent overspending.
sent-1365,敷く,Essential Verbs,それは敷かれた鉄道路線の長さを測定する方法です。,Sore wa shikareta tetsudou rosen no nagasa o sokutei suru houhou desu.,That is a method to measure the length of laid railway tracks.
sent-1366,閉まる,Essential Verbs,ドアが閉まってしまった。,Doa ga shimatte shimatta.,The door has closed.
sent-1367,閉まる,Essential Verbs,電車のドアが閉まる前に急いで乗った。,Densha no doa ga shimaru mae ni isoide notta.,I hurriedly got on the train before the doors closed.
sent-1368,閉まる,Essential Verbs,彼は窓が閉まるのを待っていた。,Kare wa mado ga shimaru no o matteita.,He was waiting for the window to close.
sent-1369,閉まる,Essential Verbs,間に合うように店が閉まる前に買い物を済ませた。,Maniau you ni mise ga shimaru mae ni kaimono o sumaseta.,I finished shopping before the store closed in time.
sent-1370,閉まる,Essential Verbs,シャッターがどうしても閉まってしまう。,Shattaa ga dou shitemo shimatte shimau.,The shutter inevitably closes.
sent-1371,締まる,Essential Verbs,腹筋が締まってきた。,Fukkin ga shimatte kita.,My abdominal muscles are getting tight.
sent-1372,締まる,Essential Verbs,締め切りが迫り、自然と気持ちが引き締まった。,"Shimekiri ga semari, shizen to kimochi ga hikishimatta.","As the deadline approached, I naturally became more focused."
sent-1373,締まる,Essential Verbs,今月の予算が締まりすぎてしまった。,Kongetsu no yosan ga shimari sugite shimatta.,This month's budget is too tight.
sent-1374,締まる,Essential Verbs,口が締まっている人とはやりとりが難しい。,Kuchi ga shimatte iru hito to wa yaritori ga muzukashii.,It's difficult to communicate with people who are tight-lipped.
sent-1375,締まる,Essential Verbs,結婚式には締まった格好で行くことが望ましい。,Kekkonshiki ni wa shimatta kakkou de iku koto ga nozomashii.,It is desirable to go to a wedding dressed up formally.
sent-1376,しまう,Essential Verbs,鍵をなくしてしまいました。,Kagi o nakushite shimaimashita.,I accidentally lost my key.
sent-1377,しまう,Essential Verbs,試験に遅れてしまった。,Shiken ni okurete shimatta.,I ended up being late for the exam.
sent-1378,しまう,Essential Verbs,コーヒーをこぼしてしまった。,Koohii o koboshite shimatta.,I accidentally spilled the coffee.
sent-1379,しまう,Essential Verbs,窓を閉め忘れてしまい、部屋が寒くなってしまった。,"Mado o shimewasurete shimai, heya ga samuku natte shimatta.",I forgot to close the window and the room became cold.
sent-1380,しまう,Essential Verbs,時間が足りず、宿題が終わらないまま出かけてしまった。,"Jikan ga tarizu, shukudai ga owaranai mama dekakete shimatta.",I ran out of time and ended up leaving the house without finishing my homework.
sent-1381,閉める（締める）,Essential Verbs,帰る前に、窓と戸を締めることを忘れないでください。,"Kaeru mae ni, mado to to o shimeru koto o wasurenai de kudasai.","Before leaving, please don't forget to close the windows and doors."
sent-1382,閉める（締める）,Essential Verbs,会議を締めるために、議長が最後の発言を求めた。,"Kaigi o shimeru tame ni, gijou ga saigo no hatsugen o motometa.","To conclude the meeting, the chair requested final remarks."
sent-1383,閉める（締める）,Essential Verbs,会計を締める前に、全てのレシートを確認してください。,"Kaikei o shimeru mae ni, subete no reshiito o kakunin shite kudasai.",Please check all receipts before closing the accounts.
sent-1384,閉める（締める）,Essential Verbs,彼は帽子の紐をきちんと締めるために立ち止まった。,Kare wa boushi no himo o kichinto shimeru tame ni tachidomatta.,He stopped to properly tighten the string on his hat.
sent-1385,閉める（締める）,Essential Verbs,今月の会計を締める際に、会議で最終確認を行いましょう。,"Kongetsu no kaikei o shimeru sai ni, kaigi de saishuu kakunin o okonaimashou.",Let's have a final check at the meeting when closing this month's accounts.
sent-1386,占める,Essential Verbs,この仕事は私の一日の時間の半分を占めている。,Kono shigoto wa watashi no ichinichi no jikan no hanbun o shimete iru.,This job occupies half of my day.
sent-1387,占める,Essential Verbs,その会社は市場の８０％を占めている。,Sono kaisha wa shijou no hachijuu paasento o shimete iru.,That company occupies 80% of the market.
sent-1388,占める,Essential Verbs,寝ることは私たちの人生で大部分を占めます。,Neru koto wa watashitachi no jinsei de daibubun o shimeimasu.,Sleeping occupies a large part of our lives.
sent-1389,占める,Essential Verbs,彼女はクラスのトップ１０に名を占めています。,Kanojo wa kurasu no toppu juu ni na o shimete imasu.,She holds a place in the top 10 of her class.
sent-1390,占める,Essential Verbs,その店は、地元市場で顧客の大部分を占めている。,"Sono mise wa, jimoto shijou de kokyaku no daibubun o shimete iru.",That shop holds the majority of the local market's customers.
sent-1391,示す,Essential Verbs,彼は、試験に合格したことを証明書で示しました。,"Kare wa, shiken ni goukaku shita koto o shoumeisho de shimeshimashita.",He showed that he passed the exam with a certificate.
sent-1392,示す,Essential Verbs,私たちは友情を示すためにプレゼントを交換しました。,Watashitachi wa yuujou o shimesu tame ni purezento o koukan shimashita.,We exchanged gifts to show our friendship.
sent-1393,示す,Essential Verbs,そのデータは、経済成長が続いていることを示しています。,"Sono deeta wa, keizai seichou ga tsuzuite iru koto o shimeshite imasu.",The data shows that the economic growth is continuing.
sent-1394,示す,Essential Verbs,彼の顔色は緊張を示していた。,Kare no kaoiro wa kinchou o shimeshite ita.,His facial color indicated his nervousness.
sent-1395,示す,Essential Verbs,ボスは部下に作業方法を示すためにメモを書いた。,Bosu wa buka ni sagyou houhou o shimesu tame ni memo o kaita.,The boss wrote a memo to show his subordinates the work method.
sent-1396,信じる,Essential Verbs,彼の話は信じることが難しい。,Kare no hanashi wa shinjiru koto ga muzukashii.,It is difficult to believe his story.
sent-1397,信じる,Essential Verbs,彼女は彼が必ず成功すると信じている。,Kanojo wa kare ga kanarazu seikou suru to shinjite iru.,She believes that he will definitely succeed.
sent-1398,信じる,Essential Verbs,私は自分の力を信じることが大切だと思う。,Watashi wa jibun no chikara o shinjiru koto ga taisetsu da to omou.,I think it is important to believe in one's own abilities.
sent-1399,信じる,Essential Verbs,彼らはその計画に成功すると信じて疑わなかった。,Karera wa sono keikaku ni seikou suru to shinjite utagawanakatta.,They had no doubt in their minds that the plan would be successful.
sent-1400,信じる,Essential Verbs,彼は彼女を信じることをやめ、疑い始めた。,"Kare wa kanojo o shinjiru koto o yame, utagai hajimeta.",He stopped believing in her and started to doubt.
sent-1401,死ぬ,Essential Verbs,彼は病気で若くして死んだ。,Kare wa byouki de wakakushite shinda.,He died young due to illness.
sent-1402,死ぬ,Essential Verbs,その映画では、悪役が最後に死ぬ。,"Sono eiga de wa, akuyaku ga saigo ni shinu.","In that movie, the villain dies in the end."
sent-1403,死ぬ,Essential Verbs,死ぬことを覚悟して、彼は困難なミッションに臨んだ。,"Shinu koto o kakugo shite, kare wa konnan na misshon ni nozonda.","Prepared to die, he undertook the difficult mission."
sent-1404,死ぬ,Essential Verbs,大切なものを救うために、彼女は死ぬ覚悟を決めた。,"Taisetsu na mono o sukuu tame ni, kanojo wa shinu kakugo o kimeta.",She prepared herself to die in order to save what was important to her.
sent-1405,死ぬ,Essential Verbs,幼いころ、知らずに毒キノコを食べて、もう少しで死ぬところだった。,"Osanai koro, shirazu ni doku kinoko o tabete, mou sukoshi de shinu tokoro datta.","When I was a child, I unknowingly ate poisonous mushrooms and almost died."
sent-1406,調べる,Essential Verbs,明日の天気を調べておきましょう。,Ashita no tenki o shirabete okimashou.,Let's check the weather for tomorrow.
sent-1407,調べる,Essential Verbs,課題のために資料を調べた。,Kadai no tame ni shiryou o shirabeta.,I researched materials for my assignment.
sent-1408,調べる,Essential Verbs,過去の事例を調べることで、新しい発見があるかもしれません。,"Kako no jirei o shiraberu koto de, atarashii hakken ga aru kamoshiremasen.","By examining past cases, you might discover something new."
sent-1409,調べる,Essential Verbs,彼女は事故の原因を調べるために内部調査を開始した。,Kanojo wa jiko no gen'in o shiraberu tame ni naibu chousa o kaishi shita.,She initiated an internal investigation to determine the cause of the accident.
sent-1410,調べる,Essential Verbs,経営者が問題点を調べ、それに対処する方針を立てることが肝心だ。,"Keieisha ga mondaiten o shirabe, sore ni taisho suru houshin o tateru koto ga kanjin da.",It is essential for managers to identify problems and establish policies to address them.
sent-1411,知らせる,Essential Verbs,事故が起きたので、すぐに警察に知らせるべきだ。,"Jiko ga okita node, sugu ni keisatsu ni shiraseru beki da.","Since an accident occurred, you should inform the police immediately."
sent-1412,知らせる,Essential Verbs,彼女にパーティーに来てほしいと知らせてください。,Kanojo ni paatii ni kite hoshii to shirasete kudasai.,Please let her know that we would like her to come to the party.
sent-1413,知らせる,Essential Verbs,会議のスケジュールが変更された場合は、すべてのメンバーに知らせなければなりません。,"Kaigi no sukejuuru ga henkou sareta baai wa, subete no menbaa ni shirasenakereba narimasen.","If the meeting schedule is changed, you must inform all members."
sent-1414,知らせる,Essential Verbs,プロジェクトの進捗状況を定期的に上司に知らせることが重要です。,Purojekuto no shinchoku jyoukyou o teikiteki ni jyoushi ni shiraseru koto ga juuyou desu.,It is important to regularly inform your supervisor of the project's progress.
sent-1415,知らせる,Essential Verbs,お客様が到着したら、私に知らせていただけますか。,"O-kyakusama ga touchaku shitara, watashi ni shirasete itadakemasu ka.",Can you let me know when the customer arrives?
sent-1416,知る,Essential Verbs,彼女はその事実を知らなかった。,Kanojo wa sono jijitsu o shiranakatta.,She didn't know that fact.
sent-1417,知る,Essential Verbs,私たちは新しい文化を知ることが大切だ。,Watashitachi wa atarashii bunka o shiru koto ga taisetsu da.,It is important for us to learn about new cultures.
sent-1418,知る,Essential Verbs,知らない人に自分の詳細を知られるのは怖い。,Shiranai hito ni jibun no shousai o shirareru no wa kowai.,It's scary to have strangers know about your personal information.
sent-1419,知る,Essential Verbs,彼女は私が病気だと知るやいなや、すぐに手伝いに来てくれた。,"Kanojo wa watashi ga byouki da to shiru yai naya, sugu ni tetsudai ni kite kureta.","As soon as she found out I was sick, she came to help me immediately."
sent-1420,知る,Essential Verbs,明日の天気を知りたい場合は、インターネットで調べてください。,"Ashita no tenki o shiritai baai wa, intaanetto de shirabete kudasai.","If you want to know tomorrow's weather, please check on the internet."
sent-1421,従う,Essential Verbs,父の意見に従って就職することにした。,Chichi no iken ni shitagatte shuushoku suru koto ni shita.,I decided to get a job following my father's advice.
sent-1422,従う,Essential Verbs,規則に従って行動しなければならない。,Kisoku ni shitagatte koudou shinakereba naranai.,We must act in accordance with the rules.
sent-1423,従う,Essential Verbs,その法律に従うことが国民の義務だ。,Sono houritsu ni shitagau koto ga kokumin no gimu da.,It is the duty of citizens to follow that law.
sent-1424,従う,Essential Verbs,彼は指示に従ってタスクを完了した。,Kare wa shiji ni shitagatte tasuku o kanryou shita.,He completed the task according to the instructions.
sent-1425,従う,Essential Verbs,社長の命令に従ったが、どうしても納得できなかった。,"Shachou no meirei ni shitagatta ga, doushitemo nattoku dekinakatta.","I followed the president's order, but I couldn't be convinced."
sent-1426,沈む,Essential Verbs,太陽が海に沈む姿は美しいです。,Taiyou ga umi ni shizumu sugata wa utsukushii desu.,The sight of the sun sinking into the sea is beautiful.
sent-1427,沈む,Essential Verbs,船が水面下に沈むのを見ると心が痛む。,Fune ga suimenka ni shizumu no o miru to kokoro ga itamu.,Watching a ship sink below the water surface breaks my heart.
sent-1428,沈む,Essential Verbs,彼女は悲しみに沈むことがあります。,Kanojo wa kanashimi ni shizumu koto ga arimasu.,She sometimes sinks into sadness.
sent-1429,沈む,Essential Verbs,開始早々に彼の気持ちは沈む気配があった。,Kaishi sousou ni kare no kimochi wa shizumu kehai ga atta.,"Right from the start, there was a sign that his feelings were sinking."
sent-1430,沈む,Essential Verbs,地価が下がって、不動産業界は沈む雲行きだ。,"Chika ga sagatte, fudousan gyokai wa shizumu kumoyuki da.","As land prices fall, the real estate industry faces a gloomy outlook."
sent-1431,育てる,Essential Verbs,子供を健康に育てることが親の責任です。,Kodomo o kenkou ni sodateru koto ga oya no sekinin desu.,It is a parent's responsibility to raise their child healthily.
sent-1432,育てる,Essential Verbs,親は子供を社会人として育てるべきだ。,Oya wa kodomo o shakaijin toshite sodateru beki da.,Parents should raise their children to become members of society.
sent-1433,育てる,Essential Verbs,彼女は五人の子供たちを一人で育てました。,Kanojo wa gonin no kodomotachi o hitori de sodatemashita.,She raised five children by herself.
sent-1434,育てる,Essential Verbs,自然の中で動物たちが子供を育てる姿は美しい。,Shizen no naka de doubutsutachi ga kodomo o sodateru sugata wa utsukushii.,The sight of animals raising their young in nature is beautiful.
sent-1435,育てる,Essential Verbs,私たちは子供たちに愛と教育を与えて育てる。,Watashitachi wa kodomotachi ni ai to kyouiku o ataete sodateru.,We raise our children by providing them with love and education.
sent-1436,育つ,Essential Verbs,子供が健康に育つことが親の願いです。,Kodomo ga kenkou ni sodatsu koto ga oya no negai desu.,It is a parent's wish for their child to grow up healthy.
sent-1437,育つ,Essential Verbs,彼は美しい自然の中で育ちました。,Kare wa utsukushii shizen no naka de sodachimashita.,He grew up in beautiful nature.
sent-1438,育つ,Essential Verbs,田舎で育ったので、自然が好きだ。,"Inaka de sodatta no de, shizen ga suki da.","Since I grew up in the countryside, I like nature."
sent-1439,育つ,Essential Verbs,愛情溢れる家庭で育つことが、子供たちにとって幸せです。,"Aijou afureru katei de sodatsu koto ga, kodomo-tachi ni totte shiawase desu.",Growing up in a loving family is happiness for children.
sent-1440,育つ,Essential Verbs,その花は適切な環境で育つことが大切です。,Sono hana wa tekisetsu na kankyou de sodatsu koto ga taisetsu desu.,It is important for that flower to grow in a suitable environment.
sent-1441,吸う,Essential Verbs,タバコを吸うのは健康に悪い。,Tabako o suu no wa kenkou ni warui.,Smoking cigarettes is bad for your health.
sent-1442,吸う,Essential Verbs,香りのいい花を嗅いで、深く息を吸う。,"Kaori no ii hana o kaide, fukaku iki o suu.",Smell the fragrant flowers and take a deep breath.
sent-1443,吸う,Essential Verbs,彼はコーヒーの香りを吸い込むと、笑顔になった。,"Kare wa kōhī no kaori o suikomu to, egao ni natta.",He smiled as he inhaled the aroma of the coffee.
sent-1444,吸う,Essential Verbs,酸素を吸うことは私たちの肺にとって不可欠だ。,Sanso o suu koto wa watashitachi no hai ni totte fukaketsu da.,Breathing oxygen is essential for our lungs.
sent-1445,吸う,Essential Verbs,吸血鬼は人間の血を吸うことで生きていると言われている。,Kyūketsuki wa ningen no chi o suu koto de ikiteiru to iwarete iru.,It is said that vampires live by sucking human blood.
sent-1446,過ぎる,Essential Verbs,時間が過ぎるのは早いですね。,Jikan ga sugiru no wa hayai desu ne.,"Time passes quickly, doesn't it?"
sent-1447,過ぎる,Essential Verbs,明日はもう7月が過ぎる。,Ashita wa mou Shichigatsu ga sugiru.,"Tomorrow, July will already be over."
sent-1448,過ぎる,Essential Verbs,彼はちょっと飲み過ぎることがあります。,Kare wa chotto nomisugiru koto ga arimasu.,He sometimes drinks too much.
sent-1449,過ぎる,Essential Verbs,彼女は美しすぎるので、目が離せません。,"Kanojo wa utsukushi sugiru no de, me ga hanasemasen.","She is too beautiful, I can't take my eyes off her."
sent-1450,過ぎる,Essential Verbs,昼休みの時間が過ぎるのが早かった。,Hiruyasumi no jikan ga sugiru no ga hayakatta.,The lunch break time passed quickly.
sent-1451,過ごす,Essential Verbs,楽しい休日を過ごす。,Tanoshii kyuujitsu o sugosu.,Spend an enjoyable holiday.
sent-1452,過ごす,Essential Verbs,週末を友人と過ごす予定です。,Shuumatsu o yuujin to sugosu yotei desu.,I plan to spend the weekend with a friend.
sent-1453,過ごす,Essential Verbs,子供たちは夏休みを祖父母と一緒に過ごすことが多い。,Kodomo-tachi wa natsu yasumi o sofuubo to issho ni sugosu koto ga ooi.,Children often spend their summer vacation with their grandparents.
sent-1454,過ごす,Essential Verbs,彼は過去５年間、海外で過ごしていた。,"Kare wa kako go-nenkan, kaigai de sugoshite ita.",He spent the past five years living abroad.
sent-1455,過ごす,Essential Verbs,冬休みは家族と一緒に暖かい場所で過ごしたいです。,Fuyu yasumi wa kazoku to issho ni atatakai basho de sugoshitai desu.,I want to spend the winter vacation with my family in a warm place.
sent-1456,好く,Essential Verbs,彼は彼女を好んで仕方がない。,Kare wa kanojo o kononde shikatanai.,He is infatuated with her and can't help it.
sent-1457,好く,Essential Verbs,その曲を好むあまり、何回も聞きたくなる。,"Sono kyoku o konomu amari, nan kai mo kikitaku naru.",I like that song so much that I want to listen to it many times.
sent-1458,好く,Essential Verbs,彼は野球を好んで、練習を続けています。,"Kare wa yakyuu o kononde, renshuu o tsudzukete imasu.",He likes baseball and continues to practice.
sent-1459,好く,Essential Verbs,田中さんはジョギングを好んで、毎朝走っています。,"Tanaka-san wa jogingu o kononde, maiasa hashitteimasu.",Mr. Tanaka likes jogging and runs every morning.
sent-1460,好く,Essential Verbs,彼女は和食を好んで、よくレストランで食べます。,"Kanojo wa washoku o kononde, yoku resutoran de tabemasu.",She likes Japanese food and often eats it at restaurants.
sent-1461,すく,Essential Verbs,スプーンですくって食べる。,Supuun de sukutte taberu.,Scoop and eat with a spoon.
sent-1462,すく,Essential Verbs,彼は水を手ですくって飲んだ。,Kare wa mizu o tede sukutte nonda.,He scooped water with his hands and drank it.
sent-1463,すく,Essential Verbs,砂場で砂をすくって遊ぶ子供たち。,Sunaba de suna o sukutte asobu kodomo-tachi.,"Children playing, scooping sand in the sandbox."
sent-1464,すく,Essential Verbs,豆腐を崩さないようにやさしくすくう。,Toufu o kowasanai you ni yasashiku sukuu.,Gently scoop the tofu so as not to break it.
sent-1465,すく,Essential Verbs,彼女はボウルからポテトサラダをすくって皿に盛り付けた。,Kanojo wa bouru kara poteto sarada o sukutte sara ni moritsuketa.,She scooped the potato salad from the bowl and plated it.
sent-1466,住む,Essential Verbs,東京に住むのはとても高いです。,Toukyou ni sumu no wa totemo takai desu.,Living in Tokyo is very expensive.
sent-1467,住む,Essential Verbs,住んでいるアパートは駅から近いです。,Sunde iru apaato wa eki kara chikai desu.,The apartment where I live is close to the station.
sent-1468,住む,Essential Verbs,両親は田舎で住んでいます。,Ryoushin wa inaka de sundeimasu.,My parents live in the countryside.
sent-1469,住む,Essential Verbs,将来、どこの国に住みたいですか？,"Shourai, doko no kuni ni sumitai desu ka?",Where do you want to live in the future?
sent-1470,住む,Essential Verbs,一人暮らしを始める前に、友達と一緒に住んでいました。,"Hitorigurashi o hajimeru mae ni, tomodachi to issho ni sunde imashita.","Before I started living alone, I used to live with my friends."
sent-1471,済む,Essential Verbs,仕事が早く済んだら、映画を見に行こう。,"Shigoto ga hayaku sumitara, eiga o mi ni ikou.","If we finish work early, let's go watch a movie."
sent-1472,済む,Essential Verbs,家賃の支払いが済んでいるので、安心して住める。,"Yachin no shiharai ga sunde iru node, anshin shite sumeru.",I can live comfortably because the rent payment is settled.
sent-1473,済む,Essential Verbs,苦しいけれどもう少しで仕事が済むので頑張ろう。,Kurushii keredo mou sukoshi de shigoto ga sumu node ganbarou.,"It's tough, but let's do our best since the work will be finished soon."
sent-1474,済む,Essential Verbs,試験の準備が済んだら、友達と遊びに行きます。,"Shiken no junbi ga sundara, tomodachi to asobi ni ikimasu.","Once I'm done with the exam preparation, I'll go out and play with my friends."
sent-1475,済む,Essential Verbs,買い物がすぐに済ませたいなら、オンラインショップが便利です。,"Kaimono ga suguni sumasetai nara, onrain shoppu ga benri desu.","If you want to finish shopping quickly, online shops are convenient."
sent-1476,澄む,Essential Verbs,山間の湖は完全に澄んでいて、水底まで見える。,"Sankan no mizuumi wa kanzen ni suminde ite, suizoko made mieru.","The mountain lake is completely clear, and you can see all the way to the bottom."
sent-1477,澄む,Essential Verbs,雨上がりの空はすっかり澄んで、星が輝いている。,"Ameagari no sora wa sukkari sunde, hoshi ga kagayaite iru.","The sky is completely clear after the rain, and the stars are shining."
sent-1478,澄む,Essential Verbs,雨が止んだ後、空気が澄んできました。,"Ame ga yan da ato, kuuki ga sunde kimashita.",The air became clear after the rain stopped.
sent-1479,澄む,Essential Verbs,彼女の目は涙が落ちるにつれて澄んで見えた。,Kanojo no me wa namida ga ochiru ni tsurete sunde mieta.,Her eyes seemed to clear as tears fell.
sent-1480,澄む,Essential Verbs,音楽が止むと、部屋の空気が静かに澄んだ。,"Ongaku ga yamu to, heya no kuuki ga shizuka ni sunda.","When the music stopped, the air in the room became clear."
sent-1481,する,Essential Verbs,掃除をすることが大切です。,Souji o suru koto ga taisetsu desu.,It's important to clean.
sent-1482,する,Essential Verbs,明日はスポーツをする予定です。,Ashita wa supōtsu o suru yotei desu.,I'm planning to do sports tomorrow.
sent-1483,する,Essential Verbs,全ての仕事をする前に計画を立てることが効果的です。,Subete no shigoto o suru mae ni keikaku o tateru koto ga koukateki desu.,It's effective to make a plan before doing all the tasks.
sent-1484,する,Essential Verbs,私たちは週末に買い物をすることが多いです。,Watashitachi wa shuumatsu ni kaimono o suru koto ga ooi desu.,We often do shopping on weekends.
sent-1485,する,Essential Verbs,友達と映画を見に行くことにする。,Tomodachi to eiga o mini iku koto ni suru.,I'll go watch a movie with my friends.
sent-1486,進める,Essential Verbs,仕事を計画通りに進めることが重要です。,Shigoto o keikaku doori ni susumeru koto ga juuyou desu.,It is important to proceed with work according to plan.
sent-1487,進める,Essential Verbs,プロジェクトをスムーズに進めるために、チームワークが大切です。,"Purojekuto o sumūzu ni susumeru tame ni, chīmuwāku ga taisetsu desu.",Teamwork is essential for smoothly advancing a project.
sent-1488,進める,Essential Verbs,研究を進めるうえで、情報収集が欠かせません。,"Kenkyuu o susumeru ue de, jouhou shuushuu ga kakasemasen.",Information gathering is indispensable for advancing research.
sent-1489,進める,Essential Verbs,この問題を解決するために、議論を進めるべきです。,"Kono mondai o kaiketsu suru tame ni, giron o susumeru beki desu.",We should advance the discussion to solve this problem.
sent-1490,進める,Essential Verbs,彼女は勉強をどんどん進めて、試験に合格しました。,"Kanojo wa benkyou o dondon susumete, shiken ni goukaku shimashita.",She advanced her studies rapidly and passed the exam.
sent-1491,勧める（薦める）,Essential Verbs,彼は私にその本を勧めました。,Kare wa watashi ni sono hon o susumemashita.,He recommended that book to me.
sent-1492,勧める（薦める）,Essential Verbs,あなたにこの映画を是非勧めたいです。,Anata ni kono eiga o zehi susumetai desu.,I'd really like to recommend this movie to you.
sent-1493,勧める（薦める）,Essential Verbs,読者に役立つ本を勧める仕事が好きです。,Dokusha ni yakudatsu hon o susumeru shigoto ga suki desu.,I like the job of recommending useful books to readers.
sent-1494,勧める（薦める）,Essential Verbs,彼女は彼にそのアイスクリームを勧めた。,Kanojo wa kare ni sono aisu kurīmu o susumeta.,She recommended the ice cream to him.
sent-1495,勧める（薦める）,Essential Verbs,新しい仕事を探しているなら、ここを勧めます。,"Atarashī shigoto o sagashite iru nara, koko o susumemasu.","If you're looking for a new job, I recommend this place."
sent-1496,進む,Essential Verbs,この道をまっすぐ進んでください。,Kono michi o massugu susunde kudasai.,Please go straight on this road.
sent-1497,進む,Essential Verbs,彼らは道路沿いに進んでいた。,Karera wa douro zoi ni susundeita.,They were moving along the road.
sent-1498,進む,Essential Verbs,私たちのプロジェクトは順調に進んでいます。,Watashitachi no purojekuto wa junchou ni susundeimasu.,Our project is progressing smoothly.
sent-1499,進む,Essential Verbs,この先に進まなくてはならない決断が待っている。,Kono saki ni susumanakute wa naranai ketsudan ga matteiru.,There is a decision we must make to move forward.
sent-1500,進む,Essential Verbs,学問を深めるほど、さらなる学びへと進む意欲が湧いてくるのを感じる。,"Gakumon o fukameru hodo, saranaru manabi e to susumu iyoku ga wakute kuru no o kanjiru.","The deeper I study, the more I feel a growing desire to advance further in my learning."
sent-1501,捨てる,Essential Verbs,彼は古い服を捨てることにした。,Kare wa furui fuku o suteru koto ni shita.,He decided to throw away his old clothes.
sent-1502,捨てる,Essential Verbs,ゴミを適切な場所に捨てるべきです。,Gomi o tekisetsu na basho ni suteru beki desu.,You should throw away garbage in the appropriate place.
sent-1503,捨てる,Essential Verbs,彼女は自分の悪い癖を捨てることを決心した。,Kanojo wa jibun no warui kuse o suteru koto o kesshin shita.,She decided to give up her bad habits.
sent-1504,捨てる,Essential Verbs,その箱は使わなくなったので、捨てることにしました。,"Sono hako wa tsukawanaku natta node, suteru koto ni shimashita.","Since I no longer use that box, I decided to throw it away."
sent-1505,捨てる,Essential Verbs,ペットボトルをリサイクル用のゴミ箱に捨てよう。,Petto botoru o risaikuru-you no gomibako ni suteyou.,Let's throw plastic bottles in the recycling bin.
sent-1506,座る,Essential Verbs,彼はソファに座ってテレビを見ていた。,Kare wa sofa ni suwatte terebi o mite ita.,He was sitting on the sofa watching TV.
sent-1507,座る,Essential Verbs,彼女は草を踏んで座り込んだ。,Kanojo wa kusa o funde suwarikonda.,She stepped on the grass and sat down.
sent-1508,座る,Essential Verbs,電車に座る席を探しましたが、全部埋まっていました。,"Densha ni suwaru seki o sagashimashita ga, zenbu umatte imashita.","I looked for a seat on the train, but they were all taken."
sent-1509,座る,Essential Verbs,学生たちは教室に座って先生の話を聞いていた。,Gakusei-tachi wa kyoushitsu ni suwatte sensei no hanashi o kiite ita.,The students were sitting in the classroom and listening to the teacher's talk.
sent-1510,座る,Essential Verbs,食事の前に、私たちはテーブルに座った。,"Shokuji no mae ni, watashitachi wa teeburu ni suwatta.","Before the meal, we sat at the table."
sent-1511,食べる,Essential Verbs,今日は野菜をたくさん食べたい。,Kyou wa yasai o takusan tabetai.,I want to eat a lot of vegetables today.
sent-1512,食べる,Essential Verbs,彼は寿司を食べるのが大好きです。,Kare wa sushi o taberu no ga daisuki desu.,He loves to eat sushi.
sent-1513,食べる,Essential Verbs,この料理は熱いうちに食べるべきです。,Kono ryouri wa atsui uchi ni taberu beki desu.,This dish should be eaten while it's hot.
sent-1514,食べる,Essential Verbs,彼女は時間がなくて、昼ご飯を食べるのを忘れた。,"Kanojo wa jikan ga nakute, hirugohan o taberu no o wasureta.",She didn't have time and forgot to eat lunch.
sent-1515,食べる,Essential Verbs,このパンは期限切れなので、食べることができません。,"Kono pan wa kigengire na node, taberu koto ga dekimasen.","This bread is expired, so you can't eat it."
sent-1516,たまる,Essential Verbs,貯まるだけの貯金がない。,Tamaru dake no chokin ga nai.,I don't have enough accumulated savings.
sent-1517,たまる,Essential Verbs,雨水が溜まっているプール。,Ame mizu ga tamatte iru puuru.,A pool filled with rainwater.
sent-1518,たまる,Essential Verbs,ストレスが溜まると健康に悪影響がある。,Sutoresu ga tamaru to kenkou ni akueikyou ga aru.,Accumulating stress has a negative effect on your health.
sent-1519,たまる,Essential Verbs,週末には家事が溜まってしまった。,Shuumatsu ni wa kaji ga tamatte shimatta.,Household chores piled up over the weekend.
sent-1520,たまる,Essential Verbs,このポケットに小銭がたくさん溜まっている。,Kono poketto ni kozeni ga takusan tamatte iru.,This pocket is full of a lot of small change.
sent-1521,ためる,Essential Verbs,節約してお金をためることが大事だ。,Setsuyaku shite okane o tameru koto ga daiji da.,It's important to save money by economizing.
sent-1522,ためる,Essential Verbs,今後の病気対策のために、健康に気をつけて生活することが大切です。,"Kongo no byouki taisaku no tame ni, kenkou ni ki o tsukete seikatsu suru koto ga taisetsu desu.",It is important to live a healthy life in order to prepare for future illnesses.
sent-1523,ためる,Essential Verbs,定期預金にお金をためることは、将来の安心につながります。,"Teiki yokin ni okane o tameru koto wa, shourai no anshin ni tsunagarimasu.",Saving money in a time deposit leads to future security.
sent-1524,ためる,Essential Verbs,食べ物を無駄にしないために、余った食材を上手にためることが大切です。,"Tabemono o muda ni shinai tame ni, amatta shokuzai o jouzu ni tameru koto ga taisetsu desu.","To avoid wasting food, it's important to properly store leftover ingredients."
sent-1525,ためる,Essential Verbs,知識をためることは、キャリアアップにつながります。,"Chishiki o tameru koto wa, kyaria appu ni tsunagarimasu.",Gaining knowledge leads to career advancement.
sent-1526,ためす,Essential Verbs,このゲームは一度ためしてみてください。,Kono gēmu wa ichido tameshite mite kudasai.,Please try this game once.
sent-1527,ためす,Essential Verbs,彼は新しいレシピをためすことにした。,Kare wa atarashii reshipi o tamesu koto ni shita.,He decided to try out a new recipe.
sent-1528,ためす,Essential Verbs,その方法をためす前に、他の選択肢を検討してください。,"Sono houhou o tamesu mae ni, hoka no sentakushi o kentou shite kudasai.",Please consider other options before trying that method.
sent-1529,ためす,Essential Verbs,新しい仕事に挑戦し、自分の能力をためすことは良いことだ。,"Atarashii shigoto ni chousen shi, jibun no nouryoku o tamesu koto wa yoi koto da.",Taking on new challenges and testing your abilities in a new job is a good thing.
sent-1530,ためす,Essential Verbs,彼はそのソフトウェアをためすために30日間の無料試用期間を利用した。,Kare wa sono sofutouea o tamesu tame ni sanjuu nichi kan no muryou shiyou kikan o riyou shita.,He used the 30-day free trial period to test the software.
sent-1531,頼む,Essential Verbs,私は彼にその仕事を頼むつもりだ。,Watashi wa kare ni sono shigoto o tanomu tsumori da.,I intend to ask him to do the job.
sent-1532,頼む,Essential Verbs,何か困ったことがあったら、いつでも私に頼むことができます。,"Nanika komatta koto ga attara, itsu demo watashi ni tanomu koto ga dekimasu.","If you ever have any problems, feel free to ask me for help."
sent-1533,頼む,Essential Verbs,兄に車を買うことを頼みました。,Ani ni kuruma o kau koto o tanomimashita.,I asked my brother to buy a car.
sent-1534,頼む,Essential Verbs,彼女にアドバイスを頼むべきだと思います。,Kanojo ni adobaisu o tanomu beki da to omoimasu.,I think you should ask her for advice.
sent-1535,頼む,Essential Verbs,会社に休みを頼むために、頼みの手紙を書かなければいけない。,"Kaisha ni yasumi o tanomu tame ni, tanomi no tegami o kakanakereba ikenai.","In order to ask the company for time off, it's necessary to write a letter of request."
sent-1536,楽しむ,Essential Verbs,週末に家族と一緒に楽しむ予定があります。,Shuumatsu ni kazoku to issho ni tanoshimu yotei ga arimasu.,I have plans to enjoy the weekend with my family.
sent-1537,楽しむ,Essential Verbs,映画を観て楽しむことが好きです。,Eiga o mite tanoshimu koto ga suki desu.,I like to enjoy watching movies.
sent-1538,楽しむ,Essential Verbs,友人たちと楽しむために、パーティーを開く予定です。,"Yuujin-tachi to tanoshimu tame ni, paatii o hiraku yotei desu.",I am planning to host a party to have fun with my friends.
sent-1539,楽しむ,Essential Verbs,旅行に行って、その土地の文化を楽しむのがいいですね。,"Ryokou ni itte, sono tochi no bunka o tanoshimu no ga ii desu ne.","Going on a trip and enjoying the local culture is nice, isn't it?"
sent-1540,楽しむ,Essential Verbs,彼は音楽を聴くことを本当に楽しんでいます。,Kare wa ongaku o kiku koto o hontou ni tanoshindeimasu.,He really enjoys listening to music.
sent-1541,倒れる,Essential Verbs,疲れすぎて倒れてしまった。,Tsukaresugite taorete shimatta.,I was so tired that I collapsed.
sent-1542,倒れる,Essential Verbs,地震で建物が倒れる恐れがある。,Jishin de tatemono ga taoreru osore ga aru.,There is a risk of buildings collapsing due to the earthquake.
sent-1543,倒れる,Essential Verbs,風が強くて木が倒れています。,Kaze ga tsuyokute ki ga taorete imasu.,The trees are falling because of the strong wind.
sent-1544,倒れる,Essential Verbs,倒れるほどのショックを受けた。,Taoreru hodo no shokku o uketa.,I was so shocked that I almost collapsed.
sent-1545,倒れる,Essential Verbs,彼は病気で倒れたそうです。,Kare wa byouki de taoreta sou desu.,I heard that he fell ill and collapsed.
sent-1546,倒す,Essential Verbs,彼は敵を倒すために全力を尽くした。,Kare wa teki o taosu tame ni zenryoku o tsukushita.,He did his best to defeat the enemy.
sent-1547,倒す,Essential Verbs,その高層ビルを倒すことは非常に困難です。,Sono kousou biru o taosu koto wa hijou ni konnan desu.,It is very difficult to demolish that high-rise building.
sent-1548,倒す,Essential Verbs,彼女は気絶する寸前で敵を倒すことができた。,Kanojo wa kizetsu suru sunzen de teki o taosu koto ga dekita.,She was able to defeat the enemy just before fainting.
sent-1549,倒す,Essential Verbs,チェスの試合で相手の王を倒すことが目標です。,Chesu no shiai de aite no ou o taosu koto ga mokuhyou desu.,The goal in a chess game is to defeat the opponent's king.
sent-1550,倒す,Essential Verbs,彼は強風で倒された木を片付けるために努力している。,Kare wa kyoufu de taosareta ki o katazukeru tame ni doryoku shite iru.,He is making efforts to clean up the trees knocked down by the strong wind.
sent-1551,足りる,Essential Verbs,お金が足りなくて、買い物ができません。,"Okane ga tarinakute, kaimono ga dekimasen.",I don't have enough money to go shopping.
sent-1552,足りる,Essential Verbs,彼の説明は十分足りると思います。,Kare no setsumei wa juubun tariru to omoimasu.,I think his explanation is sufficient.
sent-1553,足りる,Essential Verbs,練習が足りないため、成績が上がりません。,"Renshuu ga tarinai tame, seiseki ga agarimasen.",My grades won't improve because I don't practice enough.
sent-1554,足りる,Essential Verbs,彼女は根気が足りないと言われました。,Kanojo wa konki ga tarinai to iwaremashita.,She was told that she lacks patience.
sent-1555,足りる,Essential Verbs,時間が足りないと感じることがよくあります。,Jikan ga tarinai to kanjiru koto ga yoku arimasu.,I often feel that I don't have enough time.
sent-1556,確かめる,Essential Verbs,帰る前に、鍵がかかっているか確かめてください。,"Kaeru mae ni, kagi ga kakatte iru ka tashikamete kudasai.",Please check if the key is locked before you go home.
sent-1557,確かめる,Essential Verbs,彼の話が本当かどうかを確かめるために、自分で調べた。,"Kare no hanashi ga hontou ka dou ka o tashikameru tame ni, jibun de shirabeta.",I investigated it myself to verify whether his story was true or not.
sent-1558,確かめる,Essential Verbs,間違いがないか確かめるため、もう一度計算し直した。,"Machigai ga nai ka tashikameru tame, mou ichido keisan shinaoshita.",I recalculated it again to confirm there were no mistakes.
sent-1559,確かめる,Essential Verbs,彼が本当にその場所に行ったかどうかを確かめる方法があるのか？,Kare ga hontou ni sono basho ni itta ka dou ka o tashikameru houhou ga aru no ka?,Is there a way to verify if he really went to that place?
sent-1560,確かめる,Essential Verbs,受験票の日時と会場を確かめて、間違いがないようにしましょう。,"Jukenhyou no nichiji to kaijou o tashikamete, machigai ga nai you ni shimashou.",Let's check the date and venue on the examination ticket to make sure there are no mistakes.
sent-1561,助かる,Essential Verbs,あなたのおかげで助かりました。,Anata no okage de tasukarimashita.,"Thanks to you, I was saved."
sent-1562,助かる,Essential Verbs,彼女のおかげで、長い演説を聞かなくて済み、助かりました。,"Kanojo no okage de, nagai enzetsu o kikanakute sumi, tasukarimashita.","Thanks to her, I didn’t have to listen to the long speech and was saved."
sent-1563,助かる,Essential Verbs,雨が降り始めた時、友達が傘を貸してくれたので助かりました。,"Ame ga furihajimeta toki, tomodachi ga kasa o kashite kureta node tasukatta.","When it started raining, my friend lent me an umbrella and I was saved."
sent-1564,助かる,Essential Verbs,迷子になったが、親切な人が道案内してくれたので助かりました。,"Maigo ni natta ga, shinsetsu na hito ga michiannai shite kureta node tasukarimashita.","I got lost, but a kind person showed me the way and I was saved."
sent-1565,助かる,Essential Verbs,タイムリミットが延長され、おかげでプロジェクトを完成させることができ、助かりました。,"Taimurimitto ga enchou sare, okage de purojekuto o kansei suru koto ga dekite, tasukarimashita.","The deadline was extended, so I was able to complete the project and was saved."
sent-1566,助ける,Essential Verbs,その子が落ちてしまう前に彼女を助けることができた。,Sono ko ga ochite shimau mae ni kanojo o tasukeru koto ga dekita.,I was able to help her before she fell.
sent-1567,助ける,Essential Verbs,彼はみんなが困っているとき、いつも助ける準備ができている。,"Kare wa minna ga komatte iru toki, itsumo tasukeru junbi ga dekite iru.",He is always ready to help when everyone is in trouble.
sent-1568,助ける,Essential Verbs,彼女は犬が川で溺れかけているのを助けた。,Kanojo wa inu ga kawa de oborekakete iru no o tasuketa.,She helped the dog that was about to drown in the river.
sent-1569,助ける,Essential Verbs,教えてもらった情報が彼に困難を乗り越える上で助けになった。,Oshiete moratta jouhou ga kare ni konnan o norikoeru ue de tasuke ni natta.,The information I received helped him overcome the difficulties.
sent-1570,助ける,Essential Verbs,道に迷った観光客を、地元の人が助けた。,"Michi ni mayotta kankoukyaku o, jimoto no hito ga tasuketa.",A local person helped a lost tourist on the street.
sent-1571,立てる,Essential Verbs,彼は新しい計画を立てた。,Kare wa atarashii keikaku o tateru.,He made a new plan.
sent-1572,立てる,Essential Verbs,彼女は自分の国の旗を立てた。,Kanojo wa jibun no kuni no hata o tateru.,She raised her country's flag.
sent-1573,立てる,Essential Verbs,彼らは野外でテントを立てていた。,Karera wa yagai de tento o tatete ita.,They were setting up a tent outdoors.
sent-1574,立てる,Essential Verbs,彼はずっと指を立てたまま待っていた。,Kare wa zutto yubi o tateta mama matte ita.,He waited with his finger held up the whole time.
sent-1575,立てる,Essential Verbs,子供たちは砂の中に小さな旗を立てた。,Kodomo-tachi wa suna no naka ni chiisana hata o tateru.,The children planted small flags in the sand.
sent-1576,建てる,Essential Verbs,新しい家を建てる計画がある.,Atarashii ie o tateru keikaku ga aru.,I have a plan to build a new house.
sent-1577,建てる,Essential Verbs,彼はこの土地にアパートを建てることに決めた.,Kare wa kono tochi ni apaato o tateru koto ni kimeta.,He decided to build an apartment on this land.
sent-1578,建てる,Essential Verbs,その会社は近所に新しいオフィスビルを建てる予定だ.,Sono kaisha wa kinjo ni atarashii ofisubiru o tateru yotei da.,The company plans to build a new office building in the neighborhood.
sent-1579,建てる,Essential Verbs,彼らはもうすぐ橋を建てる工事が始まります.,Karera wa mou sugu hashi o tateru kouji ga hajimarimasu.,They will start constructing the bridge soon.
sent-1580,建てる,Essential Verbs,市は市民のために新しい図書館を建てることを検討している.,Shi wa shimin no tame ni atarashii toshokan o tateru koto o kentou shiteiru.,The city is considering building a new library for the citizens.
sent-1581,建つ,Essential Verbs,あの場所に新しい家が建つのを楽しみにしている.,Ano basho ni atarashii ie ga tatsu no o tanoshimi ni shite iru.,I am looking forward to a new house being built in that area.
sent-1582,建つ,Essential Verbs,この家は順調に建っています.,Kono ie wa junchou ni tatte imasu.,This house is being built smoothly.
sent-1583,建つ,Essential Verbs,その会社の新しいオフィスビルは、十分な資金が集まればすぐに建つだろう.,"Sono kaisha no atarashii ofisubiru wa, juubun na shikin ga atsumareba sugu ni tatsu darou.",The company's new office building will be built soon once sufficient funds are raised.
sent-1584,たつ,Essential Verbs,彼女は駅の前に立つ.,Kanojo wa eki no mae ni tatsu.,She stands in front of the station.
sent-1585,たつ,Essential Verbs,新しいビルがそこに建つ.,Atarashii biru ga soko ni tatsu.,A new building is being built there.
sent-1586,たつ,Essential Verbs,時間がたつのは早いね.,Jikan ga tatsu no wa hayai ne.,"Time passes quickly, doesn't it?"
sent-1587,たつ,Essential Verbs,猫は庭の垣根に爪を立てる。,Neko wa niwa no kakine ni tsume o tateru.,The cat claws at the fence in the garden.
sent-1588,たつ,Essential Verbs,彼は父に反抗するかのように立った.,Kare wa chichi ni hankou suru ka no you ni tatta.,He stood up as if rebelling against his father.
sent-1589,頼る,Essential Verbs,彼に頼るしかない。,Kare ni tayoru shika nai.,I have no choice but to rely on him.
sent-1590,頼る,Essential Verbs,私たちは地図に頼って道を見つけた。,Watashitachi wa chizu ni tayotte michi o mitsuketa.,We found the way by relying on the map.
sent-1591,頼る,Essential Verbs,彼女は友人に頼ってその問題を解決しました。,Kanojo wa yuujin ni tayotte sono mondai o kaiketsu shimashita.,She resolved the problem by relying on her friend.
sent-1592,頼る,Essential Verbs,私は彼の助言に頼って正しい選択をしました。,Watashi wa kare no jogen ni tayotte tadashii sentaku o shimashita.,I made the right choice by relying on his advice.
sent-1593,頼る,Essential Verbs,今回のプロジェクトは彼のスキルに頼って成功するだろう。,Konkai no purojekuto wa kare no sukiru ni tayotte seikou suru darou.,This project will succeed by relying on his skills.
sent-1594,尋ねる,Essential Verbs,彼女に道を尋ねた。,Kanojo ni michi o tazuneta.,I asked her for directions.
sent-1595,尋ねる,Essential Verbs,先生にその単語の意味を尋ねました。,Sensei ni sono tango no imi o tazunemashita.,I asked the teacher about the meaning of that word.
sent-1596,尋ねる,Essential Verbs,彼にその件について尋ねるつもりです。,Kare ni sono ken ni tsuite tazuneru tsumori desu.,I plan to ask him about that matter.
sent-1597,尋ねる,Essential Verbs,彼女はそのレストランの場所を尋ねて歩き回った。,Kanojo wa sono resutoran no basho o tazunete arukimawatta.,She walked around asking for the location of that restaurant.
sent-1598,尋ねる,Essential Verbs,周囲の人々に詳しい情報を尋ねることが役立ちます。,Shuui no hitobito ni kuwashii jouhou o tazuneru koto ga yakudachimasu.,Asking people around for detailed information is helpful.
sent-1599,訪ねる,Essential Verbs,彼女の家を訪ねた時、彼女はうれしそうだった。,"Kanojo no ie o tazuneru toki, kanojo wa ureshisou datta.","When I visited her house, she seemed happy."
sent-1600,訪ねる,Essential Verbs,友達が外国に留学しているので、夏休みに訪ねに行く予定だ。,"Tomodachi ga gaikoku ni ryuugaku shiteiru node, natsuyasumi ni tazune ni iku yotei da.","My friend is studying abroad, so I plan to visit them during the summer vacation."
sent-1601,訪ねる,Essential Verbs,子供たちは大きくなってから、故郷に訪ねる機会が減った。,"Kodomotachi ga ookiku natte kara, furusato ni tazuneru kikai ga hetta.","Since my children have grown up, I've had fewer opportunities to visit my hometown."
sent-1602,訪ねる,Essential Verbs,来週、叔母の家に訪ねて遅くまでおしゃべりしたい。,"Raishuu, oba no ie ni tazunete osoku made oshaberi shitai.","Next week, I want to visit my aunt's house and chat late into the night."
sent-1603,訪ねる,Essential Verbs,観光客が多く、名所を訪ねるのが大変だった。,"Kankoukyaku ga ooku, meisho o tazuneru no ga taihen datta.","There were many tourists, so it was difficult to visit famous places."
sent-1604,手伝う,Essential Verbs,友達に引っ越しの荷造りを手伝ってあげました。,Tomodachi ni hikkoshi no nizukuri o tetsudatte agemashita.,I helped my friend with packing for the move.
sent-1605,手伝う,Essential Verbs,彼女はいつも私が困ったときに手伝ってくれる。,Kanojo wa itsumo watashi ga komatta toki ni tetsudatte kureru.,She always helps me when I'm in trouble.
sent-1606,手伝う,Essential Verbs,弟は宿題を手伝ってほしいと頼んだ。,Otouto wa shukudai o tetsudatte hoshii to tanonda.,My younger brother asked me to help him with his homework.
sent-1607,手伝う,Essential Verbs,週末に母の買い物を手伝いに行きました。,Shuumatsu ni haha no kaimono o tetsudai ni ikimashita.,I went to help my mother with shopping over the weekend.
sent-1608,手伝う,Essential Verbs,僕は料理をするので、皿洗いを手伝ってくれる？,"Boku wa ryouri o suru node, saraarai o tetsudatte kureru?","I am cooking, so can you help me with washing the dishes?"
sent-1609,飛ばす,Essential Verbs,紙飛行機を飛ばすのが楽しい。,Kami hikouki o tobasu no ga tanoshii.,It's fun to fly a paper airplane.
sent-1610,飛ばす,Essential Verbs,彼は石を勢いよく飛ばした。,Kare wa ishi o ikioiyoku tobashita.,He tossed the stone with force.
sent-1611,飛ばす,Essential Verbs,彼はスピードを上げて車を飛ばした様子が見られた。,Kare wa supiido o agete kuruma o tobashita yousu ga mirareta.,We could see him speed up the car and send it flying.
sent-1612,飛ばす,Essential Verbs,鳥が突然木から飛び立ち、落ち葉を飛ばしていった。,"Tori ga totsuzen ki kara tobitachi, ochiba o tobashite itta.","The bird suddenly took off from the tree, sending leaves flying."
sent-1613,飛ばす,Essential Verbs,彼女はとっさに手を伸ばして、帽子が飛ばされるのを抑えた。,"Kanojo wa tossa ni te o nobashite, boushi ga tobasareru no o osaeta.",She quickly reached out and prevented her hat from flying away.
sent-1614,飛ぶ,Essential Verbs,鳥が空に飛んでいます。,Tori ga sora ni tonde imasu.,The birds are flying in the sky.
sent-1615,飛ぶ,Essential Verbs,彼はパイロットとして、飛行機を飛んでアメリカに向かいます。,"Kare wa pairotto toshite, hikouki o tonde Amerika ni mukaimasu.","As a pilot, he flies an airplane toward America."
sent-1616,飛ぶ,Essential Verbs,その昆虫は突然飛んで、すぐ消えました。,"Sono konchuu wa totsuzen tonde, sugu kiemashita.",The insect suddenly flew away and disappeared quickly.
sent-1617,飛ぶ,Essential Verbs,彼の打球は甲子園で飛び回っていました。,Kare no dakyuu wa Koushien de tobimawatte imashita.,The ball he hit was flying around Koushien Stadium.
sent-1618,飛ぶ,Essential Verbs,世界中を飛び回って仕事をします。,Sekaijuu o tobimawatte shigoto o shimasu.,I will travel around the world for work.
sent-1619,跳ぶ,Essential Verbs,公園で子供たちが楽しそうに跳ぶ姿を見かけた。,Kouen de kodomo-tachi ga tanoshisou ni tobu sugata o mikaketa.,I saw children happily jumping in the park.
sent-1620,跳ぶ,Essential Verbs,彼は幼い頃、よく高く跳ぶ練習をしていた。,"Kare wa osanai koro, yoku takaku tobu renshuu o shite ita.","When he was young, he often practiced jumping high."
sent-1621,跳ぶ,Essential Verbs,長い棒を使って高く跳ぶ競技がある。,Nagai bou o tsukatte takaku tobu kyogi ga aru.,There is a competition where participants use a long pole to jump high.
sent-1622,跳ぶ,Essential Verbs,高く跳ぶ力をつけるために、筋力トレーニングが役立つ。,"Takaku tobu chikara o tsukeru tame ni, kinryoku tore‑ningu ga yakudatsu.",Strength training is helpful for increasing your ability to jump high.
sent-1623,跳ぶ,Essential Verbs,そのダンサーは軽やかにステージ上で跳ぶ様子が印象的だった。,Sono dansa- wa karoyaka ni sute‑ji jou de tobu yousu ga inshou‑teki datta.,The dancer's light and agile jumping on stage was impressive.
sent-1624,届ける,Essential Verbs,荷物を郵便局に届ける。,Nimotsu o yuubinkyoku ni todokeru.,Deliver the package to the post office.
sent-1625,届ける,Essential Verbs,彼はおばあさんに花を届けました。,Kare wa obaasan ni hana o todokemashita.,He delivered flowers to the grandmother.
sent-1626,届ける,Essential Verbs,明日までにその書類を上司に届けてください。,Ashita made ni sono shorui o joushi ni todokete kudasai.,Please submit the documents to your boss by tomorrow.
sent-1627,届ける,Essential Verbs,友達が熱いスープを私に届けてくれた。,Tomodachi ga atsui suupu o watashi ni todokete kureta.,My friend brought me hot soup.
sent-1628,届ける,Essential Verbs,彼は責任を感じて、自ら警察に事情を届けた。,"Kare wa sekinin o kanjite, mizukara keisatsu ni jijou o todoketa.","Feeling responsible, he reported the situation to the police himself."
sent-1629,届く,Essential Verbs,手紙が無事に届いた。,Tegami ga buji ni todoita.,The letter arrived safely.
sent-1630,届く,Essential Verbs,贈り物は明日届く予定です。,Okurimono wa ashita todoku yotei desu.,The gift is scheduled to arrive tomorrow.
sent-1631,届く,Essential Verbs,今度の週末までに荷物が届くだろうか。,Kondo no shuumatsu made ni nimotsu ga todoku darou ka.,Will the package arrive by this weekend?
sent-1632,届く,Essential Verbs,彼女の気持ちが彼に届くか心配だ。,Kanojo no kimochi ga kare ni todoku ka shinpai da.,I'm worried whether her feelings will reach him.
sent-1633,届く,Essential Verbs,この音楽は世界中に届くべきだ。,Kono ongaku wa sekaijuu ni todoku beki da.,This music should reach people all over the world.
sent-1634,解ける,Essential Verbs,難しい問題がやっと解けた。,Muzukashii mondai ga yatto toketa.,I finally solved the difficult problem.
sent-1635,解ける,Essential Verbs,この暗号は誰にも解けなかった。,Kono angou wa dare ni mo tokenakatta.,No one could decipher this code.
sent-1636,解ける,Essential Verbs,朝になると、霧が解けてきた。,"Asa ni naru to, kiri ga tokete kita.","As morning came, the fog began to clear."
sent-1637,解ける,Essential Verbs,謎が解けると、事件の真相が明らかになった。,"Nazo ga tokeru to, jiken no shinsou ga akiraka ni natta.","When the mystery was solved, the truth of the incident became clear."
sent-1638,解ける,Essential Verbs,次の手がかりが見つかれば、この問題が解けるでしょう。,"Tsugi no tegakari ga mitsukareba, kono mondai ga tokeru deshou.","If the next clue is found, this problem will be solved."
sent-1639,溶ける,Essential Verbs,氷が溶けると水になる。,Kōri ga tokeru to mizu ni naru.,"When ice melts, it becomes water."
sent-1640,溶ける,Essential Verbs,彼の砂糖は熱いお茶に溶けた。,Kare no satō wa atsui ocha ni toketa.,His sugar dissolved in hot tea.
sent-1641,溶ける,Essential Verbs,チョコレートが太陽の光で溶けた。,Chokorēto ga taiyō no hikari de toketa.,The chocolate melted in the sunlight.
sent-1642,溶ける,Essential Verbs,バターがフライパンの中で溶ける。,Batā ga furaipan no naka de tokeru.,The butter melts in the frying pan.
sent-1643,溶ける,Essential Verbs,彼女は彼の腕の中で心が溶けるように感じた。,Kanojo wa kare no ude no naka de kokoro ga tokeru yō ni kanjita.,She felt her heart melt in his arms.
sent-1644,解く,Essential Verbs,謎を解くのは楽しい。,Nazo o toku no wa tanoshii.,Solving puzzles is fun.
sent-1645,解く,Essential Verbs,彼は数学の問題を素早く解いた。,Kare wa suugaku no mondai o subayaku toita.,He solved the math problem quickly.
sent-1646,解く,Essential Verbs,今回のテストでは難しい漢字を解く必要があった。,Konkai no tesuto dewa muzukashii kanji o toku hitsuyou ga atta.,"In this test, we needed to decipher difficult kanji."
sent-1647,解く,Essential Verbs,彼女がその密かなメッセージを解くことができた。,Kanojo ga sono hisoka na messeiji o toku koto ga dekita.,She was able to decipher the secret message.
sent-1648,解く,Essential Verbs,その暗号を解くためには専門家が必要だ。,Sono angou o toku tame ni wa senmonka ga hitsuyou da.,We need an expert to decode the cipher.
sent-1649,溶く,Essential Verbs,卵をよく溶いてから、小麦粉を加えます。,"Tamago o yoku toite kara, komugiko o kuwaemasu.",Beat the eggs well before adding flour.
sent-1650,溶く,Essential Verbs,牛乳に卵を溶いて入れる。,Gyunyuu ni tamago o toite ireru.,Mix the beaten eggs into the milk.
sent-1651,溶く,Essential Verbs,卵をよく溶いて、バターと砂糖を混ぜ合わせる。,"Tamago o yoku toite, bataa to satou o mazeawaseru.",Beat the eggs well and mix them with butter and sugar.
sent-1652,溶く,Essential Verbs,卵をよく溶いてから、アイスクリームのベースを作ります。,"Tamago o yoku toite kara, aisu kuriimu no beesu o tsukurimasu.",Beat the eggs well before making the ice cream base.
sent-1653,溶く,Essential Verbs,卵と砂糖をよく溶いてケーキ生地を作ります.,Tamago to satou o yoku toite keeki kiji o tsukurimasu.,Beat the eggs and sugar well to make cake batter.
sent-1654,止まる,Essential Verbs,電車が駅に止まった。,Densha ga eki ni tomarimashita.,The train stopped at the station.
sent-1655,止まる,Essential Verbs,車が信号で止まった。,Kuruma ga shingou de tomarimashita.,The car stopped at the traffic light.
sent-1656,止まる,Essential Verbs,雨がやっと止まった。,Ame ga yatto tomarimashita.,The rain finally stopped.
sent-1657,止まる,Essential Verbs,彼が道の真ん中で止まって話し始めた。,Kare ga michi no mannaka de tomatte hanashi hajimeta.,He stopped in the middle of the road and started talking.
sent-1658,止まる,Essential Verbs,時計が突然止まるのは、電池が切れたためです。,"Tokei ga totsuzen tomaru no wa, denchi ga kireta tame desu.",The reason why the clock suddenly stopped is because the battery ran out.
sent-1659,泊まる,Essential Verbs,友達の家に泊まることになった。,Tomodachi no ie ni tomaru koto ni natta.,I decided to stay at my friend's house.
sent-1660,泊まる,Essential Verbs,仕事のため、ホテルに泊まることがよくある。,"Shigoto no tame, hoteru ni tomaru koto ga yoku aru.",I often stay at a hotel for work.
sent-1661,泊まる,Essential Verbs,夏休みに祖父母の家に泊まりました。,Natsuyasumi ni sofubo no ie ni tomarimashita.,I stayed at my grandparents' house during summer vacation.
sent-1662,泊まる,Essential Verbs,台風が来るため、明日までここに泊まることにしました。,"Taifuu ga kuru tame, ashita made koko ni tomaru koto ni shimashita.","Due to the approaching typhoon, I decided to stay here until tomorrow."
sent-1663,泊まる,Essential Verbs,旅行で有名な温泉地に泊まってみたい。,Ryokou de yuumei na onsenchi ni tomatte mitai.,I want to try staying at a famous hot spring resort during a trip.
sent-1664,留まる,Essential Verbs,彼はその仕事に留まることに決めた。,Kare wa sono shigoto ni todomaru koto ni kimeta.,He decided to stay in that job.
sent-1665,留まる,Essential Verbs,結果に留まらず、努力の過程も評価されるべきです。,"Kekka ni todomarazu, doryoku no katei mo hyouka sareru beki desu.","Not only the results, but also the process of effort should be evaluated."
sent-1666,留まる,Essential Verbs,彼女は最後まで会議に留まることができなかった。,Kanojo wa saigo made kaigi ni todomaru koto ga dekinakatta.,She couldn't stay in the meeting until the end.
sent-1667,留まる,Essential Verbs,その問題は最終的に彼の担当として留まることになった.,Sono mondai wa saishuuteki ni kare no tantou toshite todomaru koto ni natta.,It was ultimately decided that he would remain in charge of the issue.
sent-1668,留まる,Essential Verbs,この計画は検討段階に留まっている。,Kono keikaku wa kentou dankai ni todomatte iru.,This plan remains at the stage of consideration.
sent-1669,止める,Essential Verbs,薬の服用を止めるべきです。,Kusuri no fukuyou o tomeru beki desu.,You should stop taking the medicine.
sent-1670,止める,Essential Verbs,その音楽を止めてください。,Sono ongaku o tomete kudasai.,Please stop that music.
sent-1671,止める,Essential Verbs,科学者たちは雨を止める方法を研究している.,Kagakusha-tachi wa ame o tomeru houhou o kenkyuu shite iru.,Scientists are researching a way to stop the rain.
sent-1672,止める,Essential Verbs,彼女は泣くのを止めることができなかった.,Kanojo wa naku no o tomeru koto ga dekinakatta.,She couldn’t stop her crying.
sent-1673,止める,Essential Verbs,彼は車のエンジンを止めることができた.,Kare wa kuruma no enjin o tomeru koto ga dekita.,He was able to stop the car's engine.
sent-1674,泊める,Essential Verbs,友達が泊めてくれたおかげで、宿泊費を節約できました。,"Tomodachi ga tomete kureta okage de, shukuhakuhi o setsuyaku dekimashita.","Thanks to my friend letting me stay at their place, I was able to save on accommodation costs."
sent-1675,泊める,Essential Verbs,外国からのお客さんを家に泊めるつもりです。,Gaikoku kara no okyaku-san o ie ni tomeru tsumori desu.,I'm planning on having guests from abroad stay at my house.
sent-1676,泊める,Essential Verbs,彼女は私を彼女のアパートで泊めてくれました。,Kanojo wa watashi o kanojo no apaato de tomete kuremashita.,She let me stay at her apartment.
sent-1677,泊める,Essential Verbs,ペットホテルが満室だったため、友達に猫を泊めてもらいました。,"Petto hoteru ga manshitsu datta tame, tomodachi ni neko o tomete moraimashita.","Since the pet hotel was full, my friend took care of my cat."
sent-1678,泊める,Essential Verbs,私たちは彼を我が家に泊めることに決めました。,Watashitachi wa kare o wagaya ni tomeru koto ni kimemashita.,We decided to let him stay at our house.
sent-1679,留める,Essential Verbs,関心を留めるべき話題がある。,Kanshin o todomeru beki wadai ga aru.,There is a topic that should hold your interest.
sent-1680,留める,Essential Verbs,彼女は彼の心を留めることができた。,Kanojo wa kare no kokoro o todomeru koto ga dekita.,She was able to capture his heart.
sent-1681,留める,Essential Verbs,ビデオでその瞬間を留めておくことができます。,Bideo de sono shunkan o tomete oku koto ga dekimasu.,You can capture that moment on video.
sent-1682,留める,Essential Verbs,ブログに面白い情報を留めることがいいアイデアだ。,Burogu ni omoshiroi jouhou o todomeru koto ga ii aidea da.,It's a good idea to record interesting information in a blog.
sent-1683,留める,Essential Verbs,彼はコートのボタンを留めた。,Kare wa kooto no botan o tometa.,He fastened the buttons on his coat.
sent-1684,取れる,Essential Verbs,彼は試験に簡単に合格できると思っているが、どれだけ勉強すれば高得点が取れるか分からない。,"Kare wa shiken ni kantan ni goukaku dekiru to omotte iru ga, dore dake benkyou sureba koutokuten ga toreru ka wakaranai.","He thinks he can easily pass the exam, but he doesn't know how much studying is required to get a high score."
sent-1685,取れる,Essential Verbs,筋肉痛が取れるまで休むことが望ましい。,Kinnikutsuu ga toreru made yasumu koto ga nozomashii.,It is preferable to rest until the muscle pain goes away.
sent-1686,取れる,Essential Verbs,この映画は人気があるので、チケットが簡単に取れるとは思わない。,"Kono eiga wa ninki ga aru no de, chiketto ga kantan ni toreru to wa omowanai.","This movie is popular, so I don't think it's easy to get tickets."
sent-1687,取れる,Essential Verbs,休暇を取れるのは、いつでも楽しいことだ。,"Kyuuka o toreru no wa, itsu demo tanoshii koto da.",Being able to take a vacation is always enjoyable.
sent-1688,取れる,Essential Verbs,取れる範囲でいい評価を得られるように頑張ろう。,Toreru han'i de ii hyouka o erareru you ni ganbarou.,Let's strive to get good evaluations within the achievable range.
sent-1689,撮れる,Essential Verbs,このカメラで綺麗に撮れる写真がたくさんある。,Kono kamera de kirei ni toreru shashin ga takusan aru.,There are many beautiful photos that can be taken with this camera.
sent-1690,撮れる,Essential Verbs,夜景がとても綺麗に撮れるスポットを教えてください。,Yakei ga totemo kirei ni toreru supotto o oshiete kudasai.,Please tell me a spot where I can take very beautiful night view photos.
sent-1691,撮れる,Essential Verbs,彼女は自然な笑顔で撮れる写真が上手です。,Kanojo wa shizen na egao de toreru shashin ga jouzu desu.,She is good at taking photos with a natural smile.
sent-1692,撮れる,Essential Verbs,夕日が沈む瞬間をピッタリ撮れる場所があるんですよ。,Yuuhi ga shizumu shunkan o pittari toreru basho ga arun desu yo.,There is a place where you can perfectly capture the moment the sun sets.
sent-1693,撮れる,Essential Verbs,このスマホでは高速連写で素早く動くものも撮れる。,Kono sumaho de wa kousoku rensa de subayaku ugoku mono mo toreru.,"With this smartphone, you can take fast-moving objects with high-speed continuous shooting."
sent-1694,取る,Essential Verbs,電話を取るたびに彼女からのメッセージでした。,Denwa o toru tabi ni kanojo kara no messeeji deshita.,"Every time I answered the phone, it was a message from her."
sent-1695,取る,Essential Verbs,彼は帽子を取って敬意を示した。,Kare wa boushi o totte keii o shimeshita.,He took off his hat to show respect.
sent-1696,取る,Essential Verbs,その本を手に取って読むことができますか。,Sono hon o te ni totte yomu koto ga dekimasu ka.,Can you pick up that book and read it?
sent-1697,取る,Essential Verbs,彼女は試験の準備として授業外のノートを取った。,Kanojo wa shiken no junbi toshite jugyou-gai no nooto o totta.,She took notes outside of class in preparation for the exam.
sent-1698,取る,Essential Verbs,お店でお金を払ったとき、レシートを忘れずに取っておいてください.,"Omise de o-kane o haratta toki, reshiito o wasurezu ni totte oite kudasai.","When paying at a store, please remember to take the receipt."
sent-1699,撮る,Essential Verbs,この風景を撮るのに最適な場所はどこですか。,Kono fuukei o toru noni saiteki na basho wa doko desu ka.,Where is the best place to take a picture of this landscape?
sent-1700,撮る,Essential Verbs,彼女は写真を撮るのが得意です。,Kanojo wa shashin o toru no ga tokui desu.,She is good at taking photos.
sent-1701,撮る,Essential Verbs,今日のイベントでたくさん写真を撮りました。,Kyou no ibento de takusan shashin o torimashita.,I took many pictures at today's event.
sent-1702,撮る,Essential Verbs,すばらしい瞬間をカメラで撮ることが大切です。,Subarashii shunkan o kamera de toru koto ga taisetsu desu.,It is important to capture wonderful moments with a camera.
sent-1703,撮る,Essential Verbs,彼は動画を撮るのが上手です。,Kare wa douga o toru no ga jouzu desu.,He is skilled at taking videos.
sent-1704,捕る,Essential Verbs,あの魚を捕ろうとする男性はとても上手だ。,Ano sakana o torou to suru dansei wa totemo jouzu da.,The man trying to catch that fish is very skilled.
sent-1705,捕る,Essential Verbs,彼は飛んでいる蝶々を捕らえることができた.,Kare wa tondeiru chouchou o toraeru koto ga dekita.,He was able to catch the flying butterfly.
sent-1706,捕る,Essential Verbs,子供たちは公園で昆虫を捕って楽しんでいた。,Kodomo-tachi wa kouen de konchuu o totte tanoshinde ita.,The children were having fun catching insects in the park.
sent-1707,捕る,Essential Verbs,野球選手はボールを見事に捕らえた。,Yakyuu senshu wa booru o migoto ni toraeta.,The baseball player beautifully caught the ball.
sent-1708,捕る,Essential Verbs,彼女は庭で逃げ回る猫を捕ろうとしていた。,Kanojo wa niwa de nigemawaru neko o torou to shite ita.,She was trying to catch the cat running around in the garden.
sent-1709,通る,Essential Verbs,この道を通ると、美しい桜の並木が見られます。,"Kono michi o tooru to, utsukushii sakura no namiki ga miraremasu.","If you go through this road, you can see beautiful cherry blossom trees lined up."
sent-1710,通る,Essential Verbs,毎朝、駅前通りを通って仕事に行きます。,"Maiasa, ekimae doori o tootte shigoto ni ikimasu.",I go to work every morning through the street in front of the station.
sent-1711,通る,Essential Verbs,電話の音が廊下を通って部屋に響いた。,Denwa no oto ga rouka o tootte heya ni hibiita.,The sound of the telephone echoed through the hallway and into the room.
sent-1712,通る,Essential Verbs,山道を通るのに十分な水分補給が必要です。,Yamamichi o tooru noni juubun na suibun hokyuu ga hitsuyou desu.,Sufficient hydration is necessary to pass through mountain trails.
sent-1713,通る,Essential Verbs,この川は町の中心部を通って流れています。,Kono kawa wa machi no chuushinbu o tootte nagareteimasu.,This river flows through the center of the town.
sent-1714,通じる,Essential Verbs,この道路は東西に通じている。,Kono douro wa touzai ni tsuujite iru.,This road connects the east and west.
sent-1715,通じる,Essential Verbs,彼の言いたいことは英語で十分に通じる。,Kare no iitai koto wa eigo de juubun ni tsuujiru.,His intentions are well conveyed in English.
sent-1716,通じる,Essential Verbs,あなたの意見は会社の人々にきちんと通じるでしょう。,Anata no iken wa kaisha no hitobito ni kichinto tsuujiru deshou.,Your opinion will be well understood by the company.
sent-1717,通じる,Essential Verbs,彼の研究は医学界にまで通じる影響を持つ。,Kare no kenkyuu wa igakukai ni made tsuujiru eikyou o motsu.,His research has an influence that reaches even the medical world.
sent-1718,通じる,Essential Verbs,彼女の情報源は政府機関に通じている。,Kanojo no jouhougen wa seifu kikan ni tsuujite iru.,Her source of information is connected to government agencies.
sent-1719,捕まえる,Essential Verbs,犯人を捕まえるために、警察が手配をかけました。,"Hannin o tsukamaeru tame ni, keisatsu ga tehai o kakemashita.",The police issued a wanted notice to catch the criminal.
sent-1720,捕まえる,Essential Verbs,彼は、逃げる猫を捕まえようとしました。,"Kare wa, nigeru neko o tsukamaeyou to shimashita.",He tried to catch the fleeing cat.
sent-1721,捕まえる,Essential Verbs,野球選手が飛んでくるボールをすばやく捕まえました。,Yakyuu senshu ga tonde kuru booru o subayaku tsukamaemashita.,The baseball player quickly caught the flying ball.
sent-1722,捕まえる,Essential Verbs,魚を捕まえるのに網を使いました。,Sakana o tsukamaeru noni ami o tsukaimashita.,I used a net to catch fish.
sent-1723,捕まえる,Essential Verbs,子供たちは、公園で蝶々を捕まえていました。,"Kodomotachi wa, kouen de chouchou o tsukamaete imashita.",The children were catching butterflies in the park.
sent-1724,つかむ,Essential Verbs,彼はボールをつかむことができませんでした。,Kare wa booru o tsukamu koto ga dekimasen deshita.,He was unable to grab the ball.
sent-1725,つかむ,Essential Verbs,犬に食べ物をつかまれないように、テーブルの上に置いた。,"Inu ni tabemono o tsukamarenai you ni, teeburu no ue ni oita.",I put the food on the table so the dog couldn't grab it.
sent-1726,つかむ,Essential Verbs,彼女は私の手を思い切ってつかんだ。,Kanojo wa watashi no te o omoikitte tsukanda.,She boldly grabbed my hand.
sent-1727,つかむ,Essential Verbs,彼はチャンスをつかむことができた。,Kare wa chansu o tsukamu koto ga dekita.,He was able to seize the opportunity.
sent-1728,つかむ,Essential Verbs,彼はその縄をつかんで、坂道を登った。,"Kare wa sono nawa o tsukande, sakamichi o nobotta.",He grabbed the rope and climbed up the hill.
sent-1729,疲れる,Essential Verbs,一日中働いてとても疲れた。,Ichinichijuu hataraite totemo tsukareta.,I worked all day and got really tired.
sent-1730,疲れる,Essential Verbs,長時間勉強したら、目が疲れるだろう。,"Naganjikan benkyou shitara, me ga tsukareru darou.","If you study for a long time, your eyes will probably get tired."
sent-1731,疲れる,Essential Verbs,運動した後は、体が疲れることが普通です。,"Undou shita ato wa, karada ga tsukareru koto ga futsuu desu.",It is normal to feel tired after exercising.
sent-1732,疲れる,Essential Verbs,仕事が忙しかったから早く疲れてしまった。,Shigoto ga isogashikatta kara hayaku tsukarete shimatta.,I got tired quickly because work was busy.
sent-1733,疲れる,Essential Verbs,長い旅行で精神的にも疲れることがある。,Nagai ryokou de seishinteki ni mo tsukareru koto ga aru.,Long trips can sometimes be mentally tiring.
sent-1734,使う,Essential Verbs,その道具は正しい方法で使うべきです。,Sono dougu wa tadashii houhou de tsukau beki desu.,You should use that tool in the correct way.
sent-1735,使う,Essential Verbs,彼は時々、難しい言葉を使うことがあります。,"Kare wa tokidoki, muzukashii kotoba o tsukau koto ga arimasu.",He sometimes uses difficult words.
sent-1736,使う,Essential Verbs,このキーボードは誰でも使うことができます。,Kono kiiboodo wa dare demo tsukau koto ga dekimasu.,This keyboard can be used by anyone.
sent-1737,使う,Essential Verbs,彼女は自分のスマホを使ってメッセージを送りました。,Kanojo wa jibun no sumaho o tsukatte messeiji o okurimashita.,She sent a message using her smartphone.
sent-1738,使う,Essential Verbs,どうして彼があんなにたくさんの紙を使ったのでしょうか。,Doushite kare ga anna ni takusan no kami o tsukatta no deshou ka.,Why did he use so much paper?
sent-1739,付ける（着ける）,Essential Verbs,時計を手首に付ける。,Tokei o tekubi ni tsukeru.,Put a watch on your wrist.
sent-1740,付ける（着ける）,Essential Verbs,シールをノートに付ける。,Shīru o nōto ni tsukeru.,Put a sticker on the notebook.
sent-1741,付ける（着ける）,Essential Verbs,ネームプレートを玄関に付ける。,Nēmupurēto o genkan ni tsukeru.,Attach a nameplate to the entrance.
sent-1742,付ける（着ける）,Essential Verbs,ベルトをズボンに付ける。,Beruto o zubon ni tsukeru.,Attach a belt to the pants.
sent-1743,付ける（着ける）,Essential Verbs,付け不足の金額を確認して、それに適した金額の切手を封筒に付ける。,"Tsuke busoku no kingaku o kakunin shite, sore ni tekishita kingaku no kitte o fūtō ni tsukeru.","Check the amount of postage due, and attach the appropriate amount of stamps to the envelope."
sent-1744,つける,Essential Verbs,首にネックレスをつける。,Kubi ni nekkuresu o tsukeru.,Put a necklace around your neck.
sent-1745,つける,Essential Verbs,料理に塩味をつける。,Ryouri ni shioaji o tsukeru.,Season the dish with salt.
sent-1746,つける,Essential Verbs,スイッチをつけると、電気がつく。,"Suicchi o tsukeru to, denki ga tsuku.","When you turn the switch on, the electricity comes on."
sent-1747,つける,Essential Verbs,傷に消毒液をつける。,Kizu ni shoudokueki o tsukeru.,Apply disinfectant to the wound.
sent-1748,つける,Essential Verbs,名前をリストにつける。,Namae o risuto ni tsukeru.,Add a name to the list.
sent-1749,着く,Essential Verbs,駅に着くのが遅かったため、電車に乗り遅れました。,"Eki ni tsuku no ga osokatta tame, densha ni noriokuremashita.","I arrived at the station late, so I missed the train."
sent-1750,着く,Essential Verbs,荷物が無事に新しい家に着きました。,Nimotsu ga buji ni atarashii ie ni tsukimashita.,The luggage arrived safely at the new house.
sent-1751,着く,Essential Verbs,今から出発すれば、９時頃には目的地に着くでしょう。,"Ima kara shuppatsu sureba, ku-ji goro ni wa mokutekichi ni tsuku deshou.","If we leave now, we should arrive at our destination around 9 o'clock."
sent-1752,着く,Essential Verbs,雨が降って道が滑りやすいから、予定より遅く着くかもしれない。,"Ame ga futte michi ga suberi yasui kara, yotei yori osoku tsuku kamoshirenai.","The roads are slippery because of the rain, so we might arrive later than planned."
sent-1753,着く,Essential Verbs,両親の家に着く前に、スーパーで買い物をしておこう。,"Ryoushin no ie ni tsuku mae ni, suupaa de kaimono o shite okou.",Let's do some shopping at the supermarket before we arrive at our parents' house.
sent-1754,付く,Essential Verbs,会議で議事録を付ける。,Kaigi de gijiroku o tsukeru.,I will write the minutes for the meeting.
sent-1755,付く,Essential Verbs,彼は人気者に付き、学校ではいつも周りに人がいる。,"Kare wa ninkimono ni tsuki, gakkou de wa itsumo mawari ni hito ga iru.","He is popular, so there are always people around him at school."
sent-1756,付く,Essential Verbs,紙に付いたインクが乾かないうちに手が触れてしまい、書類が汚れた。,"Kami ni tsuita inku ga kawakanai uchi ni te ga furete shimai, shorui ga yogoreta.","I accidentally touched the ink on the paper before it dried, and the documents got dirty."
sent-1757,付く,Essential Verbs,スマホに指紋が付かないように、保護フィルムを貼った。,"Sumaho ni shimon ga tsukanai you ni, hogo firumu o hatta.",I put a protective film on my smartphone to prevent fingerprints from sticking.
sent-1758,付く,Essential Verbs,遅れる旨の連絡を付けて、会議に行った.,"Okureru mune no renraku o tsukete, kaigi ni itta.",I notified them that I would be late and went to the meeting.
sent-1759,つく,Essential Verbs,駅に着くのに10分かかります。,Eki ni tsuku no ni juuppun kakarimasu.,It takes 10 minutes to arrive at the station.
sent-1760,つく,Essential Verbs,この建物は10年前に建ちました。,Kono tatemono wa juu nen mae ni tatchimashita.,This building was built 10 years ago.
sent-1761,つく,Essential Verbs,Kare wa uchi de gohan o tsukuru no ga suki desu.,Kare wa uchi de gohan o tsukuru no ga suki desu.,He likes to cook at home.
sent-1762,つく,Essential Verbs,彼はタバコに火をつけようとしている。,Kare wa tabako ni hi o tsukeyou to shite iru.,He seems to be about to light a cigarette.
sent-1763,つく,Essential Verbs,この傘に付いた雨粒がきれいですね。,Kono kasa ni tsuita amatsubu ga kirei desu ne.,"The raindrops attached to this umbrella look pretty, don't they?"
sent-1764,作る（造る）,Essential Verbs,彼女は毎日お弁当を作っています。,Kanojo wa mainichi o-bentou o tsukutteimasu.,She makes lunch boxes every day.
sent-1765,作る（造る）,Essential Verbs,彼は木彫りの置物を作るのが得意です。,Kare wa kibori no okimono o tsukuru no ga tokui desu.,He is good at making wood-carved ornaments.
sent-1766,作る（造る）,Essential Verbs,この料理を作るためにはたくさんの材料が必要です。,Kono ryouri o tsukuru tame niwa takusan no zairyou ga hitsuyou desu.,"To make this dish, you need a lot of ingredients."
sent-1767,作る（造る）,Essential Verbs,新しい会社を作ることを考えています。,Atarashii kaisha o tsukuru koto o kangaeteimasu.,I'm considering starting a new company.
sent-1768,作る（造る）,Essential Verbs,数学の先生はわかりやすい問題を作ってくれました。,Sugaku no sensei wa wakariyasui mondai o tsukutte kuremashita.,The math teacher made easy-to-understand problems for us.
sent-1769,伝える,Essential Verbs,彼にその知らせを早く伝えてください。,Kare ni sono shirase o hayaku tsutaete kudasai.,Please inform him of the news quickly.
sent-1770,伝える,Essential Verbs,先生は生徒たちに重要な情報を伝えた。,Sensei wa seito-tachi ni juuyou na jouhou o tsutaeta.,The teacher conveyed important information to the students.
sent-1771,伝える,Essential Verbs,母は私におばあちゃんの言葉を伝えました。,Haha wa watashi ni obaachan no kotoba o tsutaemashita.,My mother passed on my grandmother's words to me.
sent-1772,伝える,Essential Verbs,この物語は昔から伝説として伝えられてきました。,Kono monogatari wa mukashi kara densetsu toshite tsutaerarete kimashita.,This story has been handed down as a legend since ancient times.
sent-1773,伝える,Essential Verbs,彼女に私の気持ちを伝えるのは難しいです。,Kanojo ni watashi no kimochi o tsutaeru no wa muzukashii desu.,It is difficult to convey my feelings to her.
sent-1774,伝わる,Essential Verbs,彼の気持ちが私に伝わる。,Kare no kimochi ga watashi ni tsutawaru.,His feelings come through to me.
sent-1775,伝わる,Essential Verbs,先生の教えがしっかり伝わるように、注意深く聞くべきだ。,"Sensei no oshie ga shikkari tsutawaru you ni, chuui bukaku kiku beki da.",We should listen carefully so that the teacher's teachings are well conveyed.
sent-1776,伝わる,Essential Verbs,彼女の声の温かさが伝わる。,Kanojo no koe no atatakasa ga tsutawaru.,The warmth of her voice comes through.
sent-1777,伝わる,Essential Verbs,この歌の歌詞から感動が伝わる。,Kono uta no kashi kara kandou ga tsutawaru.,The lyrics of this song convey emotion.
sent-1778,伝わる,Essential Verbs,彼らは言葉を使わずに相手の気持ちが伝わる。,Karera wa kotoba o tsukawazu ni aite no kimochi ga tsutawaru.,They can convey each other's feelings without using words.
sent-1779,包む,Essential Verbs,彼女はプレゼントを綺麗な包装紙で包んだ。,Kanojo wa purezento o kirei na hōsōshi de tsutsunda.,She wrapped the present in beautiful wrapping paper.
sent-1780,包む,Essential Verbs,彼はサンドイッチをアルミホイルで包んで持って行った。,Kare wa sandoicchi o arumihoiru de tsutsunde motte itta.,He wrapped the sandwich in aluminum foil and took it with him.
sent-1781,包む,Essential Verbs,子供が寒いので、母親が子供を毛布で包んだ。,"Kodomo ga samui node, hahaoya ga kodomo o mōfu de tsutsunda.","The child was cold, so the mother wrapped the child in a blanket."
sent-1782,包む,Essential Verbs,彼女はおにぎりを海苔で包むのが得意だ。,Kanojo wa onigiri o nori de tsutsumu no ga tokui da.,She is skilled at wrapping rice balls in seaweed.
sent-1783,包む,Essential Verbs,冬になると、街の木々は雪に包まれる。,"Fuyu ni naru to, machi no kigi wa yuki ni tsutsumareru.","In winter, the trees in the city are wrapped in snow."
sent-1784,続ける,Essential Verbs,この仕事を続けるつもりです。,Kono shigoto o tsuzukeru tsumori desu.,I intend to continue this job.
sent-1785,続ける,Essential Verbs,健康のために運動を続けることが大切だ。,Kenkou no tame ni undou o tsuzukeru koto ga taisetsu da.,It is important to continue exercising for your health.
sent-1786,続ける,Essential Verbs,彼女がその話を続けると、皆興味津々で聞いていた。,"Kanojo ga sono hanashi o tsuzukeru to, mina kyoumi shinshin de kiite ita.","As she continued the story, everyone listened with great interest."
sent-1787,続ける,Essential Verbs,雨が一週間降り続けると、洪水の危険がある。,"Ame ga isshuukan furitsuzukeru to, kouzui no kiken ga aru.","If the rain continues for a week, there is a risk of flooding."
sent-1788,続く,Essential Verbs,その道は果てしなく続く。,Sono michi wa hateshinaku tsuzuku.,The road continues endlessly.
sent-1789,続く,Essential Verbs,映画は第二部に続く。,Eiga wa dai ni bu ni tsuzuku.,The movie continues onto the second part.
sent-1790,続く,Essential Verbs,彼女の話はいつまでも続く気がする。,Kanojo no hanashi wa itsumademo tsuzuku ki ga suru.,I feel like her story will go on forever.
sent-1791,続く,Essential Verbs,仕事が忙しくて、休みの日も会議が続いた。,"Shigoto ga isogashikute, yasumi no hi mo kaigi ga tsuzuita.","Work was busy, and meetings continued even on my days off."
sent-1792,続く,Essential Verbs,この連勝がどれだけ続くのか楽しみだ。,Kono renshou ga dore dake tsuzuku no ka tanoshimi da.,I'm looking forward to seeing how long this winning streak will continue.
sent-1793,動かす,Essential Verbs,彼は車を動かすために鍵を探した。,Kare wa kuruma o ugokasu tame ni kagi o sagashita.,He looked for the key to move the car.
sent-1794,動かす,Essential Verbs,ピアノの鍵盤を滑らかに動かすのは練習が必要です。,Piano no kenban o suberaka ni ugokasu no wa renshuu ga hitsuyou desu.,It takes practice to move the piano keys smoothly.
sent-1795,動かす,Essential Verbs,彼女は腰の痛みにも関わらず、体を動かすことを続けました。,"Kanojo wa koshi no itami ni mo kakawarazu, karada o ugokasu koto o tsuzukemashita.","Despite the pain in her back, she kept moving her body."
sent-1796,動かす,Essential Verbs,このボタンを押すと、機械を動かすことができる。,"Kono botan o osu to, kikai o ugokasu koto ga dekiru.",Pressing this button will allow the machine to move.
sent-1797,動かす,Essential Verbs,真実を知るために、彼は証人を動かすことにしました。,"Shinjitsu o shiru tame ni, kare wa shounin o ugokasu koto ni shimashita.","In order to know the truth, he decided to move the witness."
sent-1798,動く,Essential Verbs,道路が混んでいて、車がなかなか動かない.,"Dōro ga konde ite, kuruma ga nakanaka ugokanai.","The road is crowded, and the cars are not moving easily."
sent-1799,動く,Essential Verbs,猫が寝ているので、そっと動いて起こさないようにしました.,"Neko ga nete iru node, sotto ugoite okosanai yō ni shimashita.","The cat was sleeping, so I moved gently so as not to wake it up."
sent-1800,動く,Essential Verbs,この機械は簡単に動きます.,Kono kikai wa kantan ni ugokimasu.,This machine moves easily.
sent-1801,動く,Essential Verbs,運動選手は素早く動く必要がある.,Undō senshu wa subayaku ugoku hitsuyou ga aru.,Athletes need to move quickly.
sent-1802,動く,Essential Verbs,列車が動き始めたとき、私は窓の外を見ていた.,"Ressha ga ugoki hajimeta toki, watashi wa mado no soto o mite ita.","When the train started moving, I was looking out the window."
sent-1803,浮かぶ,Essential Verbs,川に小舟が浮かんでいる.,Kawa ni kobune ga ukande iru.,There is a small boat floating on the river.
sent-1804,浮かぶ,Essential Verbs,その考えが頭に浮かんだ.,Sono kangae ga atama ni ukanda.,That idea came to my mind.
sent-1805,浮かぶ,Essential Verbs,彼女の顔が目の前に浮かぶ.,Kanojo no kao ga me no mae ni ukabu.,Her face appears before my eyes.
sent-1806,浮かぶ,Essential Verbs,水面に白い花が浮かんでいる.,Suimen ni shiroi hana ga ukande iru.,White flowers are floating on the water surface.
sent-1807,浮かぶ,Essential Verbs,月が湖に浮かんでいるようだ.,Tsuki ga mizuumi ni ukande iru you da.,The moon seems to float on the lake.
sent-1808,生まれる（産まれる）,Essential Verbs,この子は、私たちの夢を叶えるために産まれたのです。,"Kono ko wa, watashitachi no yume o kanaeru tame ni umareta no desu.",This child was born to fulfill our dreams.
sent-1809,生まれる（産まれる）,Essential Verbs,彼は、英語が話せる小さな田舎町で産まれました。,"Kare wa, eigo ga hanaseru chiisana inaka machi de umaremashita.",He was born in a small countryside town where people speak English.
sent-1810,生まれる（産まれる）,Essential Verbs,国際結婚の子供は、二つの文化が融合した幸せな環境で産まれます。,"Kokusai kekkon no kodomo wa, futatsu no bunka ga yuugou shita shiawase na kankyou de umaremasu.",Children of international marriages are born in a happy environment where two cultures merge.
sent-1811,生まれる（産まれる）,Essential Verbs,その詩人は、詩と音楽に才能を発揮するために産まれたと言われています。,"Sono shijin wa, shi to ongaku ni sainou o hakki suru tame ni umareta to iwareteimasu.",It is said that the poet was born to display his talent in poetry and music.
sent-1812,生まれる（産まれる）,Essential Verbs,ここでは、毎年たくさんのカメが砂浜で卵を産み、新しい命が産まれる。,"Koko de wa, maitoshi takusan no kame ga sunahama de tamago o umi, atarashii inochi ga umareru.","Here, many turtles lay eggs on the sandy beach every year, and new life is born."
sent-1813,生む（産む）,Essential Verbs,彼女は昨年、女の子を生みました。,"Kanojo wa sakunen, onnanoko o umimashita.",She gave birth to a girl last year.
sent-1814,生む（産む）,Essential Verbs,逆境は創造力を生むことがあります。,Gyakkyou wa souzouryoku o umu koto ga arimasu.,Adversity can lead to creativity.
sent-1815,生む（産む）,Essential Verbs,彼が私たちのチームに新しいアイデアを生み出しました。,Kare ga watashitachi no chiimu ni atarashii aidea o umidashimashita.,He came up with new ideas for our team.
sent-1816,生む（産む）,Essential Verbs,画期的な技術は新たな産業を生む可能性がある。,Kakutekina gijutsu wa arata na sangyou o umu kanousei ga aru.,Groundbreaking technologies can give birth to new industries.
sent-1817,生む（産む）,Essential Verbs,この問題は対立と議論を生むだろう。,Kono mondai wa tairitsu to giron o umu darou.,This issue will likely lead to conflict and debate.
sent-1818,売る,Essential Verbs,この店では新鮮な野菜を売っています。,Kono mise de wa shinsen na yasai o utteimasu.,This store sells fresh vegetables.
sent-1819,売る,Essential Verbs,彼は古着を売るためにフリーマーケットに出店した。,Kare wa furugi o uru tame ni furii maaketto ni shutsuten shita.,He set up a booth at the flea market to sell old clothes.
sent-1820,売る,Essential Verbs,友達が手作りのアクセサリーをオンラインで売っています。,Tomodachi ga tezukuri no akusesarii o onrain de utteimasu.,My friend sells handmade accessories online.
sent-1821,売る,Essential Verbs,その作家の本がよく売れて、ベストセラーになりました。,"Sono sakka no hon ga yoku urete, besutoserā ni narimashita.",The author's books sold well and became bestsellers.
sent-1822,売る,Essential Verbs,もし私が家を売れば、どれくらいの値段で売れますか？,"Moshi watashi ga ie o ureba, dorekurai no nedan de uremasu ka?","If I sell my house, how much can it sell for?"
sent-1823,疑う,Essential Verbs,彼の言葉を疑う理由がない。,Kare no kotoba o utagau riyuu ga nai.,There is no reason to doubt his words.
sent-1824,疑う,Essential Verbs,彼女は彼の誠意を疑うことはありませんでした。,Kanojo wa kare no seii o utagau koto wa arimasen deshita.,She never doubted his sincerity.
sent-1825,疑う,Essential Verbs,その証拠を見れば、彼の無罪を疑う余地がない。,"Sono shouko o mireba, kare no muzai o utagau yochi ga nai.","Seeing that evidence, there is no room to doubt his innocence."
sent-1826,疑う,Essential Verbs,子供たちは先生の言うことを疑うことなく信じている。,Kodomo-tachi wa sensei no iu koto o utagau koto naku shinjite iru.,The children believe what the teacher says without doubting it.
sent-1827,疑う,Essential Verbs,結果が出るまで彼の誠実さを疑うのは早計です。,Kekka ga deru made kare no seijitsu-sa o utagau no wa soukei desu.,It's premature to doubt his integrity until the results come out.
sent-1828,歌う,Essential Verbs,彼女は美しい声で歌う。,Kanojo wa utsukushii koe de utau.,She sings with a beautiful voice.
sent-1829,歌う,Essential Verbs,彼はバンドでギターを弾きながら歌う。,Kare wa bando de gitā o hikinagara utau.,He sings while playing the guitar in a band.
sent-1830,歌う,Essential Verbs,みんなでカラオケで一緒に歌いましょう。,Min'na de karaoke de issho ni utaimashou.,Let's all sing together at karaoke.
sent-1831,歌う,Essential Verbs,彼は国民的なアイドルでおおぜいの人が彼の歌う曲を知っている。,Kare wa kokuminteki na aidoru de ōzei no hito ga kare no utau kyoku o shitteiru.,"He is a national idol, and a lot of people know the songs he sings."
sent-1832,歌う,Essential Verbs,私は音楽が大好きで毎日シャワーの中で歌う。,Watashi wa ongaku ga daisuki de mainichi shawā no naka de utau.,I love music and sing every day in the shower.
sent-1833,打つ,Essential Verbs,このピアノは、鍵盤を打つことで美しい音を奏でることができる。,"Kono piano wa, kenban o utsu koto de utsukushii oto o kanaderu koto ga dekiru.",This piano can produce beautiful sounds when its keys are struck.
sent-1834,打つ,Essential Verbs,彼はプロの野球選手で、どんなピッチも打つことができます。,"Kare wa puro no yakyuu senshu de, donna pitchi mo utsu koto ga dekimasu.","He is a professional baseball player, and can hit any pitch."
sent-1835,打つ,Essential Verbs,彼女は約束の時間に遅れて、急いでドアを三回打った。,"Kanojo wa yakusoku no jikan ni okurete, isoide doa o sankai utta.","She was late for the promised time, so she quickly knocked on the door three times."
sent-1836,打つ,Essential Verbs,コンピューターのキーボードを速く打つ練習をしよう。,Konpyuutaa no kiiboodo o hayaku utsu renshuu o shiyou.,Let's practice typing quickly on a computer keyboard.
sent-1837,打つ,Essential Verbs,両国間の協力を生かして、犯罪撲滅に向けて一矢を打とう。,"Ryoukokukan no kyouryoku o ikashite, hanzai bokumetsu ni mukete isshi o utou.",Let's take advantage of the cooperation between both countries and strike a blow towards eradicating crime.
sent-1838,撃つ,Essential Verbs,彼は遠くの的を撃つのが上手です。,Kare wa tooku no mato o utsu no ga jouzu desu.,He is good at shooting distant targets.
sent-1839,撃つ,Essential Verbs,銃で犯人を撃つ前に、まず交渉するべきだった。,"Juu de hannin o utsu mae ni, mazu koushou suru beki datta.","Before shooting the criminal with a gun, we should have negotiated first."
sent-1840,撃つ,Essential Verbs,彼女はアーチェリー大会で矢を撃つ練習をしている。,Kanojo wa aachieri taikai de ya o utsu renshuu o shiteiru.,She is practicing shooting arrows for an archery tournament.
sent-1841,撃つ,Essential Verbs,戦場で敵を撃つ決断は、とても重いものがある。,"Senjou de teki o utsu ketsudan wa, totemo omoi mono ga aru.",The decision to shoot an enemy on the battlefield carries a heavy weight.
sent-1842,撃つ,Essential Verbs,警察官が犯人に向かって警告無く撃った。,Keisatsukan ga hannin ni mukatte keikoku naku utta.,The police officer shot at the criminal without warning.
sent-1843,移る,Essential Verbs,季節が移るにつれて、景色も変わる。,"Kisetsu ga utsuru ni tsurete, keshiki mo kawaru.","As the seasons change, so does the scenery."
sent-1844,移る,Essential Verbs,仕事でいろいろな地域に移ることになった。,Shigoto de iroiro na chiiki ni utsuru koto ni natta.,"Due to work, I ended up moving to various areas."
sent-1845,移る,Essential Verbs,そのプロジェクトが終わった後、彼は新しい部署に移った。,"Sono purojekuto ga owatta ato, kare wa atarashii busho ni utsutta.","After the project ended, he moved to a new department."
sent-1846,移る,Essential Verbs,住む場所が変わると、人間関係も移るものだ。,"Sumu basho ga kawaru to, ningengankei mo utsuru mono da.","When the place you live changes, your human relationships also change."
sent-1847,移る,Essential Verbs,彼女はエネルギーがよく、その元気が他の人にも移る。,"Kanojo wa enerugī ga yoku, sono genki ga hoka no hito ni mo utsuru.","She has good energy, and her cheerfulness is contagious to others."
sent-1848,移す,Essential Verbs,彼の本を棚から別の部屋へ移す。,Kare no hon o tana kara betsu no heya e utsusu.,I will move his books from the shelf to another room.
sent-1849,移す,Essential Verbs,彼女は椅子を右に移すように頼まれた。,Kanojo wa isu o migi ni utsusu you ni tanomareta.,She was asked to move the chair to the right.
sent-1850,移す,Essential Verbs,この植物は日陰が好きなので、窓から少し離れた場所に移すべきです。,"Kono shokubutsu wa hikage ga suki na node, mado kara sukoshi hanareta basho ni utsusu beki desu.","This plant prefers shade, so we should move it a bit away from the window."
sent-1851,移す,Essential Verbs,彼はまた今度、仕事で海外に移さざるを得なくなりました。,"Kare wa mata kondo, shigoto de kaigai ni utsusazaru o enakunarimashita.","This time, he had no choice but to move abroad for his job again."
sent-1852,移す,Essential Verbs,手術後、病院の回復期病棟にベッドを移すことになりました。,"Shujutsugo, byouin no kaifukuki byoutou ni beddo o utsusu koto ni narimashita.","After the surgery, my bed was moved to the recovery ward of the hospital."
sent-1853,映す,Essential Verbs,鏡に自分の顔が映っている。,Kagami ni jibun no kao ga utsutte iru.,My face is reflected in the mirror.
sent-1854,映す,Essential Verbs,彼女は希望を彼の目に映した。,Kanojo wa kibou o kare no me ni utsushita.,She reflected hope in his eyes.
sent-1855,映す,Essential Verbs,夕日を水面に映すと、とても美しい風景が広がる。,"Yuuhi o suimen ni utsusu to, totemo utsukushii fuukei ga hirogaru.","When the sunset is projected onto the water's surface, a very beautiful scene unfolds."
sent-1856,映る,Essential Verbs,テレビに映る天気予報を見て、傘を持って出かけた.,"Terebi ni utsuru tenki yohou o mite, kasa o motte dekaketa.",I saw the weather forecast on TV and went out with an umbrella.
sent-1857,映る,Essential Verbs,彼女の瞳には喜びが映っていた.,Kanojo no hitomi ni wa yorokobi ga utsutte ita.,Joy was reflected in her eyes.
sent-1858,写る,Essential Verbs,写真にうまく写らなかった.,Shashin ni umaku utsuranakatta.,I didn't come out well in the photo.
sent-1859,写る,Essential Verbs,このカメラは暗い場所でもよく写る.,Kono kamera wa kurai basho demo yoku utsuru.,This camera captures images well even in dark places.
sent-1860,写る,Essential Verbs,彼女の笑顔は写真にとても綺麗に写っている.,Kanojo no egao wa shashin ni totemo kirei ni utsutte iru.,Her smile is captured beautifully in the photo.
sent-1861,写る,Essential Verbs,鏡に映る自分の姿をしっかり確認してみよう.,Kagami ni utsuru jibun no sugata o shikkari kakunin shite miyou.,Let's take a good look at our own image reflected in the mirror.
sent-1862,写る,Essential Verbs,風景が水面に美しく写っている.,Fuukei ga suimen ni utsukushiku utsutte iru.,The scenery is beautifully reflected on the water surface.
sent-1863,写す,Essential Verbs,その写真をプリントアウトできるようにすぐに写します.,Sono shashin o purintoauto dekiru you ni sugu ni utsushimasu.,I will copy the photo right away so that it can be printed out.
sent-1864,写す,Essential Verbs,彼は音楽のレッスンのために楽譜を写していた.,Kare wa ongaku no ressun no tame ni gakufu o utsushite ita.,He was copying sheet music for his music lessons.
sent-1865,写す,Essential Verbs,先生は生徒に漢字をノートに写すよう指示した.,Sensei wa seito ni kanji o nooto ni utsusu you shiji shita.,The teacher instructed the students to copy the kanji into their notebooks.
sent-1866,分かれる（別れる）,Essential Verbs,長年の友人と道が分かれることになった。,Naganen no yuujin to michi ga wakareru koto ni natta,I ended up parting ways with a long-time friend.
sent-1867,分かれる（別れる）,Essential Verbs,この交差点で道が分かれているので、右側の道に進んでください。,"Kono kousaten de michi ga wakarete iru node, migigawa no michi ni susunde kudasai","At this intersection where the road splits, please proceed on the right road."
sent-1868,分かれる（別れる）,Essential Verbs,チームが二つのグループに分かれて活動を始めた。,Chiimu ga futatsu no guruupu ni wakarete katsudou o hajimeta,The team split into two groups and began their activities.
sent-1869,分かれる（別れる）,Essential Verbs,カップルがお互いの夢のために分かれることにした。,Kappuru ga otagai no yume no tame ni wakareru koto ni shita,The couple decided to split up for the sake of each other's dreams.
sent-1870,分かれる（別れる）,Essential Verbs,一つの問題に対して、意見が分かれることがある。,"Hitotsu no mondai ni taishite, iken ga wakareru koto ga aru",There may be divided opinions on a single issue.
sent-1871,分かる,Essential Verbs,この問題が分かるかどうか試してみましょう。,Kono mondai ga wakaru ka dou ka tameshite mimashou,Let's try to see if we can understand this problem.
sent-1872,分かる,Essential Verbs,彼女の気持ちが分かるようになりたい。,Kanojo no kimochi ga wakaru you ni naritai,I want to be able to understand her feelings.
sent-1873,分かる,Essential Verbs,この文書の内容が分かるまで翻訳してください。,Kono bunsho no naiyou ga wakaru made honyaku shite kudasai,Please translate this document until its content is understandable.
sent-1874,分かる,Essential Verbs,彼の言っていることが分かりました。,Kare no itte iru koto ga wakarimashita,I understood what he was saying.
sent-1875,分かる,Essential Verbs,計画がうまく進むかどうかは、これから分かります。,"Keikaku ga umaku susumu ka dou ka wa, korekara wakarimasu",We will find out whether the plan proceeds smoothly or not from now on.
sent-1876,分ける,Essential Verbs,このケーキをみんなに分けてあげたい。,Kono kēki o minna ni wakete agetai,I want to share this cake with everyone.
sent-1877,分ける,Essential Verbs,彼女は資料を分野別に分けて整理した。,Kanojo wa shiryou o bunyabetsu ni wakete seiri shita,She sorted the documents by dividing them into different fields.
sent-1878,分ける,Essential Verbs,仕事とプライベートはっきり分けるべきだ。,Shigoto to puraibeeto wa hakkiri wakeru beki da,Work and private life should be clearly separated.
sent-1879,分ける,Essential Verbs,部屋をスクリーンで仕切って分けた。,Heya o sukurīn de shikitte waketa,We divided the room with a screen.
sent-1880,分ける,Essential Verbs,利益をすべての社員に平等に分けることが公平だ。,Rieki o subete no shain ni byoudou ni wakeru koto ga kouhei da,It is fair to divide the profits equally among all employees.
sent-1881,笑う,Essential Verbs,彼は楽しそうに笑っている。,Kare wa tanoshisou ni waratte iru,He is laughing happily.
sent-1882,笑う,Essential Verbs,彼女のジョークにみんなが大笑いした。,Kanojo no jooku ni minna ga oowarai shita,Everyone laughed loudly at her joke.
sent-1883,笑う,Essential Verbs,笑っている人を見ると、自分も笑いたくなる。,"Waratte iru hito o miru to, jibun mo waraitaku naru","When you see someone laughing, you also want to laugh."
sent-1884,笑う,Essential Verbs,失敗しても、笑って次に進むのが一番だ。,"Shippai shite mo, waratte tsugi ni susumu no ga ichiban da","Even if you fail, it's best to laugh and move on."
sent-1885,笑う,Essential Verbs,笑顔で笑うと、気分が良くなる。,"Egao de warau to, kibun ga yoku naru",Laughing with a smile makes you feel better.
sent-1886,割れる,Essential Verbs,ガラスが割れて、床に散らばっていた。,"Garasu ga warete, yuka ni chirabatte ita.",The glass broke and was scattered on the floor.
sent-1887,割れる,Essential Verbs,地面に落ちた果実が割れていた。,Jimen ni ochita kajitsu ga warete ita.,The fruit that fell on the ground was broken.
sent-1888,割れる,Essential Verbs,地震の影響で、壁にひび割れができた。,"Jishin no eikyou de, kabe ni hibiware ga dekita.","Due to the earthquake, cracks formed in the wall."
sent-1889,割れる,Essential Verbs,冬の朝、湖の氷が割れて、水が流れ出した。,"Fuyu no asa, mizūmi no kōri ga warete, mizu ga nagare dashita.","On a winter morning, the ice on the lake cracked and water began to flow out."
sent-1890,割れる,Essential Verbs,彼のスマートフォンの画面が落下の衝撃で割れてしまった。,Kare no sumaatofon no gamen ga rakka no shougeki de warete shimatta.,His smartphone screen cracked due to the impact of a fall.
sent-1891,敗れる,Essential Verbs,その試合で彼は敵に敗れた。,Sono shiai de kare wa teki ni yabureta.,He lost to his opponent in that match.
sent-1892,敗れる,Essential Verbs,政党は選挙で敗れることが予想された。,Seitou wa senkyo de yabureru koto ga yosou sareta.,It was expected that the political party would lose in the election.
sent-1893,敗れる,Essential Verbs,最後の戦いで彼らは敵に敗れることを恐れていた。,Saigo no tatakai de karera wa teki ni yabureru koto o osorete ita.,They feared losing to their enemies in the last battle.
sent-1894,敗れる,Essential Verbs,チームAはチームBに惜しくも敗れた。,Chīmu A wa chīmu B ni oshikumo yabureta.,Team A narrowly lost to Team B.
sent-1895,敗れる,Essential Verbs,努力にも関わらず、彼女は競争で敗れてしまった。,"Doryoku ni mo kakawarazu, kanojo wa kyousou de yaburete shimatta.","Despite her efforts, she ended up losing in the competition."
sent-1896,破る,Essential Verbs,約束を破ると信用が失われることがある。,Yakusoku o yaburu to shinyou ga ushinawareru koto ga aru.,Breaking a promise can lead to loss of trust.
sent-1897,破る,Essential Verbs,彼は習慣を破ることで新しい状況に適応した。,Kare wa shuukan o yaburu koto de atarashii joukyou ni tekiou shita.,He adapted to the new situation by breaking his habits.
sent-1898,破る,Essential Verbs,記録を破るために、彼は毎日練習に励んでいる。,"Kiroku o yaburu tame ni, kare wa mainichi renshuu ni hageminde iru.",He is working hard every day to break the record.
sent-1899,破る,Essential Verbs,彼女は自分の恐怖を破る決意を固めた。,Kanojo wa jibun no kyoufu o yaburu ketsui o katameta.,She made up her mind to break her fear.
sent-1900,破る,Essential Verbs,この壁を破らなければ、進歩することができない。,"Kono kabe o yaburanakereba, shinpo suru koto ga dekinai.","If we don't break this wall, we cannot make progress."
sent-1901,敗る,Essential Verbs,彼は試合で敗れた。,Kare wa shiai de yabureta,He was defeated in the match.
sent-1902,敗る,Essential Verbs,最後の瞬間に敗れるのはとても悔しい。,Saigo no shunkan ni yabureru no wa totemo kuyashii,It is very frustrating to be defeated at the last moment.
sent-1903,敗る,Essential Verbs,今回の試験で敗れたが、次は絶対に勝つ。,"Konkai no shiken de yabureta ga, tsugi wa zettai ni katsu","I lost in this test, but I will definitely win next time."
sent-1904,敗る,Essential Verbs,彼女は囲碁の試合で私に敗れました。,Kanojo wa igo no shiai de watashi ni yaburemashita,She was defeated by me in the Go match.
sent-1905,敗る,Essential Verbs,努力にもかかわらず、敵に敗れた。,"Doryoku ni mo kakawarazu, teki ni yabureta","Despite my efforts, I was defeated by my opponent."
sent-1906,焼ける,Essential Verbs,太陽が照りつけて、肌が焼ける。,"Taiyou ga teritsukete, hada ga yakeru.",The sun shines and the skin gets burnt.
sent-1907,焼ける,Essential Verbs,パンが焼けすぎて、真っ黒に焼けてしまった。,"Pan ga yakesugite, makkuro ni yakete shimatta.",The bread got overbaked and ended up completely burnt black.
sent-1908,焼ける,Essential Verbs,肉が焼ける音が聞こえてくる。,Niku ga yakeru oto ga kikoete kuru.,I can hear the sound of meat getting cooked.
sent-1909,焼ける,Essential Verbs,無くした指輪が焼け跡で見つかった。,Nakushita yubiwa ga yakeato de mitsukatta.,I found the lost ring in the burnt remains.
sent-1910,焼ける,Essential Verbs,焼けるような夏の暑さに耐えられない。,Yakeru you na natsu no atsusa ni taerarenai.,I can't stand the scorching summer heat.
sent-1911,やける,Essential Verbs,夕食の焼き魚が焼けました。,Yuushoku no yakizakana ga yakemashita.,The grilled fish for dinner is cooked.
sent-1912,やける,Essential Verbs,廃屋を見ると、部屋が全て焼けていました。,"Haioku o miru to, heya ga subete yakete imashita.","When I saw the abandoned house, all the rooms were burned."
sent-1913,やける,Essential Verbs,友達は不注意で、熱いお湯に触れて手が焼けてしまうことがある。,"Tomodachi wa fuchuui de, atsui oyu ni sawatte te ga yakete shimau koto ga aru.","My friend, due to carelessness, sometimes ends up getting his hand burnt by hot water."
sent-1914,やける,Essential Verbs,泥棒は煙に巻かれながら、服が焼けるのを感じて逃げた。,"Dorobou wa kemuri ni makarenagara, fuku ga yakeru no o kanjite nigeta.","The thief escaped while, enveloped in smoke, feeling his clothes getting burnt."
sent-1915,やける,Essential Verbs,日差しでついつい肌が焼けてしまうので、日焼け止めを塗ることが必要です。,"Hizashi de tsuitsui hada ga yakete shimau node, hiyakedome o nuru koto ga hitsuyou desu.","Since I tend to get sunburned easily, it is necessary to apply sunscreen."
sent-1916,焼く,Essential Verbs,魚を焼いて夕食にしよう。,Sakana o yaite yuushoku ni shiyou.,Let's grill the fish for dinner.
sent-1917,焼く,Essential Verbs,焼き立てのパンが美味しい。,Yakitate no pan ga oishii.,Freshly baked bread is delicious.
sent-1918,焼く,Essential Verbs,ピザを焼くのにオーブンを使う。,Piza o yaku no ni oobun o tsukau.,I use an oven to bake a pizza.
sent-1919,焼く,Essential Verbs,彼女は誕生日にケーキを焼いてくれた。,Kanojo wa tanjoubi ni keeki o yaite kureta.,She baked a cake for my birthday.
sent-1920,焼く,Essential Verbs,このステーキはどのくらい焼いた方がいいですか？,Kono suteeki wa dono kurai yaita hou ga ii desu ka?,How much should I cook this steak?
sent-1921,やく,Essential Verbs,薬を飲む前に、説明書をよく読んでください。,"Yaku o nomu mae ni, setsumeisho o yoku yonde kudasai",Please read the instructions carefully before taking the medicine.
sent-1922,やく,Essential Verbs,彼は風邪をひいたので、薬を飲んで寝ました。,"Kare wa kaze o hiita node, yaku o nonde nemashita","He caught a cold, so he took medicine and went to bed."
sent-1923,やく,Essential Verbs,この薬は痛みを和らげる効果があります。,Kono yaku wa itami o yawarageru kouka ga arimasu,This medicine has the effect of relieving pain.
sent-1924,やく,Essential Verbs,医者に相談して適切な薬を処方してもらった。,Isha ni soudan shite tekisetsu na yaku o shohou shite moratta,I consulted with a doctor and got a prescription for the appropriate medicine.
sent-1925,やく,Essential Verbs,健康のために毎日ビタミン剤などのサプリメントを飲む。,Kenkou no tame ni mainichi bitamin-zai nado no sapurimento o nomu,I take supplements such as vitamin tablets every day for my health.
sent-1926,やめる,Essential Verbs,この仕事をやめることにしました。,Kono shigoto o yameru koto ni shimashita,I decided to quit this job.
sent-1927,やめる,Essential Verbs,タバコをやめるべきです。,Tabako o yameru beki desu,You should quit smoking.
sent-1928,やめる,Essential Verbs,彼はギャンブルをやめる約束をした。,Kare wa gyanburu o yameru yakusoku o shita,He promised to quit gambling.
sent-1929,やめる,Essential Verbs,その計画は難しくなったので、やめることにしました。,"Sono keikaku wa muzukashiku natta node, yameru koto ni shimashita","Since the plan became difficult, I decided to quit it."
sent-1930,やめる,Essential Verbs,怒っている状況では、話し合いをやめるべきだ。,"Okotteiru joukyou de wa, hanashiai o yameru beki da","In a situation where you are angry, you should stop talking."
sent-1931,辞める,Essential Verbs,仕事を辞めることを決めました。,Shigoto o yameru koto o kimemashita,I decided to quit my job.
sent-1932,辞める,Essential Verbs,彼は過労で会社を辞めることになった。,Kare wa karou de kaisha o yameru koto ni natta,He had to quit the company due to overwork.
sent-1933,辞める,Essential Verbs,去年、私は高校を辞める決心をしました。,"Kyonen, watashi wa koukou o yameru kesshin o shimashita","Last year, I made up my mind to quit high school."
sent-1934,辞める,Essential Verbs,彼女は人間関係の悩みで部活を辞めてしまいました。,Kanojo wa ningen kankei no nayami de bukatsu o yamete shimaimashita,She quit the club activity because of her troubles in human relationships.
sent-1935,辞める,Essential Verbs,もしこのプロジェクトがうまくいかなかったら、会社を辞めることを考えるかもしれません。,"Moshi kono purojekuto ga umaku ikanakattara, kaisha o yameru koto o kangaeru kamo shiremasen","If this project doesn't go well, I might consider quitting the company."
sent-1936,やる,Essential Verbs,この仕事をやるのは彼が適任だ。,Kono shigoto o yaru no wa kare ga tekinin da.,He is the right person to do this job.
sent-1937,やる,Essential Verbs,彼は宿題をやる前にテレビを見る。,Kare wa shukudai o yaru mae ni terebi o miru.,He watches TV before doing his homework.
sent-1938,やる,Essential Verbs,今週の金曜日にパーティーをやる予定です。,Konshuu no kinyoubi ni paatii o yaru yotei desu.,We are planning to have a party this Friday.
sent-1939,やる,Essential Verbs,もし成績が上がらなければ、親にやる気を出してもらう必要がある。,"Moshi seiseki ga agaranakereba, oya ni yaru ki o dashite morau hitsuyou ga aru.","If my grades don't improve, I need to get my parents to motivate me."
sent-1940,やる,Essential Verbs,彼は毎日犬の散歩をやる責任がある。,Kare wa mainichi inu no sanpo o yaru sekinin ga aru.,He has the responsibility to walk the dog every day.
sent-1941,やせる,Essential Verbs,ダイエットで頑張って、5キロやせることができました。,"Daietto de ganbatte, 5-kiro yaseru koto ga dekimashita.",I worked hard on my diet and managed to lose 5 kilograms.
sent-1942,やせる,Essential Verbs,運動しながらバランスの取れた食事を心掛け、少しずつやせることが大切だ。,"Undou shinagara baransu no totta shokuji o kokorogake, sukoshi zutsu yaseru koto ga taisetsu da.","While exercising, it's important to be mindful of a balanced diet and gradually lose weight."
sent-1943,やせる,Essential Verbs,ストレスをためすぎると、体調を崩してやせることがあります。,"Sutoresu o tamesugiru to, taichou o kuzushite yaseru koto ga arimasu.","If you accumulate too much stress, it can cause you to lose weight and harm your health."
sent-1944,やせる,Essential Verbs,継続的に運動をすることで、健康的にやせることができます。,"Keizokuteki ni undou o suru koto de, kenkouteki ni yaseru koto ga dekimasu.","By continuously exercising, you can lose weight in a healthy way."
sent-1945,やせる,Essential Verbs,無理なダイエットは、一時的にやせるかもしれないが、長期的にはリバウンドする可能性がある。,"Muri na daietto wa, ichijiteki ni yaseru kamoshirenai ga, choukiteki ni wa ribaundo suru kanousei ga aru.","An unreasonable diet may make you lose weight temporarily, but it has the possibility of causing a rebound in the long term."
sent-1946,休む,Essential Verbs,今日は疲れたので、早めに休むことにしました。,"Kyou wa tsukareta node, hayame ni yasumu koto ni shimashita.",I decided to rest early today because I was tired.
sent-1947,休む,Essential Verbs,週末は家でゆっくり休む予定です。,Shuumatsu wa ie de yukkuri yasumu yotei desu.,I plan to relax and rest at home on the weekend.
sent-1948,休む,Essential Verbs,休憩を取って少し休む必要があります。,Kyuukei o totte sukoshi yasumu hitsuyou ga arimasu.,There is a need to take a break and rest for a bit.
sent-1949,休む,Essential Verbs,時々、仕事を休むことでストレスを解消できます。,"Tokidoki, shigoto o yasumu koto de sutoresu o kaishou dekimasu.","Sometimes, taking a break from work can relieve stress."
sent-1950,休む,Essential Verbs,風邪をひいてしまったので、今日は学校を休むことになりました。,"Kaze o hiite shimatta node, kyou wa gakkou o yasumu koto ni narimashita.","I caught a cold, so I had to take a day off from school today."
sent-1951,雇う,Essential Verbs,新しい従業員を雇う予定です。,Atarashii juugyouin o yatou yotei desu.,We plan to hire new employees.
sent-1952,雇う,Essential Verbs,彼女は小学校の先生として雇われました。,Kanojo wa shougakkou no sensei toshite yatowaremashita.,She was hired as an elementary school teacher.
sent-1953,雇う,Essential Verbs,彼らは彼を会社の経営者として雇いました。,Karera wa kare o kaisha no keieisha to shite yatotta.,They hired him as the company's manager.
sent-1954,雇う,Essential Verbs,母は家庭教師を雇うことに決めました。,Haha wa kateikyoushi o yatou koto ni kimemashita.,My mother decided to hire a home tutor.
sent-1955,雇う,Essential Verbs,その企業は新卒者を多く雇っています。,Sono kigyou wa shinsotsusha o ōku yatotte imasu.,The company is hiring a lot of new graduates.
sent-1956,呼ぶ,Essential Verbs,彼を呼んでください。,Kare o yonde kudasai.,Please call him.
sent-1957,呼ぶ,Essential Verbs,私の名前を呼んだのは誰ですか？,Watashi no namae o yonda no wa dare desu ka?,Who called my name?
sent-1958,呼ぶ,Essential Verbs,友達が助けを呼ぶ声を聞いたので、私は急いで駆けつけました。,"Tomodachi ga tasuke o yobu koe o kiita node, watashi wa isoide kaketsukemashita.","I heard my friend calling for help, so I hurriedly ran to their aid."
sent-1959,呼ぶ,Essential Verbs,誰かが警察を呼ぶべきだと思うんです。,Dareka ga keisatsu o yobu beki da to omou n desu.,I think someone should call the police.
sent-1960,呼ぶ,Essential Verbs,彼は自分の名前が呼ばれるのを待っていました。,Kare wa jibun no namae ga yobareru no o matte imashita.,He was waiting for his name to be called.
sent-1961,読む,Essential Verbs,本を読むのが好きです。,Hon o yomu no ga suki desu,I like reading books.
sent-1962,読む,Essential Verbs,毎日新聞を読む習慣がある。,Mainichi shinbun o yomu shuukan ga aru,I have a habit of reading the newspaper every day.
sent-1963,読む,Essential Verbs,彼は詩を読むのが上手だ。,Kare wa shi o yomu no ga jouzu da,He is good at reading poetry.
sent-1964,読む,Essential Verbs,子供たちに寝る前の物語を読んであげるのが楽しい。,Kodomo-tachi ni neru mae no monogatari o yonde ageru no ga tanoshii,I enjoy reading bedtime stories to children.
sent-1965,読む,Essential Verbs,その本は一度読むだけでは理解が難しい。,Sono hon wa ichido yomu dake dewa rikai ga muzukashii,That book is difficult to understand just by reading it once.
sent-1966,喜ぶ,Essential Verbs,彼女はプレゼントをもらって喜んだ。,Kanojo wa purezento o moratte yorokonda,She was delighted to receive the present.
sent-1967,喜ぶ,Essential Verbs,彼はプロモーションの知らせを聞いて喜んでいた。,Kare wa puromōshon no shirase o kiite yorokonde ita,He was pleased to hear about the promotion.
sent-1968,喜ぶ,Essential Verbs,子供たちは雪が降って喜びました。,Kodomo-tachi wa yuki ga futte yorokobimashita,The children were excited about the snowfall.
sent-1969,喜ぶ,Essential Verbs,彼らは勝利を収めて喜んでいた。,Karera wa shouri o osamete yorokonde ita,They were jubilant at their victory.
sent-1970,喜ぶ,Essential Verbs,父は私の大学合格を聞いて喜びました。,Chichi wa watashi no daigaku goukaku o kiite yorokobimashita,My father was overjoyed to hear about my college acceptance.
sent-1971,寄る,Essential Verbs,休憩中にカフェに寄った。,Kyūkei-chū ni kafe ni yotta.,I stopped by a cafe during my break.
sent-1972,寄る,Essential Verbs,彼女は彼の家に寄って、映画を見に行くつもりだ。,"Kanojo wa kare no ie ni yotte, eiga o mi ni iku tsumori da.",She's planning to stop by his house and go to watch a movie.
sent-1973,寄る,Essential Verbs,帰り道で本屋に寄って、いくつかの本を買った。,"Kaeri michi de honya ni yotte, ikutsu ka no hon o katta.","On my way home, I stopped by the bookstore and bought some books."
sent-1974,寄る,Essential Verbs,友人が街に来たので、お店に寄りたいと言っていました。,"Yūjin ga machi ni kita node, omise ni yoritai to itteimashita.",My friend said they wanted to stop by some shops since they were in town.
sent-1975,寄る,Essential Verbs,会議のあと、同僚と飲みに寄ることにした。,"Kaigi no ato, dōryō to nomi ni yoru koto ni shita.","After the meeting, we decided to stop by for drinks with colleagues."
sent-1976,よる（因る）,Essential Verbs,事故は運転手の不注意によるものだ。,Jiko wa untenshu no fuchuui ni yoru mono da,The accident was caused by the driver's negligence.
sent-1977,よる（因る）,Essential Verbs,彼の成功は努力によるところが大きい。,Kare no seikou wa doryoku ni yoru tokoro ga ookii,His success is largely due to his efforts.
sent-1978,よる（因る）,Essential Verbs,地震による被害が相次いで報道されている。,Jishin ni yoru higai ga aitsugu houdou sarete iru,Earthquake-related damages are being reported one after another.
sent-1979,よる（因る）,Essential Verbs,そのプロジェクトは、資金不足により中止された。,"Sono purojekuto wa, shikin busoku ni yori chuushi sareta",The project was discontinued due to a lack of funds.
sent-1980,よる（因る）,Essential Verbs,今回の問題は、コミュニケーションの不足による誤解から生じた。,"Konkai no mondai wa, komyunikēshon no fusoku ni yoru gokai kara shoujita","This time, the problem arose from a misunderstanding due to a lack of communication."
sent-1981,酔う,Essential Verbs,酒に酔うと、彼は楽しそうに話す。,"Sake ni you to, kare wa tanoshisou ni hanasu","When he gets drunk, he talks happily."
sent-1982,酔う,Essential Verbs,彼女は船に乗ると酔いやすい。,Kanojo wa fune ni noru to yoi yasui,She gets seasick easily.
sent-1983,酔う,Essential Verbs,昨晩、彼は酒に酔って帰ってきた。,"Sakuban, kare wa sake ni yotte kaette kita","Last night, he came home drunk."
sent-1984,酔う,Essential Verbs,スピードを上げると、彼は車酔いする。,"Supīdo o ageru to, kare wa kuruma yoi suru","If the speed increases, he gets carsick."
sent-1985,酔う,Essential Verbs,成功に酔って、彼は高慢になってしまった。,"Seikou ni yotte, kare wa kouman ni natte shimatta","Intoxicated by success, he became arrogant."
sent-1986,割る,Essential Verbs,このケーキを四等分に割りたい。,Kono keeki o youtoubun ni waritai,I want to divide this cake into four equal parts.
sent-1987,割る,Essential Verbs,時間に迫られ、急いで問題を割り振る必要がある。,"Jikan ni semarare, isoide mondai o warifuru hitsuyou ga aru","Pressed for time, we need to quickly allocate the tasks."
sent-1988,割る,Essential Verbs,営業利益を全社員に割り当てる。,Eigyou rieki o zenshain ni wariateru,Allocate the operating profit to all employees.
sent-1989,割る,Essential Verbs,私たちの意見を二つに割ってしまった。,Watashitachi no iken o futatsu ni watatte shimatta,Our opinions became divided into two.
sent-1990,割る,Essential Verbs,財産の相続問題で家族を二つに割ってしまうことがあります。,Zaisan no souzoku mondai de kazoku o futatsu ni watatte shimau koto ga arimasu,Families can be divided over inheritance issues.
sent-1991,忘れる,Essential Verbs,忘れることなく、約束を守りましょう。,"Wasureru koto naku, yakusoku o mamorimashou",Let's keep our promises without forgetting them.
sent-1992,忘れる,Essential Verbs,彼はよく名前を忘れる。,Kare wa yoku namae o wasureru,He often forgets names.
sent-1993,忘れる,Essential Verbs,私は財布を家に忘れてしまった。,Watashi wa saifu o ie ni wasurete shimatta,I accidentally left my wallet at home.
sent-1994,忘れる,Essential Verbs,この素晴らしい思い出は、決して忘れることはできない。,"Kono subarashii omoide wa, kesshite wasureru koto wa dekinai",I can never forget these wonderful memories.
sent-1995,忘れる,Essential Verbs,締め切りについて忘れていたと言ったら、彼女がハァ?!と驚いた。,"Shimekiri ni tsuite wasurete ita to ittara, kanojo ga haa?! to odoroita","When I said I had forgotten about the deadline, she was surprised and exclaimed 'What?!'"
sent-1996,渡る,Essential Verbs,島から島へ船で渡ることがあります。,Shima kara shima e fune de wataru koto ga arimasu.,"Sometimes, people travel from island to island by boat."
sent-1997,渡る,Essential Verbs,鳥が海を渡る時に、非常に長い距離を飛ぶ必要があります。,"Tori ga umi o wataru toki ni, hijou ni nagai kyori o tobu hitsuyou ga arimasu.","When birds migrate across the ocean, they need to fly extremely long distances."
sent-1998,渡る,Essential Verbs,あの橋を渡るたびに、この川の美しさに感動します。,"Ano hashi o wataru tabi ni, kono kawa no utsukushisa ni kandou shimasu.","Every time I cross that bridge, I am moved by the beauty of this river."
sent-1999,渡る,Essential Verbs,大雨の後、道路が冠水し、渡るのが困難になりました。,"Ooame no ato, douro ga kansui shi, wataru no ga konnan ni narimashita.","After heavy rain, the roads were flooded and it became difficult to get across."
sent-2000,渡る,Essential Verbs,昔の時代には、人々は川を渡るために木製の舟を使っていました。,"Mukashi no jidai ni wa, hitobito wa kawa o wataru tame ni mokusei no fune o tsukatte imashita.","In ancient times, people used wooden boats to cross rivers."
sent-2001,わたる,Essential Verbs,橋が川にかかって渡る。,Hashi ga kawa ni kakatte wataru.,The bridge crosses over the river.
sent-2002,わたる,Essential Verbs,彼は渡るのに安全な場所を探している。,Kare wa wataru no ni anzen na basho o sagashite iru.,He is searching for a safe place to cross.
sent-2003,わたる,Essential Verbs,夏休み中、私たちは海を渡っていろいろな国を訪れる予定です.,"Natsuyasumi-chuu, watashitachi wa umi o watatte, iroiro na kuni o otozureru yotei desu.","During summer vacation, we plan to travel to various countries by crossing the sea."
sent-2004,わたる,Essential Verbs,台風がこの地域を渡ると、風が非常に強くなるだろう。,"Taifuu ga kono chiiki o wataru to, kaze ga hijou ni tsuyoku naru darou.","If the typhoon passes through this area, the wind will probably become very strong."
sent-2005,わたる,Essential Verbs,信号が青に変わったら、道路を渡ってください。,"Shingou ga ao ni kawattara, dourou o watatte kudasai.",Please cross the road when the traffic light turns green.
sent-2006,渡す,Essential Verbs,彼にプレゼントを渡しました。,Kare ni purezento o watashimashita,I handed a present to him.
sent-2007,渡す,Essential Verbs,書類の束を次の人に渡してください。,Shorui no taba o tsugi no hito ni watashite kudasai,Please pass the stack of documents to the next person.
sent-2008,渡す,Essential Verbs,私はコーヒーを渡す時に、こぼしてしまいました。,"Watashi wa koohii o watasu toki ni, koboshite shimaimashita",I spilled the coffee when I was handing it over.
sent-2009,渡す,Essential Verbs,彼女は先生に宿題を渡さなければなりませんでした。,Kanojo wa sensei ni shukudai o watasanakereba narimasen deshita,She had to hand in her homework to the teacher.
sent-2010,渡す,Essential Verbs,友達が駅でチケットを渡せるか心配しています。,Tomodachi ga eki de chiketto o watasu ka shinpai shiteimasu,I'm worried if my friend can hand me the ticket at the station.
sent-2011,破れる,Essential Verbs,服が破れてしまった。,Fuku ga yaburete shimatta,My clothes got torn.
sent-2012,破れる,Essential Verbs,笑いすぎて、破れるかと思った。,"Warai sugite, yabureru ka to omotta","I laughed so hard, I thought I would burst."
sent-2013,破れる,Essential Verbs,突風で傘が破れてしまい、困ってしまった。,"Toppū de kasa ga yaburete shimai, komatte shimatta","My umbrella got torn by a sudden gust of wind, and I was troubled."
sent-2014,破れる,Essential Verbs,紙袋が重たくて破れてしまった。,Kamibukuro ga omotakute yaburete shimatta,The paper bag was so heavy that it tore.
sent-2015,破れる,Essential Verbs,破れたボールはもう使えない。,Yabureta bōru wa mou tsukaenai,I can't use the torn ball anymore.
sent-2016,愛用する,Suru Verbs,彼はこのブランドのカバンを愛用している。,Kare wa kono burando no kaban o aiyou shite iru,He loves using bags from this brand.
sent-2017,愛用する,Suru Verbs,彼女は、そのパフュームを愛用している。,"Kanojo wa, sono pafyu-mu o aiyou shite iru",She loves using that perfume.
sent-2018,愛用する,Suru Verbs,私はこの携帯電話を５年間愛用しています。,Watashi wa kono keitai denwa o 5-nenkan aiyou shite imasu,I have been lovingly using this mobile phone for five years.
sent-2019,愛用する,Suru Verbs,このカメラは、多くのプロの写真家に愛用されています。,"Kono kamera wa, ooku no puro no shashinka ni aiyou sareteimasu",This camera is loved and used by many professional photographers.
sent-2020,愛用する,Suru Verbs,彼は愛用するコーヒーメーカーをいつも自宅に持ち歩く。,Kare wa aiyou suru ko-hi- me-ka- o itsumo jitaku ni mochiaruku,He always carries his beloved coffee maker around at home.
sent-2021,アクセスする,Suru Verbs,最寄りの駅からアクセスするのが便利です。,Moyori no eki kara akusesu suru no ga benri desu,It is convenient to access from the nearest station.
sent-2022,アクセスする,Suru Verbs,このウェブサイトにアクセスするためには、パスワードが必要です。,"Kono uebusaito ni akusesu suru tame ni wa, pasuwādo ga hitsuyou desu",You need a password to access this website.
sent-2023,アクセスする,Suru Verbs,田中さんによると、そのデータには管理者権限でアクセスする必要があります。,"Tanaka-san ni yoru to, sono dēta ni wa kanrisha kengen de akusesu suru hitsuyou ga arimasu","According to Mr. Tanaka, you need administrator privileges to access that data."
sent-2024,アクセスする,Suru Verbs,道路が混雑しているので、電車でアクセスする方が速いでしょう。,"Douro ga konzatsu shite iru node, densha de akusesu suru hou ga hayai deshou","Since the roads are congested, it might be faster to access by train."
sent-2025,アクセスする,Suru Verbs,公共のPCから個人情報を扱うウェブサイトにアクセスするのは避けましょう。,Koukyou no PC kara kojin jouhou o atsukau uebusaito ni akusesu suru no wa sakemashou,Avoid accessing websites that handle personal information from public computers.
sent-2026,案内する,Suru Verbs,観光客を観光地へ案内する。,Kankoukyaku o kankouchi e annai suru.,To guide tourists to tourist sites.
sent-2027,案内する,Suru Verbs,市役所に行く方法を案内してください。,Shiyakusho ni iku houhou o annai shite kudasai.,Please guide me on how to get to the city hall.
sent-2028,案内する,Suru Verbs,彼が美術館へ案内してくれました。,Kare ga bijutsukan e annai shite kuremashita.,He guided me to the art museum.
sent-2029,案内する,Suru Verbs,新入社員に会社の施設を案内する。,Shinnyuu shain ni kaisha no shisetsu o annai suru.,To guide new employees around the company's facilities.
sent-2030,案内する,Suru Verbs,駅からホテルまでの道のりを案内されました。,Eki kara hoteru made no michinori o annai saremashita.,I was guided from the station to the hotel.
sent-2031,安心する,Suru Verbs,彼に電話がかかってきて、彼女は安心しました。,"Kare ni denwa ga kakatte kite, kanojo wa anshin shimashita","When he called, she felt relieved."
sent-2032,安心する,Suru Verbs,その説明を聞いて、私たちは安心しました。,"Sono setsumei o kiite, watashitachi wa anshin shimashita","After hearing that explanation, we felt relieved."
sent-2033,安心する,Suru Verbs,彼女が無事であることを知って安心した。,Kanojo ga buji de aru koto o shitte anshin shita,I felt relieved knowing that she was safe.
sent-2034,安心する,Suru Verbs,薬を飲むと、すぐに痛みが和らいで安心しました。,"Kusuri o nomu to, sugu ni itami ga yawaraide anshin shimashita","As soon as I took the medicine, the pain subsided, and I felt relieved."
sent-2035,安心する,Suru Verbs,お友達が手伝ってくれると言ってくれたので、安心しました。,"O-tomodachi ga tetsudatte kureru to itte kureta node, anshin shimashita",I felt relieved because my friend said they would help me.
sent-2036,安定する,Suru Verbs,経済が安定することが国民の生活に良い影響を与える。,Keizai ga antei suru koto ga kokumin no seikatsu ni yoi eikyou o ataeru.,Economic stability has a positive impact on the lives of citizens.
sent-2037,安定する,Suru Verbs,一度安定した状態になると、もはや大きな変化はありません。,"Ichido antei shita joutai ni naru to, mohaya ookina henka wa arimasen.","Once you reach a stable state, there will be no more significant changes."
sent-2038,安定する,Suru Verbs,この橋の構造は地震にも安定するように設計されています。,Kono hashi no kouzou wa jishin ni mo antei suru you ni sekkei sarete imasu.,The structure of this bridge is designed to be stable even during earthquakes.
sent-2039,安定する,Suru Verbs,彼は新しい仕事をして、ようやく人生が安定するようになった。,"Kare wa atarashii shigoto o shite, youyaku jinsei ga antei suru you ni natta.","He started a new job, and his life finally became stable."
sent-2040,安定する,Suru Verbs,その会社は競争が激しい業界で、何とか利益を上げて成長し、安定することができた。,"Sono kaisha wa kyousou ga hageshii gyoukai de, nantoka rieki o agete seichou shi, antei suru koto ga dekita.","The company was able to increase profits, grow, and stabilize in a highly competitive industry."
sent-2041,アップする,Suru Verbs,写真をアップする前にフィルターできれいにしてみた。,"Shashin o appu suru mae ni, firutaa de kirei ni shite mita.",I tried to clean up the photo with a filter before uploading it.
sent-2042,アップする,Suru Verbs,今日は新商品のウェブサイトをアップする予定です。,Kyou wa shinshouhin no uebusaito o appu suru yotei desu.,"Today, we plan to upload the new product's website."
sent-2043,アップする,Suru Verbs,プロジェクトの進捗状況をアップするのを忘れないでください。,Purojekuto no shinchoku joukyou o appu suru no o wasurenai de kudasai.,Please don't forget to upload the project's progress status.
sent-2044,アップする,Suru Verbs,彼は自分のブログに毎日何かをアップするのが好きだ。,Kare wa jibun no burogu ni mainichi nanika o appu suru no ga suki da.,He likes to upload something on his blog every day.
sent-2045,アップする,Suru Verbs,この動画の編集が終わったら、すぐにYouTubeにアップします。,"Kono douga no henshuu ga owattara, sugu ni YouTube ni appu shimasu.","As soon as I finish editing this video, I'll upload it to YouTube."
sent-2046,アレンジする,Suru Verbs,彼女は料理を上手にアレンジして、美味しくなりました。,"Kanojo wa ryouri o jouzu ni arenji shite, oishiku narimashita.","She arranged the dish skillfully, making it more delicious."
sent-2047,アレンジする,Suru Verbs,この曲はオリジナル版から大胆にアレンジされています。,Kono kyoku wa orijinaru-ban kara daitan ni arenji sarete imasu.,This song has been boldly arranged from the original version.
sent-2048,アレンジする,Suru Verbs,部屋を新しくアレンジしたら、気分も変わるでしょう。,"Heya o atarashiku arenji shitara, kibun mo kawaru deshou.","If you rearrange the room, your mood will probably change."
sent-2049,アレンジする,Suru Verbs,母のレシピを少しアレンジして、新しい味を生み出した。,"Haha no reshipi o sukoshi arenji shite, atarashii aji o umidashita.","By making some adjustments to my mother's recipe, I created a new flavor."
sent-2050,アレンジする,Suru Verbs,日本の古典音楽を現代風にアレンジしたコンサートが開かれます。,Nihon no koten ongaku o gendaifu ni arenji shita konsaato ga hirakaremasu.,A concert featuring Japanese classical music arranged in a modern style will be held.
sent-2051,爆発する,Suru Verbs,火山が突然爆発した。,Kazan ga totsuzen bakuhatsu shita.,The volcano suddenly erupted.
sent-2052,爆発する,Suru Verbs,ガス漏れが原因で家が爆発した。,Gasu more ga gen'in de ie ga bakuhatsu shita.,The house exploded due to a gas leak.
sent-2053,爆発する,Suru Verbs,その工場で事故が起き、大きな爆発があった。,"Sono koujou de jiko ga oki, ookina bakuhatsu ga atta.",There was an accident at the factory and a large explosion occurred.
sent-2054,爆発する,Suru Verbs,爆竹が突然爆発し、近所の住民に驚かれた。,"Bakuchiku ga totsuzen bakuhatsu shi, kinjo no juumin ni odorokareta.","The firecrackers suddenly exploded, surprising the nearby residents."
sent-2055,爆発する,Suru Verbs,バッテリーの欠陥が電気自動車の爆発事故につながった。,Batterī no kekkan ga denki jidousha no bakuhatsu jiko ni tsunagatta.,A battery defect led to an explosion accident with the electric vehicle.
sent-2056,弁護する,Suru Verbs,彼は無実の罪を着せられたが、弁護士が彼を弁護し続けた。,"Kare wa mujitsu no tsumi o kiserareta ga, bengoshi ga kare o bengo shitsuzuketa.","He was falsely accused, but his lawyer continued to defend him."
sent-2057,弁護する,Suru Verbs,彼女は友人が悪口を言われているのを見て、すぐにその友人を弁護した。,"Kanojo wa yūjin ga waruguchi o iwarete iru no o mite, sugu ni sono yūjin o bengo shita.","Upon seeing her friend being bad-mouthed, she immediately defended her friend."
sent-2058,弁護する,Suru Verbs,映画での弁護士の役割は、被告人を弁護することだ。,"Eiga de no bengoshi no yakuwari wa, hikokujin o bengo suru koto da.",The role of a lawyer in a movie is to defend the defendant.
sent-2059,弁護する,Suru Verbs,彼は自分の弁護士に、法廷で自分をうまく弁護するよう頼んだ。,"Kare wa jibun no bengoshi ni, hōtei de jibun o umaku bengo suru yō tanonda.",He asked his lawyer to defend him well in court.
sent-2060,弁護する,Suru Verbs,裁判において、犯罪被疑者は自分の立場を弁護する権利がある。,"Saiban ni oite, hanzai higisha wa jibun no tachiba o bengo suru kenri ga aru.","In a trial, a criminal suspect has the right to defend their position."
sent-2061,勉強する,Suru Verbs,毎日２時間英語を勉強する。,Mainichi 2 jikan Eigo o benkyou suru,I study English for two hours every day.
sent-2062,勉強する,Suru Verbs,週末は図書館で勉強することが多いです。,Shuumatsu wa toshokan de benkyou suru koto ga ooi desu,I often study at the library on weekends.
sent-2063,勉強する,Suru Verbs,彼は成績が上がるために一生懸命勉強している。,Kare wa seiseki ga agaru tame ni isshoukenmei benkyou shite iru,He is studying hard in order to improve his grades.
sent-2064,勉強する,Suru Verbs,語学を勉強するのが好きです。,Gogaku o benkyou suru no ga suki desu,I like studying foreign languages.
sent-2065,勉強する,Suru Verbs,私たちは明日のテストのために今晩勉強する必要がある。,Watashitachi wa ashita no tesuto no tame ni konban benkyou suru hitsuyou ga aru,We need to study tonight for tomorrow's test.
sent-2066,弁償する,Suru Verbs,彼は壊した窓を弁償する必要がある。,Kare wa kowashita mado o benshou suru hitsuyou ga aru.,He needs to compensate for the broken window.
sent-2067,弁償する,Suru Verbs,その損失に対しては、会社が弁償しなければならない。,"Sono sonshitsu ni taishite wa, kaisha ga benshou shinakereba naranai.",The company must compensate for the loss.
sent-2068,弁償する,Suru Verbs,彼は私の車を傷つけたので、修理費を弁償しなければなりません。,"Kare wa watashi no kuruma o kizutsuketa node, shuurihi o benshou shinakereba narimasen.",He has to compensate for the repair costs since he damaged my car.
sent-2069,弁償する,Suru Verbs,彼女は私の本をなくしたため、新しいものを買って弁償することになった。,"Kanojo wa watashi no hon o nakushita tame, atarashii mono o katte benshou suru koto ni natta.",She had to compensate by buying a new one because she lost my book.
sent-2070,弁償する,Suru Verbs,借りたものを壊してしまったら、弁償する責任がある。,"Karita mono o kowashite shimattara, benshou suru sekinin ga aru.","If you break something that you borrowed, you have the responsibility to compensate for it."
sent-2071,防止する,Suru Verbs,事故を防止するために注意深く運転しましょう。,Jiko o boushi suru tame ni chuui bukaku unten shimashou.,Let's drive carefully to prevent accidents.
sent-2072,防止する,Suru Verbs,環境破壊を防止するために、持続可能な取り組みが必要です。,"Kankyou hakai o boushi suru tame ni, jizoku kanou na torikumi ga hitsuyou desu.",Sustainable initiatives are needed to prevent environmental destruction.
sent-2073,防止する,Suru Verbs,社内の情報漏洩を防止するために、厳重なセキュリティ対策が施されています。,"Shanai no jouhou rouei o boushi suru tame ni, genjuu na sekyuriti taisaku ga hodokosa reteimasu.",Strict security measures are in place to prevent information leaks within the company.
sent-2074,防止する,Suru Verbs,病気の感染を防止するために、手洗いやマスクを着用しましょう。,"Byouki no kansen o boushi suru tame ni, tewarai ya masuku o chakuyou shimashou.",Let's wear masks and wash our hands to prevent the spread of illnesses.
sent-2075,防止する,Suru Verbs,児童労働を防止するために、国際的なルールが策定されている。,"Jidou roudou o boushi suru tame ni, kokusaiteki na ruuru ga sakutei sarete iru.",International regulations have been established to prevent child labor.
sent-2076,募集する,Suru Verbs,新入生を募集することにした。,Shinnyuusei o boshuu suru koto ni shita.,We decided to recruit new students.
sent-2077,募集する,Suru Verbs,仕事の応募者を募集するために、求人広告を出すことにしました。,"Shigoto no oubo-sha o boshuu suru tame ni, kyuujin koukoku o dasu koto ni shimashita.",We decided to post a job advertisement to recruit job applicants.
sent-2078,募集する,Suru Verbs,資金を募集することで、新しいプロジェクトを立ち上げることができた。,"Shikin o boshuu suru koto de, atarashii purojekuto o tachiageru koto ga dekita.","By raising funds, we were able to launch a new project."
sent-2079,募集する,Suru Verbs,ボランティア活動に参加者を募集する予定です。,Borantia katsudou ni sankasha o boshuu suru yotei desu.,We are planning to recruit participants for volunteer activities.
sent-2080,募集する,Suru Verbs,このコンテストでは、作品を募集しています。,"Kono kontesuto dewa, sakuhin o boshuu shiteimasu.","In this contest, we are soliciting works."
sent-2081,分析する,Suru Verbs,そのデータを分析するためには、専門的な知識が必要です。,"Sono dēta o bunseki suru tame ni wa, senmon-teki na chishiki ga hitsuyō desu.","To analyze that data, specialized knowledge is required."
sent-2082,分析する,Suru Verbs,市場調査の結果を分析することで、ビジネス戦略を立てることができます。,"Ichiba chōsa no kekka o bunseki suru koto de, bijinesu senryaku o tateru koto ga dekimasu.","By analyzing the results of market research, you can develop business strategies."
sent-2083,分析する,Suru Verbs,試合の後、選手たちは自分たちのプレイを分析することが大切です。,"Shiai no ato, senshu-tachi wa jibun-tachi no purei o bunseki suru koto ga taisetsu desu.","After the game, it is important for players to analyze their own play."
sent-2084,分析する,Suru Verbs,現在の経済状況を分析することで、将来の展望を予測することができます。,"Genzai no keizai jōkyō o bunseki suru koto de, shōrai no tenbō o yosoku suru koto ga dekimasu.","By analyzing the current economic situation, future prospects can be predicted."
sent-2085,分析する,Suru Verbs,詩の意味を深く理解するために、その言葉を分析することが役立ちます。,"Shi no imi o fukaku rikai suru tame ni, sono kotoba o bunseki suru koto ga yakudachi masu.",Analyzing the words of a poem is helpful in understanding its meaning deeply.
sent-2086,チャレンジする,Suru Verbs,新しい仕事にチャレンジすることに決めました。,Atarashii shigoto ni charenji suru koto ni kimemashita.,I decided to take on the challenge of a new job.
sent-2087,チャレンジする,Suru Verbs,言語学習をチャレンジすることで自分を成長させる。,Gengo gakushuu o charenji suru koto de jibun o seichou saseru.,Challenging yourself in language learning can help you grow.
sent-2088,チャレンジする,Suru Verbs,自分の限界にチャレンジすることで、新たな可能性を見つけられる。,"Jibun no genkai ni charenji suru koto de, arata na kanousei o mitsukerareru.","By challenging your limits, you can discover new possibilities."
sent-2089,チャレンジする,Suru Verbs,大会で優勝を目指してチャレンジします。,Taikai de yuushou o mezashite charenji shimasu.,I will challenge myself to win the championship at the tournament.
sent-2090,チャレンジする,Suru Verbs,これから新しい年に向けて、新しい目標にチャレンジしましょう。,"Korekara atarashii toshi ni mukete, atarashii mokuhyou ni charenji shimashou.",Let's challenge ourselves to achieve new goals as we move towards the new year.
sent-2091,遅刻する,Suru Verbs,彼は仕事に度々遅刻する。,Kare wa shigoto ni tabitabi chikoku suru,He is often late for work.
sent-2092,遅刻する,Suru Verbs,電車が遅れたので、私は会議に遅刻することになった。,"Densha ga okureta no de, watashi wa kaigi ni chikoku suru koto ni natta","Because the train was delayed, I ended up being late for the meeting."
sent-2093,遅刻する,Suru Verbs,彼女は病気で遅刻することを許されました。,Kanojo wa byouki de chikoku suru koto o yurusaremashita,She was excused for being late due to illness.
sent-2094,遅刻する,Suru Verbs,遅刻する理由を先生に説明しなければなりません。,Chikoku suru riyuu o sensei ni setsumei shinakereba narimasen,I have to explain to the teacher the reason why I am late.
sent-2095,遅刻する,Suru Verbs,今日は遅刻するわけにはいかないので、急いで行く必要がある。,"Kyou wa chikoku suru wake ni wa ikanai no de, isoide iku hitsuyou ga aru","Since I cannot be late today, I need to hurry."
sent-2096,貯金する,Suru Verbs,毎月一定額を貯金することが大事です。,Maitsuki itteigaku o chokin suru koto ga daiji desu.,It is important to save a fixed amount every month.
sent-2097,貯金する,Suru Verbs,将来のために、今から貯金することが重要です。,"Shourai no tame ni, ima kara chokin suru koto ga juuyou desu.","For the future, it is important to start saving now."
sent-2098,貯金する,Suru Verbs,貯金することで、急な出費に対応できます。,"Chokin suru koto de, kyuu na shuppi ni taiou dekimasu.","By saving, you can cope with sudden expenses."
sent-2099,貯金する,Suru Verbs,学生時代から貯金する習慣を身につけておくことが賢明です。,Gakusei jidai kara chokin suru shuukan o mi ni tsukete oku koto ga kenmei desu.,It is wise to develop a habit of saving money since your student days.
sent-2100,貯金する,Suru Verbs,大きな買い物をする前に、まず貯金することをお勧めします。,"Ookina kaimono o suru mae ni, mazu chokin suru koto o osusume shimasu.","Before making a big purchase, we recommend you save money first."
sent-2101,調査する,Suru Verbs,インターネットで情報を調査する。,Intaanetto de jouhou o chousa suru,Investigate information on the Internet.
sent-2102,調査する,Suru Verbs,この問題について詳しく調査する必要があります。,Kono mondai ni tsuite kuwashiku chousa suru hitsuyou ga arimasu,We need to investigate this issue in detail.
sent-2103,調査する,Suru Verbs,警察は事件の背後にある原因を調査しています。,Keisatsu wa jiken no haigo ni aru gen'in o chousa shiteimasu,The police are investigating the cause behind the incident.
sent-2104,調査する,Suru Verbs,市場の需要と供給を調査することがマーケティング戦略の基本です。,Shijou no juyou to kyoukyuu o chousa suru koto ga maaketingu senryaku no kihon desu,Investigating market demand and supply is the basis of marketing strategy.
sent-2105,調査する,Suru Verbs,私たちはこのプロジェクトのために競合他社を調査する必要があります。,Watashitachi wa kono purojekuto no tame ni kyougou tasha o chousa suru hitsuyou ga arimasu,We need to investigate competitors for this project.
sent-2106,調整する,Suru Verbs,スケジュールを調整する必要がある。,Sukeju-ru o chousei suru hitsuyou ga aru,There is a need to adjust the schedule.
sent-2107,調整する,Suru Verbs,仕事とプライベートのバランスを調整することが大切だ。,Shigoto to puraibeeto no baransu o chousei suru koto ga taisetsu da,It's important to adjust the balance between work and private life.
sent-2108,調整する,Suru Verbs,チーム内で意見を調整することが重要です。,Chi-mu nai de iken o chousei suru koto ga juuyou desu,It is important to coordinate opinions within the team.
sent-2109,調整する,Suru Verbs,音量を調整することで、快適に音楽を楽しめます。,"Onryou o chousei suru koto de, kaiteki ni ongaku o tanoshimemasu","By adjusting the volume, you can enjoy music comfortably."
sent-2110,調整する,Suru Verbs,計画を調整するために、会議を開くことにしました。,"Keikaku o chousei suru tame ni, kaigi o hiraku koto ni shimashita",We decided to hold a meeting to adjust the plan.
sent-2111,ちゅうちょする,Suru Verbs,彼はいつも決断が遅いので、何事も躊躇するとうわさされています。,"Kare wa itsumo ketsudan ga osoi node, nanigoto mo chuucho suru to uwasa sareteimasu.","He is always slow to make decisions, so he is rumored to be always hesitating about everything."
sent-2112,ちゅうちょする,Suru Verbs,彼女はあまりにも躊躇して、チャンスを逃がしてしまった。,"Kanojo wa amari ni mo chuucho shite, chansu o nogashite shimatta.",She hesitated too much and missed her chance.
sent-2113,ちゅうちょする,Suru Verbs,結婚のプロポーズに彼女が躊躇するのは、きっと何か理由があるだろう。,"Kekkon no puropoozu ni kanojo ga chuucho suru no wa, kitto nanika riyuu ga aru darou.","If she hesitates to accept his marriage proposal, there must be a reason."
sent-2114,ちゅうちょする,Suru Verbs,躊躇せずに、あなたの夢を掴みましょう。,"Chuucho sezu ni, anata no yume o tsukamimashou.","Don't hesitate, and go for your dreams."
sent-2115,ちゅうちょする,Suru Verbs,彼女は彼に告白することを躊躇しているが、もう時間がないことを気づいていない。,"Kanojo wa kare ni kokuhaku suru koto o chuucho shiteiru ga, mou jikan ga nai koto o kizuiteinai.","She is hesitating to confess her love to him, not realizing that there's not much time left."
sent-2116,注意する,Suru Verbs,注意することで、問題を避けることができます。,"Chuui suru koto de, mondai o yokeru koto ga dekimasu","By paying attention, you can avoid problems."
sent-2117,注意する,Suru Verbs,大切な物をなくさないように、注意する必要があります。,"Taisetsu na mono o nakusanai you ni, chuui suru hitsuyou ga arimasu",You need to be careful not to lose important things.
sent-2118,注意する,Suru Verbs,交通事故を避けるために、運転中は注意する必要があります。,"Koutsuu jiko o yokeru tame ni, unten-chuu wa chuui suru hitsuyou ga arimasu","In order to avoid traffic accidents, you need to be careful while driving."
sent-2119,注意する,Suru Verbs,高いところで働く際は、落下に注意することが重要です。,"Takai tokoro de hataraku sai wa, rakka ni chuui suru koto ga juuyou desu","When working at high places, it is important to be careful of falling."
sent-2120,注意する,Suru Verbs,健康のために、食事に注意することが大切です。,"Kenkou no tame ni, shokuji ni chuui suru koto ga taisetsu desu",It is important to be mindful of your diet for the sake of your health.
sent-2121,中継する,Suru Verbs,大会の様子がテレビで中継されている。,Taikai no yousu ga terebi de chuukei sarete iru,The competition is being broadcasted on TV.
sent-2122,中継する,Suru Verbs,友達がスマホでライブを中継してくれた。,Tomodachi ga sumaho de raibu o chuukei shite kureta,My friend live-streamed the concert for me on their smartphone.
sent-2123,中継する,Suru Verbs,オリンピックの開会式が全国に中継された。,Orinpikku no kaikaishiki ga zenkoku ni chuukei sareta,The Olympic opening ceremony was broadcasted nationwide.
sent-2124,中継する,Suru Verbs,会議中の内容を遠隔地に中継するため、ウェブカメラが必要だ。,"Kaigichuu no naiyou o enkaku chi ni chuukei suru tame, webukamera ga hitsuyou da.",We need a webcam to relay the contents of the meeting to remote locations.
sent-2125,中継する,Suru Verbs,新聞記者は会見の模様をライブ中継で伝えた。,Shinbun kisha wa kaiken no moyou o raibu chuukei de tsutaeta,The newspaper reporter conveyed the press conference through a live broadcast.
sent-2126,忠告する,Suru Verbs,友人が私に彼氏についての忠告をした。,Yuujin ga watashi ni kareshi ni tsuite no chuukoku o shita.,My friend advised me about my boyfriend.
sent-2127,忠告する,Suru Verbs,上司に、仕事の進め方に関して忠告されました。,"Joushi ni, shigoto no susumekata ni kanshite chuukoku saremashita.",My boss advised me on how to proceed with my work.
sent-2128,忠告する,Suru Verbs,先生は生徒に勉強の取り組み方を忠告した。,Sensei wa seito ni benkyou no torikumikata o chuukoku shita.,The teacher advised the students on how to approach their studies.
sent-2129,忠告する,Suru Verbs,同僚が、無理をしないようにと忠告してくれた。,"Douryou ga, muri o shinai you ni to chuukoku shite kureta.",My colleague advised me not to overdo it.
sent-2130,忠告する,Suru Verbs,彼はその件について父親から忠告を受けた。,Kare wa sono ken ni tsuite chichioya kara chuukoku o uketa.,He received advice from his father about that matter.
sent-2131,注目する,Suru Verbs,彼のスピーチには注目する価値がある。,Kare no supi-chi ni wa chumoku suru kachi ga aru.,His speech is worth paying attention to.
sent-2132,注目する,Suru Verbs,最近の医学界では新しい治療法が注目されている。,Saikin no igakukai de wa atarashii chiryouhou ga chumoku sarete iru.,The recent medical world has been focusing on new treatment methods.
sent-2133,注目する,Suru Verbs,そのデザイナーは若者たちから注目されている。,Sono dezaina- wa wakamono-tachi kara chumoku sarete iru.,The designer is attracting attention from young people.
sent-2134,注目する,Suru Verbs,注目すべきポイントは、この報告書の最後の部分にあります。,"Chumoku subeki pointo wa, kono houkokusho no saigo no bubun ni arimasu.",The point worth noting is in the last part of this report.
sent-2135,注目する,Suru Verbs,彼は注目すべき選手で、ファンが増えています。,"Kare wa chumoku subeki senshu de, fan ga fuete imasu.","He is a notable player, and his fanbase is growing."
sent-2136,注文する,Suru Verbs,注文する前に、メニューをよく見てください。,"Chuumon suru mae ni, menyu- o yoku mite kudasai.",Please look at the menu carefully before ordering.
sent-2137,注文する,Suru Verbs,このアプリで簡単に注文することができます。,Kono apuri de kantan ni chuumon suru koto ga dekimasu.,You can easily order using this app.
sent-2138,注文する,Suru Verbs,私は彼にピザを注文するよう頼んだ。,Watashi wa kare ni piza o chuumon suru you tanonda.,I asked him to order pizza.
sent-2139,注文する,Suru Verbs,お客さんが多いので、注文するのに時間がかかります。,"O-kyakusan ga ooi node, chuumon suru no ni jikan ga kakarimasu.","Due to many customers, it takes time to order."
sent-2140,注文する,Suru Verbs,注文した商品が届かなかったので、問い合わせました。,"Chuumon shita shouhin ga todokanakatta node, toiawasemashita.",I inquired because the ordered product did not arrive.
sent-2141,中止する,Suru Verbs,台風のため試合が中止されました。,Taifuu no tame shiai ga chuushi saremashita.,The game was cancelled due to the typhoon.
sent-2142,中止する,Suru Verbs,雨で花火大会が中止になった。,Ame de hanabi taikai ga chuushi ni natta.,The fireworks festival was cancelled due to rain.
sent-2143,中止する,Suru Verbs,コンサートは急なスケジュールの変更で中止されました。,Konsaato wa kyuuna sukeju-ru no henko- de chuushi saremashita.,The concert was cancelled due to a sudden schedule change.
sent-2144,中止する,Suru Verbs,そのプロジェクトは資金不足で中止された。,Sono purojekuto wa shikin busoku de chuushi sareta.,The project was cancelled due to lack of funds.
sent-2145,中止する,Suru Verbs,不運な事故が起こったため、イベントが中止されました。,"Fuun'na jiko ga okotta tame, ibento ga chuushi saremashita.",The event was cancelled due to an unfortunate accident.
sent-2146,ダウンロードする,Suru Verbs,この音楽アプリで好きな曲をダウンロードすることができます。,Kono ongaku apuri de sukina kyoku o daunro-do suru koto ga dekimasu,You can download your favorite songs using this music app.
sent-2147,ダウンロードする,Suru Verbs,教材をダウンロードして、勉強を始めましょう。,"Kyouzai o daunro-do shite, benkyou o hajimemashou",Let's download the materials and start studying.
sent-2148,ダウンロードする,Suru Verbs,新しいアップデートが利用可能になったので、ダウンロードしてインストールしてください。,"Atarashii appu-de-to ga riyou kanou ni natta node, daunro-do shite insuto-ru shite kudasai","A new update is available, so please download and install it."
sent-2149,ダウンロードする,Suru Verbs,このウェブサイトから無料で電子書籍をダウンロードすることができます。,Kono uebusaito kara muryou de denshi shoseki o daunro-do suru koto ga dekimasu,You can download e-books for free from this website.
sent-2150,ダウンロードする,Suru Verbs,ゲームをダウンロードする前に、ネットワーク環境を確認してください。,"Ge-mu o daunro-do suru mae ni, nettowa-ku kankyou o kakunin shite kudasai",Please check your network environment before downloading the game.
sent-2151,妥協する,Suru Verbs,彼らは互いに妥協することで合意に達した。,Karera wa tagai ni dakyou suru koto de goui ni tasshita.,They reached an agreement by compromising with each other.
sent-2152,妥協する,Suru Verbs,どちらの意見も受け入れられる結果を作るために、妥協する必要がある。,"Dochira no iken mo ukeirerareru kekka o tsukuru tame ni, dakyou suru hitsuyou ga aru.","In order to produce a result that both opinions can accept, it is necessary to compromise."
sent-2153,妥協する,Suru Verbs,彼は質を維持するために、決して妥協しない人だ。,"Kare wa shitsu o iji suru tame ni, kesshite dakyou shinai hito da.",He is a person who never compromises in order to maintain quality.
sent-2154,妥協する,Suru Verbs,プロジェクトの期限が近づいているため、いくつかの点で妥協することを余儀なくされた。,"Purojekuto no kigen ga chikazuite iru tame, ikutsu ka no ten de dakyou suru koto o yoginaku sareta.","As the deadline for the project is approaching, we were forced to compromise on several points."
sent-2155,妥協する,Suru Verbs,理想的な解決策は見つからなかったが、何らかの妥協をして事態を収拾しなければならなかった。,"Risouteki na kaiketsu-saku wa mitsukaranakatta ga, nanraka no dakyou o shite jitai o shuushuu shinakereba naranakatta.","Although we couldn't find an ideal solution, we had to compromise and settle the situation somehow."
sent-2156,ダンスする,Suru Verbs,今夜はクラブでダンスする予定がある。,Konya wa kurabu de dansu suru yotei ga aru.,I have plans to dance at the club tonight.
sent-2157,ダンスする,Suru Verbs,昨日、彼女と一緒にダンスする機会があった。,"Kinou, kanojo to issho ni dansu suru kikai ga atta.","Yesterday, I had the opportunity to dance with her."
sent-2158,ダンスする,Suru Verbs,ダンスすることでストレスを解消する人もいる。,Dansu suru koto de sutoresu o kaishou suru hito mo iru.,Some people relieve stress by dancing.
sent-2159,ダンスする,Suru Verbs,彼はダンスするのがとても上手だ。,Kare wa dansu suru no ga totemo jouzu da.,He is very good at dancing.
sent-2160,ダンスする,Suru Verbs,学校の文化祭でダンスするパフォーマンスを披露した。,Gakkou no bunkasai de dansu suru pafoomansu o hirou shita.,I showcased a dance performance at the school cultural festival.
sent-2161,電話する,Suru Verbs,友達に電話して今日の予定を確認するつもりだ。,Tomodachi ni denwa shite kyou no yotei o kakunin suru tsumori da.,I plan to call my friend and confirm today's schedule.
sent-2162,電話する,Suru Verbs,会議が終わったら、上司に電話して報告しなければなりません。,"Kaigi ga owattara, joushi ni denwa shite houkoku shinakereba narimasen.","After the meeting, I must call my boss to report."
sent-2163,電話する,Suru Verbs,病院に電話して、予約を取らないといけない。,"Byouin ni denwa shite, yoyaku o toranai to ikenai.",I have to call the hospital to make a reservation.
sent-2164,電話する,Suru Verbs,彼女は母親に電話して新しい仕事の話をした。,Kanojo wa hahaoya ni denwa shite atarashii shigoto no hanashi o shita.,She called her mother and talked about her new job.
sent-2165,電話する,Suru Verbs,遅れる場合は、事前に電話して連絡してください。,"Okureru baai wa, jizen ni denwa shite renraku shite kudasai.","If you're going to be late, please call and let us know in advance."
sent-2166,独立する,Suru Verbs,彼は会社を独立することを決めた。,Kare wa kaisha o dokuritsu suru koto o kimeta,He decided to make his company independent.
sent-2167,独立する,Suru Verbs,独立するためには資金が必要だ。,Dokuritsu suru tame ni wa shikin ga hitsuyou da.,We need funds in order to become independent.
sent-2168,独立する,Suru Verbs,子供たちはいつか家を出て独立することが自然だ。,Kodomo-tachi wa itsuka ie o dete dokuritsu suru koto ga shizen da,It is natural for children to eventually leave home and become independent.
sent-2169,独立する,Suru Verbs,彼女は独立することを決心し、自分のビジネスを始めた。,"Kanojo wa dokuritsu suru koto o kesshin shi, jibun no bijinesu o hajimeta",She decided to become independent and started her own business.
sent-2170,独立する,Suru Verbs,彼らは独立する勇気を持って挑戦し続けました。,Karera wa dokuritsu suru yuuki o motte chousen shi tsudzukemashita,They continued to challenge with the courage to become independent.
sent-2171,同意する,Suru Verbs,彼の意見に同意する人が多かった。,Kare no iken ni douisuru hito ga ookatta,Many people agreed with his opinion.
sent-2172,同意する,Suru Verbs,私は彼の提案に同意するしかなかった。,Watashi wa kare no teian ni douisuru shika nakatta,I had no choice but to agree with his proposal.
sent-2173,同意する,Suru Verbs,彼女は私の考えに同意すると言ってくれた。,Kanojo wa watashi no kangae ni douisuru to itte kureta,She said she agreed with my thoughts.
sent-2174,同意する,Suru Verbs,この計画には社内のほとんどの人が同意するだろう。,Kono keikaku niwa shanai no hotondo no hito ga douisuru darou,Most people in the company will likely agree with this plan.
sent-2175,同意する,Suru Verbs,親が同意するまで、私たちは旅行に行けません。,"Oya ga douisuru made, watashitachi wa ryokou ni ikemasen",We cannot go on the trip until our parents agree.
sent-2176,導入する,Suru Verbs,新しい技術を会社に導入することを検討しています。,Atarashii gijutsu o kaisha ni dounyuu suru koto o kentou shiteimasu.,We are considering introducing new technology to the company.
sent-2177,導入する,Suru Verbs,その企業は最新のシステムを導入する予定です。,Sono kigyou wa saishin no shisutemu o dounyuu suru yotei desu.,The company plans to introduce the latest system.
sent-2178,導入する,Suru Verbs,政府は新しい教育プログラムを導入するための法案を提出しました。,Seifu wa atarashii kyouiku puroguramu o dounyuu suru tame no houan o teishutsu shimashita.,The government has submitted a bill to introduce a new educational program.
sent-2179,導入する,Suru Verbs,企業は省エネルギー対策として、環境に優しい設備を導入する計画である。,"Kigyou wa shou enerugii taisaku toshite, kankyou ni yasashii setsubi o dounyuu suru keikaku de aru.",The company plans to introduce environmentally friendly equipment as an energy-saving measure.
sent-2180,導入する,Suru Verbs,今後3年で全国の小学校に英語教育を導入することが目標です。,Kongo san-nen de zenkoku no shougakkou ni eigo kyouiku o dounyuu suru koto ga mokuhyou desu.,The goal is to introduce English education to elementary schools nationwide in the next three years.
sent-2181,ドラッグする,Suru Verbs,ファイルをドラッグして、別のフォルダに移動させます。,"Fairu o doraggu shite, betsu no foruda ni idou sasemasu.",Drag the file to move it to another folder.
sent-2182,ドラッグする,Suru Verbs,文字をドラッグして選択してください。,Moji o doraggu shite sentaku shite kudasai.,Please drag and select the characters.
sent-2183,ドラッグする,Suru Verbs,スクロールバーをドラッグして、ページを上下に移動させることができます。,"Sukurourubaa o doraggu shite, peeji o jouge ni idou saseru koto ga dekimasu.",You can move the page up and down by dragging the scrollbar.
sent-2184,ドラッグする,Suru Verbs,マウスでアイコンをドラッグして、デスクトップ上の位置を変更できます。,"Mausu de aikon o doraggu shite, desukutoppu jou no ichi o henkou dekimasu.",You can change the position of the icons on the desktop by dragging them with the mouse.
sent-2185,ドラッグする,Suru Verbs,地図上でピンをドラッグすることによって、場所を正確に指定できます。,"Chizu jou de pin o doraggu suru koto ni yotte, basho o seikaku ni shitei dekimasu.",You can specify the exact location by dragging the pin on the map.
sent-2186,努力する,Suru Verbs,彼は試験に合格するために毎日努力している。,Kare wa shiken ni goukaku suru tame ni mainichi doryoku shite iru.,He is making an effort every day to pass the exam.
sent-2187,努力する,Suru Verbs,野球部で活躍するために、彼は練習に努力しています。,"Yakyuubu de katsuyaku suru tame ni, kare wa renshuu ni doryoku shiteimasu.",He is putting effort into practice to excel in the baseball club.
sent-2188,努力する,Suru Verbs,よりよい仕事を見つけるために、彼女はスキルを向上させるべく努力している。,"Yori yoi shigoto o mitsukeru tame ni, kanojo wa sukiru o koujou saseru beku doryoku shite iru.",She is making an effort to improve her skills in order to find a better job.
sent-2189,努力する,Suru Verbs,夢を実現するために毎日努力しなければならない。,Yume o jitsugen suru tame ni mainichi doryoku shinakereba naranai.,We have to make an effort every day to achieve our dreams.
sent-2190,努力する,Suru Verbs,学業成績を上げるために、彼女はかなり努力しています。,"Gakugyou seiseki o ageru tame ni, kanojo wa kanari doryoku shiteimasu.",She is putting a lot of effort into raising her academic performance.
sent-2191,営業する,Suru Verbs,彼は毎日懸命に営業しています。,Kare wa mainichi kenmei ni eigyou shiteimasu.,He works hard doing sales every day.
sent-2192,営業する,Suru Verbs,あの店は年中無休で営業しています。,Ano mise wa nenchuu mukyuu de eigyou shiteimasu.,That store is open all year round without any holidays.
sent-2193,営業する,Suru Verbs,この会社は世界中で営業している。,Kono kaisha wa sekaijuu de eigyou shite iru.,This company is doing business all over the world.
sent-2194,営業する,Suru Verbs,彼女は新しいお客さんを獲得するために積極的に営業している。,Kanojo wa atarashii okyakusan wo kakutoku suru tame ni sekkyokuteki ni eigyou shite iru.,She is actively doing sales to acquire new customers.
sent-2195,営業する,Suru Verbs,営業している間、彼は多くの人と接触することがある。,"Eigyou shiteiru aida, kare wa ooku no hito to sesshoku suru koto ga aru.","While he's doing sales, he comes into contact with many people."
sent-2196,影響する,Suru Verbs,映画が彼の人生に大きな影響を与えた。,Eiga ga kare no jinsei ni ooki na eikyou o ataeta,The movie had a great influence on his life.
sent-2197,影響する,Suru Verbs,悪天候が飛行機の運行に影響することがあります。,Akutenkou ga hikouki no unkou ni eikyou suru koto ga arimasu,Bad weather can affect the operation of airplanes.
sent-2198,影響する,Suru Verbs,親の態度が子供たちの人格形成に影響を与える。,Oya no taido ga kodomo-tachi no jinkaku keisei ni eikyou o ataeru,Parents' attitudes influence the character formation of their children.
sent-2199,影響する,Suru Verbs,経済危機が世界中に影響を与えている。,Keizai kiki ga sekaijuu ni eikyou o ataete iru,The economic crisis is affecting the whole world.
sent-2200,影響する,Suru Verbs,睡眠不足は学業成績に悪い影響を与えることが分かっている。,Suimin busoku wa gakugyouseiseki ni warui eikyou o ataeru koto ga wakatte iru,It is known that lack of sleep negatively affects academic performance.
sent-2201,延長する,Suru Verbs,試合は延長戦に入った。,Shiai wa enchou-sen ni haitta.,The game went into extra innings.
sent-2202,延長する,Suru Verbs,交渉が難航し、期限を延長することになった。,"Koushou ga nankou shi, kigen o enchou suru koto ni natta.","The negotiations were difficult, and the deadline was extended."
sent-2203,延長する,Suru Verbs,締め切りが近づいているため、提出期間を延長する必要がある。,"Shimekiri ga chikazuite iru tame, teishutsu kikan o enchou suru hitsuyou ga aru.","Since the deadline is approaching, we need to extend the submission period."
sent-2204,延長する,Suru Verbs,コンサートのチケットがすぐに売り切れたので、追加公演が延長されました。,"Konsaato no chiketto ga sugu ni urikireta no de, tsuika kouen ga enchou sa remashita.","The concert tickets sold out quickly, so additional performances were extended."
sent-2205,延長する,Suru Verbs,彼は仕事が終わらなかったので、労働時間を延長しました。,"Kare wa shigoto ga owaranakatta node, roudou jikan o enchou shimashita.",He extended his working hours because he couldn't finish his work.
sent-2206,演技する,Suru Verbs,彼は映画で素晴らしい演技をしていた。,Kare wa eiga de subarashii engi o shiteita,He was performing brilliantly in the movie.
sent-2207,演技する,Suru Verbs,彼女は舞台で感動的な演技をする。,Kanojo wa butai de kandouteki na engi o suru,She performs emotively on stage.
sent-2208,演技する,Suru Verbs,劇団員たちは真剣に演技をしている。,Gekidan-in tachi wa shinken ni engi o shiteiru,The theatre company members are acting earnestly.
sent-2209,演技する,Suru Verbs,俳優たちは練習中に演技をすることになる。,Haiyuu-tachi wa renshuuchuu ni engi o suru koto ni naru,The actors will be performing during practice.
sent-2210,演技する,Suru Verbs,若い彼はコメディで面白い演技をする。,Wakai kare wa komedi de omoshiroi engi o suru,The young man performs comically in comedy.
sent-2211,援助する,Suru Verbs,彼はその地域の発展のために援助をするつもりだ。,Kare wa sono chiiki no hatten no tame ni enjo o suru tsumori da.,He intends to provide assistance for the development of that region.
sent-2212,援助する,Suru Verbs,世界中の国々が災害の後で被災者を援助する努力をしている。,Sekaijuu no kuniguni ga saigai no ato de hisaisha o enjo suru doryoku o shite iru.,Countries around the world are making efforts to help disaster victims after the catastrophe.
sent-2213,援助する,Suru Verbs,彼の家族は難民を援助するためにボランティア活動に参加した。,Kare no kazoku wa nanmin o enjo suru tame ni borantia katsudou ni sanka shita.,His family participated in volunteer activities to help refugees.
sent-2214,援助する,Suru Verbs,この慈善団体は、途上国の貧しい子供たちを援助するために教育プログラムを提供している。,"Kono jizen dantai wa, tojoukoku no mazushii kodomo-tachi o enjo suru tame ni kyouiku puroguramu o teikyou shite iru.",This charity organization provides educational programs to help poor children in developing countries.
sent-2215,援助する,Suru Verbs,その政治家は、経済的に苦しい市民を援助する法案を提案した。,"Sono seijika wa, keizaiteki ni kurushii shimin o enjo suru houan o teian shita.",The politician proposed a bill to help economically struggling citizens.
sent-2216,延期する,Suru Verbs,そのプロジェクトの締め切りが延期されました。,Sono purojekuto no shimekiri ga enki saremashita,The deadline for that project has been postponed.
sent-2217,延期する,Suru Verbs,試験が雨のために延期されることがある。,Shiken ga ame no tame ni enki sareru koto ga aru,Exams may be postponed due to rain.
sent-2218,延期する,Suru Verbs,彼女は病気でパーティーを延期しなければならなかった。,Kanojo wa byouki de paatii o enki shinakereba naranakatta,She had to postpone the party due to illness.
sent-2219,延期する,Suru Verbs,会議が予定より一時間延期されました。,Kaigi ga yotei yori ichi jikan enki saremashita,The meeting was postponed for one hour later than planned.
sent-2220,延期する,Suru Verbs,明日のピクニックは悪天候のため延期されます。,Ashita no pikunikku wa akutenkou no tame enki saremasu,Tomorrow's picnic will be postponed due to bad weather.
sent-2221,遠慮する,Suru Verbs,今回のパーティーは遠慮するつもりです。,Konkai no paatii wa enryo suru tsumori desu,I plan to refrain from attending this party.
sent-2222,遠慮する,Suru Verbs,お酒を飲むときは、運転を遠慮してください。,"Osake o nomu toki wa, unten o enryo shite kudasai",Please refrain from driving when drinking alcohol.
sent-2223,遠慮する,Suru Verbs,お客様のために、タバコはご遠慮ください。,"Okyakusama no tame ni, tabako wa go-enryo kudasai",Please refrain from smoking for the sake of the guests.
sent-2224,遠慮する,Suru Verbs,彼女はカロリーを気にして、デザートを遠慮していました。,"Kanojo wa karorii o ki ni shite, dezaato o enryo shite imashita","She was holding back from dessert, being conscious of the calories."
sent-2225,遠慮する,Suru Verbs,遠慮しないで、ご意見を聞かせてください。,"Enryo shinaide, goiken o kikasete kudasai",Please don't hesitate and let me hear your opinion.
sent-2226,ファックスする,Suru Verbs,今日中にその書類をファックスしてください。,Kyoujuu ni sono shorui o fakkusu shite kudasai,Please fax the document within today.
sent-2227,ファックスする,Suru Verbs,重要な情報は、ファックスで送らなければなりません。,"Juuyou na jouhou wa, fakkusu de okuranakereba narimasen",Important information must be sent by fax.
sent-2228,ファックスする,Suru Verbs,彼女は昨日、私に資料をファックスしてくれました。,"Kanojo wa kinou, watashi ni shiryou o fakkusu shite kuremashita",She faxed me the materials yesterday.
sent-2229,ファックスする,Suru Verbs,返事が遅れる場合は、事前に相手にファックスしておくべきです。,"Henji ga okureru baai wa, jizen ni aite ni fakkusu shite oku beki desu","If your reply will be delayed, you should fax the other party in advance."
sent-2230,ファックスする,Suru Verbs,ファックスする前に、送り先の番号を確認してください。,"Fakkusu suru mae ni, okurisaki no bangou o kakunin shite kudasai",Please check the destination number before faxing.
sent-2231,フォローする,Suru Verbs,彼女の発言に対してフォローすることが必要だ。,Kanojo no hatsugen ni taisuru forō suru koto ga hitsuyou da.,It is necessary to follow up on her statement.
sent-2232,フォローする,Suru Verbs,上司の指示に従って、フォローするよう努めます。,"Jōshi no shiji ni shitagatte, forō suru you tsutome masu.",I will try to follow my boss's instructions.
sent-2233,フォローする,Suru Verbs,同僚が困っている時には、すぐにフォローすることが大切です。,"Dōryō ga komatte iru toki ni wa, sugu ni forō suru koto ga taisetsu desu.",It is important to follow up immediately when a colleague is in trouble.
sent-2234,フォローする,Suru Verbs,彼のSNSをフォローすることで、彼の最新情報を得られます。,"Kare no SNS o forō suru koto de, kare no saishin jōhō o erare masu.","By following his SNS, you can get his latest information."
sent-2235,フォローする,Suru Verbs,新入社員の仕事の進捗状況をフォローすることが重要です。,Shinnyūsha in no shigoto no shinchoku jōkyō o forō suru koto ga juuyou desu.,It is important to follow up on the progress of new employees' work.
sent-2236,復活する,Suru Verbs,兄が病気から復活するのを待っていた。,Ani ga byouki kara fukkatsu suru no o matteita,I was waiting for my brother to recover from his illness.
sent-2237,復活する,Suru Verbs,一旦消えた伝説のヒーローが復活するかもしれない。,Ittan kieta densetsu no hiiroo ga fukkatsu suru kamoshirenai,The legendary hero who once disappeared may come back to life.
sent-2238,復活する,Suru Verbs,この絶滅したはずの動物が復活するのは驚きだ。,Kono zetsumetsu shita hazu no doubutsu ga fukkatsu suru no wa odoroki da,It's surprising that this supposedly extinct animal has come back to life.
sent-2239,復活する,Suru Verbs,彼女は短期間で仕事に復活することができた。,Kanojo wa tankikan de shigoto ni fukkatsu suru koto ga dekita,She was able to return to work in a short period of time.
sent-2240,復活する,Suru Verbs,その昔の文化が復活するとは誰も思わなかった。,Sono mukashi no bunka ga fukkatsu suru to wa daremo omowanakatta,No one thought that the ancient culture would be revived.
sent-2241,復習する,Suru Verbs,今日のレッスンの後で、復習する予定です。,"Kyou no ressun no ato de, fukushuu suru yotei desu",I plan to review after today's lesson.
sent-2242,復習する,Suru Verbs,テスト前には、しっかりと復習することが大切です。,"Tesuto mae ni wa, shikkari to fukushuu suru koto ga taisetsu desu",It is important to review thoroughly before a test.
sent-2243,復習する,Suru Verbs,1週間分の勉強を一度に復習することが効果的です。,Isshuukan bun no benkyou o ichido ni fukushuu suru koto ga koukateki desu,Reviewing a week's worth of study at once is effective.
sent-2244,復習する,Suru Verbs,新しい単語を覚えたら、定期的に復習することがおすすめです。,"Atarashii tango o oboetara, teikiteki ni fukushuu suru koto ga osusume desu","If you learn new vocabulary, it is recommended to review regularly."
sent-2245,復習する,Suru Verbs,復習することで、知識を定着させることができます。,"Fukushuu suru koto de, chishiki o teichaku saseru koto ga dekimasu","By reviewing, you can consolidate your knowledge."
sent-2246,復讐する,Suru Verbs,彼はかつての敵に対して復讐する決意を固めた。,Kare wa katsute no teki ni taishite fukushuu suru ketsui o katameta.,He was determined to take revenge on his former enemy.
sent-2247,復讐する,Suru Verbs,彼女は裏切られたので、彼に復讐することを誓った。,"Kanojo wa uragirareta node, kare ni fukushuu suru koto o chikatta.",She swore to take revenge on him for betraying her.
sent-2248,復讐する,Suru Verbs,彼らは盗まれた物を取り戻すために泥棒に復讐することにした。,Karera wa nusuma reta mono o torimodosu tame ni dorobou ni fukushuu suru koto ni shita.,They decided to take revenge on the thief for stealing their belongings.
sent-2249,復讐する,Suru Verbs,復讐することが彼の目的であり、そのためならすべての手段を使うつもりだ。,"Fukushuu suru koto ga kare no mokuteki de ari, sono tame nara subete no shudan o tsukau tsumori da.","Taking revenge is his goal, and he intends to use all means necessary to achieve it."
sent-2250,復讐する,Suru Verbs,問題の解決のために復讐することは困難な道を選ぶことだ。,Mondai no kaiketsu no tame ni fukushuu suru koto wa konnan na michi o erabu koto da.,Choosing to take revenge for resolving a problem is choosing a difficult path.
sent-2251,普及する,Suru Verbs,スマートフォンは近年急速に普及している。,Sumaato fon wa kinnen kyuusoku ni fukyuu shiteiru,Smartphones have rapidly spread in recent years.
sent-2252,普及する,Suru Verbs,この地域では、太陽光発電の利用が普及しています。,"Kono chiiki de wa, taiyōkō hatsuden no riyou ga fukyū shiteimasu","In this area, the use of solar power generation is widespread."
sent-2253,普及する,Suru Verbs,インターネットの普及により情報にアクセスしやすくなった。,Intaanetto no fukyuu ni yori jouhou ni akusesu shiyasu kunatta,The popularization of the Internet has made it easier to access information.
sent-2254,普及する,Suru Verbs,電気自動車は今後ますます普及すると予想される。,Denki jidōsha wa kongo masumasu fukyū suru to yosoku sareru,Electric vehicles are expected to become more and more widespread in the future.
sent-2255,普及する,Suru Verbs,環境に優しい製品が普及することが重要だ。,Kankyō ni yasashii seihin ga fukyū suru koto ga juuyou da,It is important for eco-friendly products to become popular.
sent-2256,赴任する,Suru Verbs,来週、新しい部署に赴任することになりました。,"Raishuu, atarashii busho ni funin suru koto ni narimashita.",I will be assigned to a new department next week.
sent-2257,赴任する,Suru Verbs,先生は、地方の学校に赴任するため、東京を離れます。,"Sensei wa, chihou no gakkou ni funin suru tame, Toukyou o hanaremasu.",The teacher will leave Tokyo to take up a post at a school in the countryside.
sent-2258,赴任する,Suru Verbs,配偶者の赴任に従って、私も新しい都市に引っ越しをします。,"Haiguusha no funin ni shitagatte, watashi mo atarashii toshi ni hikkoshi o shimasu.",I will move to a new city to accompany my spouse's job assignment.
sent-2259,赴任する,Suru Verbs,彼は海外の支社に赴任することが決まりました。,Kare wa kaigai no shisha ni funin suru koto ga kimarimashita.,He has been assigned to work at an overseas branch office.
sent-2260,赴任する,Suru Verbs,今度の赴任先は、遠く離れた島になりました。,"Kondo no funin-saki wa, tooku hanareta shima ni narimashita.",My next assignment is on a remote island far away.
sent-2261,不足する,Suru Verbs,資金が不足しているので、新しい機器を買うことができません。,"Shikin ga fusoku shiteiru node, atarashii kiki o kau koto ga dekimasen","Due to insufficient funds, we cannot purchase new equipment."
sent-2262,不足する,Suru Verbs,睡眠が不足しているため、仕事のパフォーマンスが低下している。,"Suimin ga fusoku shiteiru tame, shigoto no pafo-mansu ga teika shiteiru",The lack of sleep is causing a decline in work performance.
sent-2263,不足する,Suru Verbs,このプロジェクトには、まだ何人か不足しているスタッフがいます。,"Kono purojekuto ni wa, mada nanninka fusoku shiteiru sutaffu ga imasu",This project still has several staff members that are lacking.
sent-2264,不足する,Suru Verbs,市民の要望に応えるため、市は公共施設の数を増やす必要があるが、予算が不足している。,"Shimin no youbou ni kotaeru tame, shi wa koukyou shisetsu no kazu o fuyasu hitsuyou ga aru ga, yosan ga fusoku shiteiru","In order to respond to the demands of citizens, the city needs to increase the number of public facilities, but the budget is insufficient."
sent-2265,不足する,Suru Verbs,チームの連携が不足しているため、うまく機能していない。,"Chi-mu no renkei ga fusoku shiteiru tame, umaku kinou shiteinai","The team's coordination is lacking, so it's not functioning well."
sent-2266,負担する,Suru Verbs,彼は家族の生活費を負担している。,Kare wa kazoku no seikatsuhi o futan shite iru.,He is shouldering the living expenses of his family.
sent-2267,負担する,Suru Verbs,一部の人にすべての責任を負担させるのは公平ではない。,Ichibu no hito ni subete no sekinin o futan saseru no wa kouhei de wa nai.,It is not fair to make some people shoulder all the responsibility.
sent-2268,負担する,Suru Verbs,社会保険料は両親が負担することになりました。,Shakai hokenryou wa ryoushin ga futan suru koto ni narimashita.,My parents will bear the burden of social insurance premiums.
sent-2269,負担する,Suru Verbs,このプロジェクトでの役割は、皆それぞれ負担するべきです。,"Kono purojekuto de no yakuwari wa, minna sorezore futan suru beki desu.",Each person should bear their role in this project.
sent-2270,負担する,Suru Verbs,地球環境のために、私たちは持続可能な生活を負担する必要があります。,"Chikyuu kankyou no tame ni, watashitachi wa jizokukanou na seikatsu o futan suru hitsuyou ga arimasu.","For the sake of the Earth's environment, we need to bear the burden of sustainable living."
sent-2271,我慢する,Suru Verbs,痛みを我慢する必要がある時もあります。,Itami o gaman suru hitsuyou ga aru toki mo arimasu,"Sometimes, you need to endure the pain."
sent-2272,我慢する,Suru Verbs,この寒さに我慢するのは本当に大変です。,Kono samusa ni gaman suru no wa hontou ni taihen desu,It is really difficult to bear this cold.
sent-2273,我慢する,Suru Verbs,彼は家族のために辛い仕事を我慢している。,Kare wa kazoku no tame ni tsurai shigoto o gaman shite iru,He is enduring a tough job for the sake of his family.
sent-2274,我慢する,Suru Verbs,我慢する力を持つことは、自己成長のために重要です。,"Gaman suru chikara o motsu koto wa, jiko seichou no tame ni juuyou desu",Having the ability to persevere is important for personal growth.
sent-2275,我慢する,Suru Verbs,試験の結果が心配だけど、明日まで我慢しなければならない。,"Shiken no kekka ga shinpai dakedo, ashita made gaman shinakereba naranai","I'm worried about the exam results, but I have to wait until tomorrow."
sent-2276,減少する,Suru Verbs,この地域の人口が減少している。,Kono chiiki no jinkou ga genshou shite iru.,The population in this region is decreasing.
sent-2277,減少する,Suru Verbs,環境政策によって二酸化炭素の排出量が減少した。,Kankyouseisaku ni yotte nisankatanso no haishuryou ga genshou shita.,The amount of carbon dioxide emissions decreased due to environmental policies.
sent-2278,減少する,Suru Verbs,この会社の売り上げは毎年減少している。,Kono kaisha no uriage wa maitoshi genshou shite iru.,This company's sales are decreasing every year.
sent-2279,減少する,Suru Verbs,野生動物の生息地が減少し、絶滅の危機にさらされている。,"Yasei doubutsu no seisokuchi ga genshou shi, zetsumetsu no kiki ni sarasarete iru.","The habitat of wild animals is decreasing, putting them at risk of extinction."
sent-2280,減少する,Suru Verbs,交通事故の数が減少することを目指す。,Koutsuu jiko no kazu ga genshou suru koto o mezasu.,We aim to reduce the number of traffic accidents.
sent-2281,限定する,Suru Verbs,この商品は数量限定で発売されます。,Kono shouhin wa suuryou gentei de hatsubai saremasu,This product will be released in limited quantities.
sent-2282,限定する,Suru Verbs,このキャンペーンは期間限定です。,Kono kyanpe-n wa kikan gentei desu,This campaign is for a limited time only.
sent-2283,限定する,Suru Verbs,限定した条件下で実験を行いました。,Gentei shita joukenka de jikken o okonaimashita,We conducted the experiment under limited conditions.
sent-2284,限定する,Suru Verbs,このお店は、限定メニューが人気です。,"Kono omise wa, gentei menyuu ga ninki desu",This restaurant is popular for its limited menu.
sent-2285,限定する,Suru Verbs,そのアイドルグループは限定ライブイベントを開催しました。,Sono aidoru guruupu wa gentei raibu ibento o kaisai shimashita,The idol group held a limited live event.
sent-2286,議論する,Suru Verbs,皆でこの問題について議論しましょう。,Mina de kono mondai ni tsuite giron shimashou,Let's discuss this issue together.
sent-2287,議論する,Suru Verbs,議論する前に、事実を把握しましょう。,"Giron suru mae ni, jijitsu o haaku shimashou","Before discussing, let's grasp the facts."
sent-2288,議論する,Suru Verbs,彼らは環境保護に関して熱心に議論していた。,Karera wa kankyohogo ni kanshite nesshin ni giron shite ita,They were passionately discussing environmental protection.
sent-2289,議論する,Suru Verbs,議論することで、新しいアイデアや解決策が生まれることがある。,"Giron suru koto de, atarashii aidea ya kaiketsu saku ga umareru koto ga aru",Discussing can lead to the birth of new ideas and solutions.
sent-2290,議論する,Suru Verbs,その提案について様々な意見を交わして議論しましょう。,Sono teian ni tsuite samazama na iken o kawashite giron shimashou,Let's discuss and exchange various opinions about the proposal.
sent-2291,誤解する,Suru Verbs,彼の言葉を誤解する人が多かった。,Kare no kotoba o gokai suru hito ga ookatta,Many people misunderstood his words.
sent-2292,誤解する,Suru Verbs,彼女の態度によって、誤解されることがよくある。,"Kanojo no taido ni yotte, gokai sareru koto ga yoku aru",Her attitude often leads to misunderstandings.
sent-2293,誤解する,Suru Verbs,誤解されることを避けるために、明確に説明する必要がある。,"Gokai sareru koto o sakeru tame ni, meikaku ni setsumei suru hitsuyou ga aru","To avoid being misunderstood, it is necessary to explain clearly."
sent-2294,誤解する,Suru Verbs,その記事は、読者が状況を誤解する可能性がある。,"Sono kiji wa, dokusha ga joukyou o gokai suru kanousei ga aru",The article may cause readers to misunderstand the situation.
sent-2295,誤解する,Suru Verbs,彼は私の言っていることを完全に誤解していた。,Kare wa watashi no itte iru koto o kanzen ni gokai shite ita,He completely misunderstood what I was saying.
sent-2296,合格する,Suru Verbs,今年の試験に合格するために一生懸命勉強しています。,Kotoshi no shiken ni goukaku suru tame ni isshoukenmei benkyou shiteimasu,I am studying hard to pass this year's exam.
sent-2297,合格する,Suru Verbs,彼女は大学に合格することができると信じている。,Kanojo wa daigaku ni goukaku suru koto ga dekiru to shinjiteiru,I believe she can pass the university entrance exam.
sent-2298,合格する,Suru Verbs,彼は運転免許試験に一発で合格することができました。,Kare wa unten menkyo shiken ni ippatsu de goukaku suru koto ga dekimashita,He was able to pass the driving test in one attempt.
sent-2299,合格する,Suru Verbs,彼が国家試験に合格することを祈っています。,Kare ga kokka shiken ni goukaku suru koto o inotteimasu,I am praying for him to pass the national exam.
sent-2300,合格する,Suru Verbs,努力を続けたおかげで、彼はとうとう医学部に合格することができました。,"Doryoku o tsuzuketa okage de, kare wa toutou igakubu ni goukaku suru koto ga dekimashita","Thanks to his continued efforts, he was finally able to pass the medical school entrance exam."
sent-2301,合計する,Suru Verbs,合計すると、私たちの費用は5万円になります。,"Goukei suru to, watashitachi no hiyou wa go man en ni narimasu","In total, our expenses will be 50,000 yen."
sent-2302,合計する,Suru Verbs,今月の売上を合計すると、200万円を超えました。,"Kongetsu no uriage o goukei suru to, ni hyaku man en o koemashita","When we totaled this month's sales, they exceeded 2 million yen."
sent-2303,合計する,Suru Verbs,全部の点数を合計すると、彼は最高のスコアを出しました。,"Zenbu no tensuu o goukei suru to, kare wa saikou no sukoa o dashimashita","When all the scores were totaled up, he achieved the highest score."
sent-2304,合計する,Suru Verbs,クイズの問題の解答を合計すると、私は7問正解でした。,"Kuizu no mondai no kaitou o goukei suru to, watashi wa nana-mon seikai deshita","When I totaled my answers to the quiz questions, I got 7 questions correct."
sent-2305,合計する,Suru Verbs,今週の食料費を合計すると1万円になりました。,Konshuu no shokuryouhi o goukei suru to ichi man en ni narimashita,"When I totaled up this week's food expenses, it amounted to 10,000 yen."
sent-2306,ハグする,Suru Verbs,彼女にハグをすると、気持ちがすっきりする。,"Kanojo ni hagu o suru to, kimochi ga sukkiri suru.","When I hug her, my feelings become refreshed."
sent-2307,ハグする,Suru Verbs,友達とハグをすることで親密な関係が築ける。,Tomodachi to hagu o suru koto de shinmitsu na kankei ga kizukeru.,A close relationship can be built by hugging friends.
sent-2308,ハグする,Suru Verbs,映画が終わった後で、感動のあまり友達とハグをした。,"Eiga ga owatta ato de, kandou no amari tomodachi to hagu o shita.","After the movie finished, I hugged my friend because of the overwhelming emotions."
sent-2309,ハグする,Suru Verbs,彼は勇気を出して彼女にハグをした。,Kare wa yuuki o dashite kanojo ni hagu o shita.,He plucked up the courage to hug her.
sent-2310,ハグする,Suru Verbs,彼らは久しぶりに再会し、喜びのあまりハグをした。,"Karera wa hisashiburi ni saikai shi, yorokobi no amari hagu o shita.",They reunited after a long time and hugged each other with joy.
sent-2311,廃止する,Suru Verbs,鉄道の運行が廃止されることになった。,Tetsudou no un'kou ga haishi sareru koto ni natta.,It has been decided that the railway operation will be abolished.
sent-2312,廃止する,Suru Verbs,このバス路線は利用者が少ないため、来月廃止されます。,"Kono basu rosen wa riyou-sha ga sukunai tame, raigetsu haishi saremasu.",This bus line will be discontinued next month due to a lack of users.
sent-2313,廃止する,Suru Verbs,あの古い法律は、とうとう廃止されることになりました。,"Ano furui houritsu wa, toutou haishi sareru koto ni narimashita.",That old law has finally been decided to be abolished.
sent-2314,廃止する,Suru Verbs,政府は過去の政策を見直し、いくつかの制度を廃止することを検討しています。,"Seifu wa kako no seisaku o minaoshi, ikutsu ka no seido o haishi suru koto o kentou shiteimasu.",The government is considering revising past policies and abolishing several systems.
sent-2315,廃止する,Suru Verbs,企業はコスト削減のために、いくつかの部署を廃止する予定です。,"Kigyou wa kosuto sakugen no tame ni, ikutsu ka no busho o haishi suru yotei desu.",The company plans to abolish some departments for cost reduction.
sent-2316,配達する,Suru Verbs,郵便物を配達するために、郵便局員が毎日働いています。,"Yūbimono o haitatsu suru tame ni, yūbinkyokuin ga mainichi hataraiteimasu",Postal workers work every day to deliver mail.
sent-2317,配達する,Suru Verbs,彼は毎週、新聞を家に配達してくれます。,"Kare wa maishū, shinbun o ie ni haitatsu shite kuremasu",He delivers the newspaper to my house every week.
sent-2318,配達する,Suru Verbs,ピザ屋は30分以内にピザを配達することを約束しています。,Piza-ya wa sanjuppun inai ni piza o haitatsu suru koto o yakusoku shiteimasu,The pizza shop promises to deliver the pizza within 30 minutes.
sent-2319,配達する,Suru Verbs,食材を安全かつ迅速に配達することが重要です。,Shokuzai o anzenkatsu jinsoku ni haitatsu suru koto ga juuyou desu,It is important to deliver food ingredients safely and quickly.
sent-2320,配達する,Suru Verbs,今日は大雪で道が悪いので、荷物の配達が遅れる可能性があります。,"Kyō wa ōyuki de michi ga warui node, nimotsu no haitatsu ga okureru kanōsei ga arimasu","Due to heavy snow and bad roads today, there is a possibility that the delivery of parcels will be delayed."
sent-2321,破壊する,Suru Verbs,彼は怒って壁に穴を開けるほど力で破壊した。,Kare wa okotte kabe ni ana wo akeru hodo chikara de hakai shita.,He was so angry that he destroyed the wall with enough force to make a hole in it.
sent-2322,破壊する,Suru Verbs,森林を破壊することは地球温暖化に悪影響を与える。,Shinrin wo hakai suru koto wa chikyuu ondanka ni akueikyou wo ataeru.,Destroying forests has a negative impact on global warming.
sent-2323,破壊する,Suru Verbs,私達は自然環境を破壊することをやめなければならない。,Watashitachi wa shizen kankyou wo hakai suru koto wo yamenakereba naranai.,We must stop destroying the natural environment.
sent-2324,破壊する,Suru Verbs,その台風は日本の多くの家を破壊しました。,Sono taifuu wa Nihon no ooku no ie wo hakai shimashita.,The typhoon destroyed many houses in Japan.
sent-2325,破壊する,Suru Verbs,ウイルスは皆の健康にも経済にも大きな破壊を引き起こしました。,Uirusu wa minna no kenkou ni mo keizai ni mo ookina hakai wo hikiokoshimashita.,The virus caused great destruction to both people's health and the economy.
sent-2326,発行する,Suru Verbs,新しい雑誌を発行する予定です。,Atarashii zasshi o hakko-suru yotei desu。,We plan to publish a new magazine.
sent-2327,発行する,Suru Verbs,この本は昨年10月に発行されました。,Kono hon wa sakunen jūgatsu ni hakko-saremashita。,This book was published last October.
sent-2328,発行する,Suru Verbs,同社は、来月株式を発行することを発表しました。,"Dōsha wa, raigetsu kabushiki o hakko-suru koto o happyō shimashita.",The company announced that it will issue shares next month.
sent-2329,発行する,Suru Verbs,彼らは毎月ニュースレターを発行しています。,Karera wa maitsuki nyūsuretā o hakko shiteimasu.,They publish a newsletter every month.
sent-2330,発行する,Suru Verbs,国が新しい通貨を発行する可能性があります。,Kuni ga atarashii tsūka o hakko-suru kanōsei ga arimasu.,The country might issue a new currency.
sent-2331,反映する,Suru Verbs,意見が議論に反映されている。,Iken ga giron ni han'ei sarete iru,Opinions are being reflected in the discussion.
sent-2332,反映する,Suru Verbs,この結果は、私たちの努力が適切に反映されています。,"Kono kekka wa, watashitachi no doryoku ga tekisetsu ni han'ei sareteimasu",This result reflects our efforts appropriately.
sent-2333,反映する,Suru Verbs,彼らの要求が政策に反映されることを望んでいます。,Karera no youkyuu ga seisaku ni han'ei sareru koto o nozonde imasu,We hope their demands will be reflected in policy.
sent-2334,反映する,Suru Verbs,そのデータは現実の状況をきちんと反映していますか？,Sono dēta wa genjitsu no joukyou o kichinto han'ei shiteimasu ka?,Does the data accurately reflect the actual situation?
sent-2335,反映する,Suru Verbs,調査結果が新しい計画に反映されるべきです。,Chousa kekka ga atarashii keikaku ni han'ei sareru beki desu,The survey results should be reflected in the new plan.
sent-2336,繫栄する,Suru Verbs,企業が繁栄するためには、柔軟性と革新が重要である。,"Kigyou ga han'ei suru tame ni wa, juunansei to kakushin ga juuyou de aru.",Flexibility and innovation are important for a company to thrive.
sent-2337,繫栄する,Suru Verbs,繁栄する国家には、強力な指導者がいることが一般的だ。,"Han'ei suru kokka ni wa, kyouryoku na shidousha ga iru koto ga ippanteki da.",It is common for thriving nations to have strong leaders.
sent-2338,繫栄する,Suru Verbs,健康なライフスタイルを続けることで、私達のコミュニティも繁栄するでしょう。,"Kenkou na raifusutairu o tsudzukeru koto de, watashitachi no komyuniti mo han'ei suru deshou.","By maintaining a healthy lifestyle, our community will also thrive."
sent-2339,繫栄する,Suru Verbs,彼女は繁栄する事業のリーダーとして尊敬されている。,Kanojo wa han'ei suru jigyou no riida toshite sonkei sarete iru.,She is respected as the leader of a thriving business.
sent-2340,繫栄する,Suru Verbs,繁栄する教育機関は、質の高い教育と研究活動を提供することが大切だ。,"Han'ei suru kyouiku kikan wa, shitsu no takai kyouiku to kenkyuu katsudou o teikyou suru koto ga taisetsu da.",It is important for thriving educational institutions to provide high-quality education and research activities.
sent-2341,判断する,Suru Verbs,彼は状況を正しく判断する能力がある。,Kare wa joukyou o tadashiku handan suru nouryoku ga aru.,He has the ability to judge the situation correctly.
sent-2342,判断する,Suru Verbs,その道を選ぶべきかどうか、自分で判断しなければなりません。,"Sono michi o erabu beki ka dou ka, jibun de handan shinakereba narimasen.",You have to decide for yourself whether or not to choose that path.
sent-2343,判断する,Suru Verbs,彼女は瞬時に正しい判断をすることができます。,Kanojo wa shunji ni tadashii handan o suru koto ga dekimasu.,She can make the right decision in an instant.
sent-2344,判断する,Suru Verbs,彼は状況から敵の意図を判断した。,Kare wa joukyou kara teki no ito o handan shita.,He judged the enemy's intentions from the situation.
sent-2345,判断する,Suru Verbs,そのデータをもとに、私たちは最善の行動を判断する必要があります。,"Sono dēta o moto ni, watashitachi wa saizen no koudou o handan suru hitsuyou ga arimasu.","Based on that data, we need to determine the best course of action."
sent-2346,反省する,Suru Verbs,失敗を機に、自分の行動を反省することが大切です。,"Shippai o ki ni, jibun no koudou o hansei suru koto ga taisetsu desu.",It is important to reflect on one's actions in response to failure.
sent-2347,反省する,Suru Verbs,問題が起こった後で、みんなが一緒に反省するべきだ。,"Mondai ga okotta ato de, minna ga issho ni hansei suru beki da.","After a problem has occurred, everyone should reflect together."
sent-2348,反省する,Suru Verbs,自分の過ちを認めて、今後反省することが大切だ。,"Jibun no ayamachi o mitomete, kongo hansei suru koto ga taisetsu da.",It is important to acknowledge one's mistakes and reflect on them in the future.
sent-2349,反省する,Suru Verbs,チームの成績が良くなかったので、みんなで反省会を開いた。,"Chiimu no seiseki ga yokunakatta node, minna de hanseikai o hiraita.",We held a reflection meeting as a team because the results were not good.
sent-2350,反省する,Suru Verbs,今日のことをよく反省して、明日からまたがんばろう。,"Kyou no koto o yoku hansei shite, ashita kara mata ganbarou.",Reflect well on today and let's do our best again from tomorrow.
sent-2351,反対する,Suru Verbs,彼はその計画に反対する意志を強く持っている。,Kare wa sono keikaku ni hantai suru ishi o tsuyoku motte iru.,He has a strong intention to oppose the plan.
sent-2352,反対する,Suru Verbs,多くの人々が彼の意見に反対して抗議の声を上げた。,Ooku no hitobito ga kare no iken ni hantai shite kougi no koe o ageta.,Many people opposed his opinion and raised their voices in protest.
sent-2353,反対する,Suru Verbs,親が結婚相手に反対することがよくある問題です。,Oya ga kekkon aite ni hantai suru koto ga yoku aru mondai desu.,It's a common issue for parents to oppose their child's choice of marriage partner.
sent-2354,反対する,Suru Verbs,彼女はその提案に反対し、別の方法を提案した。,"Kanojo wa sono teian ni hantai shi, betsu no houhou o teian shita.",She opposed the proposal and suggested another method.
sent-2355,反対する,Suru Verbs,教師たちは試験の廃止に反対する動きを支持している。,Kyoushi-tachi wa shiken no haishi ni hantai suru ugoki o shiji shite iru.,Teachers are supporting the movement against the abolition of exams.
sent-2356,発売する,Suru Verbs,この商品は来週発売する予定です。,Kono shouhin wa raishuu hatsubai suru yotei desu.,This product is scheduled to be released next week.
sent-2357,発売する,Suru Verbs,その映画のDVDは、もうすぐ発売されます。,"Sono eiga no DVD wa, mou sugu hatsubai saremasu.",The DVD of that movie will be released soon.
sent-2358,発売する,Suru Verbs,新しいゲームソフトが発売されるのを楽しみにしています。,Atarashii ge-musofuto ga hatsubai sareru no o tanoshimi ni shiteimasu.,I'm looking forward to the release of the new game software.
sent-2359,発売する,Suru Verbs,新製品が発売される前に予約ができますか？,Shinseihin ga hatsubai sareru mae ni yoyaku ga dekimasu ka?,Can I pre-order the new product before it's released?
sent-2360,発売する,Suru Verbs,発売日には、多くの人がその商品を手に入れようと店に並びました。,"Hatsubaibi ni wa, ooku no hito ga sono shouhin o te ni ireyou to mise ni narabimashita.","On the release day, many people lined up at the store to get their hands on the product."
sent-2361,発明する,Suru Verbs,彼は素晴らしい機械を発明しました。,Kare wa subarashii kikai o hatsumei shimashita,He invented a wonderful machine.
sent-2362,発明する,Suru Verbs,科学者たちは新しいエネルギー源を発明することを目指している。,Kagakusha-tachi wa atarashii enerugii gen o hatsumei suru koto o mezashite iru,Scientists are aiming to invent a new energy source.
sent-2363,発明する,Suru Verbs,発明する過程で多くの失敗があることを覚悟してください。,Hatsumei suru katei de ooku no shippai ga aru koto o kakugo shite kudasai,Be prepared for many failures in the process of inventing.
sent-2364,発明する,Suru Verbs,彼女は今度の発表会で自分が発明したロボットを披露する予定です。,Kanojo wa kondo no happyoukai de jibun ga hatsumei shita robotto o hirou suru yotei desu,She plans to showcase the robot she invented at the next presentation.
sent-2365,発明する,Suru Verbs,彼は未来の世界を変える発明をする野望を持っている。,Kare wa mirai no sekai o kaeru hatsumei o suru yabou o motte iru,He has the ambition to invent something that will change the future world.
sent-2366,発展する,Suru Verbs,この町は急速に発展している。,Kono machi wa kyuusoku ni hatten shiteiru.,This town is rapidly developing.
sent-2367,発展する,Suru Verbs,科学技術が発展することで、人々の生活が大きく変わりました。,"Kagaku gijutsu ga hatten suru koto de, hitobito no seikatsu ga ōkiku kawarimashita.",People's lives have changed significantly through the development of science and technology.
sent-2368,発展する,Suru Verbs,経済が発展すると、国の国際的な影響力も上がります。,"Keizai ga hatten suru to, kuni no kokusaiteki na eikyoryoku mo agarimasu.","As the economy develops, a country's international influence also increases."
sent-2369,発展する,Suru Verbs,都市が発展することで、インフラが整備されていく。,"Toshi ga hatten suru koto de, infura ga seibi sarete iku.","As cities develop, infrastructure is improved."
sent-2370,発展する,Suru Verbs,産業が発展することで雇用機会も増えるだろう。,Sangyou ga hatten suru koto de koyou kikai mo fueru darou.,The development of industries will likely increase employment opportunities.
sent-2371,平均する,Suru Verbs,その試験では、平均すると点数は70点になります。,"Sono shiken de wa, heikin suru to tensuu wa nanajuu ten ni narimasu",The average score for that exam is 70 points.
sent-2372,平均する,Suru Verbs,この地域では、気温は年間を通して平均すると20度になります。,"Kono chiiki de wa, kion wa nenkan o tooshite heikin suru to nijuu do ni narimasu","In this area, the temperature averages 20 degrees throughout the year."
sent-2373,平均する,Suru Verbs,日本の世帯年収は約500万円に平均しています。,Nihon no setai nenshuu wa yaku gohyaku man en ni heikin shite imasu,The average annual household income in Japan is around 5 million yen.
sent-2374,平均する,Suru Verbs,私の通勤時間は、だいたい45分に平均しています。,"Watashi no tsuukin jikan wa, daitai yonjuu go fun ni heikin shite imasu",My average commuting time is about 45 minutes.
sent-2375,平均する,Suru Verbs,参加者の年齢はおおよそ30歳に平均しています。,Sankasha no nenrei wa ooyoso sanjuu sai ni heikin shite imasu,The average age of the participants is around 30 years old.
sent-2376,変化する,Suru Verbs,気候が変化することで、農作物に影響が出ることがある。,"Kikou ga henka suru koto de, nousakumotsu ni eikyou ga deru koto ga aru.",Changes in climate can affect crops.
sent-2377,変化する,Suru Verbs,彼の態度が急に変化することに驚いた。,Kare no taido ga kyuu ni henka suru koto ni odoroita.,I was surprised by the sudden change in his attitude.
sent-2378,変化する,Suru Verbs,技術の進歩によって、働き方が大きく変化するでしょう。,"Gijutsu no shinpo ni yotte, hatarakikata ga ookiku henka suru deshou.",Advances in technology will likely cause significant changes in the way we work.
sent-2379,変化する,Suru Verbs,この地域の風景は、季節によって変化する。,"Kono chiiki no fuukei wa, kisetsu ni yotte henka suru.",The scenery of this area changes with the seasons.
sent-2380,変化する,Suru Verbs,彼女は変化するファッション業界について常に学んでいる。,Kanojo wa henka suru fasshon gyoukai ni tsuite tsune ni manande iru.,She is always learning about the ever-changing fashion industry.
sent-2381,編集する,Suru Verbs,彼は雑誌を編集する仕事をしています。,Kare wa zasshi o henshuu suru shigoto o shiteimasu,He is working on editing a magazine.
sent-2382,編集する,Suru Verbs,ビデオを編集するためのソフトウェアが必要です。,Bideo o henshuu suru tame no sofutouea ga hitsuyou desu,We need software to edit the video.
sent-2383,編集する,Suru Verbs,この文章は内容を整理して編集する必要があります。,Kono bunshou wa naiyou o seiri shite henshuu suru hitsuyou ga arimasu,This text needs to be organized and edited for content.
sent-2384,編集する,Suru Verbs,私は週末に自分のブログ記事を書いて編集します。,Watashi wa shuumatsu ni jibun no burogu kiji o kaite henshuu shimasu,I write and edit my blog articles on weekends.
sent-2385,編集する,Suru Verbs,彼女は映画の編集技師として働いています。,Kanojo wa eiga no henshuu gishi to shite hataraiteimasu,She works as a film editor.
sent-2386,批判する,Suru Verbs,彼はその記事を批判するつもりです。,Kare wa sono kiji o hihan suru tsumori desu.,He intends to criticize that article.
sent-2387,批判する,Suru Verbs,社会の問題について批判するのは簡単です。,Shakai no mondai ni tsuite hihan suru no wa kantan desu.,It's easy to criticize social issues.
sent-2388,批判する,Suru Verbs,批判する前に、自分の立場を考えてみてください。,"Hihan suru mae ni, jibun no tachiba o kangaete mite kudasai.","Before criticizing, please consider your own position."
sent-2389,批判する,Suru Verbs,その映画は評論家たちから厳しく批判されました。,Sono eiga wa hyouronka-tachi kara kibishiku hihan saremasita.,The movie was harshly criticized by critics.
sent-2390,批判する,Suru Verbs,批判するだけではなく、具体的な解決策を提案すべきだ。,"Hihan suru dake de wa naku, gutaiteki na kaiketsu-saku o teian subeki da.","Instead of just criticizing, we should propose concrete solutions."
sent-2391,否定する,Suru Verbs,彼は私の意見を完全に否定した。,Kare wa watashi no iken o kanzen ni hitei shita.,He completely denied my opinion.
sent-2392,否定する,Suru Verbs,科学者たちはその説を否定しました。,Kagakusha-tachi wa sono setsu o hitei shimashita.,The scientists denied that theory.
sent-2393,否定する,Suru Verbs,彼女は彼の主張を否定する根拠を提示した。,Kanojo wa kare no shuchou o hitei suru konkyo o teiji shita.,She presented evidence to deny his claim.
sent-2394,否定する,Suru Verbs,その研究は従来の考え方を否定するものだ。,Sono kenkyuu wa juurai no kangaekata o hitei suru mono da.,The research denies conventional ways of thinking.
sent-2395,否定する,Suru Verbs,社長はその報道を否定し、真実でないと述べた。,"Shachou wa sono houdou o hitei shi, shinjitsu de nai to nobeta.","The company president denied the news report, stating that it was not true."
sent-2396,翻訳する,Suru Verbs,彼女は英語の文書を日本語に翻訳することができます。,Kanojo wa eigo no bunsho o nihongo ni hon'yaku suru koto ga dekimasu,She can translate English documents into Japanese.
sent-2397,翻訳する,Suru Verbs,この小説は多くの言語に翻訳されています。,Kono shousetsu wa ooku no gengo ni honyaku sarete imasu,This novel has been translated into many languages.
sent-2398,翻訳する,Suru Verbs,彼らは私にその文章を翻訳してもらいたいと頼みました。,Karera wa watashi ni sono bunsho o hon'yaku shite moraitai to tanomimashita,They asked me to translate the text for them.
sent-2399,翻訳する,Suru Verbs,翻訳する前に、元の文の意味を理解することが大切です。,"Honyaku suru mae ni, moto no bun no imi o rikai suru koto ga taisetsu desu","Before translating, it is important to understand the meaning of the original text."
sent-2400,翻訳する,Suru Verbs,彼はフランス語の記事を日本語に翻訳するために必死に勉強しています。,Kare wa furansugo no kiji o nihongo ni hon'yaku suru tame ni hisshi ni benkyou shite imasu,He is studying hard to translate French articles into Japanese.
sent-2401,報告する,Suru Verbs,進捗状況を上司に報告する必要があります。,Shinchoku jyoukyou o jyoushi ni houkoku suru hitsuyou ga arimasu,It is necessary to report the progress to your supervisor.
sent-2402,報告する,Suru Verbs,実験の結果を報告するために、研究論文を書いた。,"Jikken no kekka o houkoku suru tame ni, kenkyuu ronbun o kaita",I wrote a research paper to report the results of the experiment.
sent-2403,報告する,Suru Verbs,事故が起こった後すぐに警察に報告することが重要です。,Jiko ga okotta ato sugu ni keisatsu ni houkoku suru koto ga juuyou desu,It is important to report to the police immediately after an accident occurs.
sent-2404,報告する,Suru Verbs,セミナーで学んだことをチームメイトに報告する予定だ。,Seminaa de mananda koto o chiimumeito ni houkoku suru yotei da,I plan to report what I learned at the seminar to my teammates.
sent-2405,報告する,Suru Verbs,彼はプロジェクトの成功を会社に報告する責任がある。,Kare wa purojekuto no seikou o kaisha ni houkoku suru sekinin ga aru,He has the responsibility to report the success of the project to the company.
sent-2406,訪問する,Suru Verbs,明日友達の家を訪問する予定です。,Ashita tomodachi no ie o houmon suru yotei desu,I plan to visit my friend's house tomorrow.
sent-2407,訪問する,Suru Verbs,来週、大学の先生が私たちの高校を訪問することになっています。,"Raishuu, daigaku no sensei ga watashitachi no koukou o houmon suru koto ni natteimasu","Next week, a university teacher is scheduled to visit our high school."
sent-2408,訪問する,Suru Verbs,彼女は毎年冬に祖父母のうちを訪問します。,Kanojo wa maitoshi fuyu ni sofubo no uchi o houmon shimasu,She visits her grandparents' house every winter.
sent-2409,訪問する,Suru Verbs,新しくできたレストランを訪問してみたいです。,Atarashiku dekita resutoran o houmon shite mitai desu,I want to try visiting the newly opened restaurant.
sent-2410,訪問する,Suru Verbs,彼は明日私のオフィスに訪問する予定です。,Kare wa ashita watashi no ofisu ni houmon suru yotei desu,He is scheduled to visit my office tomorrow.
sent-2411,保証する,Suru Verbs,この製品は1年間の保証があります。,Kono seihin wa ichi nenkan no hoshou ga arimasu,This product comes with a one-year warranty.
sent-2412,保証する,Suru Verbs,会社は彼の仕事の質を保証します。,Kaisha wa kare no shigoto no shitsu o hoshou shimasu,The company guarantees the quality of his work.
sent-2413,保証する,Suru Verbs,彼はそのプロジェクトの成功を保証しました。,Kare wa sono purojekuto no seikou o hoshou shimashita,He guaranteed the success of the project.
sent-2414,保証する,Suru Verbs,あなたの満足を保証できない場合、返金いたします。,"Anata no manzoku o hoshou dekinai baai, henkin itashimasu","If we can't guarantee your satisfaction, we will refund your money."
sent-2415,保証する,Suru Verbs,私たちはお客様のプライバシーを保証します。,Watashitachi wa okyakusama no puraibashii o hoshou shimasu,We guarantee the privacy of our customers.
sent-2416,補償する,Suru Verbs,遅れた時間を補償するために、追加の仕事をしました。,"Okureta jikan o hoshou suru tame ni, tsuika no shigoto o shimashita","To compensate for the lost time, I did additional work."
sent-2417,補償する,Suru Verbs,彼は自分のミスを補償する責任を感じています。,Kare wa jibun no misu o hoshou suru sekinin o kanjiteimasu,He feels responsible for compensating for his mistakes.
sent-2418,補償する,Suru Verbs,損害を補償する保険が必要です。,Songai o hoshou suru hoken ga hitsuyou desu,Insurance is needed to compensate for damages.
sent-2419,補償する,Suru Verbs,彼女は交通事故で受けたけがを補償するために提訴した。,Kanojo wa koutsuu jiko de uketa kega o hoshou suru tame ni teisso shita,She filed a lawsuit to compensate for the injuries she sustained in a traffic accident.
sent-2420,補償する,Suru Verbs,企業は環境に与えた悪影響を補償するための取り組みを行っています。,Kigyou wa kankyou ni ataeta akueikyou o hoshou suru tame no torikumi o okonatteimasu,Companies are undertaking efforts to compensate for the negative impact they have had on the environment.
sent-2421,評価する,Suru Verbs,仕事の成果を評価する方法を考える必要がある。,Shigoto no seika o hyouka suru houhou o kangaeru hitsuyou ga aru.,We need to think about a method to evaluate work results.
sent-2422,評価する,Suru Verbs,彼の努力は高く評価されています。,Kare no doryoku wa takaku hyouka sareteimasu.,His efforts are highly appreciated.
sent-2423,評価する,Suru Verbs,この時計は本物かどうか評価するために専門家に見せてみよう。,Kono tokei wa honmono ka douka hyouka suru tame ni senmonka ni misetemiyou.,Let's show this watch to an expert to evaluate whether it is genuine or not.
sent-2424,評価する,Suru Verbs,経験が評価されるのではなく、結果を評価するべきだ。,"Keiken ga hyouka sareru no de wa naku, kekka o hyouka suru beki da.",We should evaluate results rather than experience.
sent-2425,評価する,Suru Verbs,映画の評価は個人の好みによりますので、ネット上の評価だけを頼りにしないでください。,"Eiga no hyouka wa kojin no konomi ni yorimasu node, nettojou no hyouka dake o tayori ni shinaide kudasai.","Movie ratings depend on personal preferences, so please don't rely solely on online ratings."
sent-2426,違反する,Suru Verbs,その行為は法律に違反しています。,Sono koui wa houritsu ni ihan shiteimasu,That action is in violation of the law.
sent-2427,違反する,Suru Verbs,スピード違反をした結果、運転免許を一時停止された。,"Supīdo ihan o shita kekka, unten menkyo o ichijiteishi sareta","As a result of speeding violation, my driver's license was temporarily suspended."
sent-2428,違反する,Suru Verbs,契約に違反することは、信用問題に関係することがあります。,"Keiyaku ni ihan suru koto wa, shin'you mondai ni kankei suru koto ga arimasu",Violating a contract can be related to credibility issues.
sent-2429,違反する,Suru Verbs,公園でタバコを吸うことは、市の条例に違反しています。,"Kouen de tabako o suu koto wa, shi no jourei ni ihan shiteimasu",Smoking in the park is a violation of the city ordinance.
sent-2430,違反する,Suru Verbs,彼は駐車ルールに違反して罰金を払った。,Kare wa chuusha rūru ni ihan shite bakkin o haratta,He paid a fine for violating the parking rules.
sent-2431,維持する,Suru Verbs,健康を維持するために、毎日運動しています。,"Kenkou o iji suru tame ni, mainichi undou shiteimasu.",I exercise every day to maintain my health.
sent-2432,維持する,Suru Verbs,世界平和を維持するためには、国際協力が必要です。,"Sekai heiwa o iji suru tame ni wa, kokusai kyouryoku ga hitsuyou desu.",International cooperation is necessary to maintain world peace.
sent-2433,維持する,Suru Verbs,家族の絆を維持することがとても大切です。,Kazoku no kizuna o iji suru koto ga totemo taisetsu desu.,It is very important to maintain family bonds.
sent-2434,維持する,Suru Verbs,公園の美しい景観を維持するために、皆で清掃活動に参加しましょう。,"Kouen no utsukushii keikan o iji suru tame ni, mina de seiso katsudou ni sanka shimashou.",Let's all participate in cleaning activities to maintain the beautiful scenery of the park.
sent-2435,維持する,Suru Verbs,企業は競争力を維持するために、常に新しい技術や戦略を研究しなければなりません。,"Kigyou wa kyousouryoku o iji suru tame ni, tsune ni atarashii gijutsu ya senryaku o kenkyu shinakereba narimasen.",Companies must constantly research new technologies and strategies to maintain their competitiveness.
sent-2436,引退する,Suru Verbs,彼は30歳でプロ野球選手として引退することにした。,Kare wa sanjuu-sai de puro yakyuu senshu toshite intai suru koto ni shita,He decided to retire as a professional baseball player at the age of 30.
sent-2437,引退する,Suru Verbs,今年、彼女は芸能界から引退することを発表しました。,"Kotoshi, kanojo wa geinoukai kara intai suru koto o happyou shimashita","This year, she announced that she would retire from the entertainment industry."
sent-2438,引退する,Suru Verbs,彼は怪我のためにスポーツ選手としてのキャリアを引退することを決意した。,Kare wa kega no tame ni supōtsu senshu toshite no kyaria o intai suru koto o ketsui shita,He decided to retire from his sports career due to injury.
sent-2439,引退する,Suru Verbs,彼女はバレエダンサーとして40歳で引退することになりました。,Kanojo wa barē dansā toshite yonjuu-sai de intai suru koto ni narimashita,She ended up retiring as a ballet dancer at the age of 40.
sent-2440,引退する,Suru Verbs,教師として30年間働いた後、彼は引退することを決めた。,"Kyoushi toshite sanjuu-nenkan hataraita ato, kare wa intai suru koto o kimeta","After working for 30 years as a teacher, he decided to retire."
sent-2441,依頼する,Suru Verbs,彼に仕事を依頼することにしました。,Kare ni shigoto o irai suru koto ni shimashita.,I decided to ask him to do the job.
sent-2442,依頼する,Suru Verbs,翻訳を依頼するために、翻訳者に連絡を取りました。,"Honyaku o irai suru tame ni, honyakusha ni renraku o torimashita.",I contacted a translator to request a translation.
sent-2443,依頼する,Suru Verbs,弁護士に法的な助言を依頼する必要がある。,Bengoshi ni houteki na jogen o irai suru hitsuyou ga aru.,There is a need to request legal advice from a lawyer.
sent-2444,依頼する,Suru Verbs,彼女に絵を描いてもらうために、依頼のメールを送りました。,"Kanojo ni e o kaite morau tame ni, irai no mēru o okurimashita.",I sent a request email to ask her to draw a picture for me.
sent-2445,依頼する,Suru Verbs,友達に引越しを手伝ってもらうために、彼に依頼しました。,"Tomodachi ni hikkoshi o tetsudatte morau tame ni, kare ni irai shimashita.",I asked my friend to help me move by requesting his assistance.
sent-2446,一致する,Suru Verbs,意見が一致することはめったにない。,Iken ga icchi suru koto wa metta ni nai.,It is rare for opinions to agree.
sent-2447,一致する,Suru Verbs,彼らは目標に向かって一致団結する必要がある。,Karera wa mokuhyou ni mukatte icchi danketsu suru hitsuyou ga aru.,They need to unite and work together toward their goal.
sent-2448,一致する,Suru Verbs,すべてのデータが一致するかどうかを確認してください。,Subete no deeta ga icchi suru ka douka o kakunin shite kudasai.,Please check if all the data matches.
sent-2449,一致する,Suru Verbs,二つの証言は一致しなかったため、疑いが深まった。,"Futatsu no shougen wa icchi shinakatta tame, utagai ga fukamatta.","The two testimonies did not match, raising further suspicion."
sent-2450,一致する,Suru Verbs,会議で提案されたアイデアは大部分が一致した。,Kaigi de teiansareta aidea wa daibubun ga icchi shita.,The ideas proposed at the meeting mostly aligned.
sent-2451,意図する,Suru Verbs,彼はこの計画に悪い意図を持っている。,Kare wa kono keikaku ni warui ito o motte iru.,He has malicious intentions in this plan.
sent-2452,意図する,Suru Verbs,彼女が言ったことは私を傷つけるように意図していたのでは？,Kanojo ga itta koto wa watashi o kizutsukeru you ni ito shite ita no dewa?,Did she intend for her words to hurt me?
sent-2453,意図する,Suru Verbs,目的達成のため、全国が包括的な見直しを意図しています。,"Mokuteki tassei no tame, zenkoku ga houkatsuteki na minaoshi o ito shiteimasu.","In order to achieve the goal, the whole country intends to conduct a comprehensive review."
sent-2454,意図する,Suru Verbs,この映画は観客の心に響くメッセージを意図して制作されました。,Kono eiga wa kankyaku no kokoro ni hibiku messeeji o ito shite seisaku saremashita.,This movie was produced with the intention of conveying a message that resonates with the audience's hearts.
sent-2455,意図する,Suru Verbs,彼はその仕事を終わらせることを意図して遅くまで働いた。,Kare wa sono shigoto o owaraseru koto o ito shite osoku made hataraita.,He worked late intending to finish the job.
sent-2456,ジャンプする,Suru Verbs,彼は嬉しくて空中にジャンプした。,Kare wa ureshikute kuuchuu ni janpu shita,He jumped into the air with joy.
sent-2457,ジャンプする,Suru Verbs,スキーで長い距離をジャンプするのが得意だ。,Sukii de nagai kyori o janpu suru no ga tokui da,I am good at jumping long distances on skis.
sent-2458,ジャンプする,Suru Verbs,彼女はトランポリンで高くジャンプできる。,Kanojo wa toranporin de takaku janpu dekiru,She can jump high on a trampoline.
sent-2459,ジャンプする,Suru Verbs,犬は障害物の上をジャンプしてすっかり楽しそうだった。,Inu wa shougai butsu no ue o janpu shite sukkari tanoshi sou datta,The dog seemed to enjoy jumping over obstacles.
sent-2460,ジャンプする,Suru Verbs,彼は助走をつけて鉄棒にジャンプした。,Kare wa joso o tsukete tetsubou ni janpu shita,He took a running start and jumped onto the horizontal bar.
sent-2461,実験する,Suru Verbs,この薬の効果を確かめるために、実験をしてみましょう。,"Kono kusuri no kouka o tashikameru tame ni, jikken o shite mimashou.",Let's experiment to confirm the efficacy of this medicine.
sent-2462,実験する,Suru Verbs,私たちは新しい素材を使って、実験を行いました。,"Watashitachi wa atarashii sozai o tsukatte, jikken o okonaimashita.",We conducted an experiment using a new material.
sent-2463,実験する,Suru Verbs,様々な条件下で実験をすることで、問題点が明らかになります。,"Samazama na joukenka de jikken o suru koto de, mondaiten ga akiraka ni narimasu.",Performing experiments under various conditions will reveal the problems.
sent-2464,実験する,Suru Verbs,新しい方法を試すために、実験が必要です。,"Atarashii houhou o tamesu tame ni, jikken ga hitsuyou desu.",An experiment is needed to test a new method.
sent-2465,実験する,Suru Verbs,彼は物理学の分野で実験を積極的に行っています。,Kare wa butsurigaku no bunya de jikken o sekkyokuteki ni okonatteimasu.,He actively conducts experiments in the field of physics.
sent-2466,実行する,Suru Verbs,彼は計画を実行するために早速動き始めた。,Kare wa keikaku o jikkou suru tame ni sassoku ugoki hajimeta.,He started moving immediately to execute the plan.
sent-2467,実行する,Suru Verbs,コンピュータのプログラムを実行するには、実行ボタンを押します。,"Konpyuuta no puroguramu o jikkou suru ni wa, jikkou botan o oshimasu.","To execute a computer program, press the execute button."
sent-2468,実行する,Suru Verbs,彼女は自分が目指す目標を実行するために努力し続けています。,Kanojo wa jibun ga mezashu mokuhyou o jikkou suru tame ni doryoku shi tsudzuketeimasu.,She continues to work hard to achieve the goals she sets for herself.
sent-2469,実行する,Suru Verbs,政府は新しい政策を実行すると発表しました。,Seifu wa atarashii seisaku o jikkou suru to happyou shimashita.,The government announced to implement new policies.
sent-2470,実行する,Suru Verbs,このプロジェクトを実行するための資金が必要です。,Kono purojekuto o jikkou suru tame no shikin ga hitsuyou desu.,We need funds to carry out this project.
sent-2471,自慢する,Suru Verbs,彼はよく自慢するので、友達が少ない。,"Kare wa yoku jiman suru node, tomodachi ga sukunai.","He often brags, so he has few friends."
sent-2472,自慢する,Suru Verbs,彼女は成績がいいから、よく自慢しています。,"Kanojo wa seiseki ga ii kara, yoku jiman shiteimasu.",She often brags because she has good grades.
sent-2473,自慢する,Suru Verbs,私たちは日本語をぺらぺら話すことができるので、自慢しています。,"Watashitachi wa nihongo o perapera hanasu koto ga dekiru node, jiman shiteimasu.","We can speak Japanese fluently, so we brag about it."
sent-2474,自慢する,Suru Verbs,彼は自分の車を友達に自慢するのが好きだ。,Kare wa jibun no kuruma o tomodachi ni jiman suru no ga suki da.,He likes to show off his car to his friends.
sent-2475,自慢する,Suru Verbs,トムは新しい仕事で成功した後、自慢するのをやめられなかった。,"Tomu wa atarashii shigoto de seikou shita ato, jiman suru no o yamerarenakatta.","After succeeding in his new job, Tom couldn't stop bragging."
sent-2476,自立する,Suru Verbs,子供たちは成長するにつれて自立するべきだ。,Kodomo-tachi wa seichou suru ni tsurete jiritsu suru beki da.,Children should become independent as they grow up.
sent-2477,自立する,Suru Verbs,彼は大学を卒業後、自立するために一人暮らしを始めた。,"Kare wa daigaku o sotsugyou-go, jiritsu suru tame ni hitori gurashi o hajimeta.","After graduating from college, he started living alone to become independent."
sent-2478,自立する,Suru Verbs,若者たちが社会で自立することが重要です。,Wakamono-tachi ga shakai de jiritsu suru koto ga juuyou desu.,It is important for young people to become independent in society.
sent-2479,自立する,Suru Verbs,彼女は自立するために、自分のビジネスを始めました。,"Kanojo wa jiritsu suru tame ni, jibun no bijinesu o hajimemashita.","To become independent, she started her own business."
sent-2480,自立する,Suru Verbs,子供たちに自立する力を身につけさせることが親の責任だ。,Kodomo-tachi ni jiritsu suru chikara o mi ni tsukesa**seru** koto ga oya no sekinin da.,It is the responsibility of parents to equip their children with the ability to become independent.
sent-2481,辞職する,Suru Verbs,彼はプレッシャーに耐えられず、辞職することにした。,"Kare wa puresshaa ni taerarezu, jishoku suru koto ni shita.",He decided to resign because he couldn't withstand the pressure.
sent-2482,辞職する,Suru Verbs,彼女は仕事に不満があったため、辞職することを決めた。,"Kanojo wa shigoto ni fuman ga atta tame, jishoku suru koto o kimeta.",She decided to resign because she was dissatisfied with her job.
sent-2483,辞職する,Suru Verbs,社長は健康上の理由で辞職することになりました。,Shachou wa kenkoujou no riyuu de jishoku suru koto ni narimashita.,The company president resigned due to health reasons.
sent-2484,辞職する,Suru Verbs,辞職する前に、他の仕事のオプションを検討した方が良い。,"Jishoku suru mae ni, hoka no shigoto no opushon o kentou shita hou ga ii.",It's better to explore other job options before deciding to resign.
sent-2485,辞職する,Suru Verbs,不正行為が発覚した後、彼は辞職するしかなかった。,"Fusei koui ga hakkaku shita ato, kare wa jishoku suru shikanakatta.","After his misconduct was discovered, he had no choice but to resign."
sent-2486,実現する,Suru Verbs,彼の夢はいつか実現するでしょう。,Kare no yume wa itsuka jitsugen suru deshou.,His dream will come true someday.
sent-2487,実現する,Suru Verbs,このプロジェクトを実現するためには、全員の協力が必要です。,"Kono purojekuto o jitsugen suru tame ni wa, zen'in no kyouryoku ga hitsuyou desu.","In order to realize this project, the cooperation of everyone is necessary."
sent-2488,実現する,Suru Verbs,社長は、新商品の開発を実現するために努力しています。,"Shachou wa, shin shouhin no kaihatsu o jitsugen suru tame ni doryoku shiteimasu.",The president is making efforts to realize the development of a new product.
sent-2489,実現する,Suru Verbs,環境問題の解決を実現するためには、国際的な協力が必要だ。,"Kankyou mondai no kaiketsu o jitsugen suru tame ni wa, kokusaiteki na kyouryoku ga hitsuyou da.",International cooperation is necessary to realize the solution of environmental problems.
sent-2490,実現する,Suru Verbs,医学の進歩によって、病気の治療が実現することがある。,"Igaku no shinpo ni yotte, byouki no chiryou ga jitsugen suru koto ga aru.",Medical advancements can make the treatment of diseases a reality.
sent-2491,ジョギングする,Suru Verbs,朝早く公園でジョギングするのが好きです。,Asa hayaku kouen de jogingu suru no ga suki desu,I like jogging in the park early in the morning.
sent-2492,ジョギングする,Suru Verbs,週に３回ジョギングすることで健康を維持しています。,Shuu ni san-kai jogingu suru koto de kenkou o iji shiteimasu,I maintain my health by jogging three times a week.
sent-2493,ジョギングする,Suru Verbs,ダイエットのために毎日ジョギングするようにしています。,Daietto no tame ni mainichi jogingu suru you ni shiteimasu,I try to jog every day for dieting purposes.
sent-2494,ジョギングする,Suru Verbs,ストレス発散のために、友達と夕方ジョギングすることを楽しんでいます。,"Sutoresu houssan no tame ni, tomodachi to yuugata jogingu suru koto o tanoshindeimasu",I enjoy jogging with my friends in the evening as a way to relieve stress.
sent-2495,ジョギングする,Suru Verbs,ジョギングすることで心身ともにリフレッシュできます。,Jogingu suru koto de shinshin tomo ni rifuresshu dekimasu,Jogging helps refresh both my mind and body.
sent-2496,上映する,Suru Verbs,その映画は来週から映画館で上映される。,Sono eiga wa raishuu kara eigakan de jouei sareru.,The movie will be screened at the cinema from next week.
sent-2497,上映する,Suru Verbs,彼は自分の映画を地元の映画館で上映したいと思っています。,Kare wa jibun no eiga o jimoto no eigakan de jouei shitai to omotteimasu.,He wants to screen his film at a local cinema.
sent-2498,上映する,Suru Verbs,上映中に突然電源が切れて、映画が中断された。,"Jouei-chuu ni totsuzen dengen ga kirete, eiga ga chuudan sareta.",The movie was interrupted when the power suddenly went off during the screening.
sent-2499,上映する,Suru Verbs,あの映画は昨年、世界中で盛大に上映され話題になった。,"Ano eiga wa sakunen, sekaijuu de seidai ni jouei sare wadai ni natta.",That movie was grandly screened and became a hot topic worldwide last year.
sent-2500,上映する,Suru Verbs,この映画祭では怒りに関する映画が10本上映される。,Kono eigasai de wa ikari ni kansuru eiga ga juppon jouei sareru.,"At this film festival, 10 movies about anger will be screened."
sent-2501,譲歩する,Suru Verbs,彼女と議論中、私はいくつかの点で譲歩することにしました。,"Kanojo to gironchuu, watashi wa ikutsu ka no ten de johosuru koto ni shimashita","While discussing with her, I decided to compromise on some points."
sent-2502,譲歩する,Suru Verbs,交渉の結果、双方が互いに譲歩することで合意に達した。,"Koushou no kekka, souhou ga tagai ni johosuru koto de goui ni tasshita","As a result of the negotiation, both sides reached an agreement by compromising with each other."
sent-2503,譲歩する,Suru Verbs,彼は、チームのために自分の意見に譲歩することを決意した。,"Kare wa, chīmu no tame ni jibun no iken ni johosuru koto o ketsui shita",He decided to compromise on his own opinion for the sake of the team.
sent-2504,譲歩する,Suru Verbs,成功のためには、時には自分の考えに譲歩することも必要だ。,"Seikou no tame ni wa, toki ni wa jibun no kangae ni johosuru koto mo hitsuyou da",Sometimes it is necessary to compromise on one's own thoughts for success.
sent-2505,譲歩する,Suru Verbs,プロジェクトで進展を達成するため、彼らはお互いに譲歩することが求められた。,"Purojekuto de shinten o tassei suru tame, karera wa otagai ni johosuru koto ga motomerareta","In order to make progress in the project, they were required to compromise with each other."
sent-2506,上昇する,Suru Verbs,株価が急速に上昇している。,Kabuka ga kyuusoku ni joushou shite iru.,The stock price is rising rapidly.
sent-2507,上昇する,Suru Verbs,空気温度がさらに上昇すると予想される。,Kuuki ondo ga sarani joushou suru to yosou sareru.,The air temperature is expected to rise further.
sent-2508,上昇する,Suru Verbs,自分の能力を向上させるために努力しています。,Jibun no nouryoku o koujou saseru tame ni doryoku shiteimasu.,I am working hard to improve my abilities.
sent-2509,上昇する,Suru Verbs,成功するためには、常に自分のスキルを向上させ続けることが重要です。,"Seikou suru tame niwa, tsune ni jibun no sukiru o koujou sase tsuzukeru koto ga juuyou desu.","To succeed, it is important to continually raise your own skills."
sent-2510,上昇する,Suru Verbs,世界の海水温が上昇していることが最近の研究で明らかになった。,Sekai no kaisui on ga joushou shite iru koto ga saikin no kenkyuu de akiraka ni natta.,Recent research has revealed that the world's sea water temperature is rising.
sent-2511,準備する,Suru Verbs,旅行のために荷物を準備しなければならない。,Ryokou no tame ni nimotsu o junbi shinakereba naranai,I have to prepare my luggage for the trip.
sent-2512,準備する,Suru Verbs,試験に合格するために、十分に準備することが大切だ。,"Shiken ni goukaku suru tame ni, juubun ni junbi suru koto ga taisetsu da","In order to pass the exam, it is important to prepare sufficiently."
sent-2513,準備する,Suru Verbs,ホームパーティーを開く前に、食材や飲み物を準備する必要がある。,"Hoomu paatii o hiraku mae ni, shokuzai ya nomimono o junbi suru hitsuyou ga aru","Before hosting a home party, it is necessary to prepare food and drinks."
sent-2514,準備する,Suru Verbs,新しい仕事を始めるために、事前に準備することが重要だ。,"Atarashii shigoto o hajimeru tame ni, jizen ni junbi suru koto ga juuyou da",It is important to prepare in advance before starting a new job.
sent-2515,準備する,Suru Verbs,友人が遊びに来るので、部屋の掃除とおやつを準備しなくてはいけない。,"Yuujin ga asobi ni kuru node, heya no souji to oyatsu o junbi shinakute wa ikenai","My friend is coming to visit, so I need to clean the room and prepare snacks."
sent-2516,回復する,Suru Verbs,病気が回復するのに時間がかかりました。,Byouki ga kaifuku suru noni jikan ga kakarimashita.,It took time to recover from the illness.
sent-2517,回復する,Suru Verbs,株価は下落した後、急速に回復しました。,"Kabuka wa geraku shita ato, kyuusoku ni kaifuku shimashita.",The stock price recovered rapidly after falling.
sent-2518,回復する,Suru Verbs,力を使い果たした後、彼は完全に回復するのに数日かかりました。,"Chikara o tsukaihatashita ato, kare wa kanzen ni kaifuku suru no ni suujitsu kakarimashita.",It took him several days to fully recover after exhausting his strength.
sent-2519,回復する,Suru Verbs,嵐で被害を受けた地域は徐々に回復しています。,Arashi de higai o uke ta chiiki wa jojo ni kaifuku shiteimasu.,The area affected by the storm is gradually recovering.
sent-2520,回復する,Suru Verbs,エネルギーを回復するために十分な休息をとることが重要です。,Enerugī o kaifuku suru tame ni juubun na kyuusoku o toru koto ga juuyou desu.,It's important to take enough rest to recover energy.
sent-2521,開発する,Suru Verbs,新しい技術を開発するのに多くの時間がかかります。,Atarashii gijutsu o kaihatsu suru noni ōku no jikan ga kakarimasu,It takes a lot of time to develop new technologies.
sent-2522,開発する,Suru Verbs,その会社は新製品の開発を進めている。,Sono kaisha wa shinseihin no kaihatsu o susumete iru,The company is working on the development of new products.
sent-2523,開発する,Suru Verbs,この地域は急速に開発されている。,Kono chiiki wa kyuusoku ni kaihatsu sarete iru,This area is being rapidly developed.
sent-2524,開発する,Suru Verbs,彼は人工知能を開発するために努力している。,Kare wa jinkou chinou o kaihatsu suru tame ni doryoku shite iru,He is working hard to develop artificial intelligence.
sent-2525,開発する,Suru Verbs,医学者たちは新しい治療法を開発するために研究を続けています。,Igakusha-tachi wa atarashii chiryouhou o kaihatsu suru tame ni kenkyuu o tsuzukete imasu,Medical scientists continue to research in order to develop new treatments.
sent-2526,開放する,Suru Verbs,この公園は朝から夕方まで開放されています。,Kono kouen wa asa kara yuugata made kaihousareteimasu,This park is open from morning to evening.
sent-2527,開放する,Suru Verbs,図書館は週末にも開放しています。,Toshokan wa shuumatsu ni mo kaihou shiteimasu,The library is also open on weekends.
sent-2528,開放する,Suru Verbs,政府は市場を外国企業に開放することを検討している。,Seifu wa ichiba wo gaikoku kigyou ni kaihou suru koto wo kentou shiteiru,The government is considering opening the market to foreign companies.
sent-2529,開放する,Suru Verbs,この施設は夜間も開放される予定です。,Kono shisetsu wa yakan mo kaihousareru yotei desu,This facility is scheduled to be open at night as well.
sent-2530,開放する,Suru Verbs,大学は一部の講義を一般に開放しています。,Daigaku wa ichibu no kougi wo ippan ni kaihou shiteimasu,The university opens some lectures to the public.
sent-2531,解放する,Suru Verbs,この街はようやく戦争から解放された。,Kono machi wa youyaku sensou kara kaihou sareta,This town was finally liberated from the war.
sent-2532,解放する,Suru Verbs,労働者たちは搾取から解放されることを求めている。,Roudousha-tachi wa sakushu kara kaihou sareru koto o motomete iru,The workers are demanding to be liberated from exploitation.
sent-2533,解放する,Suru Verbs,彼女は悩みから解放されたそうです。,Kanojo wa nayami kara kaihou sareta sou desu,It seems she was freed from her worries.
sent-2534,解放する,Suru Verbs,政府は政治犯を全員解放するよう求められた。,Seifu wa seiji-han o zen'in kaihou suru you motomerareta,The government was demanded to release all political prisoners.
sent-2535,解放する,Suru Verbs,逆境を乗り越えることで、自分自身を解放する力を手に入れた。,"Gyakkyou o norikoeru koto de, jibun jishin o kaihou suru chikara o te ni ireta","By overcoming adversity, I gained the power to liberate myself."
sent-2536,改革する,Suru Verbs,政治を改革するために新しい政策が導入された。,Seiji o kaikaku suru tame ni atarashii seisaku ga dounyu sareta,New policies were introduced to reform politics.
sent-2537,改革する,Suru Verbs,教育制度を改革することが求められています。,Kyouiku seido o kaikaku suru koto ga motomerarete imasu,It is demanded to reform the educational system.
sent-2538,改革する,Suru Verbs,会社は、業績を向上させるために業務を改革する必要がある。,"Kaisha wa, gyouseki o koujou saseru tame ni gyomu o kaikaku suru hitsuyou ga aru",The company needs to reform its operations to improve performance.
sent-2539,改革する,Suru Verbs,彼は技術革新を進めて産業を改革することを提案した。,Kare wa gijutsu kakushin o susumete sangyou o kaikaku suru koto o teian shita,He proposed to reform the industry by promoting technological innovation.
sent-2540,改革する,Suru Verbs,今後の環境問題に対処するために、エネルギー政策を改革するべきだ。,"Kongo no kankyou mondai ni taisho suru tame ni, enerugii seisaku o kaikaku suru beki da",Energy policies should be reformed to address future environmental issues.
sent-2541,解決する,Suru Verbs,この問題を早く解決しなければなりません。,Kono mondai o hayaku kaiketsu shinakereba narimasen,We have to solve this problem quickly.
sent-2542,解決する,Suru Verbs,彼らはその対立を話し合いで解決しようとしています。,Karera wa sono tairitsu o hanashiai de kaiketsu shiyou to shiteimasu,They are trying to resolve the conflict through discussion.
sent-2543,解決する,Suru Verbs,彼は難しい状況でも冷静に問題を解決できる。,Kare wa muzukashii joukyou demo reisei ni mondai o kaiketsu dekiru,He can calmly solve problems even in difficult situations.
sent-2544,解決する,Suru Verbs,そのレポートは我々の研究で発生した課題を解決する提案が含まれています。,Sono repooto wa wareware no kenkyuu de hassei shita kadai o kaiketsu suru teian ga fukumareteimasu,The report includes proposals to solve the issues that arose in our research.
sent-2545,解決する,Suru Verbs,長年の交通渋滞を解決するために、新しい道路が建設される予定です。,"Naganen no koutsuujuutai o kaiketsu suru tame ni, atarashii douro ga kensetsu sareru yotei desu","In order to resolve the long-standing traffic congestion, a new road is planned to be constructed."
sent-2546,開催する,Suru Verbs,今週末にコンサートが開催されます。,Konshūmatsu ni konsāto ga kaisai saremasu.,The concert will be held this weekend.
sent-2547,開催する,Suru Verbs,来月、結婚式を開催する予定です。,"Raigetsu, kekkonshiki o kaisai suru yotei desu.",We are planning to hold a wedding ceremony next month.
sent-2548,開催する,Suru Verbs,国際会議がこの都市で開催されることが決まりました。,Kokusaikaigi ga kono toshi de kaisai sareru koto ga kimarimashita.,It has been decided that an international conference will be held in this city.
sent-2549,開催する,Suru Verbs,今度の祭りはいつ開催されますか？,Kondo no matsuri wa itsu kaisai saremasu ka?,When will the next festival be held?
sent-2550,開催する,Suru Verbs,彼は来週、自らの展示会を開催する予定です。,"Kare wa raishū, mizukara no tenjikai o kaisai suru yotei desu.",He is planning to hold his own exhibition next week.
sent-2551,改正する,Suru Verbs,法律を改正する必要性がある。,Houritsu o kaisei suru hitsuyousei ga aru.,There is a need to amend the law.
sent-2552,改正する,Suru Verbs,記事の誤りを指摘され、改正することにしました。,"Kiji no ayamari o shiteki sare, kaisei suru koto ni shimashita.",I decided to revise the article after being pointed out its errors.
sent-2553,改正する,Suru Verbs,規則の不適切な部分を改正することが求められている。,Kisoku no futekisetsu na bubun o kaisei suru koto ga motome rarete iru.,It is required to correct the inappropriate parts of the rules.
sent-2554,改正する,Suru Verbs,改正する前に、問題点を全て特定しなければならない。,"Kaisei suru mae ni, mondaiten o subete tokutei shinakereba naranai.","Before revising, all issues must be identified."
sent-2555,改正する,Suru Verbs,現在の制度を改正する提案は既に提出されている。,Genzai no seido o kaisei suru teian wa sudeni teishutsu sarete iru.,A proposal to amend the current system has already been submitted.
sent-2556,解釈する,Suru Verbs,この文を解釈するのに時間がかかった。,Kono bun o kaishaku suru noni jikan ga kakatta.,It took time to interpret this sentence.
sent-2557,解釈する,Suru Verbs,彼は詩の意味を解釈するのが上手だ。,Kare wa shi no imi o kaishaku suru no ga jouzu da.,He is good at interpreting the meaning of poems.
sent-2558,解釈する,Suru Verbs,その絵画は様々な方法で解釈することができる。,Sono kaiga wa samazama na houhou de kaishaku suru koto ga dekiru.,The painting can be interpreted in various ways.
sent-2559,解釈する,Suru Verbs,法律の専門家がその条文を詳細に解釈する必要がある。,Houritsu no senmonka ga sono joubun o shousai ni kaishaku suru hitsuyou ga aru.,Legal experts need to interpret the provisions in detail.
sent-2560,解釈する,Suru Verbs,その言葉の正確な意味を解釈することは難しい。,Sono kotoba no seikaku na imi o kaishaku suru koto wa muzukashii.,It is difficult to interpret the exact meaning of those words.
sent-2561,開拓する,Suru Verbs,新しい分野を開拓することで、会社が成長する。,"Atarashii bun'ya o kaitaku suru koto de, kaisha ga seichou suru",The company grows by developing new fields.
sent-2562,開拓する,Suru Verbs,無人島を開拓する計画が進められている。,Mujintou o kaitaku suru keikaku ga susumerarete iru,Plans are underway to develop the uninhabited island.
sent-2563,開拓する,Suru Verbs,彼は音楽界で新たなスタイルを開拓し続けている。,Kare wa ongaku kai de aratana sutairu o kaitaku shi tsudzukete iru,He continues to pioneer new styles in the music industry.
sent-2564,開拓する,Suru Verbs,我々は新しい市場を開拓するために世界中に広がっている。,Wareware wa atarashii shijou o kaitaku suru tame ni sekaijuu ni hirogatte iru,We are expanding worldwide to develop new markets.
sent-2565,開拓する,Suru Verbs,宇宙旅行を開拓する会社が増えている。,Uchuu ryokou o kaitaku suru kaisha ga fuete iru,There are more and more companies working to pioneer space travel.
sent-2566,下降する,Suru Verbs,株価が下降している。,Kabuka ga kakou shiteiru.,The stock price is falling.
sent-2567,下降する,Suru Verbs,温度が急速に下降している。,Ondo ga kyuusoku ni kakou shiteiru.,The temperature is dropping rapidly.
sent-2568,下降する,Suru Verbs,経済成長率が下降する兆候が見られる。,Keizai seichouritsu ga kakou suru choukou ga mirareru.,Signs of a decline in economic growth rate can be seen.
sent-2569,下降する,Suru Verbs,年金支給額が下降する可能性がある。,Nenkin shikyuugaku ga kakou suru kanousei ga aru.,There is a possibility that pension payments will decrease.
sent-2570,下降する,Suru Verbs,出生率が次第に下降している。,Shusseiritsu ga shidai ni kakou shiteiru.,The birth rate is gradually declining.
sent-2571,加工する,Suru Verbs,魚は加工することで保存が効く。,Sakana wa kakou suru koto de hozon ga kiku.,Processing fish makes it easier to preserve.
sent-2572,加工する,Suru Verbs,その工場では、金属を加工している。,"Sono koujou de wa, kinzoku o kakou shite iru.",That factory processes metals.
sent-2573,加工する,Suru Verbs,木材を加工する技術が向上した。,Mokuzai o kakou suru gijutsu ga koujou shita.,The technology for processing wood has improved.
sent-2574,加工する,Suru Verbs,彼は、野菜を加工する方法について教えてくれた。,"Kare wa, yasai o kakou suru houhou ni tsuite oshiete kureta.",He taught me how to process vegetables.
sent-2575,加工する,Suru Verbs,写真を加工するアプリが人気がある。,Shashin o kakou suru apuri ga ninki ga aru.,Photo editing apps are popular.
sent-2576,拡大する,Suru Verbs,会社は海外市場への進出を拡大する計画です。,Kaisha wa kaigai shijou e no shinshutsu o kakudai suru keikaku desu,The company plans to expand its entry into overseas markets.
sent-2577,拡大する,Suru Verbs,インターネットの利用は年々拡大しています。,Inta-netto no riyou wa nen nen kakudai shiteimasu,Internet usage is expanding year by year.
sent-2578,拡大する,Suru Verbs,その店はメニューを拡大することを考慮している。,Sono mise wa menyuu o kakudai suru koto o kouryo shiteiru,The store is considering expanding its menu.
sent-2579,拡大する,Suru Verbs,個人事業を会社に拡大する予定です。,Kojin jigyou o kaisha ni kakudai suru yotei desu,I plan to expand my personal business into a company.
sent-2580,拡大する,Suru Verbs,地図を拡大して詳細を確認しました。,Chizu o kakudai shite shousai o kakunin shimashita,I enlarged the map and checked the details.
sent-2581,確認する,Suru Verbs,試験前に、教科書をもう一度確認することをお勧めします。,"Shikenmae ni, kyoukasho o mou ichido kakunin suru koto o osusume shimasu","Before the exam, it is recommended to check the textbook once again."
sent-2582,確認する,Suru Verbs,出発前に予約を確認する必要があります。,Shuppatsu mae ni yoyaku o kakunin suru hitsuyou ga arimasu,It is necessary to confirm the reservation before departure.
sent-2583,確認する,Suru Verbs,重要な会議があるため、全員のスケジュールを確認する必要がある。,"Juuyou na kaigi ga aru tame, zen'in no sukeju-ru o kakunin suru hitsuyou ga aru","Due to an important meeting, it is necessary to check everyone's schedule."
sent-2584,確認する,Suru Verbs,データが正しいかどうかを確認するために、再度検討してください。,"Deeta ga tadashii ka dou ka o kakunin suru tame ni, saido kentou shite kudasai",Please reconsider once more to confirm whether the data is correct or not.
sent-2585,確認する,Suru Verbs,お客様の注文内容を確認するため、メールで連絡させていただきます。,"O-kyaku-sama no chuumon naiyou o kakunin suru tame, me-ru de renraku sasete itadakimasu",We will contact you by email to confirm your order details.
sent-2586,関係する,Suru Verbs,これは彼の仕事に直接関係する問題です。,Kore wa kare no shigoto ni chokusetsu kankei suru mondai desu,This is a problem directly related to his work.
sent-2587,関係する,Suru Verbs,彼女の態度はこの問題に関係していると思います。,Kanojo no taido wa kono mondai ni kankei shite iru to omoimasu,I think her attitude is related to this issue.
sent-2588,関係する,Suru Verbs,彼の決定は私たち全員に関係することです。,Kare no kettei wa watashitachi zen'in ni kankei suru koto desu,His decision is something that concerns all of us.
sent-2589,関係する,Suru Verbs,その研究は環境問題に密接に関係しています。,Sono kenkyuu wa kankyou mondai ni missetsu ni kankei shiteimasu,That research is closely related to environmental issues.
sent-2590,関係する,Suru Verbs,私たちはこのプロジェクトに関係するすべての人と連絡を取り合っています。,Watashitachi wa kono purojekuto ni kankei suru subete no hito to renraku o toriatteimasu,We are in contact with all the people involved in this project.
sent-2591,管理する,Suru Verbs,部屋の管理をしっかりと行わなければならない。,Heya no kanri o shikkari to okonawanakereba naranai.,We have to manage the room properly.
sent-2592,管理する,Suru Verbs,お金を上手に管理することが重要です。,Okane o jouzu ni kanri suru koto ga juuyou desu.,It is important to manage money skillfully.
sent-2593,管理する,Suru Verbs,会社では従業員のスケジュールを管理する責任があります。,Kaisha de wa juugyouin no sukejuuru o kanri suru sekinin ga arimasu.,"In the company, there is a responsibility to manage employees' schedules."
sent-2594,管理する,Suru Verbs,自分の時間を上手く管理して効率的に仕事をこなすことが大切だ。,Jibun no jikan o umaku kanri shite kouritsuteki ni shigoto o konasu koto ga taisetsu da.,It is important to manage your own time effectively and complete your tasks efficiently.
sent-2595,管理する,Suru Verbs,ソフトウェアの更新を管理するのは、IT部門の役割です。,"Sofutowea no koushin o kanri suru no wa, IT bumon no yakuwari desu.",Managing software updates is the role of the IT department.
sent-2596,観察する,Suru Verbs,彼は鳥を観察するのが大好きだ。,Kare wa tori o kansatsu suru no ga daisuki da.,He loves to observe birds.
sent-2597,観察する,Suru Verbs,研究者たちは動物の行動を観察するために森に行った。,Kenkyuusha-tachi wa doubutsu no koudou o kansatsu suru tame ni mori ni itta.,The researchers went to the forest to observe the behavior of animals.
sent-2598,観察する,Suru Verbs,先生は子どもたちの様子を観察するのが上手だ。,Sensei wa kodomo-tachi no yousu o kansatsu suru no ga jouzu da.,The teacher is good at observing the children's behavior.
sent-2599,観察する,Suru Verbs,観察したデータを元に分析を行った。,Kansatsu shita deeta o moto ni bunseki o okonatta.,The analysis was performed based on the observed data.
sent-2600,観察する,Suru Verbs,観察力を養うことは、問題解決に役立ちます。,"Kansatsuryoku o yashinau koto wa, mondai kaiketsu ni yakudachi masu.",Developing observation skills is helpful in solving problems.
sent-2601,完成する,Suru Verbs,プロジェクトがいよいよ完成する日が近づいている。,Purojekuto ga iyoiyo kansei suru hi ga chikazuite iru.,The day for the project to be finally completed is approaching.
sent-2602,完成する,Suru Verbs,建築家はこのビルのデザインを完成する予定です。,Kenchikuka wa kono biru no dezain o kansei suru yotei desu.,The architect plans to complete the design of this building.
sent-2603,完成する,Suru Verbs,彼は長年の努力の末、作品を完成することができました。,"Kare wa naganen no doryoku no sue, sakuhin o kansei suru koto ga dekimashita.","After many years of effort, he was able to complete his work."
sent-2604,完成する,Suru Verbs,このソフトウェアを完成するためにはまだ時間がかかりそうだ。,Kono sofutouea o kansei suru tame ni wa mada jikan ga kakarisou da.,It seems that it will still take time to complete this software.
sent-2605,完成する,Suru Verbs,チームは一生懸命働いてプロジェクトを期限内に完成することに成功した。,Chīmu wa isshoukenmei hataraite purojekuto o kigennai ni kansei suru koto ni seikou shita.,The team worked hard and successfully completed the project within the deadline.
sent-2606,感心する,Suru Verbs,彼女の料理の腕前には感心する。,Kanojo no ryouri no udemae ni wa kanshin suru,I admire her cooking skills.
sent-2607,感心する,Suru Verbs,彼の努力に感心します。,Kare no doryoku ni kanshin shimasu,I admire his effort.
sent-2608,感心する,Suru Verbs,彼女の美しい歌声に感心した。,Kanojo no utsukushii utagoe ni kanshin shita,I was impressed by her beautiful singing voice.
sent-2609,感心する,Suru Verbs,その若者が道路のゴミを拾っているのを見て、感心した。,"Sono wakamono ga douro no gomi o hirotte iru no o mite, kanshin shita",I was impressed to see the young man picking up trash on the street.
sent-2610,感心する,Suru Verbs,先生の丁寧な説明に感心しました。,Sensei no teinei na setsumei ni kanshin shimashita,I was impressed by the teacher's detailed explanation.
sent-2611,観賞する,Suru Verbs,夜の美しい景色を観賞するのが好きです。,Yoru no utsukushii keshiki o kanshou suru no ga suki desu,I like admiring the beautiful night scenery.
sent-2612,観賞する,Suru Verbs,色鮮やかな花火を観賞するのは楽しい。,Iro azayaka na hanabi o kanshou suru no wa tanoshii,Watching colorful fireworks is enjoyable.
sent-2613,観賞する,Suru Verbs,彼女は美術館で名画を観賞することが好きだ。,Kanojo wa bijutsukan de meiga o kanshou suru koto ga suki da,She likes admiring famous paintings at the art museum.
sent-2614,観賞する,Suru Verbs,ライブコンサートでお気に入りのバンドを観賞する。,Raibu konsaato de okiniiri no bando o kanshou suru,Watch your favorite band perform live in concert.
sent-2615,観賞する,Suru Verbs,この映画は何度も観賞する価値がある。,Kono eiga wa nando mo kanshou suru kachi ga aru,This movie is worth watching many times.
sent-2616,仮定する,Suru Verbs,この問題を解くために、まず仮定を立てることが必要だ。,"Kono mondai o toku tame ni, mazu katei o tateru koto ga hitsuyou da.","In order to solve this problem, it is necessary to first make an assumption."
sent-2617,仮定する,Suru Verbs,彼が言うことが正しいと仮定してみましょう。,Kare ga iu koto ga tadashii to katei shite mimashou.,Let's assume that what he says is correct.
sent-2618,仮定する,Suru Verbs,もし地球が平らだと仮定すると何が起こるでしょうか。,Moshi Chikyū ga taira da to katei suru to nani ga okoru deshō ka.,What would happen if we assume that the Earth is flat?
sent-2619,仮定する,Suru Verbs,彼女が来ると仮定して、どのように対処すべきか考えておこう。,"Kanojo ga kuru to katei shite, dono youni taisho subeki ka kangaete okou.","Assuming she comes, let's think about how we should deal with it."
sent-2620,仮定する,Suru Verbs,彼の意見には根拠がなく、単なる仮定に過ぎない。,"Kare no iken ni wa konkyo ga naku, tannaru katei ni suginai.",His opinion has no basis and is nothing more than an assumption.
sent-2621,活動する,Suru Verbs,彼は地域社会でボランティア活動をする。,Kare wa chiiki shakai de borantia katsudou o suru,He does volunteer activities in the local community.
sent-2622,活動する,Suru Verbs,彼女は環境保護のために活動している。,Kanojo wa kankyō hogo no tame ni katsudou shite iru,She is working for environmental protection.
sent-2623,活動する,Suru Verbs,この団体は福祉の向上を目的として活動しています。,Kono dantai wa fukushi no koujou o mokuteki to shite katsudou shiteimasu,This organization is working to improve welfare as its goal.
sent-2624,活動する,Suru Verbs,私たちのチームは様々なイベントで活動しています。,Watashitachi no chiimu wa samazama na ibento de katsudou shiteimasu,Our team participates in various events.
sent-2625,活動する,Suru Verbs,研究者たちは新しい技術開発プロジェクトに積極的に活動している。,Kenkyūsha-tachi wa atarashī gijutsu kaihatsu purojekuto ni sekkyokuteki ni katsudō shite iru,Researchers are actively working on new technology development projects.
sent-2626,活躍する,Suru Verbs,彼女は学校でスポーツに活躍している。,Kanojo wa gakkou de supootsu ni katsuyaku shite iru.,She is active in sports at school.
sent-2627,活躍する,Suru Verbs,彼は仕事で大変活躍していると評判です。,Kare wa shigoto de taihen katsuyaku shite iru to hyouban desu.,He is famous for being very active in his job.
sent-2628,活躍する,Suru Verbs,今年は新入りの社員がとても活躍しています。,Kotoshi wa shiniri no shain ga totemo katsuyaku shiteimasu.,"This year, the new employees are very active."
sent-2629,活躍する,Suru Verbs,この歌手は日本だけでなく、海外でも活躍している。,"Kono kashu wa Nihon dake de naku, kaigai demo katsuyaku shite iru.",This singer is active not only in Japan but also overseas.
sent-2630,活躍する,Suru Verbs,若い世代が地域の活性化のために活躍している。,Wakai sedai ga chiiki no kasseika no tame ni katsuyaku shite iru.,The younger generation is active in revitalizing the local area.
sent-2631,カットする,Suru Verbs,髪をカットすることにした。,Kami o katto suru koto ni shita.,I decided to get my hair cut.
sent-2632,カットする,Suru Verbs,このシーンは映画からカットされた。,Kono shiin wa eiga kara katto sareta.,This scene was cut from the movie.
sent-2633,カットする,Suru Verbs,画像をちょうどいい大きさにカットしなければならない。,Gazo o choudo ii ookisa ni katto shinakereba naranai.,I have to cut the image to just the right size.
sent-2634,カットする,Suru Verbs,彼はケーキを六つにカットした。,Kare wa keeki o muttsu ni katto shita.,He cut the cake into six pieces.
sent-2635,カットする,Suru Verbs,編集者は原稿をカットして再提出を求めた。,Henshuusha wa genkou o katto shite saiteishutsu o motometa.,The editor asked to cut the manuscript and resubmit it.
sent-2636,経営する,Suru Verbs,彼は小さな企業を経営しています。,Kare wa chiisana kigyou o keiei shiteimasu.,He is managing a small company.
sent-2637,経営する,Suru Verbs,このレストランは家族で経営しています。,Kono resutoran wa kazoku de keiei shiteimasu.,This restaurant is operated by a family.
sent-2638,経営する,Suru Verbs,営業利益が上がり、会社の経営状況が改善した。,"Eigyou rieki ga agari, kaisha no keiei joukyou ga kaizen shita.","The operating profit increased, and the company's management situation improved."
sent-2639,経営する,Suru Verbs,コロナ禍で多くの企業が経営に苦しんでいる。,Korona ka de ooku no kigyou ga keiei ni kurushinde iru.,Many companies are struggling with their management due to the coronavirus crisis.
sent-2640,経営する,Suru Verbs,父は製造業を経営するために努力している。,Chichi wa seizougyou o keiei suru tame ni doryoku shite iru.,My father is working hard to manage a manufacturing business.
sent-2641,経過する,Suru Verbs,時間が経過するにつれて、彼の心配がだんだん解消された。,"Jikan ga keikasuru ni tsurete, kare no shinpai ga dandan kaishou sareta.","As time passed, his worries gradually disappeared."
sent-2642,経過する,Suru Verbs,その問題は解決に向けて、いくつかの段階を経過しなければならない。,"Sono mondai wa kaiketsu ni mukete, ikutsuka no dankai o keika shinakereba naranai.",That issue has to go through several stages before being resolved.
sent-2643,経過する,Suru Verbs,1年間の治療期間が経過すると、彼女は完全に回復しました。,"Ichi nenkan no chiryou kikan ga keika suru to, kanojo wa kanzen ni kaifuku shimashita.","After a year of treatment, she fully recovered."
sent-2644,経過する,Suru Verbs,過去の経験から学び、時の経過とともに前に進むことが大切です。,"Kako no keiken kara manabi, toki no keika to tomo ni mae ni susumu koto ga taisetsu desu.",It is important to learn from past experiences and move forward as time passes.
sent-2645,経過する,Suru Verbs,プロジェクトが順調に経過していると思います。,Purojekuto ga junchou ni keikashite iru to omoimasu.,I think the project is making steady progress.
sent-2646,計画する,Suru Verbs,来年の旅行を計画するのが楽しいです。,Rainen no ryokou o keikaku suru no ga tanoshii desu,It is fun to plan next year's trip.
sent-2647,計画する,Suru Verbs,彼は結婚式の準備を計画しています。,Kare wa kekkonshiki no junbi o keikaku shiteimasu,He is planning the preparations for the wedding ceremony.
sent-2648,計画する,Suru Verbs,新しいプロジェクトを計画するために、チームと会議を行いました。,"Atarashii purojekuto o keikaku suru tame ni, chiimu to kaigi o okonaimashita",We had a meeting with the team to plan the new project.
sent-2649,計画する,Suru Verbs,彼女は毎月家計を計画することが習慣になっている。,Kanojo wa maitsuki kakei o keikaku suru koto ga shuukan ni natteiru,She has a habit of planning her household budget every month.
sent-2650,計画する,Suru Verbs,僕たちは夏休みの間、ヨーロッパ旅行を計画している。,"Bokutachi wa natsuyasumi no aida, youroppa ryokou o keikaku shiteiru",We are planning a trip to Europe during summer vacation.
sent-2651,経験する,Suru Verbs,新しい文化に触れて、色々なことを経験するのが好きです。,"Atarashii bunka ni furete, iroiro na koto o keiken suru no ga suki desu.",I like experiencing various things by coming into contact with new cultures.
sent-2652,経験する,Suru Verbs,経験することで、人は成長することができます。,"Keiken suru koto de, hito wa seichou suru koto ga dekimasu.",People can grow by experiencing things.
sent-2653,経験する,Suru Verbs,私たちは失敗から学び、より良い経験をすることが大切です。,"Watashitachi wa shippai kara manabi, yori yoi keiken o suru koto ga taisetsu desu.",It is important for us to learn from our mistakes and have better experiences.
sent-2654,経験する,Suru Verbs,外国で働いてみたいと思っています。その経験は一生の財産です。,Gaikoku de hataraite mitai to omotteimasu. Sono keiken wa isshou no zaisan desu.,I want to try working abroad. That experience will be a lifetime asset.
sent-2655,経験する,Suru Verbs,彼は多くの国を旅行して、さまざまな経験をしてきました。,"Kare wa ooku no kuni o ryokou shite, samazama na keiken o shite kimashita.",He has traveled to many countries and had various experiences.
sent-2656,計算する,Suru Verbs,この問題の答えを計算してください。,Kono mondai no kotae o keisan shite kudasai,Please calculate the answer to this problem.
sent-2657,計算する,Suru Verbs,予算を把握するために、すべての経費を計算しなければなりません。,"Yosan o haaku suru tame ni, subete no keihi o keisan shinakereba narimasen","In order to grasp the budget, all the expenses must be calculated."
sent-2658,計算する,Suru Verbs,レストランでお金を払う前に、チップを計算する必要があります。,"Resutoran de okane o harau mae ni, chippu o keisan suru hitsuyou ga arimasu","Before paying money at a restaurant, you need to calculate the tip."
sent-2659,計算する,Suru Verbs,計画を立てるときに、時間を正確に計算することが重要です。,"Keikaku o tateru toki ni, jikan o seikaku ni keisan suru koto ga juuyou desu","When making plans, it's important to calculate the time accurately."
sent-2660,計算する,Suru Verbs,債務の返済額を計算するために、利息を含める必要があります。,"Saimu no hensaigaku o keisan suru tame ni, risoku o fukumeru hitsuyou ga arimasu","In order to calculate the repayment amount of debt, interest needs to be included."
sent-2661,契約する,Suru Verbs,今日は新しいアパートと契約する予定です。,Kyou wa atarashii apaato to keiyaku suru yotei desu,I'm planning to sign a contract for a new apartment today.
sent-2662,契約する,Suru Verbs,携帯電話会社と契約する前に、プランをよく比較検討しましょう。,"Keitai denwa gaisha to keiyaku suru mae ni, puran o yoku hikaku kentou shimashou","Before signing a contract with a mobile phone company, let's carefully compare and consider plans."
sent-2663,契約する,Suru Verbs,彼は会社と長期間の契約を結ぶことに決めた。,Kare wa kaisha to chouki kan no keiyaku o musubu koto ni kimeta,He decided to enter into a long-term contract with the company.
sent-2664,契約する,Suru Verbs,彼女はアーティストとして有名なレコード会社と契約しました。,Kanojo wa aatisuto toshite yuumei na rekoodo gaisha to keiyaku shimashita,She signed a contract with a famous record company as an artist.
sent-2665,契約する,Suru Verbs,契約が終わる前に、すべての条項を理解してください。,"Keiyaku ga owaru mae ni, subete no joukou o rikai shite kudasai",Please understand all the terms before the contract ends.
sent-2666,結婚する,Suru Verbs,彼女と結婚することに決めました。,Kanojo to kekkon suru koto ni kimemashita,I have decided to marry her.
sent-2667,結婚する,Suru Verbs,彼らは来年結婚する予定です。,Karera wa rainen kekkon suru yotei desu,They are planning to get married next year.
sent-2668,結婚する,Suru Verbs,あなたが結婚する相手をよく選んでください。,Anata ga kekkon suru aite o yoku erande kudasai,Please choose your marriage partner carefully.
sent-2669,結婚する,Suru Verbs,彼は結婚する前に、仕事を安定させたいと思っています。,"Kare wa kekkon suru mae ni, shigoto o anteisasetai to omotteimasu",He wants to stabilize his job before getting married.
sent-2670,結婚する,Suru Verbs,私たちは結婚してから５年経ちました。,Watashitachi wa kekkon shite kara go-nen tachimashita,It has been five years since we got married.
sent-2671,見物する,Suru Verbs,休日に友達と花見に行き、桜を見物しました。,"Kyuujitsu ni tomodachi to hanami ni iki, sakura o kenbutsu shimashita","On a holiday, I went cherry-blossom viewing with my friends and looked at the blossoms."
sent-2672,見物する,Suru Verbs,夏になると、浴衣を着て祭りを見物しに行きます。,"Natsu ni naru to, yukata o kite matsuri o kenbutsu shi ni ikimasu","In summer, I wear a yukata and go to see the festivals."
sent-2673,見物する,Suru Verbs,週末は歴史的な建物を見物しに行くのが好きです。,Shuumatsu wa rekishi-teki na tatemono wo kenbutsu shi ni iku no ga suki desu,I like going to see historical buildings on weekends.
sent-2674,見物する,Suru Verbs,美術館で開催された特別展を見物しに行きました。,Bijutsukan de kaisai sareta tokubetsu-ten wo kenbutsu shi ni ikimashita,I went to see a special exhibition held at the art museum.
sent-2675,見物する,Suru Verbs,親戚が観光地に案内してくれて、その地域の名所を見物しました。,"Shinseki ga kankouchi ni annai shite kurete, sono chiiki no meisho wo kenbutsu shimashita","My relatives took me to a tourist spot, and I saw the local famous spots there."
sent-2676,けんかする,Suru Verbs,彼らはよくけんかする。,Karera wa yoku kenka suru.,They often quarrel.
sent-2677,けんかする,Suru Verbs,姉と弟は昨夜もけんかした。,Ane to otouto wa sakuya mo kenka shita.,The siblings quarreled again last night.
sent-2678,けんかする,Suru Verbs,駅の前で二人の男がけんかしていた。,Eki no mae de futari no otoko ga kenka shiteita.,Two men were quarreling in front of the station.
sent-2679,けんかする,Suru Verbs,彼らは友達だが、時々けんかする。,"Karera wa tomodachi da ga, tokidoki kenka suru.","They are friends, but they quarrel sometimes."
sent-2680,けんかする,Suru Verbs,彼女は彼とけんかした後、怒って出て行った。,"Kanojo wa kare to kenka shita ato, okotte deteitta.",She angrily left after quarreling with him.
sent-2681,研究する,Suru Verbs,新しい薬を研究するために、科学者たちは毎日研究室で働いている。,"Atarashii kusuri o kenkyū suru tame ni, kagakusha-tachi wa mainichi kenkyūshitsu de hataraite iru.",Scientists are working in the lab every day to research new drugs.
sent-2682,研究する,Suru Verbs,彼は環境問題に関する研究をしています。,Kare wa kankyou mondai ni kansuru kenkyū o shite imasu.,He is researching environmental issues.
sent-2683,研究する,Suru Verbs,人類学を研究することで、さまざまな文化を理解することができる。,"Jinrui-gaku o kenkyū suru koto de, samazama na bunka o rikai suru koto ga dekiru.","By researching anthropology, we can understand various cultures."
sent-2684,研究する,Suru Verbs,研究者たちはがんの治療法を研究するために、多くの時間と努力を費やしています。,"Kenkyūsha-tachi wa gan no chiryouhou o kenkyū suru tame ni, ōku no jikan to doryoku o tsuiyashiteimasu.",Researchers spend a lot of time and effort researching cancer treatments.
sent-2685,研究する,Suru Verbs,太陽エネルギーの利用方法を研究することは、持続可能な未来に向けて重要だ。,"Taiyō enerugī no riyou houhou o kenkyū suru koto wa, jizoku kanōna mirai ni mukete jūyō da.",Researching ways to utilize solar energy is important for a sustainable future.
sent-2686,研修する,Suru Verbs,新入社員は一週間の研修を受けます。,Shinnyuu shain wa isshuukan no kenshuu o ukemasu.,"As new employees, they receive a one-week training."
sent-2687,研修する,Suru Verbs,看護師になる前に、2ヶ月間の研修をしなければならない。,"Kangoshi ni naru mae ni, ni-kagetsukan no kenshuu o shinakereba naranai.","Before becoming a nurse, we have to do a two-month training."
sent-2688,研修する,Suru Verbs,彼はアメリカで英語の教育を研修するために行きました。,Kare wa Amerika de eigo no kyouiku o kenshuu suru tame ni ikimashita.,He went to America to train in English education.
sent-2689,研修する,Suru Verbs,会社の研修で海外に行って、ビジネススキルを向上させました。,"Kaisha no kenshuu de kaigai ni itte, bijinesu sukiru o koujou sasemashita.",I went abroad for company training and improved my business skills.
sent-2690,研修する,Suru Verbs,私はこの夏、インターンシップでマーケティングの研修をしました。,"Watashi wa kono natsu, intaanshippu de maaketingu no kenshuu o shimashita.",I trained in marketing through an internship this summer.
sent-2691,検討する,Suru Verbs,今後の計画について検討する必要がある。,Kongo no keikaku ni tsuite kentou suru hitsuyou ga aru.,We need to consider the plans for the future.
sent-2692,検討する,Suru Verbs,この問題に対する解決策を検討しましょう。,Kono mondai ni taisuru kaiketsusaku o kentou shimashou.,Let's consider solutions for this problem.
sent-2693,検討する,Suru Verbs,新しいプロジェクトの提案を検討することになった。,Atarashii purojekuto no teian o kentou suru koto ni natta.,It was decided to consider the proposal for a new project.
sent-2694,検討する,Suru Verbs,予算の見直しを検討するために、会議が開かれた。,"Yosan no minaoshi o kentou suru tame ni, kaigi ga hirakareta.",A meeting was held to discuss the review of the budget.
sent-2695,検討する,Suru Verbs,資料を確認してから、最適な方針を検討します。,"Shiryou o kakunin shite kara, saiteki na houshin o kentou shimasu.","After checking the materials, we will consider the best policy."
sent-2696,欠席する,Suru Verbs,彼は風邪で学校を欠席しました。,Kare wa kaze de gakkou o kesseki shimashita,He was absent from school due to a cold.
sent-2697,欠席する,Suru Verbs,話し合いに欠席する場合は、事前に伝えてください。,"Hanashiai ni kesseki suru baai wa, jizen ni tsutaete kudasai",Please let us know in advance if you will be absent from the discussion.
sent-2698,欠席する,Suru Verbs,明日の会議を欠席しても構いませんか。,Ashita no kaigi o kesseki shite mo kamaimasen ka,Is it okay if I am absent from tomorrow's meeting?
sent-2699,欠席する,Suru Verbs,地球温暖化の問題については必ず出席し、議論を欠席するのは避けてください。,"Chikyuu ondanka no mondai ni tsuite wa kanarazu shusseki shi, giron o kesseki suru no wa sakete kudasai",Please make sure to attend and avoid being absent from discussions on the issue of global warming.
sent-2700,欠席する,Suru Verbs,クラスでみんなが何かを学ぶとき、欠席すると情報が抜けてしまう。,"Kurasu de minna ga nani ka o manabu toki, kesseki suru to jouhou ga nukete shimau","When everyone is learning something in class, being absent makes you miss out on information."
sent-2701,決心する,Suru Verbs,新しい仕事に挑戦する決心を固めた。,Atarashii shigoto ni chousen suru kesshin o katameta,I made up my mind to take on a new job challenge.
sent-2702,決心する,Suru Verbs,彼女はダイエットを始めると決心しました。,Kanojo wa daietto o hajimeru to kesshin shimashita,She decided to start dieting.
sent-2703,決心する,Suru Verbs,君が大学に入る決心をしたのは素晴らしいことだ。,Kimi ga daigaku ni hairu kesshin o shita no wa subarashii koto da,It's great that you've made up your mind to enter university.
sent-2704,決心する,Suru Verbs,彼はチームのために最善を尽くすことを決心しました。,Kare wa chiimu no tame ni saizen o tsukusu koto o kesshin shimashita,He made up his mind to do his best for the team.
sent-2705,決心する,Suru Verbs,私たちは海外旅行を諦める決心をしました。,Watashitachi wa kaigai ryokou o akirameru kesshin o shimashita,We decided to give up on our overseas trip.
sent-2706,決定する,Suru Verbs,会議で来年度の予算を決定する必要がある。,Kaigi de rainendo no yosan o kettei suru hitsuyou ga aru,It is necessary to decide on the budget for the next fiscal year in the meeting.
sent-2707,決定する,Suru Verbs,彼のプロポーズを受ければ、人生が決定する瞬間だ。,"Kare no puropoozu o ukereba, jinsei ga kettei suru shunkan da","If I accept his proposal, it will be the moment my life is decided."
sent-2708,決定する,Suru Verbs,彼女は来年アメリカへ留学することを決定した。,Kanojo wa rainen Amerika e ryuugaku suru koto o kettei shita,She decided to study abroad in America next year.
sent-2709,決定する,Suru Verbs,大学ではどの専攻を選ぶかは、今後のキャリアに大きく影響する決定である。,"Daigaku de wa dono senkou o erabu ka wa, kongo no kyaria ni ookiku eikyou suru kettei de aru",The decision of which major to choose in university has a significant impact on one's future career.
sent-2710,決定する,Suru Verbs,彼は事情を聞いた後、試合出場の選手を決定するだろう。,"Kare wa jijou o kiita ato, shiai shutsujou no senshu o kettei suru darou",He will probably decide on the players for the match after hearing the circumstances.
sent-2711,キープする,Suru Verbs,彼女の心をキープするために努力してます。,Kanojo no kokoro o kīpu suru tame ni doryoku shiteimasu,I am making efforts to keep her heart.
sent-2712,キープする,Suru Verbs,この仕事をキープすることが難しい。,Kono shigoto o kīpu suru koto ga muzukashii,It is difficult to keep this job.
sent-2713,キープする,Suru Verbs,良好な関係をキープするのは大切です。,Ryōkōna kankei o kīpu suru no wa taisetsu desu.,It's important to maintain good relationships.
sent-2714,キープする,Suru Verbs,彼の友達はいつも彼をキープしようとしている。,Kare no tomodachi wa itsumo kare o kīpu shiyou to shite iru,His friends are always trying to keep him around.
sent-2715,キープする,Suru Verbs,短期集中研修は知識をキープするのが難しい。,Tanki shūchū kenshū wa chishiki o kīpu suru no ga muzukashii,It is difficult to retain knowledge from a short-term intensive training.
sent-2716,キックする,Suru Verbs,彼はボールを強くキックした。,Kare wa booru o tsuyoku kikku shita.,He kicked the ball hard.
sent-2717,キックする,Suru Verbs,ゴールに向かってボールをキックする瞬間は緊張する。,Gooru ni mukatte booru o kikku suru shunkan wa kinchou suru.,Kicking the ball towards the goal makes me nervous.
sent-2718,キックする,Suru Verbs,サッカーの試合で正確なキックができなくて、チームが負けてしまった。,"Sakkaa no shiai de seikaku na kikku ga dekinakute, chiimu ga makete shimatta.","At the soccer game, I couldn't make an accurate kick, and my team lost."
sent-2719,キックする,Suru Verbs,練習中のキックが想定外のハイパフォーマンスを発揮した。,Renshuu-chuu no kikku ga souteigai no haipaafuumansu o hakki shita.,The kick during practice demonstrated an unexpectedly high performance.
sent-2720,キックする,Suru Verbs,彼女は遠くへボールをキックする術を習得した。,Kanojo wa tooku e booru o kikku suru sube o shuutoku shita.,She learned the skill of kicking the ball far away.
sent-2721,緊張する,Suru Verbs,初対面の人と話すと、どうしても緊張してしまう。,"Shotaime no hito to hanasu to, doushitemo kinchou shite shimau","When talking to someone for the first time, I can't help but get nervous."
sent-2722,緊張する,Suru Verbs,面接では緊張しないように、事前に準備をしっかりと行う。,"Mensetsu de wa kinchou shinai you ni, jizen ni junbi o shikkari to okonau","In order not to get nervous during an interview, be well-prepared beforehand."
sent-2723,緊張する,Suru Verbs,発表会の前に緊張するのは自然なことです。,Happyoukai no mae ni kinchou suru no wa shizen na koto desu,It is natural to feel nervous before a presentation.
sent-2724,緊張する,Suru Verbs,試験が近づくと緊張して勉強が手につかない。,Shiken ga chikazuku to kinchou shite benkyou ga te ni tsukanai,"As the exam approaches, I get so nervous that I can't focus on studying."
sent-2725,緊張する,Suru Verbs,大勢の人の前で話すと、緊張して言葉が出なくなることがある。,"Ozei no hito no mae de hanasu to, kinchou shite kotoba ga denaku naru koto ga aru","When speaking in front of a large audience, I sometimes get so nervous I can't find the words to say."
sent-2726,記念する,Suru Verbs,卒業式を記念するパーティーを開くことにした。,Sotsugyoushiki o kinen suru paatii o hiraku koto ni shita.,We decided to hold a party to commemorate the graduation ceremony.
sent-2727,記念する,Suru Verbs,彼女の誕生日を記念してサプライズプレゼントを用意した。,Kanojo no tanjoubi o kinen shite sapuraizu purezento o youishita.,I prepared a surprise gift to commemorate her birthday.
sent-2728,記念する,Suru Verbs,この絵は結婚式を記念して描かれたものです。,Kono e wa kekkonshiki o kinen shite egakareta mono desu.,This painting was created to commemorate the wedding ceremony.
sent-2729,記念する,Suru Verbs,我々は彼の退職を記念してディナーを開催した。,Wareware wa kare no taishoku o kinen shite dinaa o kaisai-shita.,We held a dinner to commemorate his retirement.
sent-2730,記念する,Suru Verbs,人々は毎年、終戦記念日を祈りと平和の象徴として記念する。,"Hitobito wa maitoshi, shuusen kinenbi o inori to heiwa no shouchou toshite kinen suru.",People commemorate the annual end-of-war anniversary as a symbol of prayer and peace.
sent-2731,記録する,Suru Verbs,彼は毎日の出来事を日記に記録している。,Kare wa mainichi no dekigoto o nikki ni kiroku shite iru,He records daily events in his diary.
sent-2732,記録する,Suru Verbs,ミーティングの内容を記録するためにノートを取る。,Miitingu no naiyou o kiroku suru tame ni nooto o toru,I take notes to record the contents of the meeting.
sent-2733,記録する,Suru Verbs,その会社は一年間の売り上げを記録しました。,Sono kaisha wa ichinenkan no uriage o kiroku shimashita,The company recorded its sales for one year.
sent-2734,記録する,Suru Verbs,彼は自己ベストのタイムを記録するために練習に励んでいた。,Kare wa jiko besuto no taimu o kiroku suru tame ni renshuu ni hagen de ita,He worked hard in practice to record his personal best time.
sent-2735,記録する,Suru Verbs,今年の地震の発生件数は過去最高を記録しました。,Kotoshi no jishin no hassei kensuu wa kako saikou o kiroku shimashita,This year's number of earthquake occurrences has recorded an all-time high.
sent-2736,キスする,Suru Verbs,彼氏に初めてキスしたのは、夜の海辺でした。,"Kareshi ni hajimete kisu shita no wa, yoru no umibe deshita.",The first time I kissed my boyfriend was at the seaside at night.
sent-2737,キスする,Suru Verbs,昼間に公園でカップルがキスしているのを見かけました。,Hiruma ni kouen de kappuru ga kisu shiteiru no o mikakemashita.,I saw a couple kissing in the park during the day.
sent-2738,キスする,Suru Verbs,彼女は私に突然キスしたので、びっくりしました 。,"Kanojo wa watashi ni totsuzen kisu shita node, bikkuri shimashita.","She suddenly kissed me, and I was surprised."
sent-2739,キスする,Suru Verbs,子どもの頃、キスすることがどんな感じか想像していた。,"Kodomo no koro, kisu suru koto ga donna kanji ka souzou shiteita.","When I was a child, I used to imagine what it would feel like to kiss."
sent-2740,キスする,Suru Verbs,映画では、恋人たちがキスするシーンがよく登場する。,"Eiga de wa, koibitotachi ga kisu suru shiin ga yoku toujou suru.","In movies, there are often scenes where lovers kiss."
sent-2741,期待する,Suru Verbs,彼女は彼の成功を期待している。,Kanojo wa kare no seikou o kitai shite iru,She is expecting him to succeed.
sent-2742,期待する,Suru Verbs,親は子供たちに大きな期待を寄せている。,Oya wa kodomo-tachi ni ookina kitai o yosete iru,Parents have great expectations for their children.
sent-2743,期待する,Suru Verbs,この新しいビジネスには多くの人が期待しています。,Kono atarashii bijinesu ni wa ooku no hito ga kitai shiteimasu,Many people have high expectations for this new business.
sent-2744,期待する,Suru Verbs,彼は自分に期待して、もっと努力するつもりだ。,"Kare wa jibun ni kitai shite, motto doryoku suru tsumori da",He is determined to live up to his expectations and work harder.
sent-2745,期待する,Suru Verbs,試験の結果に期待しながら、彼は緊張していた。,"Shiken no kekka ni kitai shinagara, kare wa kinchou shite ita","While expecting the results of the exam, he was nervous."
sent-2746,攻撃する,Suru Verbs,敵を攻撃するために兵士たちは前進した。,Teki o kougeki suru tame ni heishitachi wa zenshin shita.,The soldiers advanced to attack the enemy.
sent-2747,攻撃する,Suru Verbs,軍は敵国の拠点を攻撃するために爆撃機を飛ばした。,Gun wa tekikoku no kyoten o kougeki suru tame ni bakugekiki o tobashita.,The military sent bombers to attack the enemy country's base.
sent-2748,攻撃する,Suru Verbs,彼はライバルチームに対して情報を使って攻撃することを決めた。,Kare wa raibaru chiimu ni tai shite jouhou o tsukatte kougeki suru koto o kimeta.,He decided to use the information to attack the rival team.
sent-2749,攻撃する,Suru Verbs,そのシステムは、コンピューターウイルスに対して強力な防御機能を持っているので、攻撃されにくい。,"Sono shisutemu wa, konpyuutaa uirusu ni tai shite kyouryoku na bougyo kinou o motte iru node, kougeki sare nikui.","The system has a strong defense mechanism against computer viruses, making it difficult to attack."
sent-2750,攻撃する,Suru Verbs,犯罪者たちが銀行に攻撃する前に捕まえなければならない。,Hanzaisha-tachi ga ginkou ni kougeki suru mae ni tsukamaenakereba naranai.,We have to catch the criminals before they attack the bank.
sent-2751,工事する,Suru Verbs,道路で工事するため、交通規制がかかっています。,"Dōro de kouji suru tame, kōtsū kisei ga kakatte imasu","Due to road construction, traffic restrictions are in place."
sent-2752,工事する,Suru Verbs,アパートの隣で工事するので、騒音がひどい。,"Apāto no tonari de kouji suru node, sōon ga hidoi",The noise is terrible because they are doing construction work next to the apartment.
sent-2753,工事する,Suru Verbs,部屋を増築するために、来週工事を始める。,"Heya o zōchiku suru tame ni, raishū kouji o hajimeru",We will start construction work next week to add a room.
sent-2754,工事する,Suru Verbs,新しいビルが完成するまで、この場所で工事しています。,"Atarashii biru ga kansei suru made, kono basho de kouji shiteimasu",Construction work is being done at this location until the new building is completed.
sent-2755,工事する,Suru Verbs,大きなプロジェクトのために、複数の企業が協力して工事している。,"Ōkina purojekuto no tame ni, fukusū no kigyou ga kyouryoku shite kouji shiteiru",Multiple companies are working together on construction for a large project.
sent-2756,後悔する,Suru Verbs,彼はその選択を後悔していた。,Kare wa sono sentaku o koukai shite ita.,He regretted making that choice.
sent-2757,後悔する,Suru Verbs,今回の試験の準備を怠ったので、後悔しています。,"Konkai no shiken no junbi o okotatta node, koukai shiteimasu.",I regret not preparing well for this exam.
sent-2758,後悔する,Suru Verbs,その機会を逃したことを後悔している。,Sono kikai o nogashita koto o koukai shite iru.,I regret missing that opportunity.
sent-2759,後悔する,Suru Verbs,彼女は過去の過ちを後悔しているが、前進することが大事だ。,"Kanojo wa kako no ayamachi o koukai shiteiru ga, zenshin suru koto ga daiji da.","She regrets her past mistakes, but it's important to move forward."
sent-2760,後悔する,Suru Verbs,彼は友達との関係を壊したことを後悔していた。,Kare wa tomodachi to no kankei o kowashita koto o koukai shite ita.,He regretted ruining his relationship with his friend.
sent-2761,交換する,Suru Verbs,彼女とメールアドレスを交換した。,Kanojo to me-ru adoresu o koukan shita,I exchanged email addresses with her.
sent-2762,交換する,Suru Verbs,切手収集家たちは切手を交換することがよくあります。,Kitte shuushuuka-tachi wa kitte o koukan suru koto ga yoku arimasu,Stamp collectors often exchange stamps.
sent-2763,交換する,Suru Verbs,外国語を学習するために、言語交換パートナーを見つけることが有益です。,"Gaikokugo o gakushuu suru tame ni, gengo koukan pa-tona- o mitsukeru koto ga yuueki desu",It is beneficial to find a language exchange partner to learn a foreign language.
sent-2764,交換する,Suru Verbs,商品が故障していたため、新しいものと交換してもらいました。,"Shouhin ga koshou shiteita tame, atarashii mono to koukan shite moraimashita",I had the product exchanged for a new one because it was faulty.
sent-2765,交換する,Suru Verbs,現金とクーポンを交換することはできません。,Genkin to ku-pon o koukan suru koto wa dekimasen,You cannot exchange cash for coupons.
sent-2766,混乱する,Suru Verbs,そのニュースによって人々は混乱してしまった。,Sono nyuusu ni yotte hitobito wa konran shite shimatta.,People became confused due to that news.
sent-2767,混乱する,Suru Verbs,いきなりのスケジュールの変更に、彼は混乱してしまった。,"Ikinari no sukejuuru no henkou ni, kare wa konran shite shimatta.",He got confused due to the sudden schedule change.
sent-2768,混乱する,Suru Verbs,地下鉄が遅れたため、朝の通勤が混乱してしまった。,"Chikatetsu ga okureta tame, asa no tsuukin ga konran shite shimatta.","Due to the subway delay, the morning commute became chaotic."
sent-2769,混乱する,Suru Verbs,彼女の言ったことに対して、彼は混乱している様子だった。,"Kanojo no itta koto ni taisite, kare wa konran shite iru yousu datta.",He seemed confused about what she said.
sent-2770,混乱する,Suru Verbs,たくさんの情報があふれているため、私たちはどれが正しいか混乱することがある。,"Takusan no jouhou ga afurete iru tame, watashitachi wa dore ga tadashii ka konran suru koto ga aru.","With so much information overflowing, we sometimes get confused about which one is correct."
sent-2771,コントロールする,Suru Verbs,その機械をコントロールする方法を学ぶことが重要だ。,Sono kikai o kontorōru suru hōhō o manabu koto ga juuyou da,It is important to learn how to control that machine.
sent-2772,コントロールする,Suru Verbs,ストレスをコントロールする技術を身につけることが大切です。,Sutoresu o kontorōru suru gijutsu o mi ni tsukeru koto ga taisetsu desu,It is important to acquire stress control techniques.
sent-2773,コントロールする,Suru Verbs,彼は自分の感情をコントロールすることが難しいようだ。,Kare wa jibun no kanjou o kontorōru suru koto ga muzukashii you da,He seems to have difficulty controlling his emotions.
sent-2774,コントロールする,Suru Verbs,時間をうまくコントロールすることで、効率的に仕事ができます。,"Jikan o umaku kontorōru suru koto de, kouritsuteki ni shigoto ga dekimasu","By properly controlling time, you can work efficiently."
sent-2775,コントロールする,Suru Verbs,そのプロジェクトを円滑に進めるためには、リスクをコントロールすることが不可欠です。,"Sono purojekuto o enkatsu ni susumeru tame ni wa, risuku o kontorōru suru koto ga fukaketsu desu","To smoothly proceed with the project, it is essential to control the risks."
sent-2776,コピーする,Suru Verbs,この文書をコピーしてください。,Kono bunsho o kopii shite kudasai.,Please make a copy of this document.
sent-2777,コピーする,Suru Verbs,仕事に使うために、役立つ情報をコピーしました。,"Shigoto ni tsukau tame ni, yakudatsu jouhou o kopii shimashita.",I made a copy of useful information for work.
sent-2778,コピーする,Suru Verbs,教科書の重要なページをコピーして、勉強するのに便利なものにします。,"Kyoukasho no juuyou na peeji o kopii shite, benkyou suru no ni benri na mono ni shimasu.",I will make a copy of the important pages in the textbook to make it easier to study.
sent-2779,コピーする,Suru Verbs,母が手作りの料理レシピをコピーして、私に渡しました。,"Haha ga tezukuri no ryouri reshipi o kopii shite, watashi ni watashimashita.",My mother made a copy of her homemade recipe and gave it to me.
sent-2780,コピーする,Suru Verbs,この写真をコピーして、友達に送りたいです。,"Kono shashin o kopii shite, tomodachi ni okuritai desu.",I want to make a copy of this picture and send it to my friends.
sent-2781,考慮する,Suru Verbs,彼の意見も十分に考慮する必要がある。,Kare no iken mo juubun ni kouryo suru hitsuyou ga aru.,We need to fully consider his opinion as well.
sent-2782,考慮する,Suru Verbs,その計画を立てる際、環境への影響も考慮するべきだ。,"Sono keikaku o tateru sai, kankyou e no eikyou mo kouryo suru beki da.","When making that plan, we should also consider the impact on the environment."
sent-2783,考慮する,Suru Verbs,すべての要素を考慮することが重要です。,Subete no youso o kouryo suru koto ga juuyou desu.,It is important to take all factors into account.
sent-2784,考慮する,Suru Verbs,今後のスケジュールを立てる際、皆の都合を考慮すること。,"Kongo no sukejuuru o tateru sai, mina no tsugou o kouryo suru koto.","When planning the future schedule, consider everyone's convenience."
sent-2785,考慮する,Suru Verbs,彼女の要求に対し、今後どのように対応するかを慎重に考慮しなければいけない。,"Kanojo no youkyuu ni taishi, kongo dono youni taiou suru ka o shinchou ni kouryo shinakereba ikenai.",We have to carefully consider how to respond to her demands in the future.
sent-2786,交流する,Suru Verbs,異文化と交流することで、新しい考え方や価値観を学ぶことができます。,"Ibunka to kouryuu suru koto de, atarashii kangaekata ya kachikan o manabu koto ga dekimasu.","By interacting with different cultures, we can learn new ways of thinking and values."
sent-2787,交流する,Suru Verbs,今年の夏休み、海外で友達と交流する機会が得られた。,"Kotoshi no natsuyasumi, kaigai de tomodachi to kouryuu suru kikai ga erareta.","During this summer vacation, I had the opportunity to interact with friends abroad."
sent-2788,交流する,Suru Verbs,そのイベントでは、多くの人と交流することができ、刺激的な経験になった。,"Sono ibento de wa, ooku no hito to kouryuu suru koto ga deki, shigekiteki na keiken ni natta.","At that event, I was able to interact with many people, making it a stimulating experience."
sent-2789,交流する,Suru Verbs,言語交流会に参加して、様々な言語を話す人たちと交流するのは有益だ。,"Gengo kouryuu kai ni sanka shite, samazama na gengo o hanasu hitotachi to kouryuu suru no wa yuueki da.",Participating in a language exchange and interacting with people who speak various languages is beneficial.
sent-2790,交流する,Suru Verbs,SNSを通じて、世界中の人々と交流することが可能になりました。,"SNS o tsuujite, sekaijuu no hitobito to kouryuu suru koto ga kanou ni narimashita.","Through SNS, it has become possible to interact with people all over the world."
sent-2791,故障する,Suru Verbs,最近、私のパソコンがよく故障する。,"Saikin, watashi no pasokon ga yoku koshou suru","Recently, my computer has been breaking down a lot."
sent-2792,故障する,Suru Verbs,この車は、購入してから2年経ってもまだ故障していない。,"Kono kuruma wa, kounyuu shite kara ni nen tatte mo mada koshou shite inai","This car has not broken down yet, even after two years since the purchase."
sent-2793,故障する,Suru Verbs,過去の経験から、古い家電製品はいつか故障することが予想される。,"Kako no keiken kara, furui kaden seihin wa itsuka koshou suru koto ga yosou sareru","Based on past experience, it is expected that old household appliances will break down eventually."
sent-2794,故障する,Suru Verbs,自転車が故障し、私は仕事に遅刻してしまった。,"Jitensha ga koshou shi, watashi wa shigoto ni chikoku shite shimatta","My bicycle broke down, and I ended up being late for work."
sent-2795,故障する,Suru Verbs,エンジンが故障すると、車は動かなくなる。,"Enjin ga koshou suru to, kuruma wa ugokanaku naru","When the engine breaks down, the car won't move."
sent-2796,交渉する,Suru Verbs,複雑な問題に対して交渉することが必要です。,Fukuzatsu na mondai ni tai shite koushou suru koto ga hitsuyou desu.,It is necessary to negotiate on complex issues.
sent-2797,交渉する,Suru Verbs,私たちは良い条件で契約を結ぶために交渉する必要があります。,Watashitachi wa yoi jouken de keiyaku o musubu tame ni koushou suru hitsuyou ga arimasu.,We need to negotiate in order to sign a contract with good conditions.
sent-2798,交渉する,Suru Verbs,両国間で平和的に問題を解決するために交渉することが重要です。,Ryoukoku kan de heiwateki ni mondai o kaiketsu suru tame ni koushou suru koto ga juuyou desu.,It is important to negotiate between the two countries to solve the issues peacefully.
sent-2799,交渉する,Suru Verbs,彼は交渉する技術が非常に優れていると評価されている。,Kare wa koushou suru gijutsu ga hijou ni sugurete iru to hyouka sarete iru.,He is highly rated for his excellent negotiation skills.
sent-2800,交渉する,Suru Verbs,労働者の要求に応じて、会社側は賃上げについて交渉する必要がある。,"Roudousha no youkyuu ni oujite, kaishagawa wa chinage ni tsuite koushou suru hitsuyou ga aru.",The company needs to negotiate wage increases in response to the demands of the workers.
sent-2801,交代する,Suru Verbs,今日の仕事を終えたら、明日のチームと交代します。,"Kyou no shigoto o oeta ra, ashita no chiimu to koutai shimasu.","After finishing today's work, we will switch with tomorrow's team."
sent-2802,交代する,Suru Verbs,運転手が疲れたら、途中で運転を交代しなさい。,"Untensha ga tsukaretara, tochuu de unten o koutai shinasai.","If the driver gets tired, switch driving midway."
sent-2803,交代する,Suru Verbs,目標に向かって順番に交代しながら進むことが大切です。,Mokuhyou ni mukatte junban ni koutai shinagara susumu koto ga taisetsu desu.,It is important to move forward by taking turns and switching roles towards the goal.
sent-2804,交代する,Suru Verbs,3時間ごとに警備員が交代するシステムが導入されました。,San jikan goto ni keibiin ga koutai suru shisutemu ga dounyuu sare mashita.,A system has been introduced where security guards switch every three hours.
sent-2805,交代する,Suru Verbs,仮病を使って、無理やり自分と交代させるのは失礼だ。,"Kebiyou o tsukatte, muriyari jibun to koutai saseru no wa shitsurei da.",It is rude to force someone to switch places with you using a fake illness.
sent-2806,クリックする,Suru Verbs,画像をダウンロードするには、右クリックしてください。,"Gazo o daunrodo suru ni wa, migi kurikku shite kudasai","To download the image, please right-click on it."
sent-2807,クリックする,Suru Verbs,リンクを開くには、その上でダブルクリックしてください。,"Rinku o hiraku ni wa, sono ue de daburu kurikku shite kudasai","To open the link, please double click on it."
sent-2808,クリックする,Suru Verbs,メールアドレス入力欄をクリックすると、キーボードが表示されます。,"Mēru adoresu nyuuryoku ran o kurikku suru to, kībōdo ga hyouji saremasu","When you click on the email address input field, the keyboard will be displayed."
sent-2809,クリックする,Suru Verbs,クイズの正解を選んで、確定ボタンをクリックしてください。,"Kuizu no seikai o erande, kakutei botan o kurikku shite kudasai",Please select the correct answer for the quiz and click on the confirm button.
sent-2810,クリックする,Suru Verbs,このウェブサイトは、広告をクリックすることで収益を得ています。,"Kono uebusaito wa, koukoku o kurikku suru koto de shuueki o eteimasu",This website earns revenue by clicking on advertisements.
sent-2811,キャンセルする,Suru Verbs,予約をキャンセルする必要があります。,Yoyaku o kyanseru suru hitsuyou ga arimasu.,I need to cancel the reservation.
sent-2812,キャンセルする,Suru Verbs,彼は彼女とのデートをキャンセルしました。,Kare wa kanojo to no deeto o kyanseru shimashita.,He canceled the date with her.
sent-2813,キャンセルする,Suru Verbs,電話で飛行機のチケットをキャンセルすることができますか？,Denwa de hikouki no chiketto o kyanseru suru koto ga dekimasu ka?,Can I cancel the flight ticket over the phone?
sent-2814,キャンセルする,Suru Verbs,この予定はキャンセルせざるを得ない。,Kono yotei wa kyanseru sezaru o enai.,I have no choice but to cancel this appointment.
sent-2815,キャンセルする,Suru Verbs,悪天候でイベントがキャンセルされました。,Akutenkou de ibento ga kyanseru saremashita.,The event was canceled due to bad weather.
sent-2816,拒否する,Suru Verbs,彼女は彼の提案を拒否した。,Kanojo wa kare no teian o kyohi shita.,She refused his proposal.
sent-2817,拒否する,Suru Verbs,私たちは彼の要求を拒否することに決めた。,Watashitachi wa kare no youkyuu o kyohi suru koto ni kimeta.,We decided to refuse his demand.
sent-2818,拒否する,Suru Verbs,申請が審査されて拒否された。,Shinsei ga shinsa sarete kyohi sareta.,The application was reviewed and rejected.
sent-2819,拒否する,Suru Verbs,彼に仕事のオファーを拒否する勇気を持つことが大切だ。,Kare ni shigoto no ofaa o kyohi suru yuuki o motsu koto ga taisetsu da.,It's important to have the courage to refuse a job offer from him.
sent-2820,拒否する,Suru Verbs,私はそのパーティーへの招待を拒否しました。,Watashi wa sono paatii e no shoutai o kyohi shimashita.,I declined the invitation to the party.
sent-2821,教育する,Suru Verbs,子供たちに礼儀正しく振舞うことを教育する。,Kodomo-tachi ni reigi tadashiku furumau koto o kyouiku suru,Educating children to behave politely.
sent-2822,教育する,Suru Verbs,教育するためには、良い役割モデルが必要です。,"Kyouiku suru tame niwa, yoi yakuwari moderu ga hitsuyou desu",A good role model is necessary for education.
sent-2823,教育する,Suru Verbs,彼は子供たちに勉強する意義を教育することができる。,Kare wa kodomo-tachi ni benkyou suru igi o kyouiku suru koto ga dekiru,He can educate children about the importance of studying.
sent-2824,教育する,Suru Verbs,保護者は、子供たちに良い習慣を持たせることを教育する必要があります。,"Hogo-sha wa, kodomo-tachi ni yoi shuukan o motaseru koto o kyouiku suru hitsuyou ga arimasu",Parents need to educate their children to have good habits.
sent-2825,教育する,Suru Verbs,学校では、人権に関する重要な教育をするべきだ。,"Gakkou de wa, jinken ni kansuru juuyou na kyouiku o suru beki da",Schools should provide important education on human rights.
sent-2826,許可する,Suru Verbs,彼はその計画に対して許可をすると決定した。,Kare wa sono keikaku ni taishite kyoka o suru to kettei shita.,He decided to grant permission for that plan.
sent-2827,許可する,Suru Verbs,上司からプロジェクトを開始する許可をもらった。,Joushi kara purojekuto o kaishi suru kyoka o moratta.,I got permission from my boss to start the project.
sent-2828,許可する,Suru Verbs,あのコンサートに行くために両親に許可を求めた。,Ano konsaato ni iku tame ni ryoushin ni kyoka o motometa.,I asked my parents for permission to go to that concert.
sent-2829,許可する,Suru Verbs,大学院留学の許可が得られて、彼は喜んでいる。,"Daigakuin ryuugaku no kyoka ga erarete, kare wa yorokonde iru.",He is delighted to have obtained permission for graduate school abroad.
sent-2830,許可する,Suru Verbs,目の前の写真撮影は事前に許可を取る必要がある。,Me no mae no shashin satsuei wa jizen ni kyoka o toru hitsuyou ga aru.,You need to obtain permission in advance for photography in front of you.
sent-2831,供給する,Suru Verbs,新鮮な野菜を毎日供給することが保証されている。,Shinsen na yasai o mainichi kyoukyuu suru koto ga hoshou sarete iru.,It is guaranteed that fresh vegetables will be supplied every day.
sent-2832,供給する,Suru Verbs,この工場では、電力を安定して供給する必要がある。,"Kono koujou de wa, denryoku o antei shite kyoukyuu suru hitsuyou ga aru.","In this factory, it is necessary to supply electricity stably."
sent-2833,供給する,Suru Verbs,地元の農家からおいしい果物を供給してもらっています。,Jimoto no nouka kara oishii kudamono o kyoukyuu shite moratte imasu.,We are receiving a supply of delicious fruits from local farmers.
sent-2834,供給する,Suru Verbs,国は一部地域に予防接種を供給する計画を立てている。,Kuni wa ichibu chiiki ni yobou sesshu o kyoukyuu suru keikaku o tatete iru.,The country is planning to supply vaccinations to some regions.
sent-2835,供給する,Suru Verbs,インフラの整備により、安全な水が地域社会に供給される。,"Infura no seibi ni yori, anzen na mizu ga chiiki shakai ni kyoukyuu sareru.","With the development of infrastructure, safe water is supplied to the community."
sent-2836,強制する,Suru Verbs,彼女は私に意見を強制することが多い。,Kanojo wa watashi ni iken o kyousei suru koto ga ooi.,She often forces her opinions on me.
sent-2837,強制する,Suru Verbs,子供たちに勉強を強制するのは良くない方法です。,Kodomo-tachi ni benkyou o kyousei suru no wa yoku nai houhou desu.,Forcing children to study is not a good method.
sent-2838,強制する,Suru Verbs,彼は私に彼のパーティーに出席することを強制した。,Kare wa watashi ni kare no paatii ni shusseki suru koto o kyousei shita.,He forced me to attend his party.
sent-2839,強制する,Suru Verbs,もし連絡先を強制されたら、警察に通報してください。,"Moshi renrakusaki o kyousei saretara, keisatsu ni tsuuhou shite kudasai.","If you are forced to give out your contact information, please report it to the police."
sent-2840,強制する,Suru Verbs,その教師は生徒たちにボランティア活動に参加することを強制しました。,Sono kyoushi wa seitotachi ni borantia katsudou ni sanka suru koto o kyousei shimashita.,The teacher forced the students to participate in volunteer activities.
sent-2841,競争する,Suru Verbs,会社同士で競争するのは自然なことだ。,Kaisha doushi de kyousou suru no wa shizen na koto da.,It's natural for companies to compete with each other.
sent-2842,競争する,Suru Verbs,市場で競争するためには、独自の商品を開発しなければならない。,"Ichiba de kyousou suru tame ni wa, dokuji no shouhin wo kaihatsu shinakereba naranai.","To compete in the market, you need to develop unique products."
sent-2843,競争する,Suru Verbs,彼らは同じ仕事に応募したので、競争することになりそうだ。,"Karera wa onaji shigoto ni oubo shita node, kyousou suru koto ni nari sou da.","Since they applied for the same job, they are likely to compete with each other."
sent-2844,競争する,Suru Verbs,他社と競争するために、サービスの質を向上させる必要がある。,"Tasha to kyousou suru tame ni, saabisu no shitsu wo koujou saseru hitsuyou ga aru.","To compete with other companies, we need to improve the quality of our services."
sent-2845,競争する,Suru Verbs,彼女は母国で競争することに強い情熱を持っている。,Kanojo wa bokoku de kyousou suru koto ni tsuyoi jounetsu wo motte iru.,She has a strong passion for competing in her home country.
sent-2846,救助する,Suru Verbs,溺れている人を救助することができた。,Oborete iru hito o kyuujo suru koto ga dekita,I was able to rescue the drowning person.
sent-2847,救助する,Suru Verbs,救助隊は被災者を救助するために急いでいた。,Kyuujotai wa hisaisha o kyuujo suru tame ni isoide ita,The rescue team was hurrying to rescue the disaster victims.
sent-2848,救助する,Suru Verbs,山で遭難した登山者は救助されることを祈っていた。,Yama de sounan shita tozan-sha wa kyuujo sareru koto o inotteita,The mountain climber who had an accident in the mountains was praying to be rescued.
sent-2849,救助する,Suru Verbs,沈没した船の乗組員を救助する作戦が実行された。,Chinbotsu shita fune no norikumiin o kyuujo suru sakusen ga jikkou sareta,An operation to rescue the crew of the sunken ship was carried out.
sent-2850,救助する,Suru Verbs,救助犬は地震で閉じ込められた人々を救助するのに役立った。,Kyuujokken wa jishin de tojikomerareta hitobito o kyuujo suru noni yakudatta,The rescue dogs were helpful in rescuing people trapped in the earthquake.
sent-2851,休憩する,Suru Verbs,仕事の合間に休憩することが必要です。,Shigoto no aima ni kyuukei suru koto ga hitsuyou desu,It is necessary to take a break between work.
sent-2852,休憩する,Suru Verbs,長時間運転した後で、休憩することをお勧めします。,"Nagan jikan unten shita ato de, kyuukei suru koto o osusume shimasu",It is recommended to take a break after driving for a long time.
sent-2853,休憩する,Suru Verbs,勉強しすぎたので、少し休憩することにしました。,"Benkyou shisugita node, sukoshi kyuukei suru koto ni shimashita",I decided to take a short break because I studied too much.
sent-2854,休憩する,Suru Verbs,ミーティングの途中で、皆で10分間休憩しましょう。,"Miitingu no tochuu de, minna de juppun-kan kyuukei shimashou",Let's take a 10-minute break together in the middle of the meeting.
sent-2855,休憩する,Suru Verbs,１時間歩いた後、ベンチで休憩しました。,"Ichi jikan aruita ato, benchi de kyuukei shimashita",I took a break on a bench after walking for an hour.
sent-2856,吸収する,Suru Verbs,彼は新しい知識を素早く吸収する能力を持っている。,Kare wa atarashii chishiki o subayaku kyuushuu suru nouryoku o motte iru,He has the ability to quickly absorb new knowledge.
sent-2857,吸収する,Suru Verbs,この植物は水分をよく吸収する。,Kono shokubutsu wa suibun o yoku kyuushuu suru,This plant absorbs water well.
sent-2858,吸収する,Suru Verbs,水をたくさん飲むと、身体は栄養素を吸収するのに助けになります。,"Mizu o takusan nomu to, karada wa eiyouso o kyuushuu suru noni tasuke ni narimasu",Drinking plenty of water helps the body absorb nutrients.
sent-2859,吸収する,Suru Verbs,この製品は音を吸収する素材で作られています。,Kono seihin wa oto o kyuushuu suru sozai de tsukurarete imasu,This product is made of sound-absorbing materials.
sent-2860,吸収する,Suru Verbs,企業は競合他社を吸収することで業界のリーダーになった。,Kigyou wa kyougou tasha o kyuushuu suru koto de gyoukai no riidaa ni natta,The company became an industry leader by absorbing its competitors.
sent-2861,メールする,Suru Verbs,彼に詳細をメールしてください。,Kare ni shousai o meeru shite kudasai,Please email him the details.
sent-2862,メールする,Suru Verbs,今日の会議の内容をメールで伝えます。,Kyou no kaigi no naiyou o meeru de tsutaemasu,I will convey the contents of today's meeting by email.
sent-2863,メールする,Suru Verbs,返事をもらったらすぐにメールしてね。,Henji o morattara sugu ni meeru shite ne,Email me as soon as you get a reply.
sent-2864,メールする,Suru Verbs,彼女とは毎日メールで連絡を取り合っている。,Kanojo to wa mainichi meeru de renraku o toriatte iru,We communicate with each other every day through email.
sent-2865,メールする,Suru Verbs,重要な情報はメールで共有しましょう。,Juuyou na jouhou wa meeru de kyouyuu shimashou,Let's share important information by email.
sent-2866,迷惑する,Suru Verbs,彼の遅刻には、私たち全員が迷惑している。,"Kare no chikoku ni wa, watashitachi zen'in ga meiwaku shite iru.",All of us are inconvenienced by his lateness.
sent-2867,迷惑する,Suru Verbs,その工事で近所の人々が迷惑している。,Sono kouji de kinjo no hitobito ga meiwaku shite iru.,The people in the neighborhood are troubled by the construction.
sent-2868,迷惑する,Suru Verbs,彼の自己中心的な態度には、みんな迷惑している。,"Kare no jikochuushinteki na taido ni wa, minna meiwaku shiteiru.",Everyone is bothered by his selfish attitude.
sent-2869,迷惑する,Suru Verbs,彼女はいつも騒音を出していて、近くの人々が迷惑している。,"Kanojo wa itsumo souon o dashite ite, chikaku no hitobito ga meiwaku shite iru.","She always makes loud noise, and the people nearby are annoyed."
sent-2870,迷惑する,Suru Verbs,予期せぬ問題が発生し、プロジェクトチームが迷惑することになった。,"Yoki senu mondai ga hassei shi, purojekuto chiimu ga meiwaku suru koto ni natta.","An unexpected problem arose, causing trouble for the project team."
sent-2871,面接する,Suru Verbs,明日、会社で面接することになりました。,"Ashita, kaisha de mensetsu suru koto ni narimashita.",I have an interview at the company tomorrow.
sent-2872,面接する,Suru Verbs,必要な書類を提出した後、面接する予定です。,"Hitsuyou na shorui o teishutsu shita ato, mensetsu suru yotei desu.","After submitting the necessary documents, I plan to have an interview."
sent-2873,面接する,Suru Verbs,彼女はいくつかの企業で面接する予定です。,Kanojo wa ikutsu ka no kigyou de mensetsu suru yotei desu.,She plans to have interviews with several companies.
sent-2874,面接する,Suru Verbs,求職者は、新しい仕事を見つけるために面接する必要があります。,"Kyuushokusya wa, atarashii shigoto o mitsukeru tame ni mensetsu suru hitsuyou ga arimasu.",Job seekers need to interview to find new jobs.
sent-2875,面接する,Suru Verbs,その大学の入学試験では、筆記試験だけでなく、面接することも必要です。,"Sono daigaku no nyuugaku shiken dewa, hikki shiken dake denaku, mensetsu suru koto mo hitsuyou desu.","In the entrance examination for that university, not only the written test but also an interview is required."
sent-2876,ミックスする,Suru Verbs,音楽をミックスするのが得意だ。,Ongaku o mikkusu suru no ga tokui da,I am good at mixing music.
sent-2877,ミックスする,Suru Verbs,野菜と果物をミックスしてスムージーを作る。,Yasai to kudamono o mikkusu shite sumūjī o tsukuru,Mix vegetables and fruits to make a smoothie.
sent-2878,ミックスする,Suru Verbs,スパイスをミックスして独自のカレーを作ります。,Supaisu o mikkusu shite dokuji no karē o tsukurimasu,Mix spices to make your own unique curry.
sent-2879,ミックスする,Suru Verbs,適切な量の水をミックスさせることで、ペインティングのための塗料を作成します。,"Tekisetsu na ryou no mizu o mikkusu saseru koto de, peintingu no tame no toryo o sakusei shimasu","By mixing the right amount of water, you create paint for painting."
sent-2880,ミックスする,Suru Verbs,彼は文化的な経験をミックスして独特のデザインを考案します。,Kare wa bunkateki na keiken o mikkusu shite dokutoku no dezain o kōan shimasu,He mixes cultural experiences to come up with unique designs.
sent-2881,ミスする,Suru Verbs,彼は試験でミスをしてしまった。,Kare wa shiken de misu o shite shimatta,He made a mistake in the exam.
sent-2882,ミスする,Suru Verbs,ミスをしないように気をつけてください。,Misu o shinai you ni ki o tsukete kudasai,Please be careful not to make a mistake.
sent-2883,ミスする,Suru Verbs,仕事でミスすると、上司に叱られます。,"Shigoto de misu suru to, joushi ni shikararemasu","If you make a mistake at work, you'll be scolded by your boss."
sent-2884,ミスする,Suru Verbs,彼女は緊張のせいでミスをしてしまい、落ち込んでいた。,"Kanojo wa kinchou no sei de misu o shite shimai, ochikonde ita",She made a mistake because of her nervousness and was feeling down.
sent-2885,ミスする,Suru Verbs,ミスをしても、次に活かせるように学ぶことが大切だ。,"Misu o shite mo, tsugi ni ikaseru you ni manabu koto ga taisetsu da","Even if you make a mistake, it's important to learn from it and apply it to the next time."
sent-2886,黙認する,Suru Verbs,彼女の過ちを黙認することはできません。,Kanojo no ayamachi o mokunin suru koto wa dekimasen.,I cannot condone her mistakes.
sent-2887,黙認する,Suru Verbs,その問題を黙認するのは、責任を逃れることになる。,"Sono mondai o mokunin suru no wa, sekinin o nogareru koto ni naru.",Condoning that issue would mean evading responsibility.
sent-2888,黙認する,Suru Verbs,会社は彼のルール違反を黙認している。,Kaisha wa kare no ruuru ihan o mokunin shite iru.,The company is turning a blind eye to his rule violations.
sent-2889,黙認する,Suru Verbs,彼らは生徒たちの不正行為を黙認してしまった。,Karera wa seitotachi no fusei koui o mokunin shite shimatta.,They ended up condoning the students' misconduct.
sent-2890,黙認する,Suru Verbs,彼のだらしない態度をこれ以上黙認するわけにはいかない。,Kare no darashinai taido o kore ijou mokunin suru wake ni wa ikanai.,I can't condone his sloppy attitude any longer.
sent-2891,矛盾する,Suru Verbs,彼の言っていることが矛盾している。,Kare no itteiru koto ga mujun shiteiru,What he is saying is contradictory.
sent-2892,矛盾する,Suru Verbs,この二つの事実は矛盾するので、正確な答えがわからない。,"Kono futatsu no jijitsu wa mujun suru node, seikaku na kotae ga wakaranai","These two facts contradict each other, so I don't know the accurate answer."
sent-2893,矛盾する,Suru Verbs,私たちの計画は現実と矛盾しているかもしれない。,Watashitachi no keikaku wa genjitsu to mujun shiteiru kamoshirenai,Our plan might be contradictory to reality.
sent-2894,矛盾する,Suru Verbs,矛盾した意見を持つ人もいるだろうが、それでも話し合いは続けなければならない。,"Mujun shita iken o motsu hito mo iru darou ga, sore demo hanashiai wa tsudzuke nakereba naranai","There may be people with conflicting opinions, but we still have to continue the discussion."
sent-2895,矛盾する,Suru Verbs,理論と実践が矛盾することがあるが、どちらも大切です。,"Riron to jissen ga mujun suru koto ga aru ga, dochira mo taisetsu desu","Theory and practice can sometimes contradict, but both are important."
sent-2896,無視する,Suru Verbs,彼女の意見を無視するわけにはいかない。,Kanojo no iken o mushi suru wake ni wa ikanai.,I cannot ignore her opinion.
sent-2897,無視する,Suru Verbs,彼は注意を無視して、音楽を大音量で聴き続けた。,"Kare wa chuui o mushi shite, ongaku o dai-onryou de kiki tsuzuketa.",He ignored the warning and continued to listen to music at a high volume.
sent-2898,無視する,Suru Verbs,彼は私の質問を無視して、話題を変えた。,"Kare wa watashi no shitsumon o mushi shite, wadai o kaeta.",He ignored my question and changed the subject.
sent-2899,無視する,Suru Verbs,環境問題を無視した開発が地球に悪影響を与えています。,Kankyou mondai o mushi shita kaihatsu ga chikyuu ni akueikyou o ataeteimasu.,Development that ignores environmental issues has a negative impact on the Earth.
sent-2900,無視する,Suru Verbs,彼女はいじめを受ける友達の悩みを無視することができなかった。,Kanojo wa ijime o ukeru tomodachi no nayami o mushi suru koto ga dekinakatta.,She couldn't ignore the troubles of her friend who was being bullied.
sent-2901,納得する,Suru Verbs,彼の説明に納得した。,Kare no setsumei ni nattoku shita,I was convinced by his explanation.
sent-2902,納得する,Suru Verbs,彼女は理由が分かって納得した。,Kanojo wa riyuu ga wakatte nattoku shita,She understood the reason and was convinced.
sent-2903,納得する,Suru Verbs,その提案には納得できない。,Sono teian ni wa nattoku dekinai,I cannot accept that proposal.
sent-2904,納得する,Suru Verbs,彼は彼女に謝り、彼女も納得して許した。,"Kare wa kanojo ni ayamari, kanojo mo nattoku shite yurushita","He apologized to her, and she was convinced and forgave him."
sent-2905,納得する,Suru Verbs,彼の主張は理にかなっているので、納得せざるを得なかった。,"Kare no shuchou wa ri ni kanatte iru no de, nattoku sezaru o enakatta","His argument made sense, so I had no choice but to agree."
sent-2906,認識する,Suru Verbs,彼女が自分の過ちを認識するようになった。,Kanojo ga jibun no ayamachi o ninshiki suru you ni natta.,She came to recognize her own mistakes.
sent-2907,認識する,Suru Verbs,私たちはその問題の重要性を認識するべきだ。,Watashitachi wa sono mondai no juuyousei o ninshiki suru beki da.,We should recognize the importance of this issue.
sent-2908,認識する,Suru Verbs,彼は自分の能力を正しく認識していた。,Kare wa jibun no nouryoku o tadashiku ninshiki shite ita.,He had a correct understanding of his own abilities.
sent-2909,認識する,Suru Verbs,この現象を新たに認識する人が増えてきている。,Kono genshou o arata ni ninshiki suru hito ga fuete kite iru.,More people are becoming aware of this phenomenon.
sent-2910,認識する,Suru Verbs,彼らは自分たちの状況を認識する必要がある。,Karera wa jibuntachi no joukyou o ninshiki suru hitsuyou ga aru.,They need to recognize their own situation.
sent-2911,入学する,Suru Verbs,来年、私の娘は大学に入学する予定です。,"Rainen, watashi no musume wa daigaku ni nyuugaku suru yotei desu.",My daughter is planning to enter university next year.
sent-2912,入学する,Suru Verbs,彼は中学校に入学するのを楽しみにしています。,Kare wa chuugakkou ni nyuugaku suru no o tanoshimi ni shiteimasu.,He is looking forward to entering junior high school.
sent-2913,入学する,Suru Verbs,彼女は最近、音楽学校に入学しました。,"Kanojo wa saikin, ongaku gakkou ni nyuugaku shimashita.",She recently enrolled in a music school.
sent-2914,入学する,Suru Verbs,私が高校に入学する時、とても緊張しました。,"Watashi ga koukou ni nyuugaku suru toki, totemo kinchou shimashita.",I was very nervous when I entered high school.
sent-2915,入学する,Suru Verbs,彼は転校生として海外の学校に入学することになりました。,Kare wa tenkousei toshite kaigai no gakkou ni nyuugaku suru koto ni narimashita.,He will be entering a school abroad as a transfer student.
sent-2916,入院する,Suru Verbs,突然体調が悪くなり、緊急で入院することになった。,"Totsuzen taichou ga waruku nari, kinkyuu de nyuuin suru koto ni natta.","My health suddenly deteriorated, and I had to be urgently hospitalized."
sent-2917,入院する,Suru Verbs,あの交通事故で彼女は大怪我をし、一週間入院する予定だった。,"Ano koutsuu jiko de kanojo wa ookega o shi, isshuukan nyuuin suru yotei datta.",She was seriously injured in that traffic accident and was scheduled to be hospitalized for a week.
sent-2918,入院する,Suru Verbs,手術が無事終わったら、あとは入院して回復を待つだけです。,"Shujutsu ga buji owattara, ato wa nyuuin shite kaifuku o matsu dake desu.","Once the surgery is over safely, all that is left is to wait for recovery in the hospital."
sent-2919,入院する,Suru Verbs,入院する前に、自分の手続きや家族への連絡を済ませておくほうがいい。,"Nyuuin suru mae ni, jibun no tetsuzuki ya kazoku e no renraku o sumasete oku hou ga ii.",It's better to finish your paperwork and contact your family before hospitalization.
sent-2920,入院する,Suru Verbs,彼は定期的に通院していたが、病状が悪化し、とうとう入院することになった。,"Kare wa teikiteki ni tsuuin shite ita ga, byoujou ga akka shi, toutou nyuuin suru koto ni natta.","He was regularly visiting the hospital, but his condition worsened, and he eventually had to be hospitalized."
sent-2921,応援する,Suru Verbs,彼女は小さな子供たちを応援するボランティア活動に参加している。,Kanojo wa chiisana kodomo-tachi o ouen suru borantia katsudou ni sanka shite iru.,She is participating in volunteer activities to support young children.
sent-2922,応援する,Suru Verbs,彼らは地元のスポーツチームを熱心に応援している。,Karera wa jimoto no supootsu chiimu o nesshin ni ouen shite iru.,They enthusiastically support their local sports team.
sent-2923,応援する,Suru Verbs,大学受験に向けて、家族が全力で応援するのが当然だ。,"Daigaku juken ni mukete, kazoku ga zenryoku de ouen suru no ga touzen da.",It's natural for the family to support with all their might for the university entrance exam.
sent-2924,応援する,Suru Verbs,友達がマラソン大会に出場するので、私たちは彼を応援しに行くつもりだ。,"Tomodachi ga marason taikai ni shutsujou suru node, watashi-tachi wa kare o ouen shi ni iku tsumori da.","Our friend is participating in a marathon, so we plan to go and support him."
sent-2925,応援する,Suru Verbs,国がスポーツ選手を応援するための制度を作るべきだ。,Kuni ga supootsu senshu o ouen suru tame no seido o tsukuru beki da.,The country should create a system to support sports athletes.
sent-2926,往復する,Suru Verbs,仕事のため、毎日駅まで往復している。,"Shigoto no tame, mainichi eki made oufuku shiteiru.",I go back and forth to the station every day for work.
sent-2927,往復する,Suru Verbs,出張の際、新幹線で東京と大阪を往復した。,"Shucchou no sai, shinkansen de Toukyou to Oosaka o oufuku shita.",I went back and forth between Tokyo and Osaka on the Shinkansen during my business trip.
sent-2928,往復する,Suru Verbs,週末は実家に往復するのが習慣になっている。,Shuumatsu wa jikka ni oufuku suru no ga shuukan ni natteiru.,It has become a habit to go back and forth to my parents' house on weekends.
sent-2929,往復する,Suru Verbs,大学時代、寮と授業の間を往復していた。,"Daigaku jidai, ryou to jugyou no aida o oufuku shiteita.",I used to go back and forth between the dormitory and classes during my college days.
sent-2930,往復する,Suru Verbs,病院に通院するため、毎週この道路を往復しています。,"Byouin ni tsuuin suru tame, maishuu kono douro o oufuku shiteimasu.",I go back and forth on this road every week to go to the hospital for medical treatment.
sent-2931,応用する,Suru Verbs,この理論は実際の問題に応用することができます。,Kono riron wa jissai no mondai ni ouyou suru koto ga dekimasu,This theory can be applied to practical problems.
sent-2932,応用する,Suru Verbs,英語を学んだ知識を実生活で応用することが重要です。,Eigo o mananda chishiki o jisseikatsu de ouyou suru koto ga juuyou desu,It is important to apply the English knowledge you have learned in real life.
sent-2933,応用する,Suru Verbs,彼は習得したスキルを仕事に応用するのが上手です。,Kare wa shuutoku shita sukiru o shigoto ni ouyou suru no ga jouzu desu,He is good at applying the skills he has acquired to his job.
sent-2934,応用する,Suru Verbs,コンピュータープログラムを別の分野に応用する方法を学びます。,Konpyuutaa puroguramu o betsu no bunya ni ouyou suru houhou o manabimasu,We will learn how to apply computer programs to other fields.
sent-2935,応用する,Suru Verbs,彼女は学んだ経済理論を自分のビジネスに応用して成功を収めています。,Kanojo wa mananda keizai riron o jibun no bijinesu ni ouyou shite seikou o osameteimasu,She has achieved success by applying the economic theories she learned to her own business.
sent-2936,パスする,Suru Verbs,彼は相手にボールをパスするのが得意だ。,Kare wa aite ni booru o pasu suru no ga tokui da,He is good at passing the ball to his teammates.
sent-2937,パスする,Suru Verbs,試合では、無理にシュートを打たず、タイミングが良ければパスすることが大切だ。,"Shiai de wa, muri ni shuuto o utazu, taimingu ga yokereba pasu suru koto ga taisetsu da","In a game, it's important to pass the ball when the timing is right, rather than forcing a shot."
sent-2938,パスする,Suru Verbs,パスすることで、チームメイトと連携プレイしやすくなる。,"Pasu suru koto de, chiimumeito to renkei purei shiyasuku naru","By passing, it becomes easier to play in coordination with teammates."
sent-2939,パスする,Suru Verbs,全員がうまくパスして、最後のシュートではゴールを決めた。,"Zenin ga umaku pasu shite, saigo no shuuto de wa gooru o kimeta","Everyone passed the ball well, and the final shot resulted in a goal."
sent-2940,パスする,Suru Verbs,日本のサッカーチームは、きれいなパスするプレイで魅せてくれる。,"Nihon no sakkaa chiimu wa, kirei na pasu suru purei de misete kureru",The Japanese soccer team captivates us with their beautiful passing plays.
sent-2941,落第する,Suru Verbs,今回の試験で落第してしまった。,Konkai no shiken de rakudai shite shimatta,I failed the exam this time.
sent-2942,落第する,Suru Verbs,勉強不足で試験に落第することがある。,Benkyou busoku de shiken ni rakudai suru koto ga aru,Insufficient study can sometimes lead to failing an exam.
sent-2943,落第する,Suru Verbs,彼は緊張のあまり試験で落第した。,Kare wa kinchou no amari shiken de rakudai shita,He failed the exam due to excessive nervousness.
sent-2944,落第する,Suru Verbs,彼女は勉強時間が足りず、試験に落第してしまった。,"Kanojo wa benkyou jikan ga tarizu, shiken ni rakudai shite shimatta",She failed the exam because she didn't have enough study time.
sent-2945,落第する,Suru Verbs,落第しないように、もっと努力して勉強しなければならない。,"Rakudai shinai you ni, motto doryoku shite benkyou shinakereba naranai",I have to study harder and make more effort to avoid failing.
sent-2946,落選する,Suru Verbs,彼は選挙で落選した。,Kare wa senkyo de rakusen shita.,He lost in the election.
sent-2947,落選する,Suru Verbs,試験に落選したのでがっかりした。,Shiken ni rakusen shita node gakkari shita.,I was disappointed because I failed the exam.
sent-2948,落選する,Suru Verbs,彼は部活の最終候補から落選した。,Kare wa bukatsu no saishuu kouho kara rakusen shita.,He was eliminated from the final selection of the club activities.
sent-2949,落選する,Suru Verbs,高校の野球部の監督から選手を選ぶ際、私は落選した。,"Koukou no yakyuubu no kantoku kara senshu o erabu sai, watashi wa rakusen shita.",I was not chosen as a player when the high school baseball team coach selected players.
sent-2950,落選する,Suru Verbs,選考に落選すると、次回に向けて努力し、挑戦しなければならない。,"Senkou ni rakusen suru to, jikai ni mukete doryoku shi, chousen shinakereba naranai.","If you fail the selection, you must strive and challenge yourself for the next time."
sent-2951,連絡する,Suru Verbs,今日の夜会うことになったら、すぐに連絡してください。,"Kyou no yoru au koto ni nattara, sugu ni renraku shite kudasai.","If it is decided to meet tonight, please contact me immediately."
sent-2952,連絡する,Suru Verbs,母に遅くなることを連絡しなくてはいけません。,Haha ni osoku naru koto o renraku shinakute wa ikemasen.,I must contact my mother to tell her that I will be late.
sent-2953,連絡する,Suru Verbs,明日の打ち合わせ場所を変更したので、皆に連絡しなければなりません。,"Ashita no uchiawase basho o henkou shita node, mina ni renraku shinakereba narimasen.","Since we changed the meeting place for tomorrow, I have to contact everyone."
sent-2954,連絡する,Suru Verbs,彼女に来週の予定を確認した後、必ず連絡します。,"Kanojo ni raishuu no yotei o kakunin shita nochi, kanarazu renraku shimasu.","After confirming next week's schedule with her, I will definitely contact you."
sent-2955,連絡する,Suru Verbs,何か問題が発生したら、すぐに上司に連絡してください。,"Nani ka mondai ga hassei shitara, sugu ni joushi ni renraku shite kudasai.","If any problems occur, please contact your supervisor immediately."
sent-2956,練習する,Suru Verbs,毎日ピアノを練習するのが習慣です。,Mainichi piano o renshuu suru no ga shuukan desu,It is a habit to practice the piano every day.
sent-2957,練習する,Suru Verbs,英語の発音を練習するためにリスニングに努めました。,Eigo no hatsuon o renshuu suru tame ni risuningu ni tsutomemashita,I worked hard on listening to practice English pronunciation.
sent-2958,練習する,Suru Verbs,彼はサッカーのスキルを向上させるために毎日練習しています。,Kare wa sakkaa no sukiru o koujou saseru tame ni mainichi renshuu shiteimasu,He practices every day to improve his soccer skills.
sent-2959,練習する,Suru Verbs,練習することで、人は成長し、上達します。,"Renshuu suru koto de, hito wa seichou shi, joutatsu shimasu","Through practice, people grow and improve."
sent-2960,練習する,Suru Verbs,私たちはコンクールに向けて一生懸命練習しました。,Watashitachi wa konkūru ni mukete isshoukenmei renshuu shimashita,We practiced hard for the competition.
sent-2961,リードする,Suru Verbs,チームをリードする役割を担っている。,Chīmu o rīdo suru yakuwari o ninatte iru,I am responsible for leading the team.
sent-2962,リードする,Suru Verbs,プロジェクトの成功のために、上司がリードすることが必要だ。,"Purojekuto no seikou no tame ni, joushi ga rīdo suru koto ga hitsuyou da","For the success of the project, it is necessary for the boss to take the lead."
sent-2963,リードする,Suru Verbs,彼女は議論で意見をリードする立場になった。,Kanojo wa giron de iken o rīdo suru tachiba ni natta,She took the lead in the discussion and became the one leading the opinions.
sent-2964,リードする,Suru Verbs,彼は競技の最初からリードして優勝した。,Kare wa kyōgi no saisho kara rīdo shite yūshō shita,He took the lead from the start of the competition and won.
sent-2965,リードする,Suru Verbs,試合の前半では彼らがリードしていましたが、後半で逆転された。,"Shiai no zenhan de wa karera ga rīdo shiteimashita ga, kōhan de gyakuten sareta","They were leading in the first half of the match, but were overtaken in the second half."
sent-2966,理解する,Suru Verbs,彼の言っていることは難しくて理解するのに時間がかかる。,Kare no itte iru koto wa muzukashikute rikai suru no ni jikan ga kakaru.,"What he is saying is difficult, and it takes time to understand."
sent-2967,理解する,Suru Verbs,その文の意味を理解するために何度も読み返した。,Sono bun no imi o rikai suru tame ni nando mo yomikaeshita.,I read the sentence over and over to understand its meaning.
sent-2968,理解する,Suru Verbs,彼女は新しい仕事にすぐ理解する能力がある。,Kanojo wa atarashii shigoto ni sugu rikai suru nouryoku ga aru.,She has the ability to quickly understand a new job.
sent-2969,理解する,Suru Verbs,その問題を理解するのに役立つ資料を見つけた。,Sono mondai o rikai suru no ni yakudatsu shiryou o mitsuketa.,I found useful materials to help understand the issue.
sent-2970,理解する,Suru Verbs,両親は私の決断を理解するよう努力している。,Ryoushin wa watashi no ketsudan o rikai suru you doryoku shite iru.,My parents are trying to understand my decision.
sent-2971,離婚する,Suru Verbs,彼らは離婚することを決定した。,Karera wa rikon suru koto o kettei shita.,They decided to get a divorce.
sent-2972,離婚する,Suru Verbs,離婚する前に、カップルはカウンセリングを受けることを検討した。,"Rikon suru mae ni, kappuru wa kaunseringu o ukeru koto o kentou shita.","Before getting a divorce, the couple considered receiving counseling."
sent-2973,離婚する,Suru Verbs,頻繁な口論の後、二人は離婚することになった。,"Hinpan na kouron no ato, futari wa rikon suru koto ni natta.","After frequent arguments, the two decided to get a divorce."
sent-2974,離婚する,Suru Verbs,あなたが離婚するなら、財産分与について話し合う必要があります。,"Anata ga rikon suru nara, zaisan bunyo ni tsuite hanashiau hitsuyou ga arimasu.","If you get a divorce, you need to discuss property division."
sent-2975,離婚する,Suru Verbs,彼女は離婚する決心をした後、新しい人生を始めることを楽しみにしていた。,"Kanojo wa rikon suru kesshin o shita ato, atarashii jinsei o hajimeru koto o tanoshimi ni shite ita.","After deciding to get a divorce, she looked forward to starting a new life."
sent-2976,利用する,Suru Verbs,利用することで、時間を節約できます。,"Riyou suru koto de, jikan o setsuyaku dekimasu","By utilizing it, you can save time."
sent-2977,利用する,Suru Verbs,公共交通を利用するのが、環境に優しい方法です。,"Koukyou koutsuu o riyou suru no ga, kankyou ni yasashii houhou desu",Using public transportation is an environmentally friendly method.
sent-2978,利用する,Suru Verbs,このアプリを利用すると、簡単に言語を勉強できます。,"Kono apuri o riyou suru to, kantan ni gengo o benkyou dekimasu","By using this app, you can easily study languages."
sent-2979,利用する,Suru Verbs,学生は図書館を利用して、資料を調べることができます。,"Gakusei wa toshokan o riyou shite, shiryou o shiraberu koto ga dekimasu",Students can use the library to research materials.
sent-2980,利用する,Suru Verbs,彼はインターネットを利用して情報を収集しました。,Kare wa intaanetto o riyou shite jouhou o shuushuu shimashita,He collected information using the internet.
sent-2981,ロックする,Suru Verbs,このアプリを使ってスマホを自動的にロックすることができる。,Kono apuri o tsukatte sumaho o jidou-teki ni rokku suru koto ga dekiru.,You can use this app to automatically lock your smartphone.
sent-2982,ロックする,Suru Verbs,私は家を出るたびに、ドアを忘れずにロックする。,"Watashi wa ie o deru tabi ni, doa o wasurezu ni rokku suru.",I lock the door every time I leave the house without forgetting.
sent-2983,ロックする,Suru Verbs,彼らは安全のために自転車を木にロックしました。,Karera wa anzen no tame ni jitensha o ki ni rokku shimashita.,They locked their bicycles to a tree for safety.
sent-2984,ロックする,Suru Verbs,無料Wi-Fiの使い方: 正しいネットワークに接続し、パスワードを入力してロックを解除する。,"Muryou Wi-Fi no tsukai kata: Tadashii nettowaaku ni setsuzoku shi, pasuwaado o nyuuryoku shite rokku o kaijo suru.",How to use free Wi-Fi: Connect to the correct network and enter the password to unlock it.
sent-2985,ロックする,Suru Verbs,コンピューターのセキュリティを高めるために、画面を数分間操作しない場合は自動的にロックされるよう設定してください。,"Konpyuuta no sekyuriti o takameru tame ni, gamen o suu-funkan sosa shinai baai wa jidou-teki ni rokku sareru you settei shite kudasai.","To enhance computer security, please set it to automatically lock if the screen is not operated for several minutes."
sent-2986,録音する,Suru Verbs,そのライブの音楽を録音することが許可されていますか？,Sono raibu no ongaku o rokuon suru koto ga kyoka sarete imasu ka?,Is it allowed to record the music from that live show?
sent-2987,録音する,Suru Verbs,先生の講義を録音して、後で聞くことにしました。,"Sensei no kougi o rokuon shite, atode kiku koto ni shimashita",I decided to record the teacher's lecture and listen to it later.
sent-2988,録音する,Suru Verbs,音楽スタジオでバンドの演奏を録音しました。,Ongaku sutajio de bando no ensou o rokuon shimashita,I recorded the band's performance at the music studio.
sent-2989,録音する,Suru Verbs,彼女は自分の声を録音して練習のために再生していました。,Kanojo wa jibun no koe o rokuon shite renshuu no tame ni saisei shite imashita,She recorded her own voice and played it back for practice.
sent-2990,録音する,Suru Verbs,重大な発表を録音しておいて、後でチームに共有しましょう。,"Juudai na happyou o rokuon shite oite, atode chiimu ni kyouyuu shimashou",Let's record the important announcement and share it with the team later.
sent-2991,浪費する,Suru Verbs,時間を浪費するのはやめましょう。,Jikan o rouhi suru no wa yamemashou,Let's stop wasting time.
sent-2992,浪費する,Suru Verbs,電気を浪費すると環境に悪影響を与えます。,Denki o rouhi suru to kankyou ni aku eikyou o ataemasu,Wasting electricity has a negative impact on the environment.
sent-2993,浪費する,Suru Verbs,もっと節約して浪費するお金を減らすべきだ。,Motto setsuyaku shite rouhi suru okane o herasu beki da,We should save more and reduce the money we waste.
sent-2994,浪費する,Suru Verbs,彼は資源を浪費することに対して非常に注意深い。,Kare wa shigen o rouhi suru koto ni taishite hijou ni chuui bukai,He is very careful not to waste resources.
sent-2995,浪費する,Suru Verbs,食料を浪費することは、恥ずかしいことです。,"Shokuryou o rouhi suru koto wa, hazukashii koto desu",Wasting food is shameful.
sent-2996,旅行する,Suru Verbs,夏休みに家族で海外へ旅行する予定です。,Natsuyasumi ni kazoku de kaigai e ryokou suru yotei desu.,We plan to travel abroad with the family during the summer vacation.
sent-2997,旅行する,Suru Verbs,友達と一緒に日本へ旅行することが夢です。,Tomodachi to issho ni Nihon e ryokou suru koto ga yume desu.,It is my dream to travel to Japan with my friends.
sent-2998,旅行する,Suru Verbs,彼女と二人でヨーロッパを旅行するのが楽しみです。,Kanojo to futari de Yooroppa o ryokou suru no ga tanoshimi desu.,I'm looking forward to traveling with my girlfriend in Europe.
sent-2999,旅行する,Suru Verbs,仕事の休みを利用して、国内旅行することにしました。,"Shigoto no yasumi o riyou shite, kokunai ryokou suru koto ni shimashita.",I decided to travel domestically using my days off from work.
sent-3000,旅行する,Suru Verbs,世界中のいろいろな国に旅行するのが好きです。,Sekaijuu no iroiro na kuni ni ryokou suru no ga suki desu.,I like to travel to various countries around the world.
sent-3001,料理する,Suru Verbs,今夜、美味しい料理を作ろう。,"Kon'ya, oishii ryouri o tsukurou.",Let's prepare a delicious meal tonight.
sent-3002,料理する,Suru Verbs,母は料理をするのが得意です。,Haha wa ryouri o suru no ga tokui desu.,My mother is good at cooking.
sent-3003,料理する,Suru Verbs,週末は家で新しい料理を試してみる予定です。,Shuumatsu wa ie de atarashii ryouri o tameshite miru yotei desu.,I plan to try out a new dish at home this weekend.
sent-3004,料理する,Suru Verbs,友達に教えてもらった料理のレシピで料理を作っている。,Tomodachi ni oshiete moratta ryouri no reshipi de ryouri o tsukutte iru.,I'm cooking a dish using a recipe my friend taught me.
sent-3005,料理する,Suru Verbs,くれぐれも火を使うときは、料理をする際に注意してください。,"Kureguremo hi o tsukau toki wa, ryouri o suru sai ni chuui shite kudasai.",Be extra cautious when using fire while cooking.
sent-3006,留学する,Suru Verbs,彼女はフランスに留学することにしました。,Kanojo wa Furansu ni ryuugaku suru koto ni shimashita.,She decided to study abroad in France.
sent-3007,留学する,Suru Verbs,私は大学で日本語を勉強した後、日本へ留学する予定です。,"Watashi wa daigaku de Nihongo o benkyou shita ato, Nihon e ryuugaku suru yotei desu.","After studying Japanese at university, I plan to study abroad in Japan."
sent-3008,留学する,Suru Verbs,留学することがキャリアに有益な経験になると思います。,Ryuugaku suru koto ga kyaria ni yuueki na keiken ni naru to omoimasu.,I think studying abroad will be a valuable experience for my career.
sent-3009,留学する,Suru Verbs,留学する前に、必要な準備をしっかりと行いましょう。,"Ryuugaku suru mae ni, hitsuyou na junbi o shikkari to okonaimashou.","Before studying abroad, make sure to do the necessary preparations."
sent-3010,留学する,Suru Verbs,留学することで、異文化の理解と友情を深めることができます。,"Ryuugaku suru koto de, ibunka no rikai to yuujou o fukameru koto ga dekimasu.","By studying abroad, you can deepen your understanding of different cultures and friendships."
sent-3011,裁判する,Suru Verbs,彼は犯罪で裁判されることになった。,Kare wa hanzai de saiban sareru koto ni natta,He was to be tried for the crime.
sent-3012,裁判する,Suru Verbs,彼女は会社と裁判することを決意した。,Kanojo wa kaisha to saiban suru koto o ketsui shita,She decided to take the company to court.
sent-3013,裁判する,Suru Verbs,裁判で無罪が証明されるまで、彼は無実の人だとみなされるべきだ。,"Saiban de muzai ga shoumei sareru made, kare wa mujitsu no hito da to minasareru beki da",He should be presumed innocent until proven guilty in court.
sent-3014,裁判する,Suru Verbs,もし私がその状況で裁判を行う立場になったら、公平な判断を心掛けるだろう。,"Moshi watashi ga sono joukyou de saiban o okonau tachiba ni nattara, kouhei na handan o kokorogakeru darou","If I were put in the position to hold a trial in that situation, I would strive to make a fair decision."
sent-3015,裁判する,Suru Verbs,あなたは自分の行為について裁判を受けるべきです。,Anata wa jibun no koui ni tsuite saiban o ukeru beki desu,You should stand trial for your actions.
sent-3016,採用する,Suru Verbs,この企画は非常に良いと思うので、採用することに決めました。,"Kono kikaku wa hijou ni yoi to omou node, saiyou suru koto ni kimemashita.",I decided to adopt this project because I think it's very good.
sent-3017,採用する,Suru Verbs,彼女の提案が素晴らしかったため、すぐに採用することにしました。,"Kanojo no teian ga subarashikatta tame, sugu ni saiyou suru koto ni shimashita.",I decided to adopt her proposal immediately as it was wonderful.
sent-3018,採用する,Suru Verbs,企業は新しい従業員を採用するために面接を行います。,Kigyou wa atarashii juugyouin o saiyou suru tame ni mensetsu o okonaimasu.,Companies conduct interviews to hire new employees.
sent-3019,採用する,Suru Verbs,彼のアイデアはチームによって採用され、プロジェクトが成功しました。,"Kare no aidea wa chiimu ni yotte saiyou sare, purojekuto ga seikou shimashita.","His idea was adopted by the team, and the project was successful."
sent-3020,採用する,Suru Verbs,会議で皆の意見を聞いた上で、最適な方針を採用することが大切です。,"Kaigi de mina no iken o kiita ue de, saiteki na houshin o saiyou suru koto ga taisetsu desu.",It is important to adopt the best policy after listening to everyone's opinions at the meeting.
sent-3021,参加する,Suru Verbs,友達がパーティーに参加することを希望しています。,Tomodachi ga paatii ni sanka suru koto o kibou shiteimasu,My friend is hoping to participate in the party.
sent-3022,参加する,Suru Verbs,今度のボランティア活動に参加しましょうか。,Kondo no borantia katsudou ni sanka shimashou ka,Shall we participate in the volunteer activity this time?
sent-3023,参加する,Suru Verbs,彼女は学校のクラブに参加することに興味があります。,Kanojo wa gakkou no kurabu ni sanka suru koto ni kyoumi ga arimasu,She is interested in participating in the school club.
sent-3024,参加する,Suru Verbs,いろんな国からの選手が大会に参加しています。,Ironna kuni kara no senshu ga taikai ni sanka shiteimasu,Athletes from various countries are participating in the tournament.
sent-3025,参加する,Suru Verbs,研究プロジェクトに参加するために申し込みました。,Kenkyuu purojekuto ni sanka suru tame ni moushikomi mashita,I applied to participate in the research project.
sent-3026,散歩する,Suru Verbs,週末は公園で散歩するのが楽しい。,Shuumatsu wa kouen de sanpo suru no ga tanoshii,It's fun to go for a walk in the park on weekends.
sent-3027,散歩する,Suru Verbs,犬と一緒に毎朝散歩するのが習慣になっている。,Inu to issho ni maiasa sanpo suru no ga shuukan ni natte iru,It has become a habit to go for a walk with my dog every morning.
sent-3028,散歩する,Suru Verbs,オフィスの近くで昼休みに散歩することでリフレッシュできる。,Ofisu no chikaku de hiruyasumi ni sanpo suru koto de rifureshu dekiru,Taking a walk near the office during lunch break helps refresh my mind.
sent-3029,散歩する,Suru Verbs,仕事の後、散歩することでストレスを解消する。,"Shigoto no ato, sanpo suru koto de sutoresu o kaishou suru",Going for a walk after work helps relieve stress.
sent-3030,散歩する,Suru Verbs,自然に囲まれた道で散歩すると心が落ち着く。,Shizen ni kakomareta michi de sanpo suru to kokoro ga ochitsuku,Walking on a path surrounded by nature calms the mind.
sent-3031,賛成する,Suru Verbs,彼の案には賛成する。,Kare no an ni wa sansei suru,I agree with his proposal.
sent-3032,賛成する,Suru Verbs,その意見には賛成します。,Sono iken ni wa sansei shimasu,I agree with that opinion.
sent-3033,賛成する,Suru Verbs,多くの人々が彼女の意見に賛成した。,Ooku no hitobito ga kanojo no iken ni sansei shita,Many people agreed with her opinion.
sent-3034,賛成する,Suru Verbs,彼らの計画に私は賛成することができない。,Karera no keikaku ni watashi wa sansei suru koto ga dekinai,I cannot agree with their plan.
sent-3035,賛成する,Suru Verbs,皆がこの案に賛成するとは限らない。,Mina ga kono an ni sansei suru to wa kagiranai,Not everyone may agree with this proposal.
sent-3036,生活する,Suru Verbs,一人で生活するのは初めての経験だ。,Hitori de seikatsu suru no wa hajimete no keiken da,Living alone is my first experience.
sent-3037,生活する,Suru Verbs,彼らは田舎でのんびりと生活することを夢見ている。,Karera wa inaka de nonbiri to seikatsu suru koto o yume mite iru,They dream of living a leisurely life in the countryside.
sent-3038,生活する,Suru Verbs,海外で生活することに慣れるのに時間がかかった。,Kaigai de seikatsu suru koto ni nareru no ni jikan ga kakatta,It took time to get used to living abroad.
sent-3039,生活する,Suru Verbs,彼は環境にやさしいエコな生活をすることを決めた。,Kare wa kankyou ni yasashii eko na seikatsu o suru koto o kimeta,He decided to lead an eco-friendly lifestyle.
sent-3040,生活する,Suru Verbs,健康的に生活するために、適度な運動とバランスの良い食事が必要だ。,"Kenkouteki ni seikatsu suru tame ni, tekido na undou to baransu no yoi shokuji ga hitsuyou da",Moderate exercise and balanced meals are necessary to live a healthy life.
sent-3041,成功する,Suru Verbs,このプロジェクトを成功させるためには、協力が必要だ。,"Kono purojekuto o seikou saseru tame ni wa, kyouryoku ga hitsuyou da",Cooperation is needed to make this project successful.
sent-3042,成功する,Suru Verbs,彼は努力して、試験に成功した。,"Kare wa doryoku shite, shiken ni seikou shita",He made an effort and succeeded in the exam.
sent-3043,成功する,Suru Verbs,彼女は自分の目標を追求し、その分野で成功した。,"Kanojo wa jibun no mokuhyou o tsuikyuu shi, sono bunya de seikou shita",She pursued her goals and achieved success in her field.
sent-3044,成功する,Suru Verbs,彼らの新しい事業は、市場で成功する見込みが高い。,"Karera no atarashii jigyou wa, shijou de seikou suru mikomi ga takai",Their new venture has a high potential for success in the market.
sent-3045,成功する,Suru Verbs,私たちはチームワークを大切にし、プロジェクトを成功させた。,"Watashitachi wa chiimuwaaku o taisetsu ni shi, purojekuto o seikou saseta",We valued teamwork and succeeded in the project.
sent-3046,生産する,Suru Verbs,この工場では自動車を生産している。,Kono koujou de wa jidousha o seisan shite iru.,This factory produces automobiles.
sent-3047,生産する,Suru Verbs,日本は世界の半導体をたくさん生産している。,Nihon wa sekai no handoutai o takusan seisan shite iru.,Japan produces a large number of semiconductors in the world.
sent-3048,生産する,Suru Verbs,その企業はエコフレンドリーな製品を生産することに専念している。,Sono kigyou wa ekofurendoriina seihin o seisan suru koto ni sennen shite iru.,The company is dedicated to producing eco-friendly products.
sent-3049,生産する,Suru Verbs,彼らは自分たちで食べ物を生産し、家族を養っている。,"Karera wa jibun-tachi de tabemono o seisan shi, kazoku o yashinau.",They produce their own food and support their family.
sent-3050,生産する,Suru Verbs,廃止された工場が、新たなエネルギー源の開発によって再び生産を始めた。,"Haishi sareta koujou ga, aratana enerugii gen no kaihatsu ni yotte futatabi seisan o hajimeta.",The abandoned factory started production again due to the development of new energy sources.
sent-3051,専攻する,Suru Verbs,彼は大学で経済学を専攻している。,Kare wa daigaku de keizaigaku o senkou shite iru,He is majoring in economics at the university.
sent-3052,専攻する,Suru Verbs,私は医学を専攻するために大学に入学しました。,Watashi wa igaku o senkou suru tame ni daigaku ni nyuugaku shimashita,I entered the university to major in medicine.
sent-3053,専攻する,Suru Verbs,彼女は日本文学を専攻することに決めました。,Kanojo wa nihon bungaku o senkou suru koto ni kimemashita,She decided to major in Japanese literature.
sent-3054,専攻する,Suru Verbs,大学で何を専攻したいですか？,Daigaku de nani o senkou shitai desu ka?,What do you want to major in at the university?
sent-3055,専攻する,Suru Verbs,その大学では最近、環境科学が人気の専攻分野になっています。,"Sono daigaku de wa saikin, kankyou kagaku ga ninki no senkou bunya ni natte imasu","Recently, environmental science has become a popular major at that university."
sent-3056,選挙する,Suru Verbs,今年の選挙に皆さんが積極的に投票しましょう。,Kotoshi no senkyo ni minasan ga sekkyokuteki ni touhyou shimashou,Let's all actively vote in this year's election.
sent-3057,選挙する,Suru Verbs,選挙に立候補するためには、いくつかの要件を満たす必要があります。,"Senkyo ni rikkouho suru tame ni wa, ikutsuka no youken o mitasu hitsuyou ga arimasu","To run for election, you must meet several requirements."
sent-3058,選挙する,Suru Verbs,国民は選挙で新たな政治のリーダーを選ぶ権利がある。,Kokumin wa senkyo de arata na seiji no riidaa o erabu kenri ga aru,Citizens have the right to choose new political leaders in elections.
sent-3059,選挙する,Suru Verbs,私たちは今年、選挙で地域の最も適切な代表者を選択する必要がある。,"Watashitachi wa kotoshi, senkyo de chiiki no mottomo tekisetsu na daihyousha o sentaku suru hitsuyou ga aru",We need to choose the most suitable local representative in the election this year.
sent-3060,選挙する,Suru Verbs,選挙で選ばれたメンバーが市会議員として活躍している。,Senkyo de erabareta menbaa ga shikaigiin toshite katsuyaku shite iru,The members elected in the election are active as city councilors.
sent-3061,戦争する,Suru Verbs,この国は他国と戦争することを避けるために平和を重視している。,Kono kuni wa takoku to sensou suru koto o yokeru tame ni heiwa o juushi shite iru.,This country prioritizes peace in order to avoid waging war with other countries.
sent-3062,戦争する,Suru Verbs,政府は未来の世代のために戦争することのない世界を目指している。,Seifu wa mirai no sedai no tame ni sensou suru koto no nai sekai o mezashite iru.,The government is aiming for a world without war for the sake of future generations.
sent-3063,戦争する,Suru Verbs,戦争することは、経済的ダメージだけでなく、人々の心にも深い傷を刻む。,"Sensou suru koto wa, keizaiteki dameeji dake denaku, hito no kokoro ni mo fukai kizu o kizamu.","Waging war not only causes economic damage, but also leaves deep wounds in people's hearts."
sent-3064,戦争する,Suru Verbs,歴史を学び、過去の過ちから学んで、再び戦争することがないようにしなければなりません。,"Rekishi o manabi, kako no ayamachi kara manande, futatabi sensou suru koto ga nai you ni shinakereba narimasen.",We must learn from history and past mistakes to ensure that we never wage war again.
sent-3065,戦争する,Suru Verbs,二つの国が戦争することによって、多くの無辜の人々が犠牲になることがある。,"Futatsu no kuni ga sensou suru koto ni yotte, ooku no muko no hitobito ga gisei ni naru koto ga aru.","When two countries wage war, many innocent people can become victims."
sent-3066,選択する,Suru Verbs,大学を選択する際に、慎重に考えることが大切です。,"Daigaku o sentaku suru sai ni, shinchou ni kangaeru koto ga taisetsu desu.",It's important to think carefully when choosing a university.
sent-3067,選択する,Suru Verbs,仕事を選択するとき、自分の適性を考慮しなければなりません。,"Shigoto o sentaku suru toki, jibun no tekisei o kouryo shinakereba narimasen.","When choosing a job, you must consider your own aptitude."
sent-3068,選択する,Suru Verbs,ディナーのメニューから料理を選択してください。,Dina no menyu kara ryouri o sentaku shite kudasai.,Please choose a dish from the dinner menu.
sent-3069,選択する,Suru Verbs,進路を選択するとき、将来の展望を考慮しましょう。,"Shinro o sentaku suru toki, shourai no tenbou o kouryo shimashou.","When choosing a career path, consider future prospects."
sent-3070,選択する,Suru Verbs,友達と旅行先を選択することは、誰もが納得できる選択を見つけるのが難しい場合があります。,"Tomodachi to ryokousaki o sentaku suru koto wa, daremo ga nattoku dekiru sentaku o mitsukeru no ga muzukashii baai ga arimasu.",Choosing a travel destination with friends can be difficult when trying to find an option everyone agrees on.
sent-3071,洗濯する,Suru Verbs,洗濯機で洗濯している間に、スーパーへ買い物に行こう。,"Sentakuki de sentaku shite iru aida ni, suupaa e kaimono ni ikou","While washing clothes in the washing machine, let's go shopping at the supermarket."
sent-3072,洗濯する,Suru Verbs,洗濯物を干す前に、しっかりと水を絞ろう。,"Sentakumono o hosu mae ni, shikkari to mizu o shiborou","Before hanging the laundry to dry, make sure to wring out the water well."
sent-3073,洗濯する,Suru Verbs,洗濯物がたくさんあるので、早く洗濯を始めなければならない。,"Sentakumono ga takusan aru node, hayaku sentaku o hajime nakereba naranai","There are a lot of laundry items, so I must start doing the laundry soon."
sent-3074,洗濯する,Suru Verbs,白い洗濯物と色物は、別々に洗濯するのが良い。,"Shiroi sentakumono to iromono wa, betsubetsu ni sentaku suru no ga yoi",It's best to wash white laundry and colored items separately.
sent-3075,洗濯する,Suru Verbs,洗濯後は、洗濯物を風通しの良いところに干して乾かす。,"Sentaku go wa, sentakumono o kazetoushi no yoi tokoro ni hoshite kawakasu","After doing laundry, hang the laundry in a well-ventilated place to dry."
sent-3076,説明する,Suru Verbs,その問題について説明する必要があります。,Sono mondai ni tsuite setsumei suru hitsuyou ga arimasu,It is necessary to explain about that problem.
sent-3077,説明する,Suru Verbs,私はその方法を説明することができます。,Watashi wa sono houhou o setsumei suru koto ga dekimasu,I can explain that method.
sent-3078,説明する,Suru Verbs,彼女はその計画を説明するために訪問した。,Kanojo wa sono keikaku o setsumei suru tame ni houmon shita,She visited to explain the plan.
sent-3079,説明する,Suru Verbs,あなたが私にこの言葉の意味を説明してください。,Anata ga watashi ni kono kotoba no imi o setsumei shite kudasai,Please explain the meaning of this word to me.
sent-3080,説明する,Suru Verbs,もっと詳しく説明することができますか？,Motto kuwashiku setsumei suru koto ga dekimasu ka?,Can you explain more in detail?
sent-3081,節約する,Suru Verbs,電気料金を節約するために、電気を使わないことに注意しましょう。,"Denki ryoukin o setsuyaku suru tame ni, denki o tsukawanai koto ni chuui shimashou.","To save on electricity bills, pay attention to not using electricity unnecessarily."
sent-3082,節約する,Suru Verbs,食材を無駄にしないように、上手に節約する方法を学びましょう。,"Shokuzai o muda ni shinai youni, jouzu ni setsuyaku suru houhou o manabimashou.",Let's learn effective ways to save and not waste food ingredients.
sent-3083,節約する,Suru Verbs,水道代を節約するためには、節水を心がけることが大事です。,"Suidou dai o setsuyaku suru tame ni wa, sessui o kokorogakeru koto ga daiji desu.","To save on water bills, it is important to be conscious of water conservation."
sent-3084,節約する,Suru Verbs,エコライフを実践することで、環境にも節約にもなります。,"Eko raifu o jissen suru koto de, kankyou ni mo setsuyaku ni mo narimasu.",Practicing an eco-friendly lifestyle will benefit both the environment and save resources.
sent-3085,節約する,Suru Verbs,交通費を節約するために、自転車で通勤する人が増えています。,"Koutsuuhi o setsuyaku suru tame ni, jitensha de tsuukin suru hito ga fueteimasu.",More people are commuting by bicycle to save on transportation costs.
sent-3086,セットする,Suru Verbs,時間になったら、自動でアラームがセットされます。,"Jikan ni nattara, jidou de araamu ga setto saremasu","When the time comes, the alarm will be automatically set."
sent-3087,セットする,Suru Verbs,コーヒーをセットして、仕事に取り掛かります。,"Koohii o setto shite, shigoto ni torikakarimasu",I set up the coffee and start working.
sent-3088,セットする,Suru Verbs,このテーブルは、ゲストが来る前にセットしておかなければいけません。,"Kono teeburu wa, gesuto ga kuru mae ni setto shite okanakereba ikemasen",This table must be set before the guests arrive.
sent-3089,セットする,Suru Verbs,スマートフォンの言語設定を日本語にセットしました。,Suma-tofon no gengo settei o nihongo ni setto shimashita,I set the language settings on my smartphone to Japanese.
sent-3090,セットする,Suru Verbs,カーテンをセットしたら、部屋がずっと綺麗に見えた。,"Kaaten o setto shitara, heya ga zutto kirei ni mieta","After setting up the curtains, the room looked much cleaner."
sent-3091,説得する,Suru Verbs,彼を説得するために、いろいろな理由を並べました。,"Kare o settoku suru tame ni, iroiro na riyuu o narabemashita.","In order to persuade him, I listed various reasons."
sent-3092,説得する,Suru Verbs,父は私が留学することに反対したので、長い間説得する必要がありました。,"Chichi wa watashi ga ryuugaku suru koto ni hantai shita node, nagai aida settoku suru hitsuyou ga arimashita.","My father was opposed to me studying abroad, so it took me a long time to persuade him."
sent-3093,説得する,Suru Verbs,彼女は友人を説得して、パーティーに参加させることができました。,"Kanojo wa yuujin o settoku shite, paatii ni sanka saseru koto ga dekimashita.",She was able to persuade her friend to participate in the party.
sent-3094,説得する,Suru Verbs,上司を説得して、プロジェクトの提案を受け入れてもらった。,"Joushi o settoku shite, purojekuto no teian o ukeirete moratta.",I persuaded my boss to accept the project proposal.
sent-3095,説得する,Suru Verbs,彼に無理をさせないように、説得することができました。,"Kare ni muri o sasenai you ni, settoku suru koto ga dekimashita.",I was able to persuade him so that he wouldn't push himself too hard.
sent-3096,世話する,Suru Verbs,病気の母親を世話するために仕事を休んだ。,Byouki no hahaoya o sewa suru tame ni shigoto o yasunda,I took time off work to take care of my sick mother.
sent-3097,世話する,Suru Verbs,彼は友達のペットを世話するのが好きだ。,Kare wa tomodachi no petto o sewa suru no ga suki da,He enjoys taking care of his friends' pets.
sent-3098,世話する,Suru Verbs,子供たちの世話をすることは、時には大変な仕事です。,"Kodomo-tachi no sewa o suru koto wa, toki ni wa taihen na shigoto desu",Taking care of children can be a difficult job at times.
sent-3099,世話する,Suru Verbs,市役所で新しい職員を世話することが私の役目です。,Shi yakusho de atarashii shokuin o sewa suru koto ga watashi no yakume desu,It is my role to assist the new employees at the city hall.
sent-3100,世話する,Suru Verbs,議会での世話役は委員が指名されることが多い。,Gikai de no sewa yaku wa iin ga shimei sareru koto ga ooi,Committee members are often appointed as caretakers at the council.
sent-3101,指導する,Suru Verbs,先生は私たちに勉強を指導してくれます。,Sensei wa watashitachi ni benkyou o shidou shite kuremasu,The teacher instructs us in our studies.
sent-3102,指導する,Suru Verbs,スポーツチームのコーチが選手たちを指導している。,Supootsu chiimu no koochi ga senshu-tachi o shidou shite iru,The coach of the sports team is guiding the players.
sent-3103,指導する,Suru Verbs,ジムのトレーナーが適切な運動方法を指導してくれます。,Jimu no toreinaa ga tekisetsu na undou houhou o shidou shite kuremasu,The gym trainer instructs us on proper exercise techniques.
sent-3104,指導する,Suru Verbs,音楽教師が生徒に楽器の演奏方法を指導している。,Ongaku kyoushi ga seito ni gakki no ensou houhou o shidou shite iru,The music teacher is instructing the students on how to play instruments.
sent-3105,指導する,Suru Verbs,新入社員に仕事の進め方を親切に指導してください。,Shinnyuu shain ni shigoto no susumekata o shinsetsu ni shidou shite kudasai,Please kindly guide new employees on how to proceed with work.
sent-3106,刺激する,Suru Verbs,映画は私達の感情を刺激する,Eiga wa watashitachi no kanjou o shigeki suru,Movies stimulate our emotions.
sent-3107,刺激する,Suru Verbs,新しいアイデアはクリエイティブな発想を刺激する,Atarashii aidea wa kurieitibu na hassou o shigeki suru,New ideas stimulate creative thinking.
sent-3108,刺激する,Suru Verbs,その匂いは私の食欲を刺激します,Sono nioi wa watashi no shokuyoku o shigeki shimasu,That smell stimulates my appetite.
sent-3109,刺激する,Suru Verbs,美しい絵は人々の想像力を刺激することがあります,Utsukushii e wa hitobito no souzouryoku o shigeki suru koto ga arimasu,Beautiful paintings can stimulate people's imagination.
sent-3110,刺激する,Suru Verbs,彼女は彼の競争心を刺激するのが上手だ。,Kanojo wa kare no kyousoushin o shigeki suru no ga jouzu da.,She is good at stimulating his competitive spirit.
sent-3111,支配する,Suru Verbs,この国は独裁者によって支配されている。,Kono kuni wa dokusaisha ni yotte shihai sarete iru.,This country is ruled by a dictator.
sent-3112,支配する,Suru Verbs,彼女は彼の気持ちを完全に支配していた。,Kanojo wa kare no kimochi o kanzen ni shihai shite ita.,She completely dominated his feelings.
sent-3113,支配する,Suru Verbs,論争は彼らの会話を支配するようになった。,Ronsou wa karera no kaiwa o shihai suru you ni natta.,Arguments came to dominate their conversations.
sent-3114,支配する,Suru Verbs,この企業は市場のほとんどを支配している。,Kono kigyou wa shijou no hotondo o shihai shite iru.,This company dominates most of the market.
sent-3115,支配する,Suru Verbs,彼はその部屋を支配する雰囲気を持っていた。,Kare wa sono heya o shihai suru fun'iki o motte ita.,He had an atmosphere that dominated the room.
sent-3116,指示する,Suru Verbs,部下に仕事を指示する。,Bukka ni shigoto o shiji suru,Give instructions to subordinates on their work.
sent-3117,指示する,Suru Verbs,先生が学生に宿題を指示する。,Sensei ga gakusei ni shukudai o shiji suru,The teacher assigns homework to the students.
sent-3118,指示する,Suru Verbs,上司からの指示に従って行動する。,Joushi kara no shiji ni shitagatte koudou suru,Act in accordance with instructions from the boss.
sent-3119,指示する,Suru Verbs,このマニュアルに従って操作方法を指示する。,Kono manyuaru ni shitagatte sousa houhou o shiji suru,Instruct the operation method according to this manual.
sent-3120,指示する,Suru Verbs,彼はチームリーダーとしてメンバーに役割を指示する。,Kare wa chiimu riidaa toshite menbaa ni yakuwari o shiji suru,"As a team leader, he directs roles to the members."
sent-3121,指名する,Suru Verbs,彼をチームリーダーとして指名することにしました。,Kare o chiimu riidaa to shite shimei suru koto ni shimashita.,We decided to nominate him as the team leader.
sent-3122,指名する,Suru Verbs,社長が新しいプロジェクトのメンバーを指名しました。,Shachou ga atarashii purojekuto no menbaa o shimei shimashita.,The president nominated the members for the new project.
sent-3123,指名する,Suru Verbs,彼女は最も賞を受賞する可能性が高いと指名されています。,Kanojo wa motto mo shou o juushou suru kanousei ga takai to shimei sarete imasu.,She is nominated as the most likely to win the award.
sent-3124,指名する,Suru Verbs,指名された人は前に進んでスピーチをお願いします。,Shimei sareta hito wa mae ni susunde supiichi o onegaishimasu.,"The nominated person, please come forward and give a speech."
sent-3125,指名する,Suru Verbs,全員が意見を述べるために、一人ずつ指名しましょう。,"Zen'in ga iken o noberu tame ni, hitori zutsu shimei shimashou.",Let's nominate one by one for everyone to express their opinions.
sent-3126,心配する,Suru Verbs,友人が病気で休んでいるので、心配しています。,"Yuujin ga byouki de yasunde iru node, shinpai shiteimasu","My friend is taking a break due to illness, so I'm worried."
sent-3127,心配する,Suru Verbs,彼女は試験の結果が気になって心配している様子だ。,Kanojo wa shiken no kekka ga ki ni natte shinpai shiteiru yousu da,She seems to be worried about the results of the exam.
sent-3128,心配する,Suru Verbs,このプロジェクトの進捗状況について心配しているメンバーもいます。,Kono purojekuto no shinchoku joukyou ni tsuite shinpai shiteiru menbaa mo imasu,There are also members who are worried about the progress of this project.
sent-3129,心配する,Suru Verbs,両親は私が遠くに住んでいるため、いつも心配している。,"Ryoushin wa watashi ga tooku ni sunde iru tame, itsumo shinpai shiteiru",My parents are always worried because I live far away.
sent-3130,心配する,Suru Verbs,子供たちが遊びに行ったまま帰ってこないので、心配しています。,"Kodomotachi ga asobi ni itta mama kaette konai node, shinpai shiteimasu",I'm worried because the children haven't come back after going out to play.
sent-3131,進歩する,Suru Verbs,技術が日々進歩しています。,Gijutsu ga hibi shinpo shiteimasu,Technology is progressing day by day.
sent-3132,進歩する,Suru Verbs,研究により、医学は着実に進歩している。,"Kenkyuu ni yori, igaku wa chakujitsu ni shinpo shiteiru","Thanks to research, medicine is steadily advancing."
sent-3133,進歩する,Suru Verbs,学校に通うことで、子供たちは知識と技能において進歩する。,"Gakkou ni kayou koto de, kodomo-tachi wa chishiki to gino ni oite shinpo suru","By attending school, children make progress in knowledge and skills."
sent-3134,進歩する,Suru Verbs,経済は戦後急速に進歩した。,Keizai wa sengo kyuusoku ni shinpo shita,The economy advanced rapidly after the war.
sent-3135,進歩する,Suru Verbs,通信技術の進歩により、情報が瞬時に伝わるようになった。,"Tsuushin gijutsu no shinpo ni yori, jouhou ga shunji ni tsutawaru you ni natta","With the progress of communication technology, information is transmitted instantly."
sent-3136,侵略する,Suru Verbs,その国は近隣の国を侵略するつもりだった。,Sono kuni wa kinrin no kuni o shinryaku suru tsumori datta.,That country was planning to invade neighboring countries.
sent-3137,侵略する,Suru Verbs,彼らはその土地を侵略するために軍隊を派遣した。,Karera wa sono tochi o shinryaku suru tame ni guntai o haken shita.,They dispatched troops to invade the land.
sent-3138,侵略する,Suru Verbs,昔の侵略者たちは大陸を侵略するのに船を使った。,Mukashi no shinryakusha-tachi wa tairiku o shinryaku suru no ni fune o tsukatta.,"In ancient times, invaders used ships to invade continents."
sent-3139,侵略する,Suru Verbs,敵国が侵略し始める前に、私たちの国は対策を講じなければならない。,"Tekikoku ga shinryaku shi-hajimeru mae ni, watashitachi no kuni wa taisaku o koujinakereba naranai.","Before the hostile country begins to invade, our country must take measures."
sent-3140,侵略する,Suru Verbs,世界史は数々の侵略者たちが国土を侵略する物語でもある。,Sekaishi wa kazukazu no shinryakusha-tachi ga kokudo o shinryaku suru monogatari demo aru.,World history is also a story of numerous invaders invading territories.
sent-3141,申請する,Suru Verbs,ビザを申請するために、書類を揃えなければなりません。,"Biza o shinsei suru tame ni, shorui o soroenakereba narimasen","In order to apply for a visa, you must gather the required documents."
sent-3142,申請する,Suru Verbs,奨学金を申請するには、所定の手続きを行う必要があります。,"Shougakukin o shinsei suru ni wa, shotei no tetsuzuki o okonau hitsuyou ga arimasu","To apply for a scholarship, you must go through the prescribed procedures."
sent-3143,申請する,Suru Verbs,今年の夏休みに旅行に行く予定ですので、有給休暇を申請しました。,"Kotoshi no natsuyasumi ni ryokou ni iku yotei desu node, yuukyuu kyuuka o shinsei shimashita",I applied for paid vacation because I am planning to travel during this year's summer vacation.
sent-3144,申請する,Suru Verbs,パスポートの更新を申請する時には、古いパスポートも持っていく必要があります。,"Pasupooto no koushin o shinsei suru toki ni wa, furui pasupooto mo motte iku hitsuyou ga arimasu","When applying for a passport renewal, you also need to bring your old passport."
sent-3145,申請する,Suru Verbs,私は来月、研究助成金を申請する予定です。,"Watashi wa raigetsu, kenkyuu joseikin o shinsei suru yotei desu",I plan to apply for a research grant next month.
sent-3146,信用する,Suru Verbs,彼は私の言うことを何も信用しなかった。,Kare wa watashi no iu koto o nani mo shinyou shinakatta,He didn't trust anything I said.
sent-3147,信用する,Suru Verbs,この情報源は信用するに値しますか？,Kono jouhougen wa shinyou suru ni ataimasu ka?,Is this source worth trusting?
sent-3148,信用する,Suru Verbs,彼女はその話を聞いて、彼の言葉を信用するようになった。,"Kanojo wa sono hanashi o kiite, Kare no kotoba o shinyou suru you ni natta","After hearing that story, she began to trust his words."
sent-3149,信用する,Suru Verbs,すぐには彼を信用することはできませんでした。,Sugu ni wa kare o shinyou suru koto wa dekimasen deshita,I couldn't trust him right away.
sent-3150,信用する,Suru Verbs,みんなが彼を信用するのは理解できる。,Minna ga kare o shinyou suru no wa rikai dekiru,I can understand why everyone trusts him.
sent-3151,失敗する,Suru Verbs,失敗することで、私たちは成長し学ぶことができる。,"Shippai suru koto de, watashitachi wa seichou shi manabu koto ga dekiru","By failing, we can grow and learn."
sent-3152,失敗する,Suru Verbs,試験に失敗するのは、次回に向けて改善するための機会です。,"Shiken ni shippai suru no wa, jikai ni mukete kaizen suru tame no kikai desu",Failing an exam is an opportunity to improve for the next time.
sent-3153,失敗する,Suru Verbs,彼女は転職に失敗したため、元の仕事に戻ることにしました。,"Kanojo wa tenshoku ni shippai shita tame, moto no shigoto ni modoru koto ni shimashita",She decided to return to her old job because she failed to change jobs.
sent-3154,失敗する,Suru Verbs,彼は料理に何度も失敗していたが、だんだん上手になってきた。,"Kare wa ryouri ni nando mo shippai shite ita ga, dandan jouzu ni natte kita","He failed at cooking several times, but he gradually got better."
sent-3155,失敗する,Suru Verbs,新しいプロジェクトは、計画の不備で失敗する可能性がある。,"Atarashii purojekuto wa, keikaku no fubi de shippai suru kanousei ga aru",The new project may fail due to inadequate planning.
sent-3156,支出する,Suru Verbs,生活費を支出するために働いています。,Seikatsuhi o shishutsu suru tame ni hataraiteimasu.,I am working to pay for my living expenses.
sent-3157,支出する,Suru Verbs,今月は無駄な費用を支出しないようにしよう。,Kongetsu wa muda na hiyou o shishutsu shinai you ni shiyou.,Let's try not to spend unnecessary expenses this month.
sent-3158,支出する,Suru Verbs,その新しいプロジェクトに多くの資金を支出することになります。,Sono atarashii purojekuto ni ooku no shikin o shishutsu suru koto ni narimasu.,We will spend a lot of funds on that new project.
sent-3159,支出する,Suru Verbs,政府は教育により多くの予算を支出すべきだ。,Seifu wa kyouiku ni yori ooku no yosan o shishutsu subeki da.,The government should spend more budget on education.
sent-3160,支出する,Suru Verbs,家族旅行にかかる費用を支出するつもりです。,Kazoku ryokou ni kakaru hiyou o shishutsu suru tsumori desu.,I plan to spend money on the family trip.
sent-3161,指摘する,Suru Verbs,彼は私の間違いを指摘してくれた。,Kare wa watashi no machigai o shiteki shite kureta.,He pointed out my mistake.
sent-3162,指摘する,Suru Verbs,先生は私の論文にいくつかの問題点を指摘した。,Sensei wa watashi no ronbun ni ikutsu ka no mondaiten o shiteki shita.,The teacher pointed out several issues in my thesis.
sent-3163,指摘する,Suru Verbs,上司は彼の提案に欠点を指摘した。,Joushi wa kare no teian ni ketten o shiteki shita.,The boss pointed out the flaws in his proposal.
sent-3164,指摘する,Suru Verbs,彼女は彼の発言に対して矛盾を指摘した。,Kanojo wa kare no hatsugen ni taishite mujun o shiteki shita.,She pointed out the contradiction in his statement.
sent-3165,指摘する,Suru Verbs,そのレポートには多くの誤りが指摘された。,Sono repooto ni wa ooku no ayamari ga shiteki sareta.,Many errors were pointed out in that report.
sent-3166,質問する,Suru Verbs,先生に質問する前に、自分で調べてみてください。,"Sensei ni shitsumon suru mae ni, jibun de shirabete mite kudasai",Please try to research on your own before asking a question to the teacher.
sent-3167,質問する,Suru Verbs,あの人に、質問するのがちょっと緊張します。,"Ano hito ni, shitsumon suru no ga chotto kinchou shimasu",I get a little nervous when asking that person a question.
sent-3168,質問する,Suru Verbs,講義の後で、講師に質問することができますか。,"Kougi no ato de, koushi ni shitsumon suru koto ga dekimasu ka",Can I ask the lecturer questions after the lecture?
sent-3169,質問する,Suru Verbs,わからないことがあれば、遠慮なく質問してください。,"Wakaranai koto ga areba, enryo naku shitsumon shite kudasai","If you don't understand something, please feel free to ask questions."
sent-3170,質問する,Suru Verbs,彼女は議論中に質問するのが得意だ。,Kanojo wa giron chuu ni shitsumon suru no ga tokui da,She is good at asking questions during discussions.
sent-3171,使用する,Suru Verbs,この道具を使用する方法を教えてください。,Kono dougu o shiyousuru houhou o oshiete kudasai,Please teach me how to use this tool.
sent-3172,使用する,Suru Verbs,このシステムを使用するとき、パスワードが必要です。,"Kono shisutemu o shiyousuru toki, pasuwādo ga hitsuyou desu",A password is required when using this system.
sent-3173,使用する,Suru Verbs,医者は私に運動が身体に良い影響を与えると、サプリメントを使用することを勧めました。,"Isha wa watashi ni undou ga karada ni yoi eikyou o ataeru to, sapurimento o shiyousuru koto o susumemashita",The doctor recommended that I use supplements as exercise has a positive effect on the body.
sent-3174,使用する,Suru Verbs,学生たちはパソコンルームでインターネットを使用する時間を予約しました。,Gakuseitachi wa pasokon ruumu de intānetto o shiyousuru jikan o yoyaku shimashita,The students reserved time to use the internet in the computer room.
sent-3175,使用する,Suru Verbs,環境に優しい製品を使用することで、地球を守れます。,"Kankyou ni yasashii seihin o shiyousuru koto de, chikyu o mamoremasu","By using eco-friendly products, we can protect the Earth."
sent-3176,食事する,Suru Verbs,彼女と一緒に食事するのは楽しみだ。,Kanojo to issho ni shokuji suru no wa tanoshimi da,I look forward to having a meal with her.
sent-3177,食事する,Suru Verbs,家族で外食して、楽しく食事することが好きだ。,"Kazoku de gaishoku shite, tanoshiku shokuji suru koto ga suki da",I like going out to eat and having a fun meal with my family.
sent-3178,食事する,Suru Verbs,僕は毎日ランチに一人で食事するのが普通だ。,Boku wa mainichi ranchi ni hitori de shokuji suru no ga futsuu da,It's normal for me to eat lunch alone every day.
sent-3179,食事する,Suru Verbs,先週、友人たちと一緒に食事する機会があった。,"Senshuu, yuujintachi to issho ni shokuji suru kikai ga atta","Last week, I had a chance to have a meal with my friends."
sent-3180,食事する,Suru Verbs,外国で新しい料理で食事をすることは、文化に触れる刺激的な経験だ。,"Gaikoku de atarashii ryouri de shokuji suru koto wa, bunka ni fureru shigekiteki na keiken da",Having a meal with new dishes in a foreign country is an exciting experience that allows you to connect with the culture.
sent-3181,消費する,Suru Verbs,節約のために、電気を無駄に消費しないようにしてください。,"Setsuyaku no tame ni, denki o muda ni shouhi shinai you ni shite kudasai","In order to save money, please try not to waste electricity by consuming it unnecessarily."
sent-3182,消費する,Suru Verbs,一人暮らしを始めてから、食料品をどれくらい消費するか計算しなければならない。,"Hitorigurashi o hajimete kara, shokuryouhin o dorekurai shouhi suru ka keisan shinakereba naranai","Since I started living alone, I have to calculate how much food I consume."
sent-3183,消費する,Suru Verbs,このアプリはバッテリーを大量に消費するので、使用する際は注意してください。,"Kono apuri wa batterii o tairyou ni shouhi suru node, shiyou suru sai wa chuui shite kudasai","This app consumes a large amount of battery, so please be careful when using it."
sent-3184,消費する,Suru Verbs,エアコンを使いすぎると、エネルギーを多く消費し環境に悪影響を与える。,"Ea-kon o tsukai sugiru to, enerugii o ooku shouhi shi kankyou ni akueikyou o ataeru",Using the air conditioner too much consumes a lot of energy and has a negative impact on the environment.
sent-3185,消費する,Suru Verbs,新しい事業計画は会社の資金を大幅に消費するでしょう。,Atarashii jigyou keikaku wa kaisha no shikin o oohaba ni shouhi suru deshou,The new business plan will likely consume a significant amount of the company's funds.
sent-3186,紹介する,Suru Verbs,この記事では、新しい製品を紹介します。,"Kono kiji de wa, atarashii seihin o shoukai shimasu.","In this article, we will introduce a new product."
sent-3187,紹介する,Suru Verbs,彼女は私に彼女の友達を紹介しました。,Kanojo wa watashi ni kanojo no tomodachi o shoukai shimashita.,She introduced me to her friends.
sent-3188,紹介する,Suru Verbs,今日は、新しいメンバーを皆さんに紹介します。,"Kyou wa, atarashii menbaa o minasan ni shoukai shimasu.","Today, I will introduce the new members to everyone."
sent-3189,紹介する,Suru Verbs,本屋で素晴らしい本を見つけたので、皆に紹介したいと思います。,"Hon'ya de subarashii hon o mitsuketa node, mina ni shoukai shitai to omoimasu.","I found a great book at the bookstore, and I'd like to introduce it to everyone."
sent-3190,紹介する,Suru Verbs,この映画は私が最近紹介されたお気に入りの作品です。,Kono eiga wa watashi ga saikin shoukai sareta okiniiri no sakuhin desu.,This movie is a favorite work that I was introduced to recently.
sent-3191,証明する,Suru Verbs,彼は自分の無実を証明するために必死に努力した。,Kare wa jibun no mujitsu o shoumei suru tame ni hisshi ni doryoku shita.,He desperately tried to prove his innocence.
sent-3192,証明する,Suru Verbs,この実験は、その理論が正しいことを証明する目的があります。,"Kono jikken wa, sono riron ga tadashii koto o shoumei suru mokuteki ga arimasu.",The purpose of this experiment is to prove that the theory is correct.
sent-3193,証明する,Suru Verbs,彼は彼女が言ったことを証明する証拠を見つけた。,Kare wa kanojo ga itta koto o shoumei suru shouko o mitsuketa.,He found evidence to prove what she said.
sent-3194,証明する,Suru Verbs,君の言うことが真実であることを証明する方法を考えてみましょう。,Kimi no iu koto ga shinjitsu de aru koto o shoumei suru houhou o kangaete mimashou.,Let's think of a way to prove that what you say is true.
sent-3195,証明する,Suru Verbs,あなたの推薦状はあなたの能力を証明するものです。,Anata no suisenjou wa anata no nouryoku o shoumei suru mono desu.,Your recommendation letter serves as proof of your abilities.
sent-3196,昇進する,Suru Verbs,今年の春、彼は部長に昇進する予定です。,"Kotoshi no haru, kare wa buchou ni shoushin suru yotei desu.",He is scheduled to be promoted to department head this spring.
sent-3197,昇進する,Suru Verbs,彼女の努力の結果、ついに上司が彼女を昇進させました。,"Kanojo no doryoku no kekka, tsuini joushi ga kanojo o shoushin sasemashita.","As a result of her efforts, her boss finally promoted her."
sent-3198,昇進する,Suru Verbs,彼は多くの競争相手に勝って、昇進しました。,"Kare wa ooku no kyousou aite ni katte, shoushin shimashita.",He won over many competitors and got promoted.
sent-3199,昇進する,Suru Verbs,スキルと経験を積んで、自分が昇進できるチャンスをつかみたい。,"Sukiru to keiken o tsunde, jibun ga shoushin dekiru chansu o tsukamitai.",I want to accumulate skills and experience to seize the chance to be promoted.
sent-3200,昇進する,Suru Verbs,昇進するためには、リーダーシップを持つことが重要だ。,"Shoushin suru tame ni wa, riidaashippu o motsu koto ga juuyou da.",Having leadership is important in order to be promoted.
sent-3201,招待する,Suru Verbs,彼をパーティーに招待するつもりです。,Kare o paatii ni shoutai suru tsumori desu.,I plan to invite him to the party.
sent-3202,招待する,Suru Verbs,今度の週末、家族を夕食に招待しましょう。,"Kondo no shuumatsu, kazoku o yuushoku ni shoutai shimashou.",Let's invite our family for dinner this weekend.
sent-3203,招待する,Suru Verbs,友達全員を結婚式に招待しなければなりません。,Tomodachi zen'in o kekkonshiki ni shoutai shinakereba narimasen.,I have to invite all my friends to the wedding.
sent-3204,招待する,Suru Verbs,彼らは私をワインテイスティングに招待してくれました。,Karera wa watashi o wain teisuteingu ni shoutai shite kuremashita.,They invited me to a wine tasting event.
sent-3205,招待する,Suru Verbs,ご結婚記念パーティーに招待されたことを光栄に思います。,Go kekkon kinen paatii ni shoutai sareta koto o kouei ni omoimasu.,I am honored to be invited to your wedding anniversary party.
sent-3206,所有する,Suru Verbs,あの家は彼が所有しています。,Ano ie wa kare ga shoyuu shiteimasu.,He owns that house.
sent-3207,所有する,Suru Verbs,この会社は、株を90％所有しています。,"Kono kaisha wa, kabu o 90 pāsento shoyuu shiteimasu.",This company owns 90% of the stocks.
sent-3208,所有する,Suru Verbs,彼は多くの貴重なコインを所有しています。,Kare wa ōku no kichōna koin o shoyuu shiteimasu.,He owns many valuable coins.
sent-3209,所有する,Suru Verbs,私たちは共同で土地を所有しました。,Watashitachi wa kyoudou de tochi o shoyuu shimashita.,We jointly owned the land.
sent-3210,所有する,Suru Verbs,彼女は国内外の40の店舗を所有している。,Kanojo wa kokunaigai no 40 no tenpō o shoyuu shite iru.,She owns 40 stores both domestically and internationally.
sent-3211,所属する,Suru Verbs,彼は学生の時、図書館に所属していました。,"Kare wa gakusei no toki, toshokan ni shozoku shite imashita.","When he was a student, he belonged to the library club."
sent-3212,所属する,Suru Verbs,彼女は国際的なNGOに所属しています。,Kanojo wa kokusaiteki na NGO ni shozoku shiteimasu.,She belongs to an international NGO.
sent-3213,所属する,Suru Verbs,君の所属する部門はどれですか？,Kimi no shozoku suru bumon wa dore desu ka?,Which department do you belong to?
sent-3214,所属する,Suru Verbs,私は彼女と同じグループに所属することになりました。,Watashi wa kanojo to onaji guruupu ni shozoku suru koto ni narimashita.,I ended up joining the same group as her.
sent-3215,所属する,Suru Verbs,彼は新入社員として、営業部に所属することになりました。,"Kare wa shinnyuushain toshite, eigyoubu ni shozoku suru koto ni narimashita.","As a new employee, he joined the sales department."
sent-3216,主張する,Suru Verbs,彼は自分の意見を強く主張した。,Kare wa jibun no iken o tsuyoku shuchou shita,He strongly asserted his opinion.
sent-3217,主張する,Suru Verbs,それぞれの国が自国の利益を主張するのは当然だ。,Sorezore no kuni ga jikoku no rieki o shuchou suru no wa touzen da,It's natural for each country to claim its own interests.
sent-3218,主張する,Suru Verbs,双方は互いの立場を主張し、議論は平行線をたどっていた。,"Souhou wa tagai no tachiba o shuchou shi, giron wa heikousen o tadotte ita","Both sides asserted their positions, and the argument followed parallel lines."
sent-3219,主張する,Suru Verbs,彼女は労働者の権利を守るために声を大にして主張している。,Kanojo wa roudousha no kenri o mamoru tame ni koe o ō ni shite shuchou shite iru,She is loudly asserting to protect the rights of workers.
sent-3220,主張する,Suru Verbs,私たちは平和を主張することをやめることはありません。,Watashitachi wa heiwa o shuchou suru koto o yameru koto wa arimasen,We will never stop advocating for peace.
sent-3221,集中する,Suru Verbs,試験の前には、勉強に集中することが重要だ。,"Shiken no mae ni wa, benkyou ni shuuchuu suru koto ga juuyou da.",It is important to concentrate on studying before the exam.
sent-3222,集中する,Suru Verbs,仕事を効率よく進めるために、タスクに集中することが大切です。,"Shigoto o kouritsu yoku susumeru tame ni, tasku ni shuuchuu suru koto ga taisetsu desu.","To promote work efficiently, it is important to concentrate on tasks."
sent-3223,集中する,Suru Verbs,音楽を聴くと、より作業に集中することができます。,"Ongaku o kiku to, yori sagyou ni shuuchuu suru koto ga dekimasu.",Listening to music can help you concentrate more on your work.
sent-3224,集中する,Suru Verbs,このプロジェクトの成功のために、全員が力を集中することが求められています。,"Kono purojekuto no seikou no tame ni, zen'in ga chikara o shuuchuu suru koto ga motomerareteimasu.","For the success of this project, everyone is required to concentrate their efforts."
sent-3225,集中する,Suru Verbs,ヨガの練習中は、呼吸に集中することでリラックスできます。,"Yoga no renshuu chuu wa, kokyuu ni shuuchuu suru koto de rirakkusu dekimasu.","During yoga practice, you can relax by concentrating on your breath."
sent-3226,縮小する,Suru Verbs,会社は経費を縮小することを決定した。,Kaisha wa keihi o shukushou suru koto o kettei shita,The company decided to reduce expenses.
sent-3227,縮小する,Suru Verbs,プロジェクトの規模は縮小することになった。,Purojekuto no kibo wa shukushou suru koto ni natta,The scale of the project ended up being reduced.
sent-3228,縮小する,Suru Verbs,彼は写真を縮小して印刷した。,Kare wa shashin o shukushou shite insatsu shita,He reduced the size of the photo and printed it.
sent-3229,縮小する,Suru Verbs,政府は軍事予算を縮小する計画を発表した。,Seifu wa gunji yosan o shukushou suru keikaku o happyou shita,The government announced a plan to reduce military spending.
sent-3230,縮小する,Suru Verbs,環境問題を解決するために、私たちはエネルギー使用量を縮小するべきだ。,"Kankyou mondai o kaiketsu suru tame ni, watashitachi wa enerugii shiyou ryou o shukushou suru beki da","To solve environmental issues, we should reduce our energy consumption."
sent-3231,出版する,Suru Verbs,彼は自分の小説を出版するために努力している。,Kare wa jibun no shousetsu o shuppansuru tame ni doryoku shite iru,He is making efforts to publish his novel.
sent-3232,出版する,Suru Verbs,新しい雑誌が来月出版される予定です。,Atarashii zasshi ga raigetsu shuppansareru yotei desu,The new magazine is scheduled to be published next month.
sent-3233,出版する,Suru Verbs,出版社はあの有名作家の最新作を出版する予定です。,Shuppansha wa ano yuumei sakka no saishinsaku o shuppansuru yotei desu,The publisher plans to publish the latest work of that famous writer.
sent-3234,出版する,Suru Verbs,私は将来、自分で詩集を出版することが夢です。,"Watashi wa shourai, jibun de shishuu o shuppansuru koto ga yume desu",My dream is to publish my own collection of poems in the future.
sent-3235,出版する,Suru Verbs,この小説は先月出版され、大変人気がある。,"Kono shousetsu wa sengetsu shuppansare, taihen ninki ga aru",This novel was published last month and is very popular.
sent-3236,出発する,Suru Verbs,今日は朝早く出発する予定です。,Kyou wa asa hayaku shuppatsu suru yotei desu,We are planning to depart early in the morning today.
sent-3237,出発する,Suru Verbs,彼らは夕方に出発したので、遅くに着くだろう。,"Karera wa yuugata ni shuppatsu shita node, osoku ni tsuku darou","They departed in the evening, so they will likely arrive late."
sent-3238,出発する,Suru Verbs,電車はちょうど時間通りに出発した。,Densha wa choudo jikandoori ni shuppatsu shita,The train departed exactly on time.
sent-3239,出発する,Suru Verbs,彼は出発する前に荷物を確認しました。,Kare wa shuppatsu suru mae ni nimotsu o kakunin shimashita,He checked his luggage before departing.
sent-3240,出発する,Suru Verbs,出発するときには、忘れ物がないか最後にチェックしましょう。,"Shuppatsu suru toki ni wa, wasuremono ga nai ka saigo ni chekku shimashou","When departing, let's check one last time to make sure we haven't forgotten anything."
sent-3241,修理する,Suru Verbs,故障した車を修理するために、修理工場に持っていく必要がある。,"Koshou shita kuruma o shuuri suru tame ni, shuuri koujou ni motte iku hitsuyou ga aru.","To repair the broken car, it is necessary to take it to a repair workshop."
sent-3242,修理する,Suru Verbs,スマートフォンが突然壊れたので、早急に修理する必要があります。,"Sumahtofon ga totsuzen kowareta node, soukyuu ni shuuri suru hitsuyou ga arimasu.","My smartphone suddenly broke, so I need to repair it as soon as possible."
sent-3243,修理する,Suru Verbs,友人が自転車のチェーンを修理する方法を教えてくれた。,Yuujin ga jitensha no cheen o shuuri suru houhou o oshiete kureta.,My friend taught me how to repair the bicycle chain.
sent-3244,修理する,Suru Verbs,パソコンが壊れたら、専門家に修理してもらうことをお勧めします。,"Pasokon ga kowaretara, senmonka ni shuuri shite morau koto o osusume shimasu.","If your computer breaks, I recommend having an expert repair it."
sent-3245,修理する,Suru Verbs,古い家具を修理して、新品同様に見せることができる。,"Furui kagu o shuuri shite, shinpin douyou ni miseru koto ga dekiru.",You can repair old furniture and make it look as good as new.
sent-3246,就職する,Suru Verbs,卒業後すぐに就職する予定です。,Sotsugyougo sugu ni shuushoku suru yotei desu.,I plan to get a job immediately after graduation.
sent-3247,就職する,Suru Verbs,彼は優秀な企業に就職することができました。,Kare wa yuushuu na kigyou ni shuushoku suru koto ga dekimashita.,He was able to get a job at an excellent company.
sent-3248,就職する,Suru Verbs,就職するためには、適切なスキルを身に付けることが重要です。,"Shuushoku suru tame ni wa, tekisetsu na sukiru o mi ni tsukeru koto ga juuyou desu.",It is important to acquire appropriate skills in order to get a job.
sent-3249,就職する,Suru Verbs,彼女は海外で就職することを考えています。,Kanojo wa kaigai de shuushoku suru koto o kangaeteimasu.,She is considering getting a job abroad.
sent-3250,就職する,Suru Verbs,彼はパートタイムで働きながら、正社員として就職する機会を待っています。,"Kare wa paatotaimu de hatarakinagara, seishain toshite shuushoku suru kikai o matteimasu.",He is working part-time and waiting for an opportunity to get a job as a full-time employee.
sent-3251,出席する,Suru Verbs,授業に出席するのは大切です。,Jugyou ni shusseki suru no wa taisetsu desu,It is important to attend classes.
sent-3252,出席する,Suru Verbs,今日の会議に出席する予定です。,Kyou no kaigi ni shusseki suru yotei desu,I plan to attend today's meeting.
sent-3253,出席する,Suru Verbs,彼は式典に出席するために早く着いた。,Kare wa shikiten ni shusseki suru tame ni hayaku tsuita,He arrived early to attend the ceremony.
sent-3254,出席する,Suru Verbs,すべての生徒は授業に定期的に出席する必要があります。,Subete no seito wa jugyou ni teikiteki ni shusseki suru hitsuyou ga arimasu,All students need to attend classes regularly.
sent-3255,出席する,Suru Verbs,明日の試合の応援に出席するかどうか、彼に報告してください。,"Ashita no shiai no ouen ni shusseki suru ka douka, kare ni houkoku shite kudasai",Please let him know if you will attend tomorrow's game to cheer.
sent-3256,出張する,Suru Verbs,今週、東京へ出張する予定です。,"Konshuu, Toukyou e shucchou suru yotei desu.",I am planning to go on a business trip to Tokyo this week.
sent-3257,出張する,Suru Verbs,彼はよく海外へ出張する。,Kare wa yoku kaigai e shucchou suru.,He often goes on business trips abroad.
sent-3258,出張する,Suru Verbs,今回の出張で新しいクライアントと会う予定です。,Konkai no shucchou de atarashii kuraianto to au yotei desu.,I plan to meet with a new client on this business trip.
sent-3259,出張する,Suru Verbs,社員は定期的に出張する必要があります。,Shain wa teikiteki ni shucchou suru hitsuyou ga arimasu.,Employees need to go on business trips on a regular basis.
sent-3260,出張する,Suru Verbs,出張で疲れたので、早く帰りたいです。,"Shucchou de tsukareta node, hayaku kaeritai desu.",I'm tired from the business trip and want to return home early.
sent-3261,相談する,Suru Verbs,先生に進路の相談をすることにしました。,Sensei ni shinro no soudan o suru koto ni shimashita,I decided to consult with the teacher about my career path.
sent-3262,相談する,Suru Verbs,チームの問題について、リーダーと相談するべきだと思います。,"Chiimu no mondai ni tsuite, ridaa to soudan suru beki da to omoimasu",I think we should consult with the leader about the team's problems.
sent-3263,相談する,Suru Verbs,彼女と結婚の準備を進める前に、両親と相談した方がいいでしょう。,"Kanojo to kekkon no junbi o susumeru mae ni, ryoushin to soudan shita hou ga ii deshou",You should consult with your parents before proceeding with marriage preparations with her.
sent-3264,相談する,Suru Verbs,迷っているときは、友達と相談することが役に立つことがあります。,"Mayotte iru toki wa, tomodachi to soudan suru koto ga yaku ni tatsu koto ga arimasu","When you are unsure, consulting with friends can sometimes be helpful."
sent-3265,相談する,Suru Verbs,彼は新しいプロジェクトを始める前に、上司と相談することに決めた。,"Kare wa atarashii purojekuto o hajimeru mae ni, joushi to soudan suru koto ni kimeta",He decided to consult with his boss before starting a new project.
sent-3266,掃除する,Suru Verbs,部屋を掃除するのは毎週の土曜日にします。,Heya o souji suru no wa maishuu no doyoubi ni shimasu,I clean the room every Saturday.
sent-3267,掃除する,Suru Verbs,一週間に一度、家全体を掃除することをお勧めします。,"Isshuukan ni ichido, ie zentai o souji suru koto o osusume shimasu",I recommend cleaning the whole house once a week.
sent-3268,掃除する,Suru Verbs,私たちは、地域の公園を掃除するボランティア活動に参加しました。,"Watashitachi wa, chiiki no kouen o souji suru borantia katsudou ni sanka shimashita",We participated in a volunteer activity to clean the local park.
sent-3269,掃除する,Suru Verbs,仕事が終わったら、デスクを掃除する習慣があります。,"Shigoto ga owattara, desuku o souji suru shuukan ga arimasu",I have a habit of cleaning my desk after work.
sent-3270,掃除する,Suru Verbs,大掃除をする前に、掃除道具を揃えておくことが大切です。,"Oosouji o suru mae ni, souji dougu o soroete oku koto ga taisetsu desu",It's important to prepare cleaning tools before doing a big cleanup.
sent-3271,存在する,Suru Verbs,この世界には未知の生物がまだ存在すると信じている。,Kono sekai ni wa michi no seibutsu ga mada sonzai suru to shinjite iru,I believe that there are still unknown creatures existing in this world.
sent-3272,存在する,Suru Verbs,魔法が実際に存在するとしたら、どのような力を持っているのだろう。,"Mahou ga jissai ni sonzai suru to shitara, dono you na chikara o motte iru no darou","If magic really exists, what kind of power would it have?"
sent-3273,存在する,Suru Verbs,彼は、幽霊は存在するという話を信じている。,"Kare wa, yuurei wa sonzai suru to iu hanashi o shinjite iru",He believes in the stories that ghosts exist.
sent-3274,存在する,Suru Verbs,絶滅したと思われていた動物が、実はまだ存在することが判明した。,"Zetsumetsu shita to omowarete ita doubutsu ga, jitsu wa mada sonzai suru koto ga hanmei shita",It was discovered that animals thought to be extinct are actually still existing.
sent-3275,存在する,Suru Verbs,太陽系の中には私たちの知らない惑星がまだ存在するかもしれません。,Taiyoukei no naka ni wa watashitachi no shiranai wakusei ga mada sonzai suru kamoshiremasen,There might still be undiscovered planets existing within our solar system.
sent-3276,操作する,Suru Verbs,車の運転は正しい操作が重要だ。,Kuruma no unten wa tadashii sousa ga juuyou da.,Proper operation is important when driving a car.
sent-3277,操作する,Suru Verbs,コンピュータを上手に操作するには練習が必要だ。,Konpyuuta wo jouzu ni sousa suru ni wa renshuu ga hitsuyou da.,Practice is necessary to operate a computer skillfully.
sent-3278,操作する,Suru Verbs,彼は機械を操作するのが得意だ。,Kare wa kikai wo sousa suru no ga tokui da.,He is good at operating machines.
sent-3279,操作する,Suru Verbs,操作ミスで重要なデータが消えてしまった。,Sousa misu de juuyou na deeta ga kiete shimatta.,The important data was lost due to an operation error.
sent-3280,操作する,Suru Verbs,自動化が進むと、人が直接操作する機会が減る。,"Jidouka ga susumu to, hito ga chokusetsu sousa suru kikai ga heru.","As automation progresses, opportunities for humans to operate directly will decrease."
sent-3281,組織する,Suru Verbs,会社は新しい部署を組織することを計画しています。,Kaisha wa atarashii busho o soshiki suru koto o keikaku shiteimasu.,The company is planning to organize a new department.
sent-3282,組織する,Suru Verbs,スポーツ大会を組織するための準備を進めている。,Supo-tsu taikai o soshiki suru tame no junbi o susumeteiru.,We are working on preparations to organize a sports event.
sent-3283,組織する,Suru Verbs,彼は地域の若者たちを組織するリーダーに選ばれた。,Kare wa chiiki no wakamono-tachi o soshiki suru riida ni erabareta.,He was chosen as the leader to organize the young people in the community.
sent-3284,組織する,Suru Verbs,救援活動を効果的に行うため、ボランティアを組織する必要があります。,"Kyuuen katsudou o koukateki ni okonau tame, borantia o soshiki suru hitsuyou ga arimasu.",We need to organize volunteers to effectively carry out relief activities.
sent-3285,組織する,Suru Verbs,働くために、新しいチームを組織することが重要だ。,"Hataraku tame ni, atarashii chi-mu o soshiki suru koto ga juuyou da.",It is important to organize a new team for working.
sent-3286,卒業する,Suru Verbs,来年の春に大学を卒業する予定です。,Rainen no haru ni daigaku o sotsugyou suru yotei desu.,I am planning to graduate from university next spring.
sent-3287,卒業する,Suru Verbs,彼は私たちの高校を卒業したばかりです。,Kare wa watashitachi no koukou o sotsugyou shita bakari desu.,He has just graduated from our high school.
sent-3288,卒業する,Suru Verbs,卒業式の後で、友達と写真を撮りました。,"Sotsugyoushiki no ato de, tomodachi to shashin o torimashita.","After the graduation ceremony, I took photos with my friends."
sent-3289,卒業する,Suru Verbs,卒業を祝うために、パーティーを開きました。,"Sotsugyou o iwau tame ni, paatii o hirakimashita.",We held a party to celebrate graduation.
sent-3290,卒業する,Suru Verbs,教育を続けるため、大学院に進学します。,"Kyouiku o tsudzukeru tame, daigakuin ni shingaku shimasu.","To continue my education, I will go on to graduate school."
sent-3291,想像する,Suru Verbs,未来の世界を想像するのは難しい。,Mirai no sekai o souzou suru no wa muzukashii.,It's difficult to imagine the world of the future.
sent-3292,想像する,Suru Verbs,彼女がどんな感じで喜ぶかを想像しながらプレゼントを選びました。,Kanojo ga donna kanji de yorokobu ka o souzou shinagara purezento o erabimashita.,I chose a present while imagining how she would be happy.
sent-3293,想像する,Suru Verbs,この絵は見る人に自由に想像することを促します。,Kono e wa miru hito ni jiyuu ni souzou suru koto o unagashimasu.,This painting encourages viewers to imagine freely.
sent-3294,想像する,Suru Verbs,彼の成功について話すと、彼がどれだけ苦労したかを想像できる。,"Kare no seikou ni tsuite hanasu to, kare ga dore dake kurou shita ka o souzou dekiru.","When talking about his success, you can imagine how much he struggled."
sent-3295,想像する,Suru Verbs,彼が何を考えているのか、全く想像がつかない。,"Kare ga nani o kangaete iru no ka, mattaku souzou ga tsukanai.",I can't imagine at all what he's thinking about.
sent-3296,推薦する,Suru Verbs,私は彼女を仕事に推薦します。,Watashi wa kanojo o shigoto ni suisen shimasu,I will recommend her for the job.
sent-3297,推薦する,Suru Verbs,先生が私を大学の推薦状を書いてくれることを決めた。,Sensei ga watashi o daigaku no suisenjou o kaite kureru koto o kimeta,The teacher decided to write me a letter of recommendation for the university.
sent-3298,推薦する,Suru Verbs,この本を推薦します、とても面白かったです。,"Kono hon o suisen shimasu, totemo omoshirokatta desu","I recommend this book, it was very interesting."
sent-3299,推薦する,Suru Verbs,彼は私にロッククライミングジムを推薦しました。,Kare wa watashi ni rokku kuraimingu jimu o suisen shimashita,He recommended a rock climbing gym to me.
sent-3300,推薦する,Suru Verbs,私はこのプログラムを誰でもが使いたい方に推薦します。,Watashi wa kono puroguramu o daredemo ga tsukaitai kata ni suisen shimasu,I recommend this program to anyone who wants to use it.
sent-3301,スタートする,Suru Verbs,レースがスタートする時点で、彼の勝利は確実だった。,"Rēsu ga sutāto suru jiten de, kare no shōri wa kakujitsu datta.","At the point when the race started, his victory was certain."
sent-3302,スタートする,Suru Verbs,新しいプロジェクトをスタートする前に計画を立てましょう。,Atarashii purojekuto o sutāto suru mae ni keikaku o tatemashou.,Let's make a plan before starting a new project.
sent-3303,スタートする,Suru Verbs,新年がスタートすると、みんなは新しい目標と決意を持ち始める。,"Shinnen ga sutāto suru to, minna wa atarashii mokuhyou to ketsui o mochi hajimeru.","When the new year starts, everyone starts to have new goals and determination."
sent-3304,スタートする,Suru Verbs,大会は３０分後にスタートしますので準備してください。,Taikai wa sanjuppun-go ni sutāto shimasu no de junbi shite kudasai.,"The competition will start in 30 minutes, so please prepare."
sent-3305,スタートする,Suru Verbs,スタートする瞬間、彼は緊張で足が震えていた。,"Sutāto suru shunkan, kare wa kinchou de ashi ga furuete ita.","At the moment he started, his legs were shaking with nervousness."
sent-3306,逮捕する,Suru Verbs,犯人を逮捕するために、警察が捜査を行った。,"Hannin o taihosuru tame ni, keisatsu ga sousa o okonatta.",The police conducted an investigation to arrest the criminal.
sent-3307,逮捕する,Suru Verbs,警察は疑いのある人物を逮捕する権限を持っている。,Keisatsu wa utagai no aru jinbutsu o taihosuru kengen o motte iru.,The police have the authority to arrest suspected individuals.
sent-3308,逮捕する,Suru Verbs,彼は違法な行為の容疑で逮捕されました。,Kare wa iho-na koui no yougi de taiho sare mashita.,He was arrested on suspicion of illegal activities.
sent-3309,逮捕する,Suru Verbs,彼女は窃盗罪で警察に逮捕されました。,Kanojo wa settouzai de keisatsu ni taiho sare mashita.,She was arrested by the police for theft.
sent-3310,逮捕する,Suru Verbs,その犯罪者はついに逮捕され、法の裁きを受けることになった。,"Sono hanzaisha wa tsui ni taiho sare, hou no sabaki o ukeru koto ni natta.",The criminal was finally arrested and faced the judgment of the law.
sent-3311,退院する,Suru Verbs,病気がよくなって、明日ついに退院する。,"Byouki ga yoku natte, ashita tsuini taiin suru.","My illness has improved, and I'm finally being discharged from the hospital tomorrow."
sent-3312,退院する,Suru Verbs,彼は一週間後に退院する予定だ。,Kare wa isshuukan-go ni taiin suru yotei da.,He is scheduled to be discharged from the hospital a week later.
sent-3313,退院する,Suru Verbs,医師の許可が出たため、今日退院することになった。,"Ishi no kyoka ga deta tame, kyou taiin suru koto ni natta.","Due to the doctor's approval, it was decided that I would be discharged from the hospital today."
sent-3314,退院する,Suru Verbs,退院する前に、看護師にお礼を言っておきましょう。,"Taiin suru mae ni, kangoshi ni orei o itte okimashou.","Before being discharged from the hospital, let's thank the nurse."
sent-3315,退院する,Suru Verbs,母は来週月曜日に退院することが決まりました。,Haha wa raishuu getsuyoubi ni taiin suru koto ga kimarimashita.,It has been decided that my mother will be discharged from the hospital next Monday.
sent-3316,対立する,Suru Verbs,両陣営は意見が対立している。,Ryou jin'ei wa iken ga tairitsu shiteiru,Both camps have opposing opinions.
sent-3317,対立する,Suru Verbs,彼らはいつも意見が対立するので、合意に達することが難しい。,"Karera wa itsumo iken ga tairitsu suru node, goui ni tassuru koto ga muzukashii","They always have conflicting opinions, so it is difficult for them to reach an agreement."
sent-3318,対立する,Suru Verbs,社会の中で対立する価値観について話し合うことは意義深い。,Shakai no naka de tairitsu suru kachikan ni tsuite hanashiau koto wa igi fukai,It is meaningful to discuss conflicting values within society.
sent-3319,対立する,Suru Verbs,チーム内で意見が対立することはしばしばあるが、話し合いで解決しなければならない。,"Chīmu nai de iken ga tairitsu suru koto wa shibashiba aru ga, hanashiai de kaiketsu shinakereba naranai","Opinions often clash within the team, but they have to be resolved through discussion."
sent-3320,対立する,Suru Verbs,政治家たちの対立する立場から、さまざまな問題が生じる。,"Seijika-tachi no tairitsu suru tachiba kara, samazama na mondai ga shoujiru",Various problems arise from the conflicting positions of politicians.
sent-3321,探検する,Suru Verbs,未知の土地を探検するのは興味深い経験です。,Michi no tochi o tanken suru no wa kyoumi bukai keiken desu,Exploring unknown lands is an interesting experience.
sent-3322,探検する,Suru Verbs,彼はアフリカ大陸を探検する冒険家として知られています。,Kare wa Afurika tairiku o tanken suru boukenka toshite shirareteimasu,He is known as an adventurer who explores the African continent.
sent-3323,探検する,Suru Verbs,私たちは森の中で秘密の場所を探検することに決めました。,Watashi tachi wa mori no naka de himitsu no basho o tanken suru koto ni kimemashita,We decided to explore secret places in the forest.
sent-3324,探検する,Suru Verbs,彼女は潜水艦で深海を探検することが夢です。,Kanojo wa sensuikan de shinkai o tanken suru koto ga yume desu,Her dream is to explore the deep sea in a submarine.
sent-3325,探検する,Suru Verbs,子どもたちは宝を見つけるために洞窟を探検しました。,Kodomo tachi wa takara o mitsukeru tame ni doukutsu o tanken shimashita,The children explored the cave to find treasure.
sent-3326,担当する,Suru Verbs,今回のプロジェクトを担当することになりました。,Konkai no purojekuto o tantou suru koto ni narimashita,I have become in charge of this project.
sent-3327,担当する,Suru Verbs,各部門から一人ずつ、このタスクを担当する人が選ばれた。,"Kakubumon kara hitori zutsu, kono tasuku o tantou suru hito ga erabareta",One person from each department was chosen to be in charge of this task.
sent-3328,担当する,Suru Verbs,彼は営業部門を担当しています。,Kare wa eigyou bumon o tantou shiteimasu,He is in charge of the sales department.
sent-3329,担当する,Suru Verbs,新しく入った先生が英語の授業を担当することになった。,Atarashiku haitta sensei ga eigo no jugyou o tantou suru koto ni natta,The new teacher has been assigned to teach English classes.
sent-3330,担当する,Suru Verbs,わたしは会議の進行役を担当することになりました。,Watashi wa kaigi no shinkouyaku o tantou suru koto ni narimashita,I have been appointed to be in charge of the progress of the meeting.
sent-3331,達成する,Suru Verbs,目標を達成するためには、毎日努力を続けることが大切だ。,"Mokuhyou o tassei suru tame ni wa, mainichi doryoku o tsudukeru koto ga taisetsu da","In order to achieve your goals, it is important to continue making efforts every day."
sent-3332,達成する,Suru Verbs,彼は達成すると決めた目標に向かって一生懸命働いている。,Kare wa tassei suru to kimeta mokuhyou ni mukatte isshou kenmei hataraite iru,He is working hard toward the goal he has decided to achieve.
sent-3333,達成する,Suru Verbs,達成するために一緒に協力しましょう。,Tassei suru tame ni issho ni kyouryoku shimashou,Let's cooperate together to achieve our goal.
sent-3334,達成する,Suru Verbs,彼女は自分の夢を達成するために毎日練習している。,Kanojo wa jibun no yume o tassei suru tame ni mainichi renshuu shite iru,She practices every day to achieve her dream.
sent-3335,達成する,Suru Verbs,プロジェクトの目標を達成するには、チームのコミュニケーションが重要です。,"Purojekuto no mokuhyou o tassei suru ni wa, chiimu no komyunikeeshon ga juuyou desu","To achieve the project's goals, team communication is important."
sent-3336,タッチする,Suru Verbs,彼は画面を指で軽くタッチした。,Kare wa gamen o yubi de karuku tacchi shita.,He lightly touched the screen with his finger.
sent-3337,タッチする,Suru Verbs,タッチパネルに手を置いて、タッチして操作できます。,"Tacchi paneru ni te o oite, tacchi shite sousa dekimasu.",You can put your hand on the touch panel and operate it by touching.
sent-3338,タッチする,Suru Verbs,タッチ式の電子機器が人気があります。,Tacchi-shiki no denshi kigu ga ninki ga arimasu.,Touch-type electronic devices are popular.
sent-3339,タッチする,Suru Verbs,タッチ操作のスマートフォンは便利だ。,Tacchi sousa no sumaato fon wa benri da.,Touch-operated smartphones are convenient.
sent-3340,タッチする,Suru Verbs,タッチセンサーが反応してドアが開く。,Tacchi sensaa ga hannou shite doa ga hiraku.,The touch sensor responds and the door opens.
sent-3341,提案する,Suru Verbs,新しいプロジェクトについて提案することが決まりました。,Atarashii purojekuto ni tsuite teian suru koto ga kimarimashita.,It has been decided to propose a new project.
sent-3342,提案する,Suru Verbs,上司に対して改善策を提案する勇気が必要です。,Joushi ni taishite kaizen saku o teian suru yuuki ga hitsuyou desu.,We need courage to suggest improvements to our superiors.
sent-3343,提案する,Suru Verbs,彼女は会議で質問に対する解決策を提案しました。,Kanojo wa kaigi de shitsumon ni taisuru kaiketsu saku o teian shimashita.,She proposed a solution to the question at the meeting.
sent-3344,提案する,Suru Verbs,私は、環境保護のための新しいアイデアを提案しました。,"Watashi wa, kankyou hogo no tame no atarashii aidea o teian shimashita.",I proposed a new idea for environmental protection.
sent-3345,提案する,Suru Verbs,わたしたちのチームはフィードバックに基づいて変更案を提案します。,Watashitachi no chiimu wa fiidobakku ni motozuite henkouan o teian shimasu.,Our team proposes changes based on feedback.
sent-3346,提出する,Suru Verbs,彼はレポートを期限内に提出しなければならない。,Kare wa repōto o kigennai ni teishutsu shinakereba naranai,He must submit the report within the deadline.
sent-3347,提出する,Suru Verbs,私は明日、論文を提出する必要があります。,"Watashi wa ashita, ronbun o teishutsu suru hitsuyou ga arimasu",I need to submit my thesis tomorrow.
sent-3348,提出する,Suru Verbs,申請書を提出する前に、必要書類を確認してください。,"Shinseisho o teishutsu suru mae ni, hitsuyou shorui o kakunin shite kudasai",Please check the required documents before submitting the application form.
sent-3349,提出する,Suru Verbs,提案を提出する際には、きちんとした根拠を示さなければなりません。,"Teian o teishutsu suru sai ni wa, kichinto shita konkyo o shimesanakereba narimasen","When submitting a proposal, you must show a proper basis."
sent-3350,提出する,Suru Verbs,グループプロジェクトで各メンバーはアイデアを提出することが求められる。,Gurūpu purojekuto de kaku menbā wa aidea o teishutsu suru koto ga motomerareru,"In group projects, each member is asked to submit ideas."
sent-3351,徹夜する,Suru Verbs,試験勉強のために、今夜は徹夜するつもりだ。,"Shiken benkyou no tame ni, kon'ya wa tetsuya suru tsumori da.",I plan to stay up all night tonight for exam study.
sent-3352,徹夜する,Suru Verbs,彼はプロジェクトを終わらせるため、徹夜して働いた。,"Kare wa purojekuto o owaraseru tame, tetsuya shite hataraita.",He worked all night to finish the project.
sent-3353,徹夜する,Suru Verbs,私たちは友達の家で徹夜して映画を見た。,Watashitachi wa tomodachi no ie de tetsuya shite eiga o mita.,We stayed up all night watching movies at a friend's house.
sent-3354,徹夜する,Suru Verbs,昨夜、家族全員で徹夜してゲームを楽しんだ。,"Sakuya, kazoku zen'in de tetsuya shite gēmu o tanoshinda.","Last night, we all stayed up and enjoyed playing games with the whole family."
sent-3355,徹夜する,Suru Verbs,彼女は締め切りに間に合わせるため、何度も徹夜せざるを得なくて作品を仕上げた。,"Kanojo wa shimekiri ni maniawaseru tame, nandomo tetsuya sezaru o enakute sakuhin o shiageta.",She had to stay up all night multiple times to finish her work in time for the deadline.
sent-3356,到着する,Suru Verbs,今日の夕方、友達が東京に到着する予定です。,"Kyou no yuugata, tomodachi ga Toukyou ni touchaku suru yotei desu.",My friend is scheduled to arrive in Tokyo this evening.
sent-3357,到着する,Suru Verbs,空港に到着するとすぐ、荷物を受け取りに行きます。,"Kuukou ni touchaku suru to sugu, nimotsu o uketori ni ikimasu.","When I arrive at the airport, I will go to collect my luggage immediately."
sent-3358,到着する,Suru Verbs,会議が始まる前に到着するように急いでください。,Kaigi ga hajimaru mae ni touchaku suru you ni isoide kudasai.,Please hurry so you can arrive before the meeting starts.
sent-3359,到着する,Suru Verbs,列車は定刻に駅に到着することを確認しました。,Ressha wa teikoku ni eki ni touchaku suru koto o kakunin shimashita.,I confirmed that the train would arrive at the station on time.
sent-3360,到着する,Suru Verbs,彼はニューヨークに到着すると、すぐに観光地巡りを始めました。,"Kare wa Nyuuyooku ni touchaku suru to, sugu ni kankouchi meguri o hajimemashita.","As soon as he arrived in New York, he began touring the tourist spots."
sent-3361,投票する,Suru Verbs,選挙で投票するのは市民の義務です。,Senkyo de touhyou suru no wa shimin no gimu desu,Voting in an election is a citizen's duty.
sent-3362,投票する,Suru Verbs,今年の選挙で誰に投票するか決めましたか？,Kotoshi no senkyo de dare ni touhyou suru ka kimemashita ka?,Have you decided who you will vote for in this year's election?
sent-3363,投票する,Suru Verbs,彼女は投票する権利を行使したかった。,Kanojo wa touhyou suru kenri o koushi shitakatta,She wanted to exercise her right to vote.
sent-3364,投票する,Suru Verbs,皆さんは、オンラインで投票するのが便利だと思いますか？,"Minasan wa, onrain de touhyou suru no ga benri da to omoimasu ka?",Do you all think that voting online is convenient?
sent-3365,投票する,Suru Verbs,彼の投票する意思は固まっている。,Kare no touhyou suru ishi wa katamatte iru,His intention to vote is firm.
sent-3366,統一する,Suru Verbs,国を統一するために、彼は長い戦いを続けた。,"Kuni o touitsu suru tame ni, kare wa nagai tatakai o tsuzuketa.",He continued the long battle to unify the country.
sent-3367,統一する,Suru Verbs,会社は、従業員の制服を統一することを決定しました。,"Kaisha wa, juugyouin no seifuku o touitsu suru koto o kettei shimashita.",The company decided to unify the uniforms of its employees.
sent-3368,統一する,Suru Verbs,彼らは言語を統一するために、共通の言語を学んでいる。,"Karera wa gengo o touitsu suru tame ni, kyou tsuu no gengo o manandeiru.",They are learning a common language to unify their languages.
sent-3369,統一する,Suru Verbs,政府は税制を統一することを目指しています。,Seifu wa zeisei o touitsu suru koto o mezashiteimasu.,The government aims to unify the tax system.
sent-3370,統一する,Suru Verbs,デザインチームは、プロジェクト全体のブランディングを統一する必要がある。,"Dezain chiimu wa, purojekuto zen tai no burandingu o touitsu suru hitsuyou ga aru.",The design team needs to unify the branding of the entire project.
sent-3371,取引する,Suru Verbs,彼と取引するのは初めてです。,Kare to torihiki suru no wa hajimete desu.,This is my first time dealing with him.
sent-3372,取引する,Suru Verbs,その企業と長年取引しています。,Sono kigyou to naganen torihiki shiteimasu.,We have been dealing with that company for many years.
sent-3373,取引する,Suru Verbs,不正な方法で取引をすることは違法です。,Fusei na houhou de torihiki o suru koto wa ihou desu.,It is illegal to engage in transactions using fraudulent methods.
sent-3374,取引する,Suru Verbs,各国と円滑に取引するためには、通関手続きが重要です。,"Kakukoku to entatsu ni torihiki suru tame ni wa, tsuukanshori ga juuyou desu.",Customs clearance is important for smooth transactions with each country.
sent-3375,取引する,Suru Verbs,多くの取引先と良好な関係を築くことはビジネス成功の鍵です。,Ooku no torihikisaki to ryokou na kankei o kizuku koto wa bijinesu seikou no kagi desu.,Building good relationships with many business partners is the key to business success.
sent-3376,当選する,Suru Verbs,彼は選挙で当選する見込みが高い。,Kare wa senkyo de tōsen suru mikomi ga takai.,He has a high chance of winning the election.
sent-3377,当選する,Suru Verbs,当選したら、どんな政策を実行しますか？,"Tōsen shitara, donna seisaku o jikkō shimasu ka?","If you get elected, what policies will you implement?"
sent-3378,当選する,Suru Verbs,くじに当選する確率はかなり低いです。,Kuji ni tōsen suru kakuritsu wa kanari hikui desu.,The odds of winning the lottery are quite low.
sent-3379,当選する,Suru Verbs,彼女は大統領選挙で当選するために猛烈な選挙運動を行った。,Kanojo wa daitōryō senkyo de tōsen suru tame ni mōretsu na senkyo undō o okonatta.,She campaigned fiercely to win the presidential election.
sent-3380,当選する,Suru Verbs,この番組の抽選で２人が豪華旅行に当選する。,Kono bangumi no chūsen de futari ga gōka ryokō ni tōsen suru.,Two people will win a luxurious trip in the drawing of this program.
sent-3381,投資する,Suru Verbs,いい案件に投資することは成功の鍵だ。,Ii anken ni toushi suru koto wa seikou no kagi da.,Investing in good projects is the key to success.
sent-3382,投資する,Suru Verbs,投資する前に、リスクとリターンをよく検討しましょう。,"Toushi suru mae ni, risuku to ritaan o yoku kentou shimashou.","Before investing, carefully consider the risks and returns."
sent-3383,投資する,Suru Verbs,彼は新しいビジネスに投資することを決めました。,Kare wa atarashii bijinesu ni toushi suru koto o kimemashita.,He decided to invest in a new business.
sent-3384,投資する,Suru Verbs,若いうちから資産運用や投資する習慣を持つことは将来の安定収入のために重要だ。,Wakai uchi kara shisan unyou ya toushi suru shuukan o motsu koto wa shourai no antei shuunyuu no tame ni juuyou da.,Having the habit of managing assets and investing from a young age is important for stable future income.
sent-3385,投資する,Suru Verbs,環境にやさしい技術に投資することは、地球を守るために大切だ。,"Kankyou ni yasashii gijutsu ni toushi suru koto wa, chikyuu o mamoru tame ni taisetsu da.",Investing in environmentally friendly technology is important for protecting the Earth.
sent-3386,通知する,Suru Verbs,彼女にパーティーの日程を通知しました。,Kanojo ni paatii no nittei o tsuuchi shimashita.,I informed her of the party schedule.
sent-3387,通知する,Suru Verbs,学校は休校の通知を家庭に送信した。,Gakkou wa kyuukou no tsuuchi o katei ni soushin shita.,The school sent a notice of closure to the families.
sent-3388,通知する,Suru Verbs,上司に状況の変化を通知する必要がある。,Joushi ni joukyou no henka o tsuuchi suru hitsuyou ga aru.,It is necessary to notify the boss of the situation changes.
sent-3389,通知する,Suru Verbs,田中さんからメールで面接日を通知されました。,Tanaka-san kara meeru de mensetsu-bi o tsuuchi sare-mashita.,Mr. Tanaka notified me of the interview date by email.
sent-3390,通知する,Suru Verbs,もし電話が切れたら、再度通知してください。,"Moshi denwa ga kiretara, saido tsuuchi shite kudasai.","If the call gets disconnected, please notify me again."
sent-3391,追加する,Suru Verbs,勉強の時間を追加することにしました。,Benkyou no jikan o tsuika suru koto ni shimashita,I decided to add more study time.
sent-3392,追加する,Suru Verbs,予算を追加する必要があります。,Yosan o tsuika suru hitsuyou ga arimasu,We need to add more budget.
sent-3393,追加する,Suru Verbs,締切に間に合わせるためには、人員を追加する必要があります。,"Shimekiri ni maniawaseru tame ni wa, jin'in o tsuika suru hitsuyou ga arimasu","To meet the deadline, we need to add more staff."
sent-3394,追加する,Suru Verbs,このプロジェクトに追加する新しい機能について発表します。,Kono purojekuto ni tsuika suru atarashii kinou ni tsuite happyou shimasu,I'll announce the new features to be added to this project.
sent-3395,追加する,Suru Verbs,電話料金にオプションを追加することができますか？,Denwa ryoukin ni opushon o tsuika suru koto ga dekimasu ka?,Can I add options to my phone bill?
sent-3396,通過する,Suru Verbs,難関の試験に通過することができた。,Nankan no shiken ni tsuuka suru koto ga dekita,I was able to pass a difficult exam.
sent-3397,通過する,Suru Verbs,国境を通過する際にはパスポートが必要です。,Kokkyou o tsuuka suru sai ni wa pasupōto ga hitsuyou desu,You need a passport when passing through the border.
sent-3398,通過する,Suru Verbs,電車は駅を通過することなく止まってしまった。,Densha wa eki o tsuuka suru koto naku tomatte shimatta,The train stopped without passing through the station.
sent-3399,通過する,Suru Verbs,この街を通過して目的地に向かいます。,Kono machi o tsuuka shite mokutekichi ni mukaimasu,We will pass through this town and head to our destination.
sent-3400,通過する,Suru Verbs,新しい法律が議会を通過しました。,Atarashii houritsu ga gikai o tsuuka shimashita,The new law has passed through the parliament.
sent-3401,運営する,Suru Verbs,このイベントを運営するのは彼女たちのグループです。,Kono ibento o un'ei suru no wa kanojotachi no guruupu desu.,The group in charge of running this event is their group.
sent-3402,運営する,Suru Verbs,この会社は20年間成功して運営してきました。,Kono kaisha wa nijuu nenkan seikou shite un'ei shite kimashita.,This company has been operating successfully for 20 years.
sent-3403,運営する,Suru Verbs,彼は学校の図書館を運営する責任者です。,Kare wa gakkou no toshokan o un'ei suru sekininsha desu.,He is the person responsible for managing the school library.
sent-3404,運営する,Suru Verbs,彼女は地元のお祭りを運営する委員会のメンバーです。,Kanojo wa jimoto no omatsuri o un'ei suru iinkai no menbaa desu.,She is a member of the committee that manages the local festival.
sent-3405,運営する,Suru Verbs,このレストランは夫婦で運営されています。,Kono resutoran wa fuufu de un'ei sareteimasu.,This restaurant is operated by a couple.
sent-3406,運転する,Suru Verbs,彼は毎日会社まで車で運転しています。,Kare wa mainichi kaisha made kuruma de unten shiteimasu,He drives his car to the office every day.
sent-3407,運転する,Suru Verbs,運転する前に、シートベルトを締めるのを忘れないでください。,"Unten suru mae ni, shi-to beruto o shimeru no o wasurenai de kudasai",Don't forget to fasten your seatbelt before driving.
sent-3408,運転する,Suru Verbs,運転免許を取得してから、自分で運転することができます。,"Unten menkyo o shutoku shite kara, jibun de unten suru koto ga dekimasu","Once you obtain your driver's license, you can drive by yourself."
sent-3409,運転する,Suru Verbs,雨の日は滑りやすくなるので、慎重に運転してください。,"Ame no hi wa suberiyasuku naru node, shinchou ni unten shite kudasai",Please drive carefully on rainy days as the road becomes slippery.
sent-3410,運転する,Suru Verbs,長距離を運転する場合、休憩を取りながら運転しましょう。,"Choukyori o unten suru baai, kyuukei o tori nagara unten shimashou","When driving long distances, take breaks while driving."
sent-3411,和解する,Suru Verbs,彼と私は論争の後で和解できました。,Kare to watashi wa ronsou no ato de wakai dekimashita.,"After the argument, he and I were able to reconcile."
sent-3412,和解する,Suru Verbs,両者は裁判になる前に和解に合意しました。,Ryousha wa saiban ni naru mae ni wakai ni goui shimashita.,Both parties agreed to settle before the case went to court.
sent-3413,和解する,Suru Verbs,対立の問題を解決するために、全員が協力して和解するべきです。,"Tairitsu no mondai o kaiketsu suru tame ni, zen'in ga kyouryoku shite wakai suru beki desu.","In order to resolve the conflict, everyone should cooperate to reconcile."
sent-3414,和解する,Suru Verbs,対立している家族は過去の遺恨を捨てて和解する方法を探すべきです。,Tairitsu shite iru kazoku wa kako no ikon o sutete wakai suru houhou o sagasu beki desu.,Feuding families should find a way to reconcile by letting go of past grudges.
sent-3415,和解する,Suru Verbs,仲間たちは意見の相違を乗り越えて、最終的に和解できました。,Nakama-tachi wa iken no soui o norikoete saishuuteki ni wakai dekimashita.,"The group members were able to reconcile, overcoming their differences in opinion."
sent-3416,約束する,Suru Verbs,明日の会議に出席することを約束します。,Ashita no kaigi ni shusseki suru koto o yakusoku shimasu.,I promise to attend tomorrow's meeting.
sent-3417,約束する,Suru Verbs,彼に無事に帰ると約束しました。,Kare ni buji ni kaeru to yakusoku shimashita.,I promised him to return home safely.
sent-3418,約束する,Suru Verbs,友達と映画を見る約束をしたので、時間を守らなければなりません。,"Tomodachi to eiga o miru yakusoku o shita node, jikan o mamoranakereba naranai.","I made a promise to watch a movie with my friend, so I have to be punctual."
sent-3419,約束する,Suru Verbs,彼女は、部屋の片付けを必ずすると約束した。,"Kanojo wa, heya no katazuke o kanarazu suru to yakusoku shita.",She promised to definitely clean up the room.
sent-3420,約束する,Suru Verbs,賞金を全員で分けるという約束を彼らは交わした。,Shoukin o zen'in de wakeru to iu yakusoku o karera wa kawashita.,They made a promise to share the prize money among everyone.
sent-3421,予防する,Suru Verbs,風邪を予防するために、手洗いやうがいをしっかりしましょう。,"Kaze o yobou suru tame ni, tearai ya ugai o shikkari shimashou.","To prevent catching a cold, make sure to wash your hands and gargle thoroughly."
sent-3422,予防する,Suru Verbs,熱中症を予防するには、水分補給が大切です。,"Necchūshō o yobou suru ni wa, suibun hokyū ga taisetsu desu.",Hydration is important for preventing heatstroke.
sent-3423,予防する,Suru Verbs,心筋梗塞を予防するため、健康的な食生活と適度な運動を心がけましょう。,"Shinkin kousoku o yobou suru tame, kenkou-teki na shokuseikatsu to tekido na undou o kokorogakemashou.","To prevent a heart attack, maintain a healthy diet and engage in moderate exercise."
sent-3424,予防する,Suru Verbs,犯罪を予防するために、夜道は明るい場所を選んで歩きましょう。,"Hanzai o yobou suru tame ni, yomichi wa akarui basho o erande arukimashou.","To prevent crime, choose well-lit areas when walking at night."
sent-3425,予防する,Suru Verbs,コンピューターウイルスを予防するためには、適切なセキュリティソフトを導入すべきです。,"Konpyūtā uirusu o yobou suru tame ni wa, tekisetsu na sekyuriti sofuto o dōnyū subeki desu.","To prevent computer viruses, you should install appropriate security software."
sent-3426,要求する,Suru Verbs,彼はもっと高い給料を要求するつもりだ。,Kare wa motto takai kyūryō o yōkyū suru tsumori da.,He intends to demand a higher salary.
sent-3427,要求する,Suru Verbs,彼らは労働条件の改善を要求してストライキを行った。,Karera wa roudou jouken no kaizen o youkyuu shite sutoraiki o okonatta.,They went on strike demanding improvements in working conditions.
sent-3428,要求する,Suru Verbs,参加者たちは全員が安全対策を要求する権利がある。,Sankasha-tachi wa zen'in ga anzen taisaku o youkyuu suru kenri ga aru.,All participants have the right to demand safety measures.
sent-3429,要求する,Suru Verbs,彼女は彼に謝罪を要求しました。,Kanojo wa kare ni shazai o youkyuu shimashita.,She demanded an apology from him.
sent-3430,要求する,Suru Verbs,ユーザーはコンピューターシステムのアップグレードを要求するかもしれません。,Yūzā wa konpyūtā shisutemu no appugureedo o youkyuu suru kamo shiremasen.,Users might demand an upgrade for the computer system.
sent-3431,養成する,Suru Verbs,人材を養成するための教育プログラムが整備されています。,Jinzai o yousei suru tame no kyouiku puroguramu ga seibi sareteimasu.,An educational program has been established to train human resources.
sent-3432,養成する,Suru Verbs,スポーツ選手を養成するクラブが多く存在している。,Supootsu senshu o yousei suru kurabu ga ooku sonzai shiteiru.,There are many clubs that train athletes.
sent-3433,養成する,Suru Verbs,会社は新入社員のスキルを養成する重要な役割を担っている。,Kaisha wa shinnyuu shain no sukiru o yousei suru juuyou na yakuwari o ninatte iru.,The company plays an important role in developing the skills of new employees.
sent-3434,養成する,Suru Verbs,養成するための研修期間を延長することを検討しています。,Yousei suru tame no kenshuu kikan o enchou suru koto o kentou shiteimasu.,We are considering extending the training period for development.
sent-3435,養成する,Suru Verbs,大学は、専門的な知識を持つ人材を養成する場所である。,"Daigaku wa, senmonteki na chishiki o motsu jinzai o yousei suru basho de aru.",Universities are places to cultivate talent with specialized knowledge.
sent-3436,予習する,Suru Verbs,授業の前に予習しておくべきだ。,Jugyou no mae ni yoshuu shite oku beki da.,You should prepare for class in advance.
sent-3437,予習する,Suru Verbs,明日のレッスンのために今夜予習しなければならない。,Ashita no ressun no tame ni konya yoshuu shinakereba naranai.,I have to prepare for tomorrow's lesson tonight.
sent-3438,予習する,Suru Verbs,成功するためには、予習と復習が不可欠です。,"Seikou suru tame ni wa, yoshuu to fukushuu ga fukaketsu desu.","To succeed, it is essential to prepare in advance and review."
sent-3439,予習する,Suru Verbs,彼女は試験前に十分な予習をしていた。,Kanojo wa shikenmae ni juubun na yoshuu o shite ita.,She had prepared well before the exam.
sent-3440,予習する,Suru Verbs,私は予習をサボったので、今夜急いで勉強しなければなりません。,"Watashi wa yoshuu o sabotta node, konya isoide benkyou shinakereba narimasen.","Since I skipped preparing in advance, I have to study quickly tonight."
sent-3441,予想する,Suru Verbs,明日の天気を予想するのは難しい。,Ashita no tenki o yosou suru no wa muzukashii.,It is difficult to predict tomorrow's weather.
sent-3442,予想する,Suru Verbs,試験の結果を予想することはできません。,Shiken no kekka o yosou suru koto wa dekimasen.,I cannot predict the results of the exam.
sent-3443,予想する,Suru Verbs,今年の経済成長率を専門家が予想する。,Kotoshi no keizai seichouritsu o senmonka ga yosou suru.,Experts predict this year's economic growth rate.
sent-3444,予想する,Suru Verbs,彼女の反応を全く予想することができなかった。,Kanojo no hannou o mattaku yosou suru koto ga dekinakatta.,I couldn't predict her reaction at all.
sent-3445,予想する,Suru Verbs,スポーツの試合結果を予想するのは楽しい。,Supōtsu no shiai kekka o yosou suru no wa tanoshii.,Predicting the results of sports games is fun.
sent-3446,予約する,Suru Verbs,旅行のチケットは早めに予約した方がいいです。,Ryokou no chiketto wa hayame ni yoyaku shita hou ga ii desu.,It's better to reserve your travel tickets early.
sent-3447,予約する,Suru Verbs,人気のレストランはいつも混んでいるので、事前に予約することをお勧めします。,"Ninki no resutoran wa itsumo konde iru node, jizen ni yoyaku suru koto o osusume shimasu.",I recommend making a reservation at popular restaurants as they are always crowded.
sent-3448,予約する,Suru Verbs,ホテルの部屋を予約する前に、利用者のレビューをチェックしましょう。,"Hoteru no heya o yoyaku suru mae ni, riyou-sha no rebyuu o chekku shimashou.",Check user reviews before reserving a hotel room.
sent-3449,予約する,Suru Verbs,医者の診察を受けるために、電話で予約する必要があります。,"Isha no shinsatsu o ukeru tame ni, denwa de yoyaku suru hitsuyou ga arimasu.",You need to make a phone reservation in order to see a doctor.
sent-3450,予約する,Suru Verbs,列車の指定席を予約する方法はいくつかあります。,Ressha no shiteiseki o yoyaku suru houhou wa ikutsu ka arimasu.,There are several ways to reserve designated seats on a train.
sent-3451,誘拐する,Suru Verbs,彼は誘拐される恐れがあるので、警察は彼を保護しています。,"Kare wa yuukai sareru osore ga aru node, keisatsu wa kare o hogo shiteimasu.","Since he is in danger of being kidnapped, the police are protecting him."
sent-3452,誘拐する,Suru Verbs,犯罪者に誘拐された少女が無事に見つかりました。,Hanzaisha ni yuukai sareta shoujo ga buji ni mitsukarimashita.,The girl who was kidnapped by the criminal was found safe.
sent-3453,誘拐する,Suru Verbs,警察は誘拐事件の解決に取り組んでいます。,Keisatsu wa yuukai jiken no kaiketsu ni torikundeimasu.,The police are working to solve the kidnapping case.
sent-3454,誘拐する,Suru Verbs,誰が彼女を誘拐したのですか？,Dare ga kanojo o yuukai shita no desu ka?,Who kidnapped her?
sent-3455,誘拐する,Suru Verbs,学校の近くで子供たちが誘拐されるという噂が広まっています。,Gakkou no chikaku de kodomo-tachi ga yuukai sareru to iu uwasa ga hiromatteimasu.,There is a rumor spreading that children are being kidnapped near the school.
sent-3456,輸入する,Suru Verbs,その商品は海外から輸入する必要があります。,Sono shouhin wa kaigai kara yunyuu suru hitsuyou ga arimasu.,That product needs to be imported from abroad.
sent-3457,輸入する,Suru Verbs,この会社は高品質の家具をヨーロッパから輸入しています。,Kono kaisha wa kouhinshitsu no kagu o yōroppa kara yunyuu shiteimasu.,This company imports high-quality furniture from Europe.
sent-3458,輸入する,Suru Verbs,彼はアメリカンバイクを日本に輸入するビジネスを始めました。,Kare wa amerikan baiku o nihon ni yunyuu suru bijinesu o hajimemashita.,He started a business importing American motorcycles to Japan.
sent-3459,輸入する,Suru Verbs,輸入雑貨店では、さまざまな国の商品を輸入することで、豊富な品揃えが揃っています。,"Yunyuu zakka-ten de wa, samazama na kuni no shouhin o yunyuu suru koto de, houfu na shina-soroe ga sorotteimasu.","At import miscellaneous goods stores, they have a wide variety of products from various countries by importing them."
sent-3460,輸入する,Suru Verbs,その化粧品は、オーストラリアから輸入しているそうです。,"Sono keshouhin wa, oosutoraria kara yunyuu shiteiru sou desu.",I heard that the cosmetics are imported from Australia.
sent-3461,優勝する,Suru Verbs,今年の大会で彼は優勝しました。,Kotoshi no taikai de kare wa yuushou shimashita.,He was able to win the championship in this year's tournament.
sent-3462,優勝する,Suru Verbs,彼女は将来必ず優勝する強い選手だ。,Kanojo wa shourai kanarazu yuushou suru tsuyoi senshu da.,She is a strong player who will definitely win the championship in the future.
sent-3463,優勝する,Suru Verbs,彼らは連続で3回優勝するという偉業を達成した。,Karera wa renzoku de 3 kai yuushou suru to iu igyou o tassei shita.,They achieved the feat of winning the championship three times in a row.
sent-3464,優勝する,Suru Verbs,そのチームは予想に反して優勝しました。,Sono chiimu wa yosou ni hanshite yuushou shimashita.,"Contrary to expectations, the team was able to win the championship."
sent-3465,優勝する,Suru Verbs,長年の努力が報われ、ついに優勝しました。,"Naganen no doryoku ga mukuware, tsui ni yuushou shimashita.","After years of hard work, I was finally able to win the championship."
sent-3466,輸出する,Suru Verbs,この製品は主にアメリカに輸出されている。,Kono seihin wa omoni Amerika ni yushutsu sarete iru.,This product is mainly exported to the United States.
sent-3467,輸出する,Suru Verbs,日本はその技術を世界中に輸出している。,Nihon wa sono gijutsu o sekaichuu ni yushutsu shite iru.,Japan is exporting its technology to the world.
sent-3468,輸出する,Suru Verbs,我が国の経済は、輸出に大きく依存している。,"Wagakuni no keizai wa, yushutsu ni ookiku izon shite iru.",Our country's economy is heavily dependent on exports.
sent-3469,輸出する,Suru Verbs,産業部門は、輸出による売上を伸ばしていく方針だ。,"Sangyo bumon wa, yushutsu ni yoru uriage o nobashite iku houshin da.",The industrial sector aims to increase sales through exports.
sent-3470,輸出する,Suru Verbs,輸出の規制が緩和されることで、農業関連商品が大量に外国へ送られた。,"Yushutsu no kisei ga kanwa sareru koto de, nōgyō kanren shōhin ga tairyo ni gaikoku e okurareta.","With the relaxation of export regulations, a large amount of agricultural products were sent to foreign countries."
sent-3471,郵送する,Suru Verbs,書類を郵送する必要があります。,Shorui o yuusou suru hitsuyou ga arimasu.,It is necessary to send the documents by mail.
sent-3472,郵送する,Suru Verbs,申込書は郵送してください。,Moushikomisho wa yuusou shite kudasai.,Please send the application form by mail.
sent-3473,郵送する,Suru Verbs,返信は郵送でお願いします。,Henshin wa yuusou de onegai shimasu.,Please reply by mail.
sent-3474,郵送する,Suru Verbs,明日までに請求書を郵送していただけますか。,Ashita made ni seikyuusho o yuusou shite itadakemasu ka.,Can you send the invoice by mail by tomorrow?
sent-3475,郵送する,Suru Verbs,商品は郵送で届けられます。,Shouhin wa yuusou de todokeraremasu.,The product will be delivered by mail.
sent-3476,誘惑する,Suru Verbs,彼女は彼を誘惑するためにセクシーな服を着た。,Kanojo wa kare o yūwaku suru tame ni sekushī na fuku o kita.,She wore sexy clothes to seduce him.
sent-3477,誘惑する,Suru Verbs,その商品の広告は消費者を誘惑するように作られている。,Sono shōhin no kōkoku wa shōhisha o yūwaku suru you ni tsukurarete iru.,The advertisement for the product is designed to entice consumers.
sent-3478,誘惑する,Suru Verbs,甘い匂いが店の外まで漂い、客を誘惑する。,"Amai nioi ga mise no soto made tadayoi, kyaku o yūwaku suru.","The sweet smell drifts outside the store, tempting customers."
sent-3479,誘惑する,Suru Verbs,彼はダイエット中にお菓子の誘惑に打ち勝つことができた。,Kare wa daietto-chū ni okashi no yūwaku ni uchikatsu koto ga dekita.,He was able to resist the temptation of sweets during his diet.
sent-3480,誘惑する,Suru Verbs,彼女は彼に新しい仕事の誘惑に負けないように助言した。,Kanojo wa kare ni atarashī shigoto no yūwaku ni makenai you ni jogen shita.,She advised him to resist the temptation of a new job.
sent-3481,絶望する,Suru Verbs,失業して全てがうまくいかないため、彼は絶望していた。,"Shitsugyou shite subete ga umaku ikanai tame, kare wa zetsubou shite ita.",He was in despair because everything was not going well after losing his job.
sent-3482,絶望する,Suru Verbs,彼女は試験に落ちて絶望していた。,Kanojo wa shiken ni ochite zetsubou shite ita.,She was in despair after failing the exam.
sent-3483,絶望する,Suru Verbs,その悲しいニュースを聞いた時、私は絶望しました。,"Sono kanashii nyuusu o kiita toki, watashi wa zetsubou shimashita.",I despaired when I heard the sad news.
sent-3484,絶望する,Suru Verbs,経済危機により多くの人々が絶望しています。,Keizai kiki ni yori ooku no hitobito ga zetsubou shite imasu.,Many people are in despair due to the economic crisis.
sent-3485,絶望する,Suru Verbs,彼は病気が治らないと分かった時、絶望感に襲われた。,"Kare wa byouki ga naoranai to wakatta toki, zetsubou kan ni osowareta.",He was overwhelmed by a sense of despair when he realized his illness was incurable.
sent-3486,愛する,N3 Verbs,愛する人を大切にしなさい。,Aisuru hito o taisetsu ni shinasai,Cherish the person you love.
sent-3487,愛する,N3 Verbs,彼は家族を愛する良き父親です。,Kare wa kazoku o aisuru yoki chichioya desu,He is a good father who loves his family.
sent-3488,愛する,N3 Verbs,母は私たちが愛する料理を作ってくれます。,Haha wa watashitachi ga aisuru ryouri o tsukutte kuremasu,My mother makes the dishes that we love.
sent-3489,愛する,N3 Verbs,彼女は自分が愛する仕事に従事しています。,Kanojo wa jibun ga aisuru shigoto ni juuji shiteimasu,She is engaged in the work she loves.
sent-3490,愛する,N3 Verbs,彼は子供たちに愛する本を読み聞かせることが好きです。,Kare wa kodomo-tachi ni aisuru hon o yomikikaseru koto ga suki desu,He likes to read beloved books to his children.
sent-3491,諦める,N3 Verbs,彼女は試験に合格できないと諦めていた。,Kanojo wa shiken ni goukaku dekinai to akiramete ita.,She had given up on passing the exam.
sent-3492,諦める,N3 Verbs,どんな困難でも諦めずにチャレンジし続けることが大切だ。,Donna konnan demo akiramezu ni charenji shi tsuzukeru koto ga taisetsu da.,"It is important to keep challenging yourself without giving up, no matter how difficult it may be."
sent-3493,諦める,N3 Verbs,彼は途中で諦めず、最後まで努力し続けた。,"Kare wa tochu de akiramezu, saigo made doryoku shi tsuzuketa.",He didn't give up halfway and continued to make an effort until the end.
sent-3494,諦める,N3 Verbs,目標に達するためには、諦めずに努力を続けることが必要だ。,"Mokuhyou ni tassuru tame ni wa, akiramezu ni doryoku o tsuzukeru koto ga hitsuyou da.","To achieve your goals, you need to continue making efforts without giving up."
sent-3495,諦める,N3 Verbs,彼は困難な状況に立ち向かい、結局諦めることなく成功した。,"Kare wa konnan na joukyou ni tachimukai, kekkyoku akirameru koto naku seikou shita.",He faced the difficult situation and eventually succeeded without giving up.
sent-3496,飽きる,N3 Verbs,あの映画は何度も見ても飽きることがない,Ano eiga wa nando mo mitemo akiru koto ga nai,"I never get tired of watching that movie, no matter how many times I watch it."
sent-3497,飽きる,N3 Verbs,彼はすぐに新しいものに飽きてしまう,Kare wa sugu ni atarashii mono ni akite shimau,He quickly gets tired of new things.
sent-3498,飽きる,N3 Verbs,同じ料理を毎日食べると、だんだん飽きてくる,"Onaji ryouri o mainichi taberu to, dandan akite kuru",Eating the same dish every day eventually becomes tiresome.
sent-3499,飽きる,N3 Verbs,繰り返し同じ音楽を聴くと飽きることがある,Kurikaeshi onaji ongaku o kiku to akiru koto ga aru,Listening to the same music repeatedly can sometimes become boring.
sent-3500,飽きる,N3 Verbs,この仕事は長時間やっていると飽きが来る,Kono shigoto wa choujikan yatte iru to aki ga kuru,Doing this job for a long time can become tedious.
sent-3501,預かる,N3 Verbs,彼は私の荷物を預かってくれました。,Kare wa watashi no nimotsu o azukatte kuremashita,He took care of my luggage for me.
sent-3502,預かる,N3 Verbs,私は友達の猫を1週間預かることになりました。,Watashi wa tomodachi no neko o isshuukan azukaru koto ni narimashita,I agreed to take care of my friend's cat for a week.
sent-3503,預かる,N3 Verbs,居間で子供たちを預かっている間、彼女は夕食を作りました。,"Ima de kodomotachi o azukatte iru aida, kanojo wa yuushoku o tsukurimashita","While she was taking care of the children in the living room, she prepared dinner."
sent-3504,預かる,N3 Verbs,近所の銀行は私たちの貴重品を預かることができます。,Kinjo no ginkou wa watashitachi no kichouhin o azukaru koto ga dekimasu,The local bank can take care of our valuables.
sent-3505,預かる,N3 Verbs,コンシェルジュはあなたの鍵を預かっておくことができます。,Konsheruju wa anata no kagi o azukatte oku koto ga dekimasu,The concierge can keep your keys for you.
sent-3506,預ける,N3 Verbs,鍵を友達に預けることにしました。,Kagi o tomodachi ni azukeru koto ni shimashita,I decided to entrust the key to my friend.
sent-3507,預ける,N3 Verbs,旅行の間、犬をペットホテルに預けます。,"Ryokou no aida, inu o petto hoteru ni azukemasu","During the trip, I will leave my dog at the pet hotel."
sent-3508,預ける,N3 Verbs,出張のため、重要な書類を同僚に預けた。,"Shucchou no tame, juuyou na shorui o douryou ni azuketa",I entrusted important documents to my colleague due to a business trip.
sent-3509,預ける,N3 Verbs,貴重品は、フロントデスクに預けてください。,"Kichouhin wa, furonto desuku ni azukete kudasai",Please leave valuables at the front desk.
sent-3510,預ける,N3 Verbs,預金口座にお金を預ける。,Yokin kouza ni okane o azukeru,Deposit money into a savings account.
sent-3511,暖める,N3 Verbs,スープを少し暖めてください。,Suupu o sukoshi atatamete kudasai,Please warm up the soup a little.
sent-3512,暖める,N3 Verbs,彼女は冷えた手を暖めるために手袋をはめた。,Kanojo wa hieta te o atatameru tame ni tebukuro o hameta,She put on gloves to warm her cold hands.
sent-3513,暖める,N3 Verbs,冬の日差しは、部屋を暖めるのに十分ではない。,"Fuyu no hizashi wa, heya o atatameru noni juubun de wa nai",Winter sunlight is not enough to warm the room.
sent-3514,暖める,N3 Verbs,彼はコーヒーを飲んで体を暖めた。,Kare wa koohii o nonde karada o atatameta,He warmed his body by drinking coffee.
sent-3515,暖める,N3 Verbs,昼食のお弁当をレンジで少しずつ暖める。,Chuushoku no obentou o renji de sukoshi zutsu atatameru,Gradually warm up the lunchbox in the microwave.
sent-3516,温める,N3 Verbs,風邪を引いているので、体を温めることが大切だ。,"Kaze o hiite iru node, karada o atatameru koto ga taisetsu da","Since I have a cold, it is important to warm up my body."
sent-3517,温める,N3 Verbs,コーヒーは冷めやすいので、飲む前に温め直すことがよくある。,"Koohii wa sameyasui node, nomu mae ni atatame naosu koto ga yoku aru","Coffee cools down easily, so it's common to reheat it before drinking."
sent-3518,温める,N3 Verbs,空気が冷え込んでいるので、部屋を十分に温めましょう。,"Kuuki ga hiekonde iru node, heya o juubun ni atatamemashou","The air is getting cold, so let's warm up the room sufficiently."
sent-3519,温める,N3 Verbs,電子レンジでお弁当を温めるのが便利だ。,Denshi renji de obentou o atatameru no ga benri da,It is convenient to warm up the bento in a microwave oven.
sent-3520,温める,N3 Verbs,冬には足元を温めることで心地よく眠れる。,Fuyu ni wa ashimoto o atatameru koto de kokochiyoku nemureru,"In winter, warming up your feet helps you sleep comfortably."
sent-3521,当たる,N3 Verbs,宝くじに当たることを夢見ている。,Takarakuji ni ataru koto o yume mite iru,I dream of winning the lottery.
sent-3522,当たる,N3 Verbs,予想が当たると、嬉しくなります。,"Yosou ga ataru to, ureshiku narimasu",It makes me happy when my predictions come true.
sent-3523,当たる,N3 Verbs,彼女は占いが当たると信じている。,Kanojo wa uranai ga ataru to shinjite iru,She believes that fortune-telling comes true.
sent-3524,当たる,N3 Verbs,よく助言が当たる先生である。,Yoku jogen ga ataru sensei de aru,He is a teacher who often gives appropriate advice.
sent-3525,当たる,N3 Verbs,会社の抽選会で商品が当たると嬉しい。,Kaisha no chusen kai de shouhin ga ataru to ureshii,It's nice to win a prize at the company's raffle.
sent-3526,余る,N3 Verbs,食事がたくさん余ってしまった。,Shokuji ga takusan amatte shimatta.,A lot of food was left over.
sent-3527,余る,N3 Verbs,パーティーの後でたくさんのケーキが余りました。,Paatii no ato de takusan no keeki ga amarimashita.,"After the party, a lot of cake was left over."
sent-3528,余る,N3 Verbs,今月はお金が余るほど節約できた。,Kongetsu wa okane ga amaru hodo setsuyaku dekita.,I managed to save so much this month that I have money left over.
sent-3529,余る,N3 Verbs,彼は仕事が速くて、時間が余るという問題に直面している。,"Kare wa shigoto ga hayakute, jikan ga amaru to iu mondai ni chokumen shite iru.",He works so fast that he faces the problem of having too much free time.
sent-3530,余る,N3 Verbs,知識が余っても、それを使いこなせなければ無意味だ。,"Chishiki ga amatte mo, sore o tsukaikonasenakereba muimi da.","Even if you have excess knowledge, it's meaningless if you can't use it effectively."
sent-3531,編む,N3 Verbs,母はセーターを編むのが得意です。,Haha wa seetaa o amu no ga tokui desu,My mother is good at knitting sweaters.
sent-3532,編む,N3 Verbs,彼女は趣味でマフラーを編んでいます。,Kanojo wa shumi de mafuraa o andeimasu,She knits scarves as a hobby.
sent-3533,編む,N3 Verbs,彼は新しい企画書を編んでいる。,Kare wa atarashii kikakusho o andeiru,He is compiling a new project proposal.
sent-3534,編む,N3 Verbs,友達にプレゼントのために手袋を編みました。,Tomodachi ni purezento no tame ni tebukuro o amimashita,I knitted gloves for my friend as a gift.
sent-3535,編む,N3 Verbs,羊毛で暖かい靴下を編むことができます。,Youmou de atatakai kutsushita o amu koto ga dekimasu,You can knit warm socks with wool.
sent-3536,現れる,N3 Verbs,春が来ると桜の花が現れる。,Haru ga kuru to sakura no hana ga arawareru,"When spring comes, cherry blossoms appear."
sent-3537,現れる,N3 Verbs,彼女の顔には喜びが現れていた。,Kanojo no kao ni wa yorokobi ga arawarete ita,Joy was showing on her face.
sent-3538,現れる,N3 Verbs,彼は時間通りに現れた。,Kare wa jikan doori ni arawareta,He appeared right on time.
sent-3539,現れる,N3 Verbs,その建物のすぐ前に突然大きな穴が現れた。,Sono tatemono no sugu mae ni totsuzen ookina ana ga arawareta,A large hole suddenly appeared right in front of the building.
sent-3540,現れる,N3 Verbs,努力が結果として現れることがあります。,Doryoku ga kekka to shite arawareru koto ga arimasu,Efforts sometimes show up as results.
sent-3541,合わせる,N3 Verbs,音を合わせて歌を歌いましょう。,Oto o awasete uta o utaimashou,Let's sing a song by matching the sound.
sent-3542,合わせる,N3 Verbs,スケジュールを合わせるため、互いの都合を確認しましょう。,"Sukejuuru o awaseru tame, tagai no tsugou o kakunin shimashou",Let's check each other's availability to match our schedules.
sent-3543,合わせる,N3 Verbs,資料を全員に配る前に、部数を合わせてください。,"Shiryou o zen'in ni kubaru mae ni, busuu o awasete kudasai","Before distributing the materials to everyone, please adjust the number of copies."
sent-3544,合わせる,N3 Verbs,このソフトウェアでは、写真の明るさとコントラストを合わせることができます。,"Kono sofutowea de wa, shashin no akarusa to kontorasuto o awaseru koto ga dekimasu","With this software, you can adjust the brightness and contrast of the photos."
sent-3545,合わせる,N3 Verbs,色々な料理の味を合わせて、バランスの良い献立を作りましょう。,"Iroiro na ryouri no aji o awasete, baransu no yoi kondate o tsukurimashou",Let's combine the flavors of various dishes and create a well-balanced menu.
sent-3546,慌てる,N3 Verbs,火事が起きた時、彼は慌てるあまり鍵を置き忘れた。,"Kaji ga okita toki, kare wa awateru amari kagi o oki wasureta.","When the fire broke out, he was so flustered that he forgot to pick up his keys."
sent-3547,慌てる,N3 Verbs,試験開始の5分前、学生たちはどうしても答えられない問題に出会い、慌てる。,"Shiken kaishi no 5 bun mae, gakusei-tachi wa doushitemo kotaerarenai mondai ni deai, awateru.","5 minutes before the exam starts, the students encounter a question they can't answer and panic."
sent-3548,慌てる,N3 Verbs,彼は電車に乗り遅れそうだったので、慌てて駅に駆け込んだ。,"Kare wa densha ni nori okuresou datta no de, awatete eki ni kakekonda.","He was about to miss the train, so he rushed into the station in a panic."
sent-3549,慌てる,N3 Verbs,彼女は約束の時間を忘れ、慌てて急いで家を出た。,"Kanojo wa yakusoku no jikan o wasure, awatete isoide ie o deta.","She forgot the appointed time and left the house in a hurry, flustered."
sent-3550,慌てる,N3 Verbs,重要な会議に遅刻しそうで、彼は慌てて準備した。,"Juuyou na kaigi ni chikoku shisou de, kare wa awatete junbi shita.","He was likely to be late for the important meeting, so he hurriedly prepared in a fluster."
sent-3551,生かす,N3 Verbs,その才能を生かす仕事を見つけたい。,Sono sainou o ikasu shigoto o mitsuketai,I want to find a job that utilizes my talents.
sent-3552,生かす,N3 Verbs,今回の教訓を生かして次に繋げよう。,Konkai no kyoukun o ikashite tsugi ni tsunageyou,Let's use the lessons learned this time to connect to the next.
sent-3553,生かす,N3 Verbs,彼は英語のスキルを生かして海外で働くことにした。,Kare wa eigo no sukiru o ikashite kaigai de hataraku koto ni shita,He decided to work abroad by making use of his English skills.
sent-3554,生かす,N3 Verbs,会社では彼女のコミュニケーション能力が最大限に生かされている。,Kaisha de wa kanojo no komyunikēshon nōryoku ga saidaigen ni ikasarete iru,"At the company, her communication skills are utilized to the fullest extent."
sent-3555,生かす,N3 Verbs,練習で培った技術を本番で生かしましょう。,Renshuu de tsuchikatta gijutsu o honban de ikashimashou,Let's put the techniques we've cultivated in practice to use in the actual performance.
sent-3556,いじめる,N3 Verbs,彼は学校でいじめられている。,Kare wa gakkou de ijimerarete iru,He is being bullied at school.
sent-3557,いじめる,N3 Verbs,いじめる行為は絶対に許せません。,Ijimeru koui wa zettai ni yurusemasen,Bullying behavior is absolutely unforgivable.
sent-3558,いじめる,N3 Verbs,彼女はいじめられることに耐えかねて転校しました。,Kanojo wa ijimerareru koto ni taekanete tenkou shimashita,She couldn't stand being bullied anymore and transferred schools.
sent-3559,いじめる,N3 Verbs,教師は生徒が他の生徒をいじめるのを止めなければならない。,Kyoushi wa seito ga hoka no seito o ijimeru no o tomenakereba naranai,Teachers must stop students from bullying others.
sent-3560,いじめる,N3 Verbs,いじめの問題を解決するために、皆で協力しましょう。,"Ijime no mondai o kaiketsu suru tame ni, minna de kyouryoku shimashou",Let's work together to solve the problem of bullying.
sent-3561,いためる,N3 Verbs,野菜をいためるのに最適な油を使うことが料理のポイントだ。,Yasai o itameru no ni saitekina abura o tsukau koto ga ryouri no pointo da,Using the right oil for stir-frying vegetables is a key point in cooking.
sent-3562,いためる,N3 Verbs,豆腐とにんにくを一緒にいためると風味が増す。,Tofu to nin'niku o issho ni itameru to fuumi ga masu,Stir-frying tofu and garlic together enhances the flavor.
sent-3563,いためる,N3 Verbs,チンゲン菜をしょうゆとオイスターソースでいためると美味しい。,Chingensai o shouyu to oisutaa soosu de itameru to oishii,Stir-frying bok choy with soy sauce and oyster sauce is delicious.
sent-3564,いためる,N3 Verbs,高温で魚をさっといためることで、外はカリカリ、中はジューシーになる。,"Kouon de sakana o satto itameru koto de, soto wa karikari, naka wa juushii ni naru","By quickly stir-frying fish at high heat, the outside becomes crispy and the inside remains juicy."
sent-3565,いためる,N3 Verbs,にんじん、ピーマン、たまねぎをいためて、チャーハンを作る。,"Ninjin, piiman, tamanegi o itamete, chaahan o tsukuru","Stir-fry carrots, bell peppers, and onions to make fried rice."
sent-3566,祈る,N3 Verbs,幸運を祈るためにお参りに行った。,Kouun o inoru tame ni o-mairi ni itta.,I went to pray for good luck.
sent-3567,祈る,N3 Verbs,友人の成功を祈るメッセージを送った。,Yuujin no seikou o inoru messeeji o okutta.,I sent a message praying for my friend's success.
sent-3568,祈る,N3 Verbs,彼女は試験に合格するように毎晩祈っていました。,Kanojo wa shiken ni goukaku suru you ni maiban inotte imashita.,She prayed every night to pass the exam.
sent-3569,祈る,N3 Verbs,この困難な時期を乗り越えられることを心から祈っています。,Kono konnan na jiki o norikoerareru koto o kokoro kara inotte imasu.,I sincerely pray that we can overcome this difficult period.
sent-3570,祈る,N3 Verbs,彼は無事に帰ることを家族が待ち望んで祈っていました。,Kare wa buji ni kaeru koto o kazoku ga machi nozonde inotte imashita.,His family was waiting and praying for him to return home safely.
sent-3571,嫌がる,N3 Verbs,彼は病院に行くのを嫌がっている。,Kare wa byouin ni iku no o iyagatte iru,He is reluctant to go to the hospital.
sent-3572,嫌がる,N3 Verbs,妹は暗い場所を嫌がる。,Imouto wa kurai basho o iyagaru,My younger sister dislikes dark places.
sent-3573,嫌がる,N3 Verbs,彼女は新しい環境に適応するのを嫌がっていた。,Kanojo wa atarashii kankyou ni tekiou suru no o iyagatte ita,She was reluctant to adapt to the new environment.
sent-3574,嫌がる,N3 Verbs,猫は水を嫌がることで有名だ。,Neko wa mizu o iyagaru koto de yuumei da,Cats are famous for disliking water.
sent-3575,嫌がる,N3 Verbs,子供たちは野菜を食べるのをよく嫌がる。,Kodomo-tachi wa yasai o taberu no o yoku iyagaru,Children often refuse to eat vegetables.
sent-3576,いらいらする,N3 Verbs,電車が遅れていて、いらいらする。,"Densha ga okurete ite, iraira suru","The train is running late, and it's making me impatient."
sent-3577,いらいらする,N3 Verbs,彼女は待たされるといらいらすることがある。,Kanojo wa matasareru to iraira suru koto ga aru,She sometimes gets irritated when she has to wait.
sent-3578,いらいらする,N3 Verbs,信号が何度も赤に変わると、いらいらする。,"Shingou ga nando mo aka ni kawaru to, iraira suru",I get annoyed when the traffic light keeps changing to red.
sent-3579,いらいらする,N3 Verbs,騒音が続いていて、いらいらする。,"Souon ga tsuzuite ite, iraira suru",The ongoing noise is making me irritated.
sent-3580,いらいらする,N3 Verbs,何度も同じことを繰り返されると、いらいらする。,"Nando mo onaji koto o kurikaesareru to, iraira suru",I get impatient when the same thing is repeated over and over again.
sent-3581,祝う,N3 Verbs,彼の誕生日を一緒に祝う予定だ。,Kare no tanjoubi o issho ni iwau yotei da.,We plan to celebrate his birthday together.
sent-3582,祝う,N3 Verbs,卒業をみんなで祝いました。,Sotsugyou o minna de iwaimashita.,We all celebrated the graduation.
sent-3583,祝う,N3 Verbs,彼らは結婚30周年を家族で祝った。,Karera wa kekkon sanjuu shuunen o kazoku de iwatta.,They celebrated their 30th wedding anniversary with their family.
sent-3584,祝う,N3 Verbs,大晦日には新年の到来を祝い、盛大なパーティーが開かれます。,"Oomisoka ni wa shin'nen no tourai o iwai, seidai na paatii ga hirakaremasu.","On New Year's Eve, a grand party is held to celebrate the arrival of the New Year."
sent-3585,祝う,N3 Verbs,弟が大学に合格したので、皆で祝福しました。,"Otouto ga daigaku ni goukaku shita node, minna de shukufuku shimashita.","My younger brother passed the university entrance exam, so we all congratulated him."
sent-3586,植える,N3 Verbs,庭に花を植えることにしました。,Niwa ni hana o ueru koto ni shimashita,I decided to plant flowers in the garden.
sent-3587,植える,N3 Verbs,果物の木を植えるのが好きです。,Kudamono no ki o ueru no ga suki desu,I like planting fruit trees.
sent-3588,植える,N3 Verbs,この春はたくさんの野菜を植える予定です。,Kono haru wa takusan no yasai o ueru yotei desu,I plan to plant many vegetables this spring.
sent-3589,植える,N3 Verbs,お母さんは毎年、家の前に植える花を変えます。,"Okaasan wa maitoshi, ie no mae ni ueru hana o kaemasu","Every year, my mother changes the flowers she plants in front of the house."
sent-3590,植える,N3 Verbs,彼は公園に桜の木を植える手伝いをしました。,Kare wa kouen ni sakura no ki o ueru tetsudai o shimashita,He helped plant cherry trees in the park.
sent-3591,受かる,N3 Verbs,試験に受かるために一生懸命勉強している。,Shiken ni ukaru tame ni isshoukenmei benkyou shite iru,I am studying hard to pass the exam.
sent-3592,受かる,N3 Verbs,彼は難しい資格試験に受かった。,Kare wa muzukashii shikaku shiken ni ukatta,He passed a difficult qualification exam.
sent-3593,受かる,N3 Verbs,大学に受かるのは容易ではない。,Daigaku ni ukaru no wa youi de wa nai,It is not easy to get accepted into a university.
sent-3594,受かる,N3 Verbs,彼女は念願だった留学プログラムに受かりました。,Kanojo wa nen'gan datta ryuugaku puroguramu ni ukarimashita,She was accepted into the study abroad program she had been longing for.
sent-3595,受かる,N3 Verbs,インターンシップに受かることは私にとって大きなチャンスです。,Intaanshippu ni ukaru koto wa watashi ni totte ookina chansu desu,Getting accepted into the internship is a big opportunity for me.
sent-3596,浮く,N3 Verbs,雲が空に浮いている。,Kumo ga sora ni uite iru.,The clouds are floating in the sky.
sent-3597,浮く,N3 Verbs,水面に葉が浮いていた。,Suimen ni ha ga uite ita.,Leaves were floating on the water surface.
sent-3598,浮く,N3 Verbs,彼の話には、何かうさんくさい部分が浮かんでいる。,"Kare no hanashi ni wa, nanika usankusai bubun ga ukande iru.",There's something fishy about his story.
sent-3599,浮く,N3 Verbs,新しいアイデアが頭に浮かんだ。,Atarashii aidea ga atama ni ukanda.,A new idea popped into my head.
sent-3600,浮く,N3 Verbs,彼は水に浮くスイカを見て驚いた。,Kare wa mizu ni uku suika o mite odoroita.,He was surprised to see a watermelon floating on the water.
sent-3601,受け付ける,N3 Verbs,医者の予約の受付が始まるまで待っています。,Isha no yoyaku no uketsuke ga hajimaru made matte imasu.,I am waiting until the clinic starts accepting appointments.
sent-3602,受け付ける,N3 Verbs,彼は私の意見を全く受け付けなかった。,Kare wa watashi no iken o mattaku uke-tsuke nakatta.,He did not accept my opinion at all.
sent-3603,受け付ける,N3 Verbs,イベントサイトで申し込み受け付けを開始します。,Ibento saito de moushikomi uketuke o kaishi shimasu.,We will start accepting applications on the event website.
sent-3604,受け付ける,N3 Verbs,コンテストのエントリーを来週から受け付けます。,Kontesuto no entorī o raishū kara uke-tsukemasu.,We will start accepting contest entries from next week.
sent-3605,受け付ける,N3 Verbs,申請書は年中無休で受け付けております。,Shinseisho wa nenju-mukyū de uke-tsukete orimasu.,We accept application forms 365 days a year.
sent-3606,受け取る,N3 Verbs,彼女は私から贈り物を受け取りました。,Kanojo wa watashi kara okurimono o uketorimashita,She received a gift from me.
sent-3607,受け取る,N3 Verbs,郵便局で小包を受け取る必要があります。,Yuubinkyoku de kozutsumi o uketoru hitsuyou ga arimasu,I need to pick up the parcel at the post office.
sent-3608,受け取る,N3 Verbs,彼はそのメッセージを違う意味で受け取った。,Kare wa sono messeeji o chigau imi de uketotta,He misunderstood the message.
sent-3609,受け取る,N3 Verbs,受け取り拒否された手紙を再送する。,Uketori kyohi sareta tegami o saisou suru,Resend the letter that was rejected.
sent-3610,受け取る,N3 Verbs,この書類を受け取ると、契約が成立します。,"Kono shorui o uketoru to, keiyaku ga seiritsu shimasu","By accepting this document, the contract will be established."
sent-3611,動かす,N3 Verbs,彼は遅れているので、早く動かし始めました。,"Kare wa okurete iru node, hayaku ugokashi hajimemashita",He started moving quickly because he was late.
sent-3612,動かす,N3 Verbs,あなたはどうやって重い荷物を部屋中に動かしたのですか？,Anata wa douyatte omoi nimotsu o heyajuu ni ugokashita no desu ka?,How did you move the heavy luggage around the room?
sent-3613,動かす,N3 Verbs,彼女は動かすためにリモコンを使ってテレビをオンにしました。,Kanojo wa ugokasu tame ni rimokon o tsukatte terebi o on ni shimashita,She used the remote control to turn on the TV so she could operate it.
sent-3614,動かす,N3 Verbs,この新しいプロジェクトは人々の心を動かす力があると思います。,Kono atarashii purojekuto wa hitobito no kokoro o ugokasu chikara ga aru to omoimasu,I believe this new project has the power to move people's hearts.
sent-3615,動かす,N3 Verbs,経済を動かすために、政府はさらなる投資を行うべきです。,"Keizai o ugokasu tame ni, seifu wa saranaru toushi o okonau beki desu",The government should make further investments in order to stimulate the economy.
sent-3616,移す,N3 Verbs,彼の家族は田舎から都会に住まいを移すことにした。,Kare no kazoku wa inaka kara tokai ni sumai o utsusu koto ni shita.,His family decided to relocate from the countryside to the city.
sent-3617,移す,N3 Verbs,そのプロジェクトチームは彼の職責を他のメンバーに移すことを決定しました。,Sono purojekuto chīmu wa kare no shokuseki o hoka no menbā ni utsusu koto o kettei shimashita.,The project team decided to transfer his responsibilities to other members.
sent-3618,移す,N3 Verbs,彼女はソファーをもう少し右に移して、部屋の中でスペースを作った。,"Kanojo wa sofā o mōsukoshi migi ni utsushite, heya no naka de supēsu o tsukutta.",She moved the sofa a little to the right to create space in the room.
sent-3619,移す,N3 Verbs,私たちはクリスマスが近づくと、飾り付けを移してリビングルームの外観を変える。,"Watashitachi wa kurisumasu ga chikazuku to, kazari tsuke o utsushite ribingu rūmu no gaikan o kaeru.","As Christmas approaches, we move decorations to change the appearance of our living room."
sent-3620,移す,N3 Verbs,病院は患者のベッドを別の病棟に移すことがあります。,Byouin wa kanja no beddo o betsu no byoutou ni utsusu koto ga arimasu.,Hospitals sometimes move patients' beds to different wards.
sent-3621,写る,N3 Verbs,この写真はよく写っているね。,Kono shashin wa yoku utsutte iru ne,"This photo came out well, didn't it?"
sent-3622,写る,N3 Verbs,彼女の笑顔が鏡に写っていた。,Kanojo no egao ga kagami ni utsutte ita,Her smile was reflected in the mirror.
sent-3623,写る,N3 Verbs,この絵は本物そっくりに写る技術で描かれています。,Kono e wa honmono sokkuri ni utsuru gijutsu de egakarete imasu,This painting is drawn with a technique that reproduces the real thing perfectly.
sent-3624,写る,N3 Verbs,風景が美しく湖に写っている。,Fuukei ga utsukushiku mizuumi ni utsutte iru,The beautiful scenery is reflected in the lake.
sent-3625,写る,N3 Verbs,彼は窓に自分の姿が写るのを見た。,Kare wa mado ni jibun no sugata ga utsuru no o mita,He saw his own figure reflected in the window.
sent-3626,裏返す,N3 Verbs,彼はシャツを裏返して着ていた。,Kare wa shatsu o uragaeshite kite ita,He was wearing his shirt inside out.
sent-3627,裏返す,N3 Verbs,フライパンでハンバーグを裏返して焼いてください。,Furaipan de hanbaagu o uragaeshite yaite kudasai,Please flip the hamburger in the frying pan and cook it.
sent-3628,裏返す,N3 Verbs,彼女はベッドのシーツを裏返して干していた。,Kanojo wa beddo no shiitsu o uragaeshite hoshite ita,She was hanging the bed sheets inside out to dry.
sent-3629,裏返す,N3 Verbs,手袋を裏返すと、小さな穴が見えた。,"Tebukuro o uragaesu to, chiisana ana ga mieta","When I turned the gloves inside out, I saw a small hole."
sent-3630,裏返す,N3 Verbs,彼は絨毯を裏返して掃除機をかけた。,Kare wa juutan o uragaeshite soujiki o kaketa,He turned the carpet upside down and vacuumed it.
sent-3631,売り切れる,N3 Verbs,人気商品だから、すぐに売り切れるでしょう。,"Ninkishouhin dakara, sugu ni urikireru deshou","Because it's a popular product, it will probably sell out quickly."
sent-3632,売り切れる,N3 Verbs,昨日のコンサートはチケットが早く売り切れた。,Kinou no konsaato wa chiketto ga hayaku urikireta,The tickets for yesterday's concert sold out quickly.
sent-3633,売り切れる,N3 Verbs,限定版の本は発売日に売り切れてしまった。,Genteiban no hon wa hatsubaibi ni urikirete shimatta,The limited edition book sold out on the release day.
sent-3634,売り切れる,N3 Verbs,そのスーパーマーケットでは特売品はいつもすぐ売り切れる。,Sono suupaa maaketto de wa tokubaihin wa itsumo sugu urikireru,The special sale items at that supermarket always sell out quickly.
sent-3635,売り切れる,N3 Verbs,最後のチョコレートケーキが売り切れる前に急いで買いに行った。,Saigo no chokoreeto keeki ga urikireru mae ni isoide kai ni itta,I hurried to buy the last chocolate cake before it sold out.
sent-3636,売れる,N3 Verbs,この商品はよく売れる。,Kono shouhin wa yoku ureru.,This product sells well.
sent-3637,売れる,N3 Verbs,彼のアルバムはとても売れている。,Kare no arubamu wa totemo urete iru.,His album is selling very well.
sent-3638,売れる,N3 Verbs,この映画は国際的にも売れた。,Kono eiga wa kokusaiteki ni mo ureta.,This movie was a hit internationally as well.
sent-3639,売れる,N3 Verbs,期間限定のケーキはすぐに売れ切れた。,Kikan gentei no keeki wa sugu ni urekireta.,The limited-time cake sold out quickly.
sent-3640,売れる,N3 Verbs,休日の午後には、この店でスムージーがよく売れる。,"Kyuujitsu no gogo ni wa, kono mise de sumuuji ga yoku ureru.","In the afternoon on holidays, smoothies sell well at this store."
sent-3641,選ぶ,N3 Verbs,たくさんの本の中から好きな本を選ぶ。,Takusan no hon no naka kara sukina hon o erabu,Choose your favorite book from among many books.
sent-3642,選ぶ,N3 Verbs,これから何をするかを選ぶことがあなたの自由です。,Kore kara nani o suru ka o erabu koto ga anata no jiyuu desu,It's up to you to choose what to do from now on.
sent-3643,選ぶ,N3 Verbs,もっと簡単に選べる方法を考えた方がいい。,Motto kantan ni eraberu houhou o kangaeta hou ga ii,We should think of a simpler way to choose.
sent-3644,選ぶ,N3 Verbs,梅雨時期に適した洋服を選ぶことが大切です。,Tsuyu jiki ni teki shita youfuku o erabu koto ga taisetsu desu,It's important to choose appropriate clothes for the rainy season.
sent-3645,選ぶ,N3 Verbs,メニューからおいしい料理を選んでください。,Menyū kara oishii ryouri o erande kudasai,Please choose a delicious dish from the menu.
sent-3646,追い掛ける,N3 Verbs,彼は泥棒を追い掛けて、全力で走った。,"Kare wa dorobou o oikakete, zenryoku de hashitta.",He chased the thief and ran with all his might.
sent-3647,追い掛ける,N3 Verbs,猫は小鳥を追い掛けて木に登った。,Neko wa kotori o oikakete ki ni nobotta.,The cat chased the little bird and climbed the tree.
sent-3648,追い掛ける,N3 Verbs,列車を追い掛けるように走る車が珍しい風景だった。,Ressha o oikakeru you ni hashiru kuruma ga mezurashii fuukei datta.,It was an unusual scene to see cars running as if chasing the train.
sent-3649,追い掛ける,N3 Verbs,彼女は夢を追い掛けて、世界中を旅することにした。,"Kanojo wa yume o oikakete, sekaijuu o tabisuru koto ni shita.",She decided to travel around the world in pursuit of her dreams.
sent-3650,追い掛ける,N3 Verbs,子供たちは公園で互いを追い掛け回して楽しんでいた。,Kodomo-tachi wa kouen de tagai o oikakemawashite tanoshinde ita.,The children were having fun chasing each other around the park.
sent-3651,追い越す,N3 Verbs,彼はマラソンで私を追い越して優勝しました。,Kare wa marason de watashi o oikoshite yuushou shimashita,He overtook me in the marathon and won.
sent-3652,追い越す,N3 Verbs,コンペティションでは、彼女は常にライバルを追い越していた。,"Konpetishon de wa, kanojo wa tsune ni raibaru o oikoshite ita","In the competition, she was always overtaking her rivals."
sent-3653,追い越す,N3 Verbs,高速道路で危険な追い越しは禁止されています。,Kousoku-douro de kiken na oikoshi wa kinshi sareteimasu,Dangerous overtaking is prohibited on highways.
sent-3654,追い越す,N3 Verbs,進学校で、彼は他の生徒を追い越してトップの成績を収めました。,"Shingakkou de, kare wa hoka no seito o oikoshite tappu no seiseki o osamemashita","In the school, he overtook other students to achieve the top grades."
sent-3655,追い越す,N3 Verbs,山道を走る際、車が他の車を追い越すタイミングは大変重要です。,"Yamamichi o hashiru sai, kuruma ga hoka no kuruma o oikosu taimingu wa taihen juuyou desu","When driving on a mountain road, the timing for a car to overtake another car is very important."
sent-3656,追い付く,N3 Verbs,彼が速く走るので、追い付くのは難しい。,"Kare ga hayaku hashiru node, oitsuku no wa muzukashii",It's difficult to catch up with him since he runs so fast.
sent-3657,追い付く,N3 Verbs,仕事がたまっているため、なかなか追い付かない。,"Shigoto ga tamatte iru tame, nakanaka oitsukanai",I can't catch up because work is piled up.
sent-3658,追い付く,N3 Verbs,頑張って勉強して、クラスメートに追い付こうとしている。,"Ganbatte benkyou shite, kurasumeeto ni oitsukou to shite iru",I'm studying hard to catch up with my classmates.
sent-3659,追い付く,N3 Verbs,彼女は続けて勝利し、ついにライバル達に追い付いた。,"Kanojo wa tsuzukete shouri shi, tsuini raibarutachi ni oitsuita",She continued to win and finally caught up with her rivals.
sent-3660,追い付く,N3 Verbs,借金が増えたため、追い付くのがますます困難になってきた。,"Shakkin ga fueta tame, oitsuku no ga masumasu konnan ni natte kita","As my debt increases, it becomes increasingly difficult to catch up."
sent-3661,追う,N3 Verbs,彼を追う意味が分からない。,Kare o ou imi ga wakaranai,I don't understand the meaning of chasing him.
sent-3662,追う,N3 Verbs,警察が犯人を追っています。,Keisatsu ga hannin o otteimasu,The police are chasing the perpetrator.
sent-3663,追う,N3 Verbs,彼は目標を達成するために目標を追い続けた。,Kare wa mokuhyou o tassei suru tame ni mokuhyou o oitsudzuketa,He kept pursuing his goal to achieve it.
sent-3664,追う,N3 Verbs,猫がネズミを追いかけました。,Neko ga nezumi o oikakemashita,The cat chased the mouse.
sent-3665,追う,N3 Verbs,過去の失敗を追い払い、前向きに進もう。,"Kako no shippai o oiharai, maemuki ni susumou",Let's shake off past failures and move forward positively.
sent-3666,贈る,N3 Verbs,友達にプレゼントを贈るのが楽しいです。,Tomodachi ni purezento o okuru no ga tanoshii desu.,It is fun to give presents to friends.
sent-3667,贈る,N3 Verbs,両親に感謝の気持ちを込めて花を贈りました。,Ryoushin ni kansha no kimochi o komete hana o okurimashita.,I sent flowers to my parents with feelings of gratitude.
sent-3668,贈る,N3 Verbs,結婚式では新郎新婦にお祝いの品物を贈りました。,Kekkonshiki de wa shinrou shinpu ni oiwai no shinamono o okurimashita.,"At the wedding, I gave a celebratory gift to the bride and groom."
sent-3669,贈る,N3 Verbs,彼女の誕生日にサプライズでケーキを贈りました。,Kanojo no tanjoubi ni sapuraizu de keeki o okurimashita.,I surprised her with a cake on her birthday.
sent-3670,贈る,N3 Verbs,子供たちにクリスマスプレゼントを贈るのが日本でも人気があります。,Kodomotachi ni kurisumasu purezento o okuru no ga Nihon demo ninki ga arimasu.,Giving Christmas presents to children is also popular in Japan.
sent-3671,行う,N3 Verbs,講習会を行う予定です。,Koushuukai o okonau yotei desu.,We plan to conduct a training session.
sent-3672,行う,N3 Verbs,定期的に点検を行うことが重要です。,Teikiteki ni tenken o okonau koto ga juuyou desu.,It is important to conduct regular inspections.
sent-3673,行う,N3 Verbs,今週末、コンサートが行われます。,"Konshuumatsu, konsaato ga okonawaremasu.",A concert will be held this weekend.
sent-3674,行う,N3 Verbs,彼は市の改善案を行っている。,Kare wa shi no kaizenan o okonatte iru.,He is implementing the city's improvement plan.
sent-3675,行う,N3 Verbs,調査を行うために専門家を雇いました。,Chousa o okonau tame ni senmonka o yatowaimashita.,We hired an expert to conduct the survey.
sent-3676,押さえる,N3 Verbs,急いで機会を押さえることが必要だ。,Isogide kikai o osaeru koto ga hitsuyou da,It is necessary to seize the opportunity quickly.
sent-3677,押さえる,N3 Verbs,彼は疼痛に苦しみながら、腹を押さえた。,"Kare wa toutsuu ni kurushimi nagara, hara o osaeta",He held his stomach in pain from the severe ache.
sent-3678,押さえる,N3 Verbs,この映画の要点は、ストーリーの終わりに押さえられています。,"Kono eiga no youten wa, sutoorii no owari ni osaerarete imasu",The main point of this movie is captured at the end of the story.
sent-3679,押さえる,N3 Verbs,みんなが寝静まった後、彼女は笑い声を押さえた。,"Minna ga neshizumatta ato, kanojo wa waraigoe o osaeta",She stifled her laughter after everyone had settled down to sleep.
sent-3680,押さえる,N3 Verbs,基本的な文法ルールを押さえておくことが英語学習において重要です。,Kihonteki na bunpou ruuru o osaete oku koto ga eigo gakushuu ni oite juuyou desu,It is important to have a grasp of the basic grammar rules in English learning.
sent-3681,落ち着く,N3 Verbs,部屋の中で落ち着いて、好きな音楽を聞いた。,"Heya no naka de ochitsuite, sukina ongaku o kiita",I calmed down in my room and listened to my favorite music.
sent-3682,落ち着く,N3 Verbs,仕事が終わった後、カフェで落ち着いてコーヒーを飲んだ。,"Shigoto ga owatta ato, kafe de ochitsuite kouhii o nonda","After finishing work, I relaxed at a cafe and drank a coffee."
sent-3683,落ち着く,N3 Verbs,彼女は大きな公園に行って、心を落ち着かせました。,"Kanojo wa ookina kouen ni itte, kokoro o ochitsukasemashita",She went to a large park to calm her mind.
sent-3684,落ち着く,N3 Verbs,彼は深呼吸して、気持ちを落ち着かせようとした。,"Kare wa shinkokyuu shite, kimochi o ochitsukaseyou to shita",He took a deep breath and tried to calm his feelings.
sent-3685,落ち着く,N3 Verbs,先生の言葉で学生たちはだんだん落ち着いてきた。,Sensei no kotoba de gakuseitachi wa dandan ochitsuite kita,The students gradually calmed down after hearing the teacher's words.
sent-3686,溺れる,N3 Verbs,彼は川で溺れそうになった。,Kare wa kawa de obore-sō ni natta,He almost drowned in the river.
sent-3687,溺れる,N3 Verbs,子供は水深いプールで溺れる危険がある。,Kodomo wa mizubukai puuru de oboreru kiken ga aru,Children are at risk of drowning in deep pools.
sent-3688,溺れる,N3 Verbs,彼女は疑問に溺れることがないように要点を確認した。,Kanojo wa gimon ni oboreru koto ga nai you ni youten o kakunin shita,She confirmed the key points to avoid drowning in doubt.
sent-3689,溺れる,N3 Verbs,彼は仕事に溺れて自分の幸せを見失った。,Kare wa shigoto ni oborete jibun no shiawase o miushinatta,He drowned in his work and lost sight of his own happiness.
sent-3690,溺れる,N3 Verbs,感情に溺れると、冷静な判断ができなくなる。,"Kanjou ni oboreru to, reisei na handan ga dekinaku naru","When one drowns in emotions, it becomes difficult to make a calm judgment."
sent-3691,思い付く,N3 Verbs,思い付いたアイデアをメモに書き留めた。,Omoitsuita aidea o memo ni kakitometa.,I wrote down the idea that came to mind.
sent-3692,思い付く,N3 Verbs,急に素晴らしいアイデアが思い付いた。,Kyuu ni subarashii aidea ga omoitsuita.,I suddenly came up with a great idea.
sent-3693,思い付く,N3 Verbs,彼が良い解決方法を思い付くと信じている。,Kare ga ii kaiketsu houhou o omoitsuku to shinjite iru.,I believe that he will come up with a good solution.
sent-3694,思い付く,N3 Verbs,彼女の新しい計画は、まるでその場で思い付いたようだった。,"Kanojo no atarashii keikaku wa, marude sono ba de omoitsuita you datta.",Her new plan seemed like it was thought up on the spot.
sent-3695,思い付く,N3 Verbs,どうしてそのアイデアをもっと早く思い付かなかったのか。,Doushite sono aidea o motto hayaku omoitsukanakatta no ka.,Why didn't I think of that idea sooner?
sent-3696,折れる,N3 Verbs,鉛筆が折れてしまった。,Enpitsu ga orete shimatta,The pencil broke.
sent-3697,折れる,N3 Verbs,風が強くて、傘が折れるかもしれません。,"Kaze ga tsuyokute, kasa ga oreru kamo shiremasen",The wind is so strong that the umbrella might break.
sent-3698,折れる,N3 Verbs,緊張して手が折れるような感じがした。,Kinchou shite te ga oreru you na kanji ga shita,I was so nervous that my hands felt like they were going to break.
sent-3699,折れる,N3 Verbs,彼女は脚の骨が折れるほどの重傷を負った。,Kanojo wa ashi no hone ga oreru hodo no juushou o otta,She suffered a severe injury that resulted in a broken leg bone.
sent-3700,折れる,N3 Verbs,大事な試合で気持ちが折れることは許されない。,Daiji na shiai de kimochi ga oreru koto wa yurusarenai,It is not acceptable to lose spirit in an important match.
sent-3701,下ろす,N3 Verbs,窓を下ろすと外の音が聞こえてきた。,Mado o orosu to soto no oto ga kikoete kita.,"When I lowered the window, I could hear the outside noise."
sent-3702,下ろす,N3 Verbs,荷物をひとつ下ろして、部屋を整理し始めた。,"Nimotsu o hitotsu oroshite, heya o seiri shihajimeta.",I took down one piece of luggage and began organizing the room.
sent-3703,下ろす,N3 Verbs,車を駐車場に下ろす前に、エンジンを切った。,"Kuruma o chuushajou ni orosu mae ni, enjin o kitta.",I turned off the engine before lowering the car into the parking lot.
sent-3704,下ろす,N3 Verbs,この服は寒くなったら、クローゼットから下ろす予定です。,"Kono fuku wa samuku nattara, kuro-zetto kara orosu yotei desu.",I plan to take this outfit out of the closet when it gets cold.
sent-3705,下ろす,N3 Verbs,テーブルの上から食器を下ろして、台所に戻した。,"Tēburu no ue kara shokki o oroshite, daidokoro ni modoshita.",I took the dishes off the table and returned them to the kitchen.
sent-3706,飼う,N3 Verbs,犬を飼うことにしました。,Inu o kau koto ni shimashita.,I decided to keep a dog.
sent-3707,飼う,N3 Verbs,友達はたくさんの猫を飼っています。,Tomodachi wa takusan no neko o katteimasu.,My friend has many cats.
sent-3708,飼う,N3 Verbs,アパートでペットを飼うことが禁止されています。,Apaato de petto o kau koto ga kinshi sareteimasu.,It is prohibited to have pets in the apartment.
sent-3709,飼う,N3 Verbs,子供の頃、うさぎを飼っていました。,"Kodomo no koro, usagi o katteimashita.","When I was a child, I had a rabbit."
sent-3710,飼う,N3 Verbs,もし飼いたい動物がいたら、ペットショップに行ってみるといいですね。,"Moshi kaitai doubutsu ga itara, petto shoppu ni itte miru to ii desu ne.","If there's an animal you would like to keep, it's worth visiting a pet shop."
sent-3711,返る,N3 Verbs,彼は仕事が終わったらすぐ家に返る。,Kare wa shigoto ga owattara sugu ie ni kaeru.,He goes home immediately after work is finished.
sent-3712,返る,N3 Verbs,船が出港してすぐに故障し、港に返ることが必要となった。,"Fune ga shukkou shite sugu ni koshou shi, minato ni kaeru koto ga hitsuyou to natta.","The ship had a malfunction just after leaving the port, requiring it to return to the port."
sent-3713,返る,N3 Verbs,この道をまっすぐ行くと、駅に返ることができます。,"Kono michi o massugu iku to, eki ni kaeru koto ga dekimasu.","If you go straight down this road, you can return to the station."
sent-3714,返る,N3 Verbs,彼女は外国から留学を終えて、昨日日本に返った。,"Kanojo wa gaikoku kara ryuugaku o oete, kinou Nihon ni kaetta.",She finished her study abroad in a foreign country and returned to Japan yesterday.
sent-3715,返る,N3 Verbs,彼らは遅くても6時までに学校に返らなければならない。,Karera wa osokutemo rokuji made ni gakkou ni kaeranakereba naranai.,They must return to school no later than 6 o'clock.
sent-3716,輝く,N3 Verbs,あなたの目は輝いている。,Anata no me wa kagayaite iru.,Your eyes are shining.
sent-3717,輝く,N3 Verbs,夜空には輝く星がたくさんあります。,Yozora ni wa kagayaku hoshi ga takusan arimasu.,There are many shining stars in the night sky.
sent-3718,輝く,N3 Verbs,彼女は輝く笑顔を見せてくれた。,Kanojo wa kagayaku egao o misete kureta.,She showed me her radiant smile.
sent-3719,輝く,N3 Verbs,若者たちは夢に向かって輝く未来を目指しています。,Wakamonotachi wa yume ni mukatte kagayaku mirai o mezashiteimasu.,Young people are aiming for a shining future towards their dreams.
sent-3720,輝く,N3 Verbs,話題の映画で彼は輝く演技を見せた。,Wadai no eiga de kare wa kagayaku engi o miseta.,He showed a brilliant performance in the popular movie.
sent-3721,かかる,N3 Verbs,この仕事には時間がかかるだろう。,Kono shigoto ni wa jikan ga kakaru darou,This work will probably take time.
sent-3722,かかる,N3 Verbs,彼の病気は風邪にかかるのではないかと思われる。,Kare no byouki wa kaze ni kakaru no de wa nai ka to omowareru,It is thought that he might have caught a cold.
sent-3723,かかる,N3 Verbs,成功するためには努力がかかる。,Seikou suru tame ni wa doryoku ga kakaru,It takes effort to succeed.
sent-3724,かかる,N3 Verbs,その絵が壁にかかっています。,Sono e ga kabe ni kakatteimasu,The picture is hanging on the wall.
sent-3725,かかる,N3 Verbs,電話がかかってきたとき、私は出かけようとしていました。,"Denwa ga kakatte kita toki, watashi wa dekakeyou to shite imashita","When the phone call came, I was about to go out."
sent-3726,汗をかく,N3 Verbs,運動をするとすぐに汗をかく。,Undou o suru to sugu ni ase o kaku.,"When I exercise, I sweat quickly."
sent-3727,汗をかく,N3 Verbs,暑い日はたくさん汗をかいてしまう。,Atsui hi wa takusan ase o kaite shimau.,"On hot days, I end up sweating a lot."
sent-3728,汗をかく,N3 Verbs,ステージで緊張して汗をかいた。,Suteeji de kinchou shite ase o kaita.,I got nervous on stage and broke into a sweat.
sent-3729,汗をかく,N3 Verbs,この部屋は暖房が強すぎて、汗をかく。,"Kono heya wa danbou ga tsuyosugite, ase o kaku.","The heating in this room is too strong, making me sweat."
sent-3730,汗をかく,N3 Verbs,彼はプレゼンテーション中に汗をかいていた。,Kare wa purezenteesyon chuu ni ase o kaite ita.,He was sweating during the presentation.
sent-3731,かく,N3 Verbs,彼はその課題を書くことに決めた。,Kare wa sono kadai o kaku koto ni kimeta,He decided to write that assignment.
sent-3732,かく,N3 Verbs,彼女は毎日日記をかくのが習慣です。,Kanojo wa mainichi nikki o kaku no ga shuukan desu,Writing a diary every day is her habit.
sent-3733,かく,N3 Verbs,小説家は新しい物語をかくためにインスピレーションを求めました。,Shousetsuka wa atarashii monogatari o kaku tame ni insupirēshon o motomemashita,The novelist sought inspiration to write a new story.
sent-3734,かく,N3 Verbs,家に帰ったら、彼に手紙をかくつもりだ。,"Ie ni kaettara, kare ni tegami o kaku tsumori da","When I return home, I intend to write him a letter."
sent-3735,かく,N3 Verbs,その作家は名前を偽って論文をかいた。,Sono sakka wa namae o itsuwatte ronbun o kaita,The author wrote the thesis under a pseudonym.
sent-3736,かぐ,N3 Verbs,彼女は新しい家具を買いたいと思っている。,Kanojo wa atarashii kagu o kaitai to omotte iru,She is thinking of buying new furniture.
sent-3737,かぐ,N3 Verbs,彼は家具を選ぶのに時間がかかりました。,Kare wa kagu o erabu no ni jikan ga kakarimashita,It took him a long time to choose furniture.
sent-3738,かぐ,N3 Verbs,この家具屋は、値段もデザインも良い商品がたくさんあります。,"Kono kaguya wa, nedan mo dezain mo ii shouhin ga takusan arimasu",This furniture store has many good products in terms of price and design.
sent-3739,かぐ,N3 Verbs,私たちは新居に合う家具を探しました。,Watashitachi wa shinkyo ni au kagu o sagashimashita,We searched for furniture to suit our new home.
sent-3740,かぐ,N3 Verbs,リビングルームの家具を整理して、スペースを広げました。,"Ribingu ruumu no kagu o seiri shite, supeesu o hirogemashita",I organized the furniture in the living room and expanded the space.
sent-3741,隠す,N3 Verbs,彼は本当の気持ちを隠すのが得意だ。,Kare wa hontou no kimochi o kakusu no ga tokui da,He is good at hiding his true feelings.
sent-3742,隠す,N3 Verbs,私は財布を部屋の隅に隠した。,Watashi wa saifu o heya no sumi ni kakushita,I hid my wallet in the corner of the room.
sent-3743,隠す,N3 Verbs,健康状態の悪化を隠すことは危険です。,Kenkou joutai no akka o kakusu koto wa kiken desu,Hiding a deteriorating health condition is dangerous.
sent-3744,隠す,N3 Verbs,彼女は彼に向けた愛情を隠すことができなかった。,Kanojo wa kare ni muketa aijou o kakusu koto ga dekinakatta,She couldn't hide her affection for him.
sent-3745,隠す,N3 Verbs,政治家はスキャンダルを隠すために努力している。,Seijika wa sukyandaru o kakusu tame ni doryoku shiteiru,Politicians are making efforts to hide scandals.
sent-3746,囲む,N3 Verbs,庭には木々で囲まれた池がある。,Niwa ni wa kigi de kakomareta ike ga aru.,There is a pond in the garden surrounded by trees.
sent-3747,囲む,N3 Verbs,友達に誕生日を祝ってもらって、囲まれた気持ちが良かった。,"Tomodachi ni tanjoubi o iwatte moratte, kakomareta kimochi ga yokatta.",It felt great to be surrounded by friends celebrating my birthday.
sent-3748,囲む,N3 Verbs,敵に囲まれて、逃げ場がなかった。,"Teki ni kakomarete, nigeba ga nakatta.","Surrounded by enemies, there was no escape."
sent-3749,囲む,N3 Verbs,彼らはテーブルを囲んでコーヒーを飲んでいた。,Karera wa teeburu o kakonde koohii o nonde ita.,They were drinking coffee around the table.
sent-3750,囲む,N3 Verbs,その家は高い塀で囲まれているので、中が見えない。,"Sono ie wa takai hei de kakomarete iru node, naka ga mienai.","The house is surrounded by high walls, so you can't see inside."
sent-3751,重ねる,N3 Verbs,本を何度も読み重ねることで、理解が深まります。,"Hon o nando mo yomikasaneru koto de, rikai ga fukamari masu","By reading a book many times, your understanding deepens."
sent-3752,重ねる,N3 Verbs,この上着は薄いので、寒い時は何枚も重ねる必要があります。,"Kono uwagi wa usui node, samui toki wa nanmai mo kasaneru hitsuyou ga arimasu","This jacket is thin, so you need to layer it with multiple layers when it's cold."
sent-3753,重ねる,N3 Verbs,より良い結果を得るために、努力を重ねることが必要だ。,"Yori yoi kekka o eru tame ni, doryoku o kasaneru koto ga hitsuyou da","In order to get better results, it is necessary to continue putting in efforts."
sent-3754,重ねる,N3 Verbs,経験を重ねることで、スキルが向上します。,"Keiken o kasaneru koto de, sukiru ga koujou shimasu",Your skills improve as you gain more experience.
sent-3755,重ねる,N3 Verbs,彼は声を重ねて歌を歌った。,Kare wa koe o kasanete uta o utatta,He sang the song in harmony with his own voice.
sent-3756,数える,N3 Verbs,鳥の数を数えるのは難しい。,Tori no kazu o kazoeru no wa muzukashii.,It is difficult to count the number of birds.
sent-3757,数える,N3 Verbs,星を数えるのは無理だ。,Hoshi o kazoeru no wa muri da.,It is impossible to count the stars.
sent-3758,数える,N3 Verbs,資料を数える前に、確認してください。,"Shiryou o kazoeru mae ni, kakunin shite kudasai.",Please check before counting the materials.
sent-3759,数える,N3 Verbs,彼はもう5分で全てのコインを数え終えた。,Kare wa mou gofun de subete no koin o kazoeta.,He finished counting all the coins in just five minutes.
sent-3760,数える,N3 Verbs,彼女は折り鶴を作って数えることが好きだ。,Kanojo wa orizuru o tsukutte kazoeru koto ga suki da.,She likes making origami cranes and counting them.
sent-3761,固まる,N3 Verbs,昨晩、雪が降って地面が固まりました。,"Sakuban, yuki ga futte jimen ga katamari mashita.","Last night, it snowed and the ground became solid."
sent-3762,固まる,N3 Verbs,彼の意見はよく固まっている。,Kare no iken wa yoku katamatte iru.,His opinions are well-formed.
sent-3763,固まる,N3 Verbs,グループの絆が徐々に固まってきました。,Guruupu no kizuna ga jojo ni katamatte kimashita.,The bonds within the group gradually became stronger.
sent-3764,固まる,N3 Verbs,溶かしたチョコレートが冷えて固まり始める。,Tokashita chokoreeto ga hiete katamari hajimeru.,The melted chocolate begins to harden as it cools.
sent-3765,固まる,N3 Verbs,土が乾いて固まると、建物の基礎が強固になる。,"Tsuchi ga kawaite katamaru to, tatemono no kiso ga kyouko ni naru.","When the soil dries and hardens, the foundation of the building becomes more stable."
sent-3766,傾く,N3 Verbs,彼の考えはすぐに他人の意見に傾く。,Kare no kangae wa sugu ni tanin no iken ni katamuku,His thoughts easily lean towards other people's opinions.
sent-3767,傾く,N3 Verbs,地盤が傾いているため、その建物の構造が危険です。,"Jiban ga katamuite iru tame, sono tatemono no kouzou ga kiken desu",The building's structure is dangerous because the ground is tilted.
sent-3768,傾く,N3 Verbs,風によって大きな木が傾いてしまった。,Kaze ni yotte ooki na ki ga katamuita shimatta,The big tree ended up tilting due to the wind.
sent-3769,傾く,N3 Verbs,非効率な作業で利益が傾いている状況を改善しなければなりません。,Hikouritsu na sagyou de rieki ga katamuiteru joukyou o kaizen shinakereba narimasen,We have to improve the situation in which profits are declining due to inefficient work.
sent-3770,傾く,N3 Verbs,彼らの会話の緊張が和らぐと、彼の心は彼女に傾いていった。,"Karera no kaiwa no kinchou ga yawaragu to, kare no kokoro wa kanojo ni katamuite itta","As the tension in their conversation softened, his heart began to lean towards her."
sent-3771,がっかりする,N3 Verbs,試験の結果を見てがっかりした,Shiken no kekka o mite gakkari shita,I was disappointed when I saw the test results.
sent-3772,がっかりする,N3 Verbs,彼女の態度にがっかりした,Kanojo no taido ni gakkari shita,I was disappointed by her attitude.
sent-3773,がっかりする,N3 Verbs,友達が約束を破ったので、がっかりした,"Tomodachi ga yakusoku o yabutta node, gakkari shita",I was disappointed because my friend broke the promise.
sent-3774,がっかりする,N3 Verbs,子供たちはプレゼントがなくてがっかりした,Kodomotachi wa purezento ga nakute gakkari shita,The children were disappointed because there were no presents.
sent-3775,がっかりする,N3 Verbs,対戦相手に負けたことで、チームの皆ががっかりした,"Taisen aite ni maketa koto de, chiimu no mina ga gakkari shita",Everyone in the team was disappointed because we lost to our opponents.
sent-3776,かむ,N3 Verbs,リンゴをかむ音が聞こえた。,Ringo o kamu oto ga kikoeta.,I heard the sound of someone biting into an apple.
sent-3777,かむ,N3 Verbs,彼は興奮して爪をかんでいた。,Kare wa koufun shite tsume o kande ita.,He was biting his nails in excitement.
sent-3778,かむ,N3 Verbs,子供はガムをかんでいるのが好きだ。,Kodomo wa gamu o kande iru no ga suki da.,Kids like chewing gum.
sent-3779,かむ,N3 Verbs,うまくかめないと、食べものがのどにつかえることがある。,"Umaku kamenai to, tabemono ga nodo ni tsukaeru koto ga aru.","If you don't chew properly, food can get stuck in your throat."
sent-3780,かむ,N3 Verbs,よくかんでから飲み込むように注意してください。,Yoku kande kara nomikomu you ni chuui shite kudasai.,Be careful to chew well before swallowing.
sent-3781,通う,N3 Verbs,毎日学校に通っています。,Mainichi gakkou ni kayotte imasu,I attend school every day.
sent-3782,通う,N3 Verbs,彼は週末にはジムに通っています。,Kare wa shuumatsu ni wa jimu ni kayotte imasu,He goes to the gym on weekends.
sent-3783,通う,N3 Verbs,仕事の後で英会話教室に通い始めた。,Shigoto no ato de eikaiwa kyoushitsu ni kayoi hajimeta,I started going to English conversation classes after work.
sent-3784,通う,N3 Verbs,彼女は毎週水曜日にヨガ教室に通っている。,Kanojo wa mai shuu suiyoubi ni yoga kyoushitsu ni kayotte iru,She attends yoga classes every Wednesday.
sent-3785,通う,N3 Verbs,今年の春から大学に通う予定です。,Kotoshi no haru kara daigaku ni kayou yotei desu,I plan to attend university starting from this spring.
sent-3786,枯れる,N3 Verbs,この植物は水が足りずに枯れてしまった。,Kono shokubutsu wa mizu ga tarizu ni karete shimatta,This plant has withered due to lack of water.
sent-3787,枯れる,N3 Verbs,木が乾燥して枯れるのを防ぐために、適度な水やりが大切です。,"Ki ga kansou shite kareru no o fusegu tame ni, tekido na mizuyari ga taisetsu desu",Proper watering is important to prevent trees from drying out and withering.
sent-3788,枯れる,N3 Verbs,長い夏の間、庭の花々はほとんど枯れてしまった。,"Nagai natsu no aida, niwa no hanabana wa hotondo karette shimatta","During the long summer, most of the flowers in the garden withered away."
sent-3789,枯れる,N3 Verbs,緑豊かな森の木々も、干ばつで次々と枯れていった。,"Midori yutaka na mori no kigi mo, kanbatsu de tsugitsugi to kareteitta",The lush trees of the forest also withered one after another due to the drought.
sent-3790,枯れる,N3 Verbs,農家は、病害虫により畑の作物がすべて枯れたことに大変苦しんでいる。,"Nouka wa, byougaichuu ni yori hatake no sakumotsu ga subete kareta koto ni taihen kurushinde iru",Farmers are suffering greatly as all their crops in the field have withered due to pests and diseases.
sent-3791,かわいがる,N3 Verbs,彼女は私が飼っている犬をとても可愛がっています。,Kanojo wa watashi ga katte iru inu o totemo kawaigatte imasu,She really loves the dog I am keeping.
sent-3792,かわいがる,N3 Verbs,おじいちゃんは孫をとても可愛がっていた。,Ojiichan wa mago o totemo kawaigatte ita,Grandfather used to adore his grandchildren very much.
sent-3793,かわいがる,N3 Verbs,彼はいつも妹を可愛がっているので、二人は仲がいいです。,"Kare wa itsumo imouto o kawaigatte iru node, futari wa naka ga ii desu","He always dotes on his younger sister, so they get along well."
sent-3794,かわいがる,N3 Verbs,私は小さい頃、祖母にたくさん可愛がられました。,"Watashi wa chiisai koro, sobo ni takusan kawaigararemashita",I was loved a lot by my grandmother when I was little.
sent-3795,かわいがる,N3 Verbs,昔から人々は鳩を可愛がっている。,Mukashi kara hitobito wa hato o kawaigatte iru,People have been fond of pigeons since ancient times.
sent-3796,乾かす,N3 Verbs,洗濯物を乾かすために外に干します。,Sentakumono o kawakasu tame ni soto ni hosimasu,I hang the laundry outside to dry it.
sent-3797,乾かす,N3 Verbs,髪を速く乾かすためにドライヤーを使う。,Kami o hayaku kawakasu tame ni doraiyā o tsukau,I use a hair dryer to dry my hair quickly.
sent-3798,乾かす,N3 Verbs,濡れた服を乾かす前に、しっかりと絞ってください。,"Nureta fuku o kawakasu mae ni, shikkari to shibotte kudasai",Please wring out wet clothes well before drying them.
sent-3799,乾かす,N3 Verbs,ペンキを塗った壁は十分に乾かさなければなりません。,Penki o nutta kabe wa juubun ni kawakasanakereba narimasen,The painted wall must be dried sufficiently.
sent-3800,乾かす,N3 Verbs,泥だらけの靴を家の外で乾かします。,Dorodarake no kutsu o ie no soto de kawakasu,I dry my muddy shoes outside the house.
sent-3801,代わる/換わる/替わる,N3 Verbs,彼女が私の代わりに出席してくれました。,Kanojo ga watashi no kawari ni shusseki shite kuremashita.,She attended on my behalf.
sent-3802,代わる/換わる/替わる,N3 Verbs,この切符は1回だけ電車を乗り換わることができる。,Kono kippu wa ikkai dake densha o norikawaru koto ga dekiru.,This ticket allows you to transfer trains only once.
sent-3803,代わる/換わる/替わる,N3 Verbs,週に一度、部屋のシーツを替える必要がある。,"Shuu ni ichido, heya no shiitsu o kaeru hitsuyou ga aru.",You need to change the sheets in the room once a week.
sent-3804,代わる/換わる/替わる,N3 Verbs,社長が辞めたあと、誰が彼の代わりを務めるのか。,"Shachou ga yameta ato, dare ga kare no kawari o tsutomeru no ka.","After the president quit, who will take his place?"
sent-3805,代わる/換わる/替わる,N3 Verbs,私たちは途中で何度も乗り換わるだろう。,Watashitachi wa tochuu de nandomo norikawaru darou.,We will probably have to transfer several times along the way.
sent-3806,感じる,N3 Verbs,彼女の言葉に安心感を感じた。,Kanojo no kotoba ni anshinkan o kanjita,I felt a sense of relief from her words.
sent-3807,感じる,N3 Verbs,その映画を見ると、懐かしさを感じます。,"Sono eiga o miru to, natsukashisa o kanjimasu","When I watch that movie, I feel nostalgic."
sent-3808,感じる,N3 Verbs,冬が近づいているのを感じた。,Fuyu ga chikazuite iru no o kanjita,I felt that winter is approaching.
sent-3809,感じる,N3 Verbs,彼は自分の責任を感じていた。,Kare wa jibun no sekinin o kanjite ita,He felt responsible for himself.
sent-3810,感じる,N3 Verbs,この部屋には落ち着いた雰囲気が感じられる。,Kono heya ni wa ochitsuita fun'iki ga kanjirareru,"In this room, you can feel a calm atmosphere."
sent-3811,効く,N3 Verbs,この薬は風邪に効くと言われています。,Kono kusuri wa kaze ni kiku to iwareteimasu,This medicine is said to work for colds.
sent-3812,効く,N3 Verbs,筋肉痛には、温泉に入ることが効くと思います。,"Kinniku tsuu ni wa, onsen ni hairu koto ga kiku to omoimasu",I think soaking in a hot spring works for muscle pain.
sent-3813,効く,N3 Verbs,一日中コンピュータを使った後、目薬が効くことがあります。,"Ichinichijuu konpyuuta o tsukatta ato, megusuri ga kiku koto ga arimasu","After using a computer all day, eye drops can be effective."
sent-3814,効く,N3 Verbs,蚊に刺された後、塗るタイプのかゆみ止めが効くことがあります。,"Ka ni sasareta ato, nuru taipu no kayumi dome ga kiku koto ga arimasu",A topical anti-itch cream can work after being bitten by a mosquito.
sent-3815,着せる,N3 Verbs,彼女に新しい洋服を着せてあげました。,Kanojo ni atarashii youfuku o kisete agemashita,I dressed her in new clothes.
sent-3816,着せる,N3 Verbs,犬に可愛い服を着せました。,Inu ni kawaii fuku o kisemashita,I put a cute outfit on the dog.
sent-3817,着せる,N3 Verbs,この人形にはどんな洋服を着せるのが似合うと思いますか？,Kono ningyou ni wa donna youfuku o kiseru no ga niau to omoimasu ka?,What kind of clothes do you think would look good on this doll?
sent-3818,着せる,N3 Verbs,彼女はデートに備えて、彼におしゃれな服を着せた。,"Kanojo wa deeto ni sonaete, kare ni oshare na fuku o kiseta",She dressed him in stylish clothes for the date.
sent-3819,着せる,N3 Verbs,赤ちゃんに暖かい衣類を着せておくことが重要です。,Akachan ni atatakai irui o kisete oku koto ga juuyou desu,It is important to put warm clothes on the baby.
sent-3820,気付く,N3 Verbs,彼は彼女の気持ちに気付かなかった。,Kare wa kanojo no kimochi ni kidzukanakatta,He didn't notice her feelings.
sent-3821,気付く,N3 Verbs,彼女は自分のミスに気付いた。,Kanojo wa jibun no misu ni kidzuita,She realized her mistake.
sent-3822,気付く,N3 Verbs,家を出た後で、財布を忘れたことに気付いた。,"Ie wo deta ato de, saifu wo wasureta koto ni kidzuita","After leaving the house, I realized that I had forgotten my wallet."
sent-3823,気付く,N3 Verbs,彼は彼女の名前を思い出すまで、彼女に気付かなかった。,"Kare wa kanojo no namae o omoidasu made, kanojo ni kidzukanakatta",He didn't notice her until he remembered her name.
sent-3824,気付く,N3 Verbs,髪の毛にインクが付いていることに気付いた。,Kami no ke ni inku ga tsuite iru koto ni kidzuita,I noticed that there was ink in my hair.
sent-3825,気に入る,N3 Verbs,彼女は新しいドレスをとても気に入った。,Kanojo wa atarashii doresu o totemo ki ni itta.,She really liked her new dress.
sent-3826,気に入る,N3 Verbs,そのアイデアは彼にすぐ気に入られた。,Sono aidea wa kare ni sugu ki ni irareta.,He took an immediate liking to that idea.
sent-3827,気に入る,N3 Verbs,彼はその映画があまり気に入らず、早めに帰ってきた。,"Kare wa sono eiga ga amari ki ni irazu, hayame ni kaette kita.","He did not like the movie much, so he came back early."
sent-3828,気に入る,N3 Verbs,この料理はたいていの人に気に入られる。,Kono ryouri wa taitei no hito ni ki ni irareru.,Most people find this dish to their liking.
sent-3829,気に入る,N3 Verbs,彼の新しい職場は、彼にとても気に入られている。,"Kare no atarashii shokuba wa, kare ni totemo ki ni irareteiru.",He is very fond of his new workplace.
sent-3830,切れる,N3 Verbs,糸が切れると困るので、こまめにチェックしましょう。,"Ito ga kireru to komaru node, komame ni chekku shimashou","If the thread breaks, it will be a problem, so let's check it frequently."
sent-3831,切れる,N3 Verbs,オイルが切れると車が動かなくなってしまう。,Oiru ga kireru to kuruma ga ugokanaku natte shimau,"If the oil runs out, the car will stop moving."
sent-3832,切れる,N3 Verbs,バターが切れたので買い物リストに追加しなければ。,"Batā ga kireta node, kaimono risuto ni tsuika shinakereba","We ran out of butter, so I have to add it to the shopping list."
sent-3833,切れる,N3 Verbs,切れるほどの怒りで彼に叫んだ。,Kireru hodo no ikari de kare ni sakenda,I screamed at him out of anger that it reached its breaking point.
sent-3834,切れる,N3 Verbs,延長コードが切れるため、電気製品が突然止まった。,"Enchō kōdo ga kireru tame, denki seihin ga totsuzen tomatta","The extension cord was cut, causing the electrical appliances to suddenly stop."
sent-3835,気を付ける,N3 Verbs,歩道で自転車に気を付けて歩かなければならない。,Hodou de jitensha ni ki o tsukete arukanakereba naranai.,We must be careful of bicycles when walking on the sidewalk.
sent-3836,気を付ける,N3 Verbs,最近、詐欺が多いので、不審な電話に気を付けてください。,"Saikin, sagi ga ooi node, fushin na denwa ni ki o tsukete kudasai.","There have been a lot of scams recently, so please be careful with suspicious phone calls."
sent-3837,気を付ける,N3 Verbs,食中毒に気を付けるために、食材の保存方法をしっかりと守る必要があります。,"Shokuchuudoku ni ki o tsukeru tame ni, shokuzai no hozon houhou o shikkari to mamoru hitsuyou ga arimasu.","In order to prevent food poisoning, it is necessary to properly follow the storage method for ingredients."
sent-3838,気を付ける,N3 Verbs,健康のためには、糖分や塩分の摂取量に気を付けることが大切です。,"Kenkou no tame ni wa, tou bun ya en bun no sesshuuryou ni ki o tsukeru koto ga taisetsu desu.","For your health, it's important to be mindful of the amount of sugar and salt intake."
sent-3839,気を付ける,N3 Verbs,早く起きて通勤ラッシュに気を付けるのは簡単ではありません。,Hayaku okite tsuukin rasshu ni ki o tsukeru no wa kantan de wa arimasen.,Waking up early and being careful of the morning rush hour is not easy.
sent-3840,腐る,N3 Verbs,冷蔵庫の中にある野菜が腐ってしまった。,Reizouko no naka ni aru yasai ga kusatte shimatta,The vegetables in the refrigerator went bad.
sent-3841,腐る,N3 Verbs,食べ物を放置しておくと、すぐに腐るだろう。,"Tabemono o houchi shite oku to, sugu ni kusaru darou","If you leave food out, it will spoil quickly."
sent-3842,腐る,N3 Verbs,梅雨の時期には、湿気で食品が腐りやすい。,"Tsuyu no jiki ni wa, shikke de shokuhin ga kusari yasui","During the rainy season, humidity can cause food to spoil easily."
sent-3843,腐る,N3 Verbs,彼は昨日買った果物がもう腐っていることに気づいた。,Kare wa kinou katta kudamono ga mou kusatte iru koto ni kizuita,He noticed that the fruit he bought yesterday has already spoiled.
sent-3844,腐る,N3 Verbs,容器にふたを閉め忘れたせいで、おかずが腐るのを防げなかった。,"Youki ni futa o shime wasureta sei de, okazu ga kusaru no o fusegenakatta",I couldn't prevent the side dish from spoiling because I forgot to close the lid on the container.
sent-3845,崩れる,N3 Verbs,壁が突然崩れた。,Kabe ga totsuzen kuzureta,The wall suddenly collapsed.
sent-3846,崩れる,N3 Verbs,土砂崩れのために道路が崩れていた。,Doshakuzure no tame ni douro ga kuzureteita,The road had collapsed due to a landslide.
sent-3847,崩れる,N3 Verbs,彼の言葉によって彼女の夢が崩れてしまった。,Kare no kotoba ni yotte kanojo no yume ga kuzurete shimatta,His words shattered her dreams.
sent-3848,崩れる,N3 Verbs,地震で建物が崩れる恐れがある。,Jishin de tatemono ga kuzureru osore ga aru,There is a risk of buildings collapsing due to earthquakes.
sent-3849,崩れる,N3 Verbs,彼女は泣きながら彼女の笑顔が崩れた。,Kanojo wa naki nagara kanojo no egao ga kuzureta,Her smile crumbled as she cried.
sent-3850,配る,N3 Verbs,先生がテストの結果を配っています。,Sensei ga tesuto no kekka o kubatteimasu,The teacher is distributing the test results.
sent-3851,配る,N3 Verbs,お菓子を子供達に配るのが楽しいです。,Okashi o kodomotachi ni kubaru no ga tanoshii desu,It is fun to distribute sweets to children.
sent-3852,配る,N3 Verbs,彼は会議で資料を全員に配りました。,Kare wa kaigi de shiryou o zen'in ni kubarimashita,He distributed the materials to everyone at the meeting.
sent-3853,配る,N3 Verbs,コンサートでチラシを配るアルバイトを始めました。,Konsāto de chirasu o kubaru arubaito o hajimemashita,I started a part-time job handing out flyers at concerts.
sent-3854,配る,N3 Verbs,友達が誕生日のパーティーの招待状を配りました。,Tomodachi ga tanjoubi no paatii no shoutaijou o kubarimashita,My friend distributed the invitations for the birthday party.
sent-3855,暮らす,N3 Verbs,田舎でのんびりと暮らすのが夢です。,Inaka de nonbiri to kurasu no ga yume desu.,Living a relaxed life in the countryside is my dream.
sent-3856,暮らす,N3 Verbs,彼は一人でアパートに暮らしています。,Kare wa hitori de apaato ni kurashite imasu.,He lives alone in an apartment.
sent-3857,暮らす,N3 Verbs,私たちは平和な世界で暮らしたい。,Watashitachi wa heiwa na sekai de kurashitai.,We want to live in a peaceful world.
sent-3858,暮らす,N3 Verbs,彼女は留学先で楽しく暮らしているそうです。,Kanojo wa ryuugakusaki de tanoshiku kurashite iru sou desu.,I heard that she is living happily in her study abroad destination.
sent-3859,暮らす,N3 Verbs,子どもたちが良い環境で暮らせるよう努力します。,Kodomo-tachi ga yoi kankyou de kuraseru you doryoku shimasu.,I will make an effort so that the children can live in a good environment.
sent-3860,比べる,N3 Verbs,自分の仕事の成果を他の人と比べることは避けましょう。,Jibun no shigoto no seika o hoka no hito to kuraberu koto wa sakemashou.,Avoid comparing your work results with others.
sent-3861,比べる,N3 Verbs,価格を比べるために、いくつかのショップをチェックしました。,"Kakaku o kuraberu tame ni, ikutsu ka no shoppu o chekku shimashita.",I checked several shops to compare prices.
sent-3862,比べる,N3 Verbs,日本語と英語を比べると、文法の違いが明らかです。,"Nihongo to eigo o kuraberu to, bunpou no chigai ga akiraka desu.","Comparing Japanese and English, the differences in grammar are obvious."
sent-3863,比べる,N3 Verbs,あの二つのレストランを比べると、私はここの方が好きです。,"Ano futatsu no resutoran o kuraberu to, watashi wa koko no hou ga suki desu.","Comparing those two restaurants, I prefer this one."
sent-3864,比べる,N3 Verbs,都市部と地方を比べると、人口密度の違いは顕著です。,"Toshibu to chihou o kuraberu to, jinkou mitsudo no chigai wa kenchou desu.","Comparing urban and rural areas, the difference in population density is pronounced."
sent-3865,繰り返す,N3 Verbs,彼は同じ質問を何度も繰り返しました。,Kare wa onaji shitsumon o nando mo kurikaeshimashita,He repeated the same question several times.
sent-3866,繰り返す,N3 Verbs,この歴史的な事件は二度と繰り返してはいけない。,Kono rekiteki na jiken wa nidoto kurikaeshite wa ikenai,This historical incident must not be repeated again.
sent-3867,繰り返す,N3 Verbs,誤りを繰り返さないために学ぶ必要がある。,Ayamari o kurikaesanai tame ni manabu hitsuyou ga aru,We need to learn not to repeat mistakes.
sent-3868,繰り返す,N3 Verbs,彼女は繰り返し私にその話を聞かせました。,Kanojo wa kurikaeshi watashi ni sono hanashi o kikasemashita,She told me the story repeatedly.
sent-3869,繰り返す,N3 Verbs,彼は繰り返し同じ言葉を言っている。,Kare wa kurikaeshi onaji kotoba o itte iru,He keeps repeating the same words.
sent-3870,苦しむ,N3 Verbs,彼女はヘビースモーカーで、今は喫煙をやめるために苦しんでいる。,"Kanojo wa hebii sumookaa de, ima wa kitsuen o yameru tame ni kurushinde iru.",She is a heavy smoker and is now suffering to quit smoking.
sent-3871,苦しむ,N3 Verbs,人生で試練に苦しむことは、我々をより強く成長させる。,"Jinsei de shiren ni kurushimu koto wa, wareware o yori tsuyoku seichou saseru.",Suffering through hardships in life makes us grow stronger.
sent-3872,苦しむ,N3 Verbs,農業が苦しんでいるため、政府は支援策を考える必要がある。,"Nougyou ga kurushinde iru tame, seifu wa shiensaku o kangaeru hitsuyou ga aru.",The government needs to consider support measures because agriculture is suffering.
sent-3873,苦しむ,N3 Verbs,彼は病気で苦しんでいるが、回復の兆しも見られる。,"Kare wa byouki de kurushinde iru ga, kaifuku no kizashi mo mirareru.","He is suffering from illness, but there are signs of recovery."
sent-3874,苦しむ,N3 Verbs,環境汚染のため、多くの野生動物が苦しんでいる。,"Kankyou osen no tame, ooku no yasei doubutsu ga kurushinde iru.",Many wildlife are suffering due to environmental pollution.
sent-3875,暮れる,N3 Verbs,夕暮れる時、公園で散歩するのが好きです。,"Yuugureru toki, kouen de sanpo suru no ga suki desu.",I like taking a walk in the park when evening falls.
sent-3876,暮れる,N3 Verbs,冬の日が暮れるのを見るのは寂しい気持ちになることがある。,Fuyu no hi ga kureru no o miru no wa sabishii kimochi ni naru koto ga aru.,Watching the winter day fade can sometimes make me feel lonely.
sent-3877,暮れる,N3 Verbs,日が暮れる前に帰宅したいと思います。,Hi ga kureru mae ni kitaku shitai to omoimasu.,I want to go home before the day ends.
sent-3878,暮れる,N3 Verbs,彼は夕日が暮れるにつれて、物事を深く考える傾向がある。,"Kare wa yuuhi ga kureru ni tsurete, monogoto o fukaku kangaeru keikou ga aru.",He tends to think deeply about things as the sun sets.
sent-3879,暮れる,N3 Verbs,山の中では、日が暮れるとともに気温が急激に下がることがある。,"Yama no naka de wa, hi ga kureru to tomo ni kion ga kyuugeki ni sagaru koto ga aru.","In the mountains, the temperature can drop rapidly as the day fades."
sent-3880,加える,N3 Verbs,塩を少し加えてください。,Shio o sukoshi kuwaete kudasai,Please add a little salt.
sent-3881,加える,N3 Verbs,この料理には、スパイスを加えるともっと美味しくなります。,"Kono ryouri ni wa, supaisu o kuwaeru to motto oishiku narimasu",Adding spices to this dish will make it even more delicious.
sent-3882,加える,N3 Verbs,彼がその問題について意見を加えた。,Kare ga sono mondai ni tsuite iken o kuwaeta,He added his opinion on the issue.
sent-3883,加える,N3 Verbs,一度にたくさんのタスクに取り組むストレスに加えて、彼はほとんど眠れなかった。,"Ichido ni takusan no tasuku ni torikumu sutresu ni kuwaete, kare wa hotondo nemurenakatta","In addition to the stress of tackling many tasks at once, he could barely sleep."
sent-3884,加える,N3 Verbs,原料に新鮮な野菜と果物を加えると、味が良くなります。,"Genryou ni shinsen na yasai to kudamono o kuwaeru to, aji ga yoku narimasu",Adding fresh vegetables and fruits to the ingredients improves the taste.
sent-3885,削る,N3 Verbs,この鉛筆を削って使えるようにします。,Kono enpitsu o kezutte tsukaeru you ni shimasu,I will sharpen this pencil so it can be used.
sent-3886,削る,N3 Verbs,彼は新聞を読んで余分な部分を削りました。,Kare wa shinbun o yonde yobun na bubun o kezurimashita,He read the newspaper and trimmed the unnecessary parts.
sent-3887,削る,N3 Verbs,予算を削るために会社は人員を削減しました。,Yosan o kezuru tame ni kaisha wa jin'in o sakugen shimashita,The company reduced its staff to cut the budget.
sent-3888,削る,N3 Verbs,栄養バランスをとるために塩分を削らなければならない。,Eiyō baransu o toru tame ni enbun o kezuranakereba naranai,You need to cut down on salt to maintain a balanced diet.
sent-3889,削る,N3 Verbs,彼は野菜の皮を包丁で削っていた。,Kare wa yasai no kawa o houchou de kezutte ita,He was peeling the skin off the vegetables with a knife.
sent-3890,蹴る,N3 Verbs,彼はボールを強く蹴った。,Kare wa bōru o tsuyoku ketta.,He kicked the ball strongly.
sent-3891,蹴る,N3 Verbs,彼女は石を蹴って怒りを表した。,Kanojo wa ishi o kette ikari o arawashita.,She kicked the stone to show her anger.
sent-3892,蹴る,N3 Verbs,敵の足を蹴り倒すことで勝利をつかんだ。,Teki no ashi o keritaosu koto de shouri o tsukanda.,I seized victory by kicking the enemy's leg down.
sent-3893,蹴る,N3 Verbs,彼はドアに足を蹴り入れた。,Kare wa doa ni ashi o keriireta.,He kicked the door open with his foot.
sent-3894,蹴る,N3 Verbs,怒った犬が私の手を蹴ろうとした。,Okotta inu ga watashi no te o kero u to shita.,The angry dog tried to kick my hand.
sent-3895,越える,N3 Verbs,山を越えるのに時間がかかった。,Yama o koeru noni jikan ga kakatta,It took time to cross the mountain.
sent-3896,越える,N3 Verbs,この橋を越えると、街の中心にたどり着く。,"Kono hashi o koeru to, machi no chuushin ni tadoritsuku","If you cross this bridge, you will reach the center of the town."
sent-3897,越える,N3 Verbs,試験の難しさを越えるためには、一生懸命勉強しなければならない。,"Shiken no muzukashisa o koeru tame ni wa, isshoukenmei benkyou shinakereba naranai","To overcome the difficulty of the exam, I must study very hard."
sent-3898,越える,N3 Verbs,彼は２０００メートルの高さを越える山を登った。,Kare wa nisen meetoru no takasa o koeru yama o nobotta,He climbed a mountain higher than 2000 meters.
sent-3899,越える,N3 Verbs,私たちのチームは困難を越えて目標に到達した。,Watashitachi no chiimu wa konnan o koete mokuhyou ni toutatsu shita,Our team overcame the difficulties and reached the goal.
sent-3900,凍る,N3 Verbs,昨夜はとても寒かったので、水が凍ってしまった。,"Sakuya wa totemo samukatta no de, mizu ga koori shimatta.",It was so cold last night that the water froze.
sent-3901,凍る,N3 Verbs,冬になると、湖が凍ることがある。,"Fuyu ni naru to, mizuumi ga kooru koto ga aru.","In winter, the lake sometimes freezes over."
sent-3902,凍る,N3 Verbs,凍った道路では運転に十分注意してください。,Koota douro de wa unten ni juubun chuui shite kudasai.,Please be extra careful when driving on frozen roads.
sent-3903,凍る,N3 Verbs,地面が凍る時、歩くのが非常に危険です。,"Jimen ga kooru toki, aruku no ga hijou ni kiken desu.","When the ground freezes, walking can be very dangerous."
sent-3904,凍る,N3 Verbs,道路が凍り、交通事故が多発している。,"Douro ga koori, koutsuu jiko ga tahatsu shiteiru.","The roads are icy, causing numerous traffic accidents."
sent-3905,こぐ,N3 Verbs,自転車をこぐのが好きです。,Jitensha o kogu no ga suki desu.,I like pedaling a bicycle.
sent-3906,こぐ,N3 Verbs,彼女は毎朝、川沿いを自転車をこいで通勤しています。,"Kanojo wa maiasa, kawazoi o jitensha o koide tsuukin shiteimasu.",She commutes to work every morning by pedaling her bicycle along the river.
sent-3907,こぐ,N3 Verbs,運動のために、毎週末に友達と公園で自転車をこぐことにしている。,"Undou no tame ni, maishuumatsu ni tomodachi to kouen de jitensha o kogu koto ni shiteiru.","For exercise, I decided to go pedaling bicycles with my friends in the park every weekend."
sent-3908,こぐ,N3 Verbs,長距離を自転車をこぐと、足が疲れることがあります。,"Choukyori o jitensha o kogu to, ashi ga tsukareru koto ga arimasu.","If you pedal a bicycle for a long distance, your legs can get tired."
sent-3909,こぐ,N3 Verbs,波止場でボートをこいで、湖を散歩しよう。,"Hatoba de booto o koide, mizuumi o sanpo shiyou.",Let's take a walk around the lake by pedaling a boat at the pier.
sent-3910,焦げる,N3 Verbs,魚が焦げるのを防ぐために、フライパンを低温に保ちましょう。,"Sakana ga kogeru no o fusegu tame ni, furaipan o teion ni tamochimashou","To prevent the fish from getting burnt, keep the frying pan at a low temperature."
sent-3911,焦げる,N3 Verbs,パンを焼く時、焦げることがないように注意してください。,"Pan o yaku toki, kogeru koto ga nai you ni chuui shite kudasai","When baking bread, please be careful not to let it burn."
sent-3912,焦げる,N3 Verbs,焦げた料理は、健康に悪影響を与える可能性があります。,"Kogeta ryouri wa, kenkou ni aku eikyou o ataeru kanousei ga arimasu",Burnt food may have a negative impact on your health.
sent-3913,焦げる,N3 Verbs,オーブンから焦げた匂いがするので、ケーキを取り出してください。,"Oobun kara kogeta nioi ga suru node, keeki o toridashite kudasai","Since there is a burnt smell coming from the oven, please take out the cake."
sent-3914,焦げる,N3 Verbs,焦げる前に鍋から野菜を取り出し、火を消してください。,"Kogeru mae ni nabe kara yasai o toridashi, hi o keshite kudasai","Before the vegetables burn, please take them out of the pot and turn off the heat."
sent-3915,腰掛ける,N3 Verbs,駅のベンチでちょっと腰掛ける。,Eki no benchi de chotto koshikakeru.,Sit down for a moment on a bench at the station.
sent-3916,腰掛ける,N3 Verbs,公園の芝生に腰掛けてお弁当を食べました。,Kouen no shibafu ni koshikakete o-bentou o tabemashita.,I sat down on the grass in the park and ate my lunch box.
sent-3917,腰掛ける,N3 Verbs,腰掛けるスペースがないので、床に座った。,"Koshikakeru supeesu ga nai node, yuka ni suwatta.","There was no place to sit, so I sat down on the floor."
sent-3918,腰掛ける,N3 Verbs,大学で友達と言葉を交わしながら腰掛けていた。,Daigaku de tomodachi to kotoba o kawashinagara koshikakete ita.,I sat down at the university while chatting with my friends.
sent-3919,腰掛ける,N3 Verbs,疲れたときは、木陰で腰掛けて休もう。,"Tsukareta toki wa, kokage de koshikakete yasumou.","When you are tired, let's take a rest sitting down in the shade of a tree."
sent-3920,超す/越す,N3 Verbs,成績は平均を超すことができました。,Seiseki wa heikin o kosu koto ga dekimashita,I was able to surpass the average score.
sent-3921,超す/越す,N3 Verbs,彼のスピードは常識を越す速さだった。,Kare no supiido wa joushiki o kosu hayasa datta,His speed was beyond common sense.
sent-3922,超す/越す,N3 Verbs,このプロジェクトは計画を越す期間がかかった。,Kono purojekuto wa keikaku o kosu kikan ga kakatta,This project took longer than planned.
sent-3923,超す/越す,N3 Verbs,彼女はいつも期待を越す成果を上げている。,Kanojo wa itsumo kitai o kosu seika o agete iru,She always achieves results beyond expectations.
sent-3924,超す/越す,N3 Verbs,今度の試合で自分の限界を超すつもりだ。,Kondo no shiai de jibun no genkai o kosu tsumori da,I intend to surpass my own limits in the next match.
sent-3925,断る,N3 Verbs,その申し出を断る理由がない。,Sono moushide o kotowaru riyuu ga nai.,There is no reason to refuse that offer.
sent-3926,断る,N3 Verbs,彼はパーティーへの招待を断った。,Kare wa paatii e no shoutai o kotowatta.,He refused the invitation to the party.
sent-3927,断る,N3 Verbs,上司が頼んだ仕事を断るのは勇気が必要だ。,Joushi ga tanonda shigoto o kotowaru no wa yuuki ga hitsuyou da.,It takes courage to refuse the work that your boss asked for.
sent-3928,断る,N3 Verbs,彼女は彼のプロポーズを断るつもりだ。,Kanojo wa kare no puropoozu o kotowaru tsumori da.,She intends to refuse his proposal.
sent-3929,断る,N3 Verbs,彼はその映画の出演オファーを断らざるを得なかった。,Kare wa sono eiga no shutsuen ofaa o kotowarazaru o enakatta.,He had no choice but to refuse the offer to appear in that movie.
sent-3930,こぼれる,N3 Verbs,コーヒーをこぼれてしまった。,Kōhī o koborete shimatta,I accidentally spilled the coffee.
sent-3931,こぼれる,N3 Verbs,彼女は涙がこぼれるのを抑えることができませんでした。,Kanojo wa namida ga koboreru no o osaeru koto ga dekimasen deshita,She couldn't stop her tears from overflowing.
sent-3932,こぼれる,N3 Verbs,荷物がたくさんあって、バッグから物がこぼれそうだ。,"Nimotsu ga takusan atte, baggu kara mono ga koboresou da",I have so many things that they're about to overflow from my bag.
sent-3933,こぼれる,N3 Verbs,彼はワイングラスを倒して、テーブルにワインがこぼれた。,"Kare wa wain gurasu o taoshite, tēburu ni wain ga koboreta",He knocked over the wine glass and the wine spilled onto the table.
sent-3934,こぼれる,N3 Verbs,子供がジュースをこぼさないように気を付けてください。,Kodomo ga jūsu o kobosanai you ni ki o tsukete kudasai,Please be careful not to let your child spill the juice.
sent-3935,混む/込む,N3 Verbs,電車が混む時間帯を避けて移動した方がいいです。,Densha ga komu jikantai o sakete idou shita hou ga ii desu,It's better to avoid crowded trains and travel at off-peak times.
sent-3936,混む/込む,N3 Verbs,このレストランはいつも混んでいるので、予約がおすすめです。,"Kono resutoran wa itsumo konde iru node, yoyaku ga osusume desu","This restaurant is always crowded, so reservations are recommended."
sent-3937,混む/込む,N3 Verbs,遠くの景色が見える窓からの眺めが素晴らしい。,Tōku no keshiki ga mieru mado kara no nagame ga subarashii,"The view from the window, which looks out onto distant scenery, is wonderful."
sent-3938,混む/込む,N3 Verbs,朝の通勤ラッシュ時は駅が非常に混む。,Asa no tsuukin rasshu ji wa eki ga hijou ni komu,The station is extremely crowded during the morning rush hour.
sent-3939,混む/込む,N3 Verbs,大勢の人で込み合った商店街を歩きました。,Oozei no hito de komnia tta shoutengai o arukimashita,I walked through the bustling shopping street filled with a large crowd of people.
sent-3940,転がる,N3 Verbs,玉が坂道を転がっている。,Tama ga sakamichi o korogatte iru.,The ball is rolling down the hill.
sent-3941,転がる,N3 Verbs,彼は床に転がっていた本を拾った。,Kare wa yuka ni korogatte ita hon o hirotta.,He picked up the book that was lying on the floor.
sent-3942,転がる,N3 Verbs,子猫たちは床でじゃれて転がるのが大好きだ。,Koneko-tachi wa yuka de jarete korogaru no ga daisuki da.,The kittens love playing and rolling around on the floor.
sent-3943,転がる,N3 Verbs,自転車にぶつかり、彼は道路に転がった。,"Jitensha ni butsukari, kare wa douro ni korogatta.",He was hit by a bicycle and rolled onto the road.
sent-3944,転がる,N3 Verbs,おもちゃの車が床に転がっている。,Omocha no kuruma ga yuka ni korogatte iru.,The toy car is rolling on the floor.
sent-3945,殺す,N3 Verbs,犯人は犠牲者を殺すためにナイフを使った。,Hannin wa giseisha o korosu tame ni naifu o tsukatta,The culprit used a knife to kill the victim.
sent-3946,殺す,N3 Verbs,彼は怒りで彼女を殺すと脅迫しました。,Kare wa ikari de kanojo o korosu to kyouhaku shimashita,He threatened to kill her in anger.
sent-3947,殺す,N3 Verbs,残念ながら、麻薬取り締まりのために多くの人が殺されることもある。,"Zan'nen nagara, mayaku torishimari no tame ni ōku no hito ga korosareru koto mo aru","Unfortunately, many people are killed for drug control efforts."
sent-3948,殺す,N3 Verbs,恋人を殺された彼は、復讐を誓った。,"Koibito o korosareta kare wa, fukushū o chikatta",He vowed revenge after his lover was killed.
sent-3949,殺す,N3 Verbs,自分の命を守るためにまとめて8人を殺すことになった。,Jibun no inochi o mamoru tame ni matomete hachinin o korosu koto ni natta,"In order to protect his own life, he ended up killing eight people in total."
sent-3950,転ぶ,N3 Verbs,階段で転んで足をけがした。,Kaidan de koronde ashi o kega shita.,I fell down the stairs and injured my leg.
sent-3951,転ぶ,N3 Verbs,床が濡れていたため、彼は転んでしまった。,"Yuka ga nureteita tame, kare wa koronde shimatta.",He slipped and fell because the floor was wet.
sent-3952,転ぶ,N3 Verbs,急に道が滑りやすくなって、私は何度も転んだ。,"Kyuu ni michi ga suberiyasu kunatte, watashi wa nando mo koronda.","The road suddenly became slippery, and I fell several times."
sent-3953,転ぶ,N3 Verbs,彼はアイススケートで転ぶことが多い。,Kare wa aisusukēto de korobu koto ga ooi.,He often falls while ice-skating.
sent-3954,転ぶ,N3 Verbs,雪の中で転ぶと、笑いが止まらなかった。,"Yuki no naka de korobu to, warai ga tomaranakatta.","When we fell in the snow, we couldn't stop laughing."
sent-3955,探す/捜す,N3 Verbs,彼は新しい仕事を探しています。,Kare wa atarashii shigoto o sagashiteimasu.,He is searching for a new job.
sent-3956,探す/捜す,N3 Verbs,彼女は行方不明の猫を探しました。,Kanojo wa yukuefumei no neko o sagashimashita.,She searched for the missing cat.
sent-3957,探す/捜す,N3 Verbs,警察は犯人を捜しています。,Keisatsu wa hannin o sagashiteimasu.,The police are searching for the criminal.
sent-3958,探す/捜す,N3 Verbs,私は失くした財布を探すために、家中を探し回りました。,"Watashi wa nakushita saifu o sagasu tame ni, iejuu o sagashi mawarimashita.",I searched all over the house to find my lost wallet.
sent-3959,探す/捜す,N3 Verbs,最良の解決策を探しながら、彼らは議論を続けました。,"Saoryou no kaiketsusaku o sagashi nagara, karera wa giron o tsudzukemashita.",They continued their discussion while searching for the best solution.
sent-3960,叫ぶ,N3 Verbs,彼は突然叫び始めた。,Kare wa totsuzen sakebi hajimeta,He suddenly started shouting.
sent-3961,叫ぶ,N3 Verbs,誰かが私の名前を叫んでいるのが聞こえた。,Dareka ga watashi no namae o yonde iru no ga kikoeta,I heard someone shouting my name.
sent-3962,叫ぶ,N3 Verbs,彼女は驚いて大きな声で叫んだ。,Kanojo wa odoroite ookina koe de sakenda,She was surprised and shouted loudly.
sent-3963,叫ぶ,N3 Verbs,子供たちは遊びながら楽しげに叫んでいた。,Kodomo-tachi wa asobi nagara tanoshige ni sakende ita,The children were shouting happily while playing.
sent-3964,叫ぶ,N3 Verbs,彼女はすぐそこで名前を叫ぶのをやめないでくれとお願いした。,Kanojo wa sugu soko de namae o sakebu no o yamenai de kure to onegai shita,She asked me not to stop shouting her name right there.
sent-3965,刺す,N3 Verbs,彼は針で指を刺してしまった。,Kare wa hari de yubi o sashite shimatta,He accidentally pricked his finger with a needle.
sent-3966,刺す,N3 Verbs,蚊に刺された部分が痒いです。,Ka ni sasareta bubun ga kayui desu,The part where I was bitten by a mosquito is itchy.
sent-3967,刺す,N3 Verbs,刺身にレモンをかけて食べるのが好きです。,Sashimi ni remon o kakete taberu no ga suki desu,I like eating sashimi with lemon on it.
sent-3968,刺す,N3 Verbs,夕日の光が部屋に差し込む。,Yuuhi no hikari ga heya ni sashikomu,The evening sun's light is streaming into the room.
sent-3969,刺す,N3 Verbs,彼は高い塀に手を刺されて、痛がっていました。,"Kare wa takai hei ni te o sasarete, itagatte imashita",He got his hand pricked on a high fence and was in pain.
sent-3970,指す,N3 Verbs,これは私が指す方向です。,Kore wa watashi ga sasu houkou desu,This is the direction I am pointing to.
sent-3971,指す,N3 Verbs,彼は空に指し示す星を見つけました。,Kare wa sora ni sashimesu hoshi o mitsukemashita,He found a star pointing in the sky.
sent-3972,指す,N3 Verbs,先生は生徒に質問に答えるために指す。,Sensei wa seito ni shitsumon ni kotaeru tame ni sasu,The teacher points to the student to answer a question.
sent-3973,指す,N3 Verbs,彼女は地図上で行きたい場所を指した。,Kanojo wa chizu jou de ikitai basho o sashita,She pointed to the place she wanted to go on the map.
sent-3974,指す,N3 Verbs,もし心配があれば、適切な部署に案内することができます。,"Moshi shinpai ga areba, tekisetsu na busho ni annai suru koto ga dekimasu","If there is a concern, you can direct them to the appropriate department."
sent-3975,差す,N3 Verbs,日が差して暖かいです。,Hi ga sashite atatakai desu,"The sun is shining, and it's warm."
sent-3976,差す,N3 Verbs,彼は親指を立ててヒッチハイクをした。,Kare wa oyayubi o tatete hitchihaiku o shita,He stuck out his thumb to hitchhike.
sent-3977,差す,N3 Verbs,彼女は音量を調整するために指を差した。,Kanojo wa onryou o chousei suru tame ni yubi o sashita,She pointed her finger to adjust the volume.
sent-3978,差す,N3 Verbs,彼は目立つために手を挙げて示した。,Kare wa medatsu tame ni te o agete shimeshita,He raised his hand to stand out.
sent-3979,差す,N3 Verbs,朝日が窓を通して部屋に差し込む。,Asahi ga mado o tooshite heya ni sashikomu,The morning sun streams into the room through the window.
sent-3980,誘う,N3 Verbs,友達が映画に誘ってくれました。,Tomodachi ga eiga ni sasotte kuremashita,My friend invited me to a movie.
sent-3981,誘う,N3 Verbs,母は私を買い物に誘いました。,Haha wa watashi o kaimono ni sasoimashita,My mother invited me to go shopping.
sent-3982,誘う,N3 Verbs,彼は彼女をデートに誘おうと考えている。,Kare wa kanojo o deeto ni sasoou to kangaete iru,He is thinking about inviting her to a date.
sent-3983,誘う,N3 Verbs,美しい景色が私たちを旅行に誘います。,Utsukushii keshiki ga watashitachi o ryokou ni sasoimasu,The beautiful scenery invites us to travel.
sent-3984,誘う,N3 Verbs,目の前のおいしいケーキが私を誘っている。,Me no mae no oishii keeki ga watashi o sasotte iru,The delicious cake in front of me is tempting me.
sent-3985,さっぱりする,N3 Verbs,風呂上がりにさっぱりするのが気持ちいい。,Furoagari ni sappari suru no ga kimochi ii,It feels refreshing and pleasant after getting out of the bath.
sent-3986,さっぱりする,N3 Verbs,この石鹸で手を洗った後、さっぱりする感覚が好きだ。,"Kono sekken de te o aratta ato, sappari suru kankaku ga suki da",I like the refreshing feeling after washing my hands with this soap.
sent-3987,さっぱりする,N3 Verbs,暑い夏の日に、水分を補給してさっぱりするのは最高だ。,"Atsui natsu no hi ni, suibun o hokyuu shite sappari suru no wa saikou da",It's the best to rehydrate and feel refreshed on a hot summer day.
sent-3988,さっぱりする,N3 Verbs,辛い食べ物を食べた後、さっぱりするデザートが欲しい。,"Karai tabemono o tabeta ato, sappari suru dezāto ga hoshii","After eating spicy food, I want a refreshing dessert."
sent-3989,さっぱりする,N3 Verbs,ジョギングを終えた後、さっぱりするようにシャワーを浴びる。,"Jogingu o oeta ato, sappari suru you ni shawā o abiru","After finishing jogging, I take a shower to feel refreshed."
sent-3990,覚める,N3 Verbs,寝ぼけた頭が少し覚める程度に冷たい水を顔にかけた。,Neboketa atama ga sukoshi sameru teido ni tsumetai mizu o kao ni kaketa,I splashed cold water on my face to wake up my sleepy head a bit.
sent-3991,覚める,N3 Verbs,朝早く目が覚めると、鳥の歌声が聞こえる。,"Asa hayaku me ga sameru to, tori no utagoe ga kikoeru","When I wake up early in the morning, I can hear the birds singing."
sent-3992,覚める,N3 Verbs,彼女の急な叫びで、みんなが目を覚ますような大きな音が響いた。,"Kanojo no kyuu na sakebi de, minna ga me o samasu you na ookina oto ga hibiita","With her sudden scream, a loud sound echoed as if everyone woke up."
sent-3993,覚める,N3 Verbs,悪夢から覚めると、彼は安心して深呼吸した。,"Akumu kara sameru to, kare wa anshin shite shinkokyuu shita","After waking up from a nightmare, he took a deep breath with a sense of relief."
sent-3994,覚める,N3 Verbs,このまま彼女の隣で目が覚めるのは素晴らしいだろう。,Kono mama kanojo no tonari de me ga sameru no wa subarashii darou,It would be wonderful to wake up next to her just like this.
sent-3995,冷める,N3 Verbs,彼が言っていることに興味を持とうとするが、すぐに興味が冷めてしまう。,"Kare ga itte iru koto ni kyoumi o motou to suru ga, sugu ni kyoumi ga samete shimau.","I try to take an interest in what he's saying, but my interest quickly wanes."
sent-3996,冷める,N3 Verbs,彼女の態度に対して、彼の気持ちが冷め始めた。,"Kanojo no taido ni tai shite, kare no kimochi ga same hajimeta.",His feelings began to cool down towards her attitude.
sent-3997,冷める,N3 Verbs,関係が次第に冷めていくのを感じた。,Kankei ga shidaini sameteiku no o kanjita.,I felt the relationship gradually cooling down.
sent-3998,冷める,N3 Verbs,そのグループの人気が冷めることはないだろう。,Sono guruupu no ninki ga sameru koto wa nai darou.,The popularity of that group will probably never wane.
sent-3999,冷める,N3 Verbs,彼らの熱狂は試合が終わると冷めてしまった。,Karera no nekkyou wa shiai ga owaru to samete shimatta.,Their enthusiasm cooled down after the game ended.
sent-4000,敷く,N3 Verbs,座布団を畳の上に敷いた。,Zabuton o tatami no ue ni shita,I laid the cushion on the tatami mat.
sent-4001,敷く,N3 Verbs,新しいシーツをベッドに敷く。,Atarashii shiitsu o beddo ni shiku,I lay the new sheet on the bed.
sent-4002,敷く,N3 Verbs,母親は子供の部屋に絨毯を敷いてあげた。,Hahaoya wa kodomo no heya ni juutan o shiite ageta,The mother laid a carpet in the child's room.
sent-4003,敷く,N3 Verbs,ピクニックでブランケットを地面に敷く。,Pikunikku de buranketto o jimen ni shiku,Lay the blanket on the ground for a picnic.
sent-4004,敷く,N3 Verbs,彼の家の玄関に新しいマットを敷いてから中に入った。,Kare no ie no genkan ni atarashii matto o shiite kara naka ni haitta,I laid a new mat at the entrance of his house before going inside.
sent-4005,沈む,N3 Verbs,船が沈む前に、乗客は救命ボートに避難した。,"Fune ga shizumu mae ni, joukyaku wa kyuumei booto ni hinan shita.","Before the ship sank, the passengers evacuated to the lifeboats."
sent-4006,沈む,N3 Verbs,太陽が沈む時、空は赤く染まります。,"Taiyou ga shizumu toki, sora wa akaku somarimasu.","When the sun sets, the sky turns red."
sent-4007,沈む,N3 Verbs,重い荷物のせいで、ボートは水中に沈む危険がある。,"Omoi nimotsu no sei de, booto wa suichuu ni shizumu kiken ga aru.",The heavy load causes the boat to be at risk of sinking in the water.
sent-4008,沈む,N3 Verbs,彼女は失望に沈むと、泣き出した。,"Kanojo wa shitsubou ni shizumu to, naki dashita.",She sank into disappointment and started crying.
sent-4009,沈む,N3 Verbs,音楽が止むと、会場は静けさに沈みました。,"Ongaku ga yamu to, kaijou wa shizukesa ni shizumimashita.","When the music stopped, the venue fell into silence."
sent-4010,支払う,N3 Verbs,高額な医療費を支払うのは大変だ。,Kougaku na iryouhi o shiharau no wa taihen da.,It is difficult to pay for high medical expenses.
sent-4011,支払う,N3 Verbs,彼は毎月家賃をきちんと支払っています。,Kare wa maitsuki yachin o kichinto shiharatte imasu.,He pays his rent on time every month.
sent-4012,支払う,N3 Verbs,支払いが遅れた場合、遅延料金を支払う必要があります。,"Shiharai ga okureta baai, chien ryoukin o shiharau hitsuyou ga arimasu.","If the payment is delayed, you need to pay a late fee."
sent-4013,支払う,N3 Verbs,私はレストランで食事をした後、現金で支払いました。,"Watashi wa resutoran de shokuji o shita ato, genkin de shiharaimashita.",I paid in cash after having a meal at the restaurant.
sent-4014,支払う,N3 Verbs,彼女はネットショッピングでクレジットカードで支払いを済ませた。,Kanojo wa nettoshoppingu de kurejitto kaado de shiharai o sumaseta.,She made her payment by credit card in online shopping.
sent-4015,縛る,N3 Verbs,彼の手足を縛ることによって、逃げられないようにした。,"Kare no teashi o shibaru koto ni yotte, nigerarenai you ni shita.","By tying up his hands and feet, we made sure he couldn't escape."
sent-4016,縛る,N3 Verbs,規則に縛られず、自由に意見を言い合いましょう。,"Kisoku ni shibararezu, jiyuu ni iken o iiaimashou.","Let's discuss our opinions freely, without being bound by rules."
sent-4017,縛る,N3 Verbs,彼女は髪をリボンで縛っていた。,Kanojo wa kami o ribon de shibatteita.,She had her hair tied with a ribbon.
sent-4018,縛る,N3 Verbs,習慣に縛られて、新しいことに挑戦しにくくなってしまう。,"Shuukan ni shibararete, atarashii koto ni chousen shinikuku natte shimau.",Being bound by habits makes it difficult to take on new challenges.
sent-4019,縛る,N3 Verbs,厳しい契約は私たちを長期間の責任に縛り付ける。,Kibishii keiyaku wa watashitachi o choukikan no sekinin ni shibaritsukeru.,A strict contract binds us to long-term responsibilities.
sent-4020,しまう,N3 Verbs,うっかり鍵を家の中に置いてしまった。,Ukkari kagi o ie no naka ni oite shimatta,I accidentally left the keys inside the house.
sent-4021,しまう,N3 Verbs,電話をかける前に、誤って電話番号を消してしまいました。,"Denwa o kakeru mae ni, ayamatte denwa bango o keshite shimaimashita","Before making a call, I accidentally deleted the phone number."
sent-4022,しまう,N3 Verbs,彼が間違えて私の宿題を捨ててしまった。,Kare ga machigaete watashi no shukudai o sutete shimatta,He accidentally threw away my homework.
sent-4023,しまう,N3 Verbs,試合でミスをしてしまい、チームが負けてしまった。,"Shiai de misu o shite shimai, chīmu ga makete shimatta","I made a mistake in the game, and the team ended up losing."
sent-4024,しまう,N3 Verbs,隠れていたつもりでも、あいつに見つかってしまった。,"Kakurete ita tsumori demo, aitsu ni mitsukatte shimatta","Even though I intended to hide, that guy found me."
sent-4025,しゃべる,N3 Verbs,彼女はよくしゃべるので、みんなに話しかけられる。,"Kanojo wa yoku shaberu node, minna ni hanashikakerareru","She talks a lot, so everyone talks to her."
sent-4026,しゃべる,N3 Verbs,私たちはコーヒーショップで何時間もしゃべった。,Watashitachi wa koohii shoppu de nan jikan mo shabetta,We chatted for hours at a coffee shop.
sent-4027,しゃべる,N3 Verbs,兄はしゃべる速度が速すぎて、理解しにくい。,"Ani wa shaberu sokudo ga hayasugite, rikai shinikui","My older brother talks too fast, making it difficult to understand."
sent-4028,しゃべる,N3 Verbs,彼は英語をしっかりしゃべることができる。,Kare wa eigo o shikkari shaberu koto ga dekiru,He can speak English fluently.
sent-4029,しゃべる,N3 Verbs,彼女は面白いことが大好きで、いつも何かしらしゃべっている。,"Kanojo wa omoshiroi koto ga daisuki de, itsumo nanikashira shabetteiru",She loves to have fun and is always chatting about something.
sent-4030,信じる,N3 Verbs,彼の言葉を信じることができない。,Kare no kotoba o shinjiru koto ga dekinai,I cannot believe his words.
sent-4031,信じる,N3 Verbs,彼女は彼が無事だと信じています。,Kanojo wa kare ga buji da to shinjite imasu,She believes that he is safe.
sent-4032,信じる,N3 Verbs,彼の計画を信じる価値があると思う。,Kare no keikaku o shinjiru kachi ga aru to omou,I think it's worth believing in his plan.
sent-4033,信じる,N3 Verbs,私は自分の力を信じることが大切だと思う。,Watashi wa jibun no chikara o shinjiru koto ga taisetsu da to omou,I believe that it is important to believe in one's own power.
sent-4034,信じる,N3 Verbs,あなたが成功することを信じています。,Anata ga seikou suru koto o shinjite imasu,I believe that you will succeed.
sent-4035,過ぎる,N3 Verbs,時間が過ぎるのは早いものです。,Jikan ga sugiru no wa hayai mono desu,Time passes quickly.
sent-4036,過ぎる,N3 Verbs,厳し過ぎる言葉は人を傷つけることがあります。,Kibishi sugiru kotoba wa hito o kizutsukeru koto ga arimasu,Words that are too harsh can hurt people.
sent-4037,過ぎる,N3 Verbs,最近、勉強し過ぎて疲れてしまいました。,"Saikin, benkyou shi sugite tsukarete shimaimashita","Recently, I've been studying too much and got tired."
sent-4038,過ぎる,N3 Verbs,彼女は甘口の料理が苦手だが、これは辛さがちょっと過ぎる。,"Kanojo wa amaguchi no ryouri ga nigate da ga, kore wa karasa ga chotto sugiru","She doesn't like mild dishes, but this is a bit too spicy."
sent-4039,過ぎる,N3 Verbs,明日までにやらなければならないことが多過ぎる。,Ashita made ni yaranakereba naranai koto ga oo sugiru,There are too many things I must do by tomorrow.
sent-4040,過ごす,N3 Verbs,週末は家でゆっくり過ごすつもりです。,Shuumatsu wa ie de yukkuri sugosu tsumori desu,I plan to spend the weekend relaxing at home.
sent-4041,過ごす,N3 Verbs,今日の午後を図書館で過ごす予定です。,Kyou no gogo o toshokan de sugosu yotei desu,I plan to spend this afternoon at the library.
sent-4042,過ごす,N3 Verbs,子供たちは夏休みを祖父母の家で過ごすことになりました。,Kodomo-tachi wa natsuyasumi o sofubo no ie de sugosu koto ni narimashita,The children will spend their summer vacation at their grandparents' house.
sent-4043,過ごす,N3 Verbs,彼女は一日中友達とショッピングセンターで過ごしました。,Kanojo wa ichinichijuu tomodachi to shoppingu sentaa de sugoshimashita,She spent the whole day with her friends at the shopping center.
sent-4044,過ごす,N3 Verbs,二人は素晴らしい休暇を海外で過ごすつもりです。,Futari wa subarashii kyuuka o kaigai de sugosu tsumori desu,The two of them plan to spend a wonderful vacation abroad.
sent-4045,進む,N3 Verbs,道に迷ってしまって、どの方向に進むべきかわからない。,"Michi ni mayotte shimatte, dono houkou ni susumu beki ka wakaranai.",I got lost and don't know which direction to proceed.
sent-4046,進む,N3 Verbs,彼は決断力があり、物事を進めるペースが非常に速い。,"Kare wa ketsudanryoku ga ari, monogoto o susumeru peesu ga hijou ni hayai.","He has strong decision-making ability, and the pace at which he moves things forward is very fast."
sent-4047,進む,N3 Verbs,会議が予定通りに進むために、議題を準備した。,"Kaigi ga yotei doori ni susumu tame ni, gidai o junbi shita.",I prepared the agenda so that the meeting would proceed as planned.
sent-4048,進む,N3 Verbs,そのプロジェクトはスケジュール通りに進んでいる。,Sono purojekuto wa sukejuuru doori ni susunde iru.,The project is progressing according to schedule.
sent-4049,進む,N3 Verbs,私たちは祭りの準備がスムーズに進むように急がなければならない。,Watashitachi wa matsuri no junbi ga sumuuzu ni susumu you ni isoganakereba naranai.,We must hurry so that the festival preparations progress smoothly.
sent-4050,勧める,N3 Verbs,その映画を勧めるので、ぜひ見てください。,"Sono eiga o susumeru node, zehi mite kudasai.","I recommend that movie, so please watch it by all means."
sent-4051,勧める,N3 Verbs,友達がこの本を勧めたので、読んでみることにしました。,"Tomodachi ga kono hon o susumeta node, yonde miru koto ni shimashita.","My friend recommended this book, so I decided to give it a read."
sent-4052,勧める,N3 Verbs,彼は私にそのレストランを勧めました。,Kare wa watashi ni sono resutoran o susumemashita.,He recommended that restaurant to me.
sent-4053,勧める,N3 Verbs,良い仕事があると聞いたので、彼に応募するよう勧めました。,"Yoi shigoto ga aru to kiita node, kare ni oubo suru you susumemashita.","I heard that there is a good job, so I recommended him to apply."
sent-4054,勧める,N3 Verbs,先生は私にもっと勉強するよう勧めました。,Sensei wa watashi ni motto benkyou suru you susumemashita.,The teacher encouraged me to study more.
sent-4055,滑る,N3 Verbs,雨で道が滑りやすくなっているので注意してください。,Ame de michi ga suberi yasuku natte iru node chuui shite kudasai,Please be careful as the road has become slippery due to rain.
sent-4056,滑る,N3 Verbs,彼は凍った池で滑って転んでしまった。,Kare wa kotta ike de subette koronde shimatta,He slipped and fell on the frozen pond.
sent-4057,滑る,N3 Verbs,最初のスキー体験で何度も滑ってしまった。,Saisho no sukii taiken de nando mo subette shimatta,I slipped many times during my first skiing experience.
sent-4058,滑る,N3 Verbs,彼はスケートボードで上手に滑ることができる。,Kare wa sukeeto boodo de jouzu ni suberu koto ga dekiru,He can skate skillfully on a skateboard.
sent-4059,滑る,N3 Verbs,滑り台で子供たちは楽しそうに滑っていました。,Suberidai de kodomo-tachi wa tanoshisou ni subette imashita,The children were happily sliding down the slide.
sent-4060,済む,N3 Verbs,用事が済むまで待ってください。,Youji ga sumu made matte kudasai,Please wait until the task is finished.
sent-4061,済む,N3 Verbs,支払いが済んだら、商品を受け取ります。,"Shiharai ga sundara, shouhin o uketorimasu","After the payment is done, I will receive the product."
sent-4062,済む,N3 Verbs,勉強が済んだら、映画を見ましょう。,"Benkyou ga sunda ra, eiga o mimashou",Let's watch a movie after we finish studying.
sent-4063,済む,N3 Verbs,夕食が済んだ後で、散歩に行きませんか？,"Yuushoku ga sunda ato de, sanpo ni ikimasen ka?",Won't you go for a walk after dinner is finished?
sent-4064,済む,N3 Verbs,あの議論が済むまでに、時間がかかった。,"Ano giron ga sumu made ni, jikan ga kakatta",It took time for that argument to be settled.
sent-4065,育てる,N3 Verbs,子供を良い環境で育てることが大切です。,Kodomo o yoi kankyou de sodateru koto ga taisetsu desu.,It is important to raise children in a good environment.
sent-4066,育てる,N3 Verbs,両親は私たち３人の姉妹を育てました。,Ryoushin wa watashitachi san'nin no shimai o sodatemashita.,My parents raised the three of us sisters.
sent-4067,育てる,N3 Verbs,無農薬野菜を家の庭で育てるつもりです。,Munouyaku yasai o ie no niwa de sodateru tsumori desu.,I plan to grow pesticide-free vegetables in my home garden.
sent-4068,育てる,N3 Verbs,彼女は犬を家族の一員として育てている。,Kanojo wa inu o kazoku no ichiin to shite sodatete iru.,She raises her dog as a member of the family.
sent-4069,育てる,N3 Verbs,教育は、次世代を育てる重要な要素です。,"Kyouiku wa, jisedai o sodateru juuyou na youso desu.",Education is an important factor in nurturing the next generation.
sent-4070,備える,N3 Verbs,地震に備えるために、非常袋を用意しておくべきです。,"Jishin ni sonaeru tame ni, hijou-bukuro o youi shite oku beki desu","In preparation for an earthquake, you should have an emergency bag ready."
sent-4071,備える,N3 Verbs,将来の病気やケガに備えて、保険に加入しておくことが大切です。,"Shourai no byouki ya kega ni sonaete, hoken ni kanyuu shite oku koto ga taisetsu desu",It is important to join insurance in preparation for future illnesses or injuries.
sent-4072,備える,N3 Verbs,突然の雨に備えて、傘を持ち歩くことは良い習慣です。,"Totsuzen no ame ni sonaete, kasa o mochi aruku koto wa yoi shuukan desu",Carrying an umbrella in preparation for sudden rain is a good habit.
sent-4073,備える,N3 Verbs,災害に備えるために、避難計画を立てておく必要があります。,"Saigai ni sonaeru tame ni, hinan keikaku o tatete oku hitsuyou ga arimasu","In order to prepare for disasters, it is necessary to have an evacuation plan in place."
sent-4074,備える,N3 Verbs,提案会議のために、資料を事前に整理しておくべきです。,"Teian kaigi no tame ni, shiryou o jizen ni seiri shite oku beki desu","In preparation for the proposal meeting, you should organize the materials in advance."
sent-4075,染める,N3 Verbs,彼女は髪をピンクに染めました。,Kanojo wa kami o pinku ni somemashita,She dyed her hair pink.
sent-4076,染める,N3 Verbs,紅葉が山を美しく染めている。,Kouyou ga yama o utsukushiku somete iru,The autumn leaves are beautifully coloring the mountain.
sent-4077,染める,N3 Verbs,彼は自分のシャツにコーヒーを染めてしまった。,Kare wa jibun no shatsu ni koohii o somete shimatta,He accidentally stained his shirt with coffee.
sent-4078,染める,N3 Verbs,君はその布を何色に染めるつもりですか？,Kimi wa sono nuno o naniiro ni someru tsumori desu ka?,What color are you planning to dye the fabric?
sent-4079,染める,N3 Verbs,その出来事は彼女の心を深く染めました。,Sono dekigoto wa kanojo no kokoro o fukaku somemashita,That event deeply colored her heart.
sent-4080,そる,N3 Verbs,彼は髭をそるために新しいカミソリを買った。,Kare wa hige o soru tame ni atarashii kamisori o katta.,He bought a new razor to shave his beard.
sent-4081,そる,N3 Verbs,寝ぼけ眼で髭を剃ろうとして怪我しちゃった。,Nebokemana de hige o sorou to shite kega shichatta.,I injured myself while trying to shave my beard with sleepy eyes.
sent-4082,そる,N3 Verbs,彼女は脚をそらないことを選んだ。,Kanojo wa ashi o soranai koto o eranda.,She chose not to shave her legs.
sent-4083,そる,N3 Verbs,朝の忙しい時間に髭をそるのは大変だ。,Asa no isogashii jikan ni hige o soru no wa taihen da.,It's tough to shave my beard during a busy morning time.
sent-4084,そる,N3 Verbs,プールに行く前に、背中の毛をそるのを手伝ってくれる？,"Puuru ni iku mae ni, senaka no ke o soru no o tetsudatte kureru?",Can you help me shave the hair on my back before going to the pool?
sent-4085,そろえる,N3 Verbs,リビングに家具をそろえました。,Ribingu ni kagu o soroemashita,I gathered all the furniture in the living room.
sent-4086,そろえる,N3 Verbs,寒い季節に備えて、防寒具をそろえておいた方がいい。,"Samui kisetsu ni sonaete, boukangu o soroete oita hou ga ii",It's better to prepare and gather cold-weather gear for the cold season.
sent-4087,そろえる,N3 Verbs,パーティーで食べる料理をそろえるのに忙しかった。,Paatii de taberu ryouri o soroeru no ni isogashikatta,I was busy gathering the dishes for the party.
sent-4088,そろえる,N3 Verbs,試験勉強のためにテキストと参考書をそろえた。,Shiken benkyou no tame ni tekisuto to sankousho o soroeta,I gathered textbooks and reference books for exam study.
sent-4089,そろえる,N3 Verbs,ハイキングに行く前に必要な道具をそろえました。,Haikingu ni iku mae ni hitsuyou na dougu o soroemashita,I gathered the necessary tools before going hiking.
sent-4090,倒す,N3 Verbs,彼は壁にかかっている絵を倒してしまった。,Kare wa kabe ni kakatte iru e o taoshite shimatta,He accidentally knocked down the picture hanging on the wall.
sent-4091,倒す,N3 Verbs,強い敵を倒すには一致団結が必要だ。,Tsuyoi teki o taosu ni wa icchi danketsu ga hitsuyou da,Unity is essential to defeat a strong enemy.
sent-4092,倒す,N3 Verbs,地震の最中に木が倒れて電線を倒すことがある。,Jishin no saichuu ni ki ga taorete densen o taosu koto ga aru,"During an earthquake, trees may fall and knock down power lines."
sent-4093,倒す,N3 Verbs,気をつけて、ワインガラスを倒さないでください。,"Ki o tsukete, wain garasu o taosanaide kudasai",Be careful not to knock over the wine glass.
sent-4094,倒す,N3 Verbs,彼女は病気で苦しんでいるが、それを倒す勇気がある。,"Kanojo wa byouki de kurushinde iru ga, sore o taosu yuuki ga aru","She is suffering from illness, but she has the courage to overcome it."
sent-4095,炊く,N3 Verbs,今日の夕食にご飯を炊いてみた。,Kyou no yuushoku ni gohan o taita mita.,I tried cooking rice for today's dinner.
sent-4096,炊く,N3 Verbs,彼女は炊飯器でご飯を炊いた。,Kanojo wa suihanki de gohan o taita.,She cooked rice in a rice cooker.
sent-4097,炊く,N3 Verbs,野菜がたくさんあるから、炊き込みご飯を作ろうと思った。,"Yasai ga takusan aru kara, takikomi gohan o tsukurou to omotta.","Since there are a lot of vegetables, I thought about making seasoned rice with them."
sent-4098,炊く,N3 Verbs,家でカレー用のご飯を炊くのが得意です。,Ie de kareyou no gohan o taku no ga tokui desu.,I'm good at cooking the rice for curry at home.
sent-4099,炊く,N3 Verbs,彼は毎朝ご飯を炊いて、新鮮な卵で朝食を作っています。,"Kare wa maiasa gohan o taite, shinsen na tamago de choushoku o tsukutte imasu.",He cooks rice every morning and makes breakfast with fresh eggs.
sent-4100,抱く,N3 Verbs,彼は夢を抱いて外国へ留学した。,Kare wa yume o idaite gaikoku e ryuugaku shita.,He went to study abroad with dreams in his heart.
sent-4101,抱く,N3 Verbs,私たちは将来に対する不安を抱くことがよくあります。,Watashitachi wa shourai ni taisuru fuan o idaku koto ga yoku arimasu.,We often harbor anxiety about the future.
sent-4102,抱く,N3 Verbs,彼女は赤ちゃんを優しく抱いていました。,Kanojo wa akachan o yasashiku daite imashita.,She was gently holding the baby.
sent-4103,抱く,N3 Verbs,彼は皆の期待を胸に抱いてレースに勝利を目指している。,Kare wa mina no kitai o mune ni idaite reesu ni shouri o mezashite iru.,He aims for victory in the race with everyone's expectations in his heart.
sent-4104,抱く,N3 Verbs,その案には疑問を抱く人もまだ多い。,Sono an ni wa gimon o idaku hito mo mada ooi.,There are still many people who have doubts about that plan.
sent-4105,確かめる,N3 Verbs,情報が正しいかどうかを確かめる必要がある。,Jouhou ga tadashii ka douka o tashikameru hitsuyou ga aru.,We need to confirm whether the information is correct or not.
sent-4106,確かめる,N3 Verbs,予約が完了したかどうかを確かめるために、メールをチェックしました。,"Yoyaku ga kanryou shita ka douka o tashikameru tame ni, meeru o chekku shimashita.",I checked the email to confirm whether the reservation was completed or not.
sent-4107,確かめる,N3 Verbs,確かめる前に、その話を信じてはいけない。,"Tashikameru mae ni, sono hanashi o shinjite wa ikenai.",You shouldn't believe that story before confirming it.
sent-4108,確かめる,N3 Verbs,会議の日程が変更されたので、皆に確認メールを送って確かめました。,"Kaigi no nittei ga henkou sareta node, mina ni kakunin meeru o okutte tashikamemashita.","Since the meeting schedule was changed, I sent a confirmation email to everyone and confirmed."
sent-4109,確かめる,N3 Verbs,彼が無事だと確かめたいので、電話で連絡してみます。,"Kare ga buji da to tashikametai node, denwa de renraku shite mimasu.","I want to confirm that he is safe, so I will try to contact him by phone."
sent-4110,足す,N3 Verbs,３足す２は５です。,San tasu ni wa go desu.,3 plus 2 is 5.
sent-4111,足す,N3 Verbs,彼は私のアイデアに彼のアイデアも足して提案することにした。,Kare wa watashi no aidea ni kare no aidea mo tashite teian suru koto ni shita.,He decided to propose by adding his idea to my idea.
sent-4112,足す,N3 Verbs,この計算では、全ての数字を足してから合計を求める。,"Kono keisan de wa, subete no suuji o tashite kara goukei o motomeru.","In this calculation, we add up all the numbers and then find the total."
sent-4113,足す,N3 Verbs,このレシピには、最後に味を調節するために塩を足すことが推奨されています。,"Kono reshipi ni wa, saigo ni aji o chousei suru tame ni shio o tasu koto ga suishou sareteimasu.",It is recommended to add salt at the end of this recipe to adjust the taste.
sent-4114,足す,N3 Verbs,彼女は彼のアドバイスを自分の計画に足すことで成功した。,Kanojo wa kare no adobaisu o jibun no keikaku ni tasu koto de seikou shita.,She succeeded by adding his advice to her own plan.
sent-4115,助ける,N3 Verbs,その子猫は木から降りられず、僕は助けることにした。,"Sono koneko wa ki kara orirarezu, boku wa tasukeru koto ni shita","The kitten couldn't get down from the tree, so I decided to help it."
sent-4116,助ける,N3 Verbs,彼女は道に迷っていたので、正しい方向を教えて助けることにした。,"Kanojo wa michi ni mayotte ita node, tadashii houkou o oshiete tasukeru koto ni shita","She was lost, so I decided to help her by giving her the correct directions."
sent-4117,助ける,N3 Verbs,仕事が忙しい時、同僚が助けると本当に助かります。,"Shigoto ga isogashii toki, douryou ga tasukeru to hontou ni tasukarimasu","When work is busy, it's really helpful when my colleagues help out."
sent-4118,助ける,N3 Verbs,事故に遭った人を助けるために救急車を呼んだ。,Jiko ni atta hito o tasukeru tame ni kyuukyuusha o yonda,I called an ambulance to help the person involved in the accident.
sent-4119,助ける,N3 Verbs,知り合いの家族が困っていると聞いて、手伝いに行くことで助けることにしました。,"Shiriai no kazoku ga komatte iru to kiite, tetsudai ni iku koto de tasukeru koto ni shimashita","I heard that a friend's family was in trouble, so I decided to help by going to lend a hand."
sent-4120,訪ねる,N3 Verbs,友達の家を訪ねるために、電車で行った。,"Tomodachi no ie o tazuneru tame ni, densha de itta.",I took a train to visit my friend's house.
sent-4121,訪ねる,N3 Verbs,世界中の有名な観光地を訪ねるのが夢です。,Sekaijuu no yuumei na kankouchi o tazuneru no ga yume desu.,My dream is to visit famous tourist spots around the world.
sent-4122,訪ねる,N3 Verbs,休暇中に祖父母の家を訪ねる予定だ。,Kyuuka-chuu ni sofubo no ie o tazuneru yotei da.,I plan to visit my grandparents' house during the vacation.
sent-4123,訪ねる,N3 Verbs,彼女は先生のオフィスに質問をしに訪ねた。,Kanojo wa sensei no ofisu ni shitsumon o shi ni tazuneta.,She visited the teacher's office to ask a question.
sent-4124,訪ねる,N3 Verbs,患者として初めてその病院を訪ねた。,Kanja toshite hajimete sono byouin o tazuneta.,I visited the hospital for the first time as a patient.
sent-4125,尋ねる,N3 Verbs,彼女に道を尋ねました。,Kanojo ni michi o tazunemashita.,I asked her for directions.
sent-4126,尋ねる,N3 Verbs,先生に質問を尋ねることができました。,Sensei ni shitsumon o tazuneru koto ga dekimashita.,I was able to ask the teacher a question.
sent-4127,尋ねる,N3 Verbs,彼にその会社の詳細を尋ねた。,Kare ni sono kaisha no shousai o tazuneta.,I asked him about the details of the company.
sent-4128,尋ねる,N3 Verbs,駅員に電車の時刻を尋ねた。,Ekiin ni densha no jikoku o tazuneta.,I asked the station attendant about the train schedule.
sent-4129,尋ねる,N3 Verbs,彼に明日の予定を尋ねました。,Kare ni ashita no yotei o tazunemashita.,I asked him about tomorrow's schedule.
sent-4130,戦う,N3 Verbs,あなたはどんな困難にも立ち向かって戦うべきだ。,Anata wa donna konnan ni mo tachimukatte tatakau beki da.,You should fight against any difficulties.
sent-4131,戦う,N3 Verbs,このチームと戦うことは、私たちにとって大きな挑戦です。,"Kono chiimu to tatakau koto wa, watashitachi ni totte ooki na chousen desu.",Fighting against this team is a big challenge for us.
sent-4132,戦う,N3 Verbs,彼は病気と戦う勇気を見つけました。,Kare wa byouki to tatakau yuuki o mitsukemashita.,He found the courage to fight the illness.
sent-4133,戦う,N3 Verbs,戦士たちは敵を倒すために勇敢に戦いました。,Senshitachi wa teki o taosu tame ni yuukan ni tatakaimashita.,The warriors fought bravely to defeat the enemy.
sent-4134,戦う,N3 Verbs,彼らは平和のために戦っています。,Karera wa heiwa no tame ni tatakatte imasu.,They are fighting for peace.
sent-4135,たたく,N3 Verbs,手をたたいて音楽に合わせる。,Te o tataite ongaku ni awaseru,Clap your hands to the rhythm of the music.
sent-4136,たたく,N3 Verbs,彼はちょっとしたミスで机をたたいた。,Kare wa chotto shita misu de tsukue o tataita,He tapped the desk for a small mistake.
sent-4137,たたく,N3 Verbs,彼女はラグビーボールをたたいて飛ばした。,Kanojo wa ragubībōru o tataite tobashita,She hit the rugby ball and sent it flying.
sent-4138,たたく,N3 Verbs,彼は肩をたたく仕草をした。,Kare wa kata o tataku shigusa o shita,He made a gesture of tapping his shoulder.
sent-4139,たたく,N3 Verbs,彼はタイマーをたたいて調理の時間を知らせます。,Kare wa taimā o tataite chōri no jikan o shirase masu,He taps the timer to notify you of the cooking time.
sent-4140,畳む,N3 Verbs,椅子を畳んで持ってきてください。,Isu o tatande motte kite kudasai.,Please fold the chair and bring it.
sent-4141,畳む,N3 Verbs,彼はシャツを丁寧に畳んでいました。,Kare wa shatsu o teinei ni tatande imashita.,He was carefully folding his shirt.
sent-4142,畳む,N3 Verbs,畳まれた新聞を反対側のテーブルに置いてください。,Tatamareta shinbun o hantaigawa no teeburu ni oite kudasai.,Please place the folded newspaper on the table across.
sent-4143,畳む,N3 Verbs,彼女は布を三つ折りに畳んだ。,Kanojo wa nuno o mitsuori ni tatanda.,She folded the cloth in a triple fold.
sent-4144,畳む,N3 Verbs,ベッドカバーを畳んでそこに置いておいてね。,Beddokabaa o tatande soko ni oite oite ne.,Fold the bed cover and leave it there.
sent-4145,立ち上がる,N3 Verbs,彼は座っていた椅子から立ち上がった。,Kare wa suwatte ita isu kara tachiagatta,He stood up from the chair he was sitting on.
sent-4146,立ち上がる,N3 Verbs,一人が立ち上がると、皆も立ち上がった。,"Hitori ga tachiagaru to, mina mo tachiagatta","When one person stood up, everyone else did so as well."
sent-4147,立ち上がる,N3 Verbs,彼女は突然立ち上がって退室した。,Kanojo wa totsuzen tachiagatte taishitsu shita,She suddenly stood up and left the room.
sent-4148,立ち上がる,N3 Verbs,プロジェクトが無事に立ち上がりました。,Purojekuto ga buji ni tachiagarimashita,The project has successfully started up.
sent-4149,立ち上がる,N3 Verbs,立ち上がるのが遅れると、列車に乗り遅れる恐れがある。,"Tachiagaru no ga okureru to, ressha ni noriokureru osore ga aru","If you get up late, you may miss the train."
sent-4150,立ち止まる,N3 Verbs,急に道で立ち止まって、彼女の声を聞こえました。,"Kyuu ni michi de tachidomatte, kanojo no koe o kikoemashita.","Suddenly stopping on the road, I heard her voice."
sent-4151,立ち止まる,N3 Verbs,この美しい風景を見て、立ち止まって感動した。,"Kono utsukushii fuukei o mite, tachidomatte kandou shita.","Seeing this beautiful scenery, I stopped and was deeply moved."
sent-4152,立ち止まる,N3 Verbs,その質問に立ち止まって、彼はしばらく考え込んでいました。,"Sono shitsumon ni tachidomatte, kare wa shibaraku kangaekondeimashita.","Stopped by that question, he thought for a while."
sent-4153,立ち止まる,N3 Verbs,彼は慌ただしい朝の駅前で立ち止まり、時計を確認した。,"Kare wa awatadashii asa no ekimae de tachidomari, tokei o kakunin shita.",He stopped in front of the busy morning station and checked the time.
sent-4154,立ち止まる,N3 Verbs,彼女は突然立ち止まって、思い出すような表情を浮かべた。,"Kanojo wa totsuzen tachidomatte, omoidasu you na hyoujou o ukabeta.",She suddenly stopped and had an expression as if remembering something.
sent-4155,楽しむ,N3 Verbs,旅行を楽しむためには、事前に計画を立てることが大切です。,"Ryokou o tanoshimu tame ni wa, jizen ni keikaku o tateru koto ga taisetsu desu","In order to enjoy traveling, it is important to make a plan beforehand."
sent-4156,楽しむ,N3 Verbs,今回のイベントは、みんなで楽しむことが目的です。,"Konkai no ibento wa, minna de tanoshimu koto ga mokuteki desu",The purpose of this event is for everyone to enjoy together.
sent-4157,楽しむ,N3 Verbs,美術館で絵画を楽しむのもいいデートスポットです。,Bijutsukan de kaiga o tanoshimu no mo ii deeto supotto desu,Enjoying paintings at an art museum is also a good date spot.
sent-4158,楽しむ,N3 Verbs,週末を活用して趣味を楽しむことが大切です。,Shuumatsu o katsuyou shite shumi o tanoshimu koto ga taisetsu desu,It is important to make use of the weekends to enjoy your hobbies.
sent-4159,楽しむ,N3 Verbs,季節ごとに異なる自然の風景を楽しむことができます。,Kisetsu goto ni kotonaru shizen no fuukei o tanoshimu koto ga dekimasu,You can enjoy different natural landscapes for each season.
sent-4160,黙る,N3 Verbs,彼は質問に黙っていた。,Kare wa shitsumon ni damatteita,He remained silent when asked a question.
sent-4161,黙る,N3 Verbs,彼女は何も言わずに黙って立っていた。,Kanojo wa nanimo iwazu ni damatte tatteita,She stood there silently without saying anything.
sent-4162,黙る,N3 Verbs,先生が話す時、生徒たちは黙らなければならない。,"Sensei ga hanasu toki, seito-tachi wa damaranakereba naranai",The students must be silent when the teacher speaks.
sent-4163,黙る,N3 Verbs,彼は私の意見に賛成して黙っていた。,Kare wa watashi no iken ni sansei shite damatteita,He agreed with my opinion and remained silent.
sent-4164,黙る,N3 Verbs,時には、黙って話を聞くことが最善の策だ。,"Toki niwa, damatte hanashi o kiku koto ga saizen no saku da","Sometimes, the best strategy is to listen silently."
sent-4165,ためる,N3 Verbs,貯金をためるために、無駄遣いをやめました。,"Chokin o tameru tame ni, mudazukai o yamemashita.",I stopped wasting money in order to save up.
sent-4166,ためる,N3 Verbs,このプールに水をためるのにどれくらいの時間がかかりますか?,Kono puuru ni mizu o tameru no ni dorekurai no jikan ga kakarimasu ka?,How long does it take to fill this pool with water?
sent-4167,ためる,N3 Verbs,ストレスをためないように、定期的にリラックスすることが大切です。,"Sutoresu o tamenai youni, teikiteki ni rirakkusu suru koto ga taisetsu desu.",It's important to relax regularly to avoid accumulating stress.
sent-4168,ためる,N3 Verbs,知識をためるために、毎日少しずつ勉強することが大切です。,"Chishiki o tameru tame ni, mainichi sukoshi zutsu benkyou suru koto ga taisetsu desu.","In order to accumulate knowledge, it's important to study a little bit every day."
sent-4169,ためる,N3 Verbs,冬になると、屋根に雪がたまるため、注意が必要です。,"Fuyu ni naru to, yane ni yuki ga tamaru tame, chuui ga hitsuyou desu.","In the winter, snow accumulates on the roof, so caution is needed."
sent-4170,足りる,N3 Verbs,お金が足りないので、買い物ができません。,"Okane ga tarinai node, kaimono ga dekimasen","I don't have enough money, so I can't go shopping."
sent-4171,足りる,N3 Verbs,食べ物が足りなくなってきたので、スーパーに行かないといけません。,"Tabemono ga tarinaku natte kita node, suupaa ni ikanai to ikemasen","We are running out of food, so we have to go to the supermarket."
sent-4172,足りる,N3 Verbs,彼の力は十分足りているので、心配しなくても大丈夫です。,"Kare no chikara wa juubun tarite iru node, shinpai shinakute mo daijoubu desu","He has enough strength, so there is no need to worry."
sent-4173,足りる,N3 Verbs,このプロジェクトのための予算は足りていない。,Kono purojekuto no tame no yosan wa tarite inai,We don't have enough budget for this project.
sent-4174,足りる,N3 Verbs,時間が足りなくて、課題を提出できませんでした。,"Jikan ga tarinakute, kadai o teishutsu dekimasen deshita","I didn't have enough time, so I couldn't submit my assignment."
sent-4175,近づく,N3 Verbs,彼女に近づくのは難しいようだ。,Kanojo ni chikazuku no wa muzukashii you da,It seems difficult to approach her.
sent-4176,近づく,N3 Verbs,地球温暖化が進むにつれて氷河が溶け、海面が近づく。,"Chikyuu ondanka ga susumu ni tsurete hyouga ga toke, kaimen ga chikazuku","As global warming progresses, glaciers melt and the sea level gets closer."
sent-4177,近づく,N3 Verbs,雷雨が近づくと、空が急速に暗くなる。,"Raiu ga chikazuku to, sora ga kyuusoku ni kuraku naru","When a thunderstorm approaches, the sky quickly darkens."
sent-4178,近づく,N3 Verbs,危険な動物に無闇に近づくことは危険だ。,Kiken na doubutsu ni muyami ni chikazuku koto wa kiken da,It is dangerous to approach dangerous animals recklessly.
sent-4179,近づく,N3 Verbs,試験が近づくにつれ、私の緊張感が高まってきた。,"Shiken ga chikazuku ni tsure, watashi no kinchoukan ga takamatte kita","As the exam approaches, my nervousness has been increasing."
sent-4180,近寄る,N3 Verbs,私は犬に近寄ろうとしたが、吠えられてしまった。,"Watashi wa inu ni chikayorou to shita ga, hoerarete shimatta","I tried to get close to the dog, but it barked at me."
sent-4181,近寄る,N3 Verbs,危険な場所には近寄らない方がいいです。,Kiken na basho ni wa chikayoranai hou ga ii desu,It's better not to get close to dangerous places.
sent-4182,近寄る,N3 Verbs,彼女は迫り来る車に気づかず近寄ってしまった。,Kanojo wa semarikuru kuruma ni kizukazu chikayotte shimatta,She didn't notice the approaching car and got too close to it.
sent-4183,近寄る,N3 Verbs,花に近寄ると、香りが強くなります。,"Hana ni chikayoru to, kaori ga tsuyoku narimasu","When you get close to a flower, the scent becomes stronger."
sent-4184,近寄る,N3 Verbs,野生の動物に近寄る際は注意してください。,Yasei no doubutsu ni chikayoru sai wa chuui shite kudasai,Please be careful when approaching wild animals.
sent-4185,散らかる,N3 Verbs,部屋が散らかっていて探し物が見つからない。,Heya ga chirakatte ite sagashimono ga mitsukaranai,The room is so messy that I can't find what I'm looking for.
sent-4186,散らかる,N3 Verbs,子供たちが遊んだ後、おもちゃが床に散らかっていた。,"Kodomo-tachi ga asonda ato, omocha ga yuka ni chirakatte ita","After the children played, toys were scattered all over the floor."
sent-4187,散らかる,N3 Verbs,台風のせいで、木の葉が道路に散らかっている。,"Taifuu no sei de, ki no ha ga douro ni chirakatte iru","Due to the typhoon, leaves are scattered all over the road."
sent-4188,散らかる,N3 Verbs,散らかった部屋を早く片付けなければならない。,Chirakatta heya o hayaku katazukenakereba naranai,I have to clean up the messy room quickly.
sent-4189,散らかる,N3 Verbs,仕事が終わった後、書類が机の上に散らかっていた。,"Shigoto ga owatta ato, shorui ga tsukue no ue ni chirakatte ita","After finishing work, documents were scattered on the desk."
sent-4190,散る,N3 Verbs,花が風に散るのを見ていると、春が終わりに近づいていることを感じます。,"Hana ga kaze ni chiru no o mite iru to, haru ga owari ni chikazuite iru koto o kanjimasu.","Watching the flowers scatter in the wind, I can feel that spring is drawing to a close."
sent-4191,散る,N3 Verbs,散歩中に道沿いに散る落ち葉を踏む音が心地よいです。,Sanpo-chuu ni michi zoi ni chiru ochiba o fumu oto ga kokochiyoi desu.,The sound of stepping on fallen leaves scattered along the path during a walk is pleasant.
sent-4192,散る,N3 Verbs,木から散る実を拾い集めて、ジャムを作りました。,"Ki kara chiru mi o hiroi atsumete, jamu o tsukurimashita.",I picked up the fruits scattered from the trees and made jam.
sent-4193,散る,N3 Verbs,雪が散るような白い花びらが美しいです。,Yuki ga chiru youna shiroi hanabira ga utsukushii desu.,The white petals that scatter like snow are beautiful.
sent-4194,散る,N3 Verbs,山の中で桜の花が散るのを見ながら、季節の移り変わりを感じました。,"Yama no naka de sakura no hana ga chiru no o minagara, kisetsu no utsurikawari o kanjimashita.","Watching the cherry blossoms scatter in the mountains, I felt the changing of the seasons."
sent-4195,通じる,N3 Verbs,英語は世界中で通じる言語です。,Eigo wa sekaijuu de tsuujiru gengo desu,English is a language that is understood all around the world.
sent-4196,通じる,N3 Verbs,彼の気持ちは言葉にしなくても通じる。,Kare no kimochi wa kotoba ni shinakute mo tsuujiru,His feelings are understood without having to put them into words.
sent-4197,通じる,N3 Verbs,彼女は真心が通じて、友達との関係が改善された。,"Kanojo wa magokoro ga tsuujite, tomodachi to no kankei ga kaizen sareta","Her sincerity came through, and her relationship with her friends improved."
sent-4198,通じる,N3 Verbs,お互いの意見が通じ合うことが、チームワークを向上させます。,"Otagai no iken ga tsuujiau koto ga, chiimuwaaku o koujousasemasu",Understanding each other's opinions improves teamwork.
sent-4199,通じる,N3 Verbs,この道は村へ通じている。,Kono michi wa mura e tsuujite iru,This road leads to the village.
sent-4200,捕まる,N3 Verbs,あの泥棒は警察に捕まるたび逃げ出す。,Ano dorobou wa keisatsu ni tsukamaru tabi nigedasu,That thief escapes every time he gets caught by the police.
sent-4201,捕まる,N3 Verbs,彼は駅のホームで切符検査員に捕まりました。,Kare wa eki no hoomu de kippu kensa-in ni tsukamarimashita,He was caught by a ticket inspector on the station platform.
sent-4202,捕まる,N3 Verbs,逃げるウサギが猟師に捕まりました。,Nigeru usagi ga ryoushi ni tsukamarimashita,The escaping rabbit was caught by the hunter.
sent-4203,捕まる,N3 Verbs,昨晩、交通違反で警察に捕まりました。,"Sakuban, koutsuu ihan de keisatsu ni tsukamarimashita","Last night, I was caught by the police for a traffic violation."
sent-4204,捕まる,N3 Verbs,彼は夢の中で怪物に捕まっているように見えた。,Kare wa yume no naka de kaibutsu ni tsukamatte iru you ni mieta,He appeared to be caught by a monster in his dreams.
sent-4205,つかむ,N3 Verbs,彼は急いで私の腕をつかんだ。,Kare wa isoide watashi no ude o tsukanda,He quickly grabbed my arm.
sent-4206,つかむ,N3 Verbs,子供は母親の手をしっかりつかんでいた。,Kodomo wa hahaoya no te o shikkari tsukande ita,The child was holding his mother's hand tightly.
sent-4207,つかむ,N3 Verbs,彼はチャンスをつかむために努力しています。,Kare wa chansu o tsukamu tame ni doryoku shite imasu,He is making efforts to seize the opportunity.
sent-4208,つかむ,N3 Verbs,父がボールをつかむと息子は喜びました。,Chichi ga booru o tsukamu to musuko wa yorokobimashita,The son was delighted when his father caught the ball.
sent-4209,つかむ,N3 Verbs,彼女は急に彼のシャツをつかんで引っ張った。,Kanojo wa kyuu ni kare no shatsu o tsukande hippatta,She suddenly grabbed his shirt and pulled it.
sent-4210,付き合う,N3 Verbs,彼女と付き合うことになった。,Kanojo to tsukiau koto ni natta,I started dating her.
sent-4211,付き合う,N3 Verbs,友達と付き合って映画を見に行った。,Tomodachi to tsukiatte eiga o mi ni itta,I went to see a movie with my friends.
sent-4212,付き合う,N3 Verbs,彼と付き合ってから、楽しい時間がたくさん過ごせました。,"Kare to tsukiatte kara, tanoshii jikan ga takusan sugosemashita","Since I started dating him, we have spent a lot of enjoyable time together."
sent-4213,付き合う,N3 Verbs,付き合ったり別れたりするのは、人生の一部です。,"Tsukiatari wakaretari suru no wa, jinsei no ichibu desu",Dating and breaking up are part of life.
sent-4214,付き合う,N3 Verbs,彼と長く付き合っているうちに、彼を理解するようになりました。,"Kare to nagaku tsukiatte iru uchi ni, kare o rikai suru you ni narimashita","As I have been dating him for a long time, I have come to understand him better."
sent-4215,付く,N3 Verbs,手紙に切手を付けました。,Tegami ni kitte o tsukemashita,I put a stamp on the letter.
sent-4216,付く,N3 Verbs,値札が商品にちゃんと付いていますか。,Nefuda ga shouhin ni chanto tsuite imasu ka,Is the price tag properly attached to the product?
sent-4217,付く,N3 Verbs,彼は私の意見に賛成して付いてきました。,Kare wa watashi no iken ni sansei shite tsuitekimashita,He agreed with my opinion and followed me.
sent-4218,付く,N3 Verbs,雨で傘に水が付いてしまいました。,Ame de kasa ni mizu ga tsuite shimaimashita,The rain got the umbrella wet.
sent-4219,付く,N3 Verbs,名前の後ろにさんを付けて呼んでください。,Namae no ushiro ni san o tsukete yonde kudasai,Please call me by adding san after my name.
sent-4220,着ける,N3 Verbs,手首に時計を着ける。,Tekubi ni tokei o tsukeru,To put a watch on the wrist.
sent-4221,着ける,N3 Verbs,彼女は首にネックレスを着けている。,Kanojo wa kubi ni nekkuresu o tsukete iru,She is wearing a necklace around her neck.
sent-4222,着ける,N3 Verbs,身に警察のバッジを着ける。,Mi ni keisatsu no bajji o tsukeru,To wear a police badge on oneself.
sent-4223,着ける,N3 Verbs,彼はいつも指に指輪を着けている。,Kare wa itsumo yubi ni yubiwa o tsukete iru,He always wears a ring on his finger.
sent-4224,着ける,N3 Verbs,右耳にピアスを着けることが流行っています。,Migi mimi ni piasu o tsukeru koto ga hayatteimasu,Wearing an earring on the right ear is popular nowadays.
sent-4225,伝わる,N3 Verbs,彼の気持ちが伝わる言葉はとても心に残るものだった。,Kare no kimochi ga tsutawaru kotoba wa totemo kokoro ni nokoru mono datta.,The words that conveyed his feelings were very memorable.
sent-4226,伝わる,N3 Verbs,私の想いが彼に伝わるかどうか分からない。,Watashi no omoi ga kare ni tsutawaru ka dou ka wakaranai.,I don't know if my feelings will reach him.
sent-4227,伝わる,N3 Verbs,その歌手の熱意が歌詞から伝わってきた。,Sono kashu no netsui ga kashi kara tsutawatte kita.,The singer's passion came across through the lyrics.
sent-4228,伝わる,N3 Verbs,彼女の言葉はみんなに伝わりました。,Kanojo no kotoba wa minna ni tsutawarimashita.,Her words reached everyone.
sent-4229,伝わる,N3 Verbs,その映画は感動的なメッセージが伝わってくる作品です。,Sono eiga wa kandouteki na messeeji ga tsutawatte kuru sakuhin desu.,The movie is a work that conveys an emotional message.
sent-4230,潰れる,N3 Verbs,彼の会社は去年潰れてしまった。,Kare no kaisha wa kyonen tsuburete shimatta,His company went bankrupt last year.
sent-4231,潰れる,N3 Verbs,そのプロジェクトは途中で潰れた。,Sono purojekuto wa tochuu de tsubureta,The project collapsed halfway through.
sent-4232,潰れる,N3 Verbs,彼は無理をして、体を潰してしまった。,"Kare wa muri o shite, karada o tsubushite shimatta",He pushed himself too hard and broke his body down.
sent-4233,潰れる,N3 Verbs,経済の悪化で多くの企業が潰れた。,Keizai no akka de ooku no kigyou ga tsubureta,Many companies went bankrupt due to the economic downturn.
sent-4234,潰れる,N3 Verbs,高い借金に追われ、彼の店は潰れた。,"Takai shakkin ni oware, kare no mise wa tsubureta",His store went bankrupt because of high debts.
sent-4235,積む,N3 Verbs,荷物が部屋の隅に積まれている。,Nimotsu ga heya no sumi ni tsumarete iru.,The luggage is piled up in the corner of the room.
sent-4236,積む,N3 Verbs,知識を積むことは一生の財産になる。,Chishiki o tsumu koto wa isshou no zaisan ni naru.,Accumulating knowledge becomes a lifelong treasure.
sent-4237,積む,N3 Verbs,この書類は机の上に積んである。,Kono shorui wa tsukue no ue ni tsunde aru.,These documents are stacked on the desk.
sent-4238,積む,N3 Verbs,雪が次第に積もって道路が見えなくなった。,Yuki ga shidai ni tsumotte douro ga mienaku natta.,The snow gradually piled up and the road became invisible.
sent-4239,積む,N3 Verbs,彼は長年、経験を積んで専門家になった。,"Kare wa naganen, keiken o tsunde senmonka ni natta.",He accumulated experience over the years and became an expert.
sent-4240,詰める,N3 Verbs,スーツケースに荷物を詰める。,Suutsuke-su ni nimotsu o tsumeru,Pack the luggage into the suitcase.
sent-4241,詰める,N3 Verbs,引越しの時、箱に本を詰めた。,"Hikkoshi no toki, hako ni hon o tsumeta","When moving, I packed the books into boxes."
sent-4242,詰める,N3 Verbs,瓶にピクルスを詰めて保存する。,Bin ni pikurusu o tsumete hozon suru,Store the pickles in a jar by packing them in.
sent-4243,詰める,N3 Verbs,彼は歯に詰めた食べ物が残っていることに気づかなかった。,Kare wa ha ni tsumeta tabemono ga nokotte iru koto ni kizukanakatta,He didn't notice that he had food stuck in his teeth.
sent-4244,詰める,N3 Verbs,彼女はたくさんのプレゼントを詰めた箱を彼に渡した。,Kanojo wa takusan no purezento o tsumeta hako o kare ni watashita,She handed him a box full of many presents.
sent-4245,積もる,N3 Verbs,雪が積もってきた。,Yuki ga tsumotte kita.,The snow has started to accumulate.
sent-4246,積もる,N3 Verbs,学問の知識が積もるほど、人生が豊かになります。,"Gakumon no chishiki ga tsumoru hodo, jinsei ga yutaka ni narimasu.","The more knowledge of learning accumulates, the richer life becomes."
sent-4247,積もる,N3 Verbs,時間が立つにつれて、問題が積もる。,"Jikan ga tatsu ni tsurete, mondai ga tsumoru.","As time passes, problems accumulate."
sent-4248,積もる,N3 Verbs,本を読むことで知識が積もり、賢くなることができます。,"Hon o yomu koto de chishiki ga tsumori, kashikoku naru koto ga dekimasu.",Reading books can accumulate knowledge and make you wiser.
sent-4249,積もる,N3 Verbs,この地域では冬に雪がたくさん積もります。,Kono chiiki de wa fuyu ni yuki ga takusan tsumorimasu.,"In this area, a lot of snow accumulates in winter."
sent-4250,出会う,N3 Verbs,運命の人に出会うことができました。,Unmei no hito ni deau koto ga dekimashita.,I was able to meet my destined partner.
sent-4251,出会う,N3 Verbs,今日、素敵な友達に出会いました。,"Kyou, suteki na tomodachi ni deaimashita.","Today, I met a wonderful friend."
sent-4252,出会う,N3 Verbs,旅行先でたくさんの面白い人に出会いました。,Ryokousaki de takusan no omoshiroi hito ni deaimashita.,I met a lot of interesting people at my travel destination.
sent-4253,出会う,N3 Verbs,学生時代に将来のパートナーと出会いました。,Gakusei jidai ni shourai no paatonaa to deaimashita.,I met my future partner during my student days.
sent-4254,出会う,N3 Verbs,彼と初めて会社で出会った時のことを覚えています。,Kare to hajimete kaisha de deatta toki no koto o oboete imasu.,I remember when I first met him at the company.
sent-4255,でき上る,N3 Verbs,このケーキはもうすぐできあがるでしょう。,Kono keeki wa mousugu dekiagaru deshou.,This cake will be ready soon.
sent-4256,でき上る,N3 Verbs,計画が練り直されて、新しいプランができあがった。,"Keikaku ga nerinaosarete, atarashii puran ga dekiagatta.",The plan was revised and a new plan was completed.
sent-4257,でき上る,N3 Verbs,それにより、品質の高い製品ができあがることが期待できる。,"Sore ni yori, hinshitsu no takai seihin ga dekiagaru koto ga kitai dekiru.","As a result, it is expected that high-quality products will be produced."
sent-4258,でき上る,N3 Verbs,映画の撮影が終わり、完成に向けて編集作業ができあがった。,"Eiga no satsuei ga owari, kansei ni mukete henshuu sagyou ga dekiagatta.","The shooting of the movie has ended, and editing work has been completed for its completion."
sent-4259,でき上る,N3 Verbs,ご飯ができあがるのを待っている間、テレビを見て時間を過ごした。,"Gohan ga dekiagaru no o matte iru aida, terebi o mite jikan o sugoshita.","While waiting for the rice to be ready, I watched TV and spent time."
sent-4260,照る,N3 Verbs,日差しは強く照るため、帽子を持参した方がいいです。,"Hizashi wa tsuyoku teru tame, boushi o jisan shita hou ga ii desu.","The sun is shining strongly, so it's better to bring a hat."
sent-4261,照る,N3 Verbs,夜空に星が輝いて照る光景は美しいです。,Yozora ni hoshi ga kagayaite teru koukei wa utsukushii desu.,The sight of stars shining in the night sky is beautiful.
sent-4262,照る,N3 Verbs,夏の暑い日には照る太陽から逃げたいものです。,Natsu no atsui hi ni wa teru taiyou kara nigetai mono desu.,"On hot summer days, one would want to escape from the blazing sun."
sent-4263,照る,N3 Verbs,今日の天気は良くて日が照る間に散歩したい。,Kyou no tenki wa yokute hi ga teru aida ni sanpo shitai.,"The weather is nice today, and I want to go for a walk while the sun is shining."
sent-4264,照る,N3 Verbs,冬の太陽が雪に照り反って目がくらむことがある。,Fuyu no taiyou ga yuki ni terikaette me ga kuramu koto ga aru.,The winter sun can be dazzling as it reflects off the snow.
sent-4265,溶く,N3 Verbs,卵をよく溶いてから、生地に加えてください。,"Tamago o yoku toite kara, kiji ni kuwaete kudasai",Beat the eggs well and then add them to the dough.
sent-4266,溶く,N3 Verbs,砂糖をバターに溶かし込む。,Satou o bataa ni tokashikomu,Dissolve the sugar into the butter.
sent-4267,溶く,N3 Verbs,水に片栗粉を溶いて、ちょっとずつ加えていく。,"Mizu ni katakuriko o toite, chotto zutsu kuwaete iku",Dissolve the starch in water and add it little by little.
sent-4268,溶く,N3 Verbs,牛乳と卵を一緒によく溶いておく。,Gyunyuu to tamago o issho ni yoku toite oku,Mix the milk and eggs well together.
sent-4269,溶く,N3 Verbs,まず、小麦粉とベーキングパウダーを溶いた後、バナナを加えます。,"Mazu, komugiko to be-kingu paudaa o toita ato, banana o kuwaemasu","First, mix the flour and baking powder, then add the bananas."
sent-4270,どく,N3 Verbs,毒のある蛇に噛まれた。,Doku no aru hebi ni kamareta.,I was bitten by a venomous snake.
sent-4271,どく,N3 Verbs,この薬にはどくがありますから、取り扱いに注意してください。,"Kono kusuri ni wa doku ga arimasu kara, toriatsukai ni chuui shite kudasai.","This medicine contains poison, so please handle it with caution."
sent-4272,どく,N3 Verbs,彼は敵のどくにやられてしまった。,Kare wa teki no doku ni yararete shimatta.,He was defeated by the enemy's poison.
sent-4273,どく,N3 Verbs,その植物のどくは、皮膚に触れると痛みを引き起こす。,"Sono shokubutsu no doku wa, hifu ni fureru to itami o hikiokosu.",The poison of that plant causes pain when it touches the skin.
sent-4274,どく,N3 Verbs,このスープはどくを入れられたかもしれません。,Kono suupu wa doku o irerareta kamo shiremasen.,This soup might have had poison put in it.
sent-4275,溶ける,N3 Verbs,氷が溶けて水になる。,Koori ga tokeru to mizu ni naru.,Ice melts and turns into water.
sent-4276,溶ける,N3 Verbs,チーズが熱で溶けるととてもおいしい。,Chiizu ga netsu de tokeru to totemo oishii.,Cheese melts with heat and tastes very good.
sent-4277,溶ける,N3 Verbs,雪が溶けて道がぬかるんでいる。,Yuki ga tokeru to michi ga nukarunde iru.,"When the snow melts, the roads become muddy."
sent-4278,溶ける,N3 Verbs,彼はスプーンで砂糖をコーヒーに入れて溶けるまでかき混ぜた。,Kare wa supuun de satou o koohii ni irete tokeru made kakimazeta.,He put the sugar in the coffee with a spoon and mixed until it melted.
sent-4279,溶ける,N3 Verbs,チョコレートが暖かい場所で溶けやすい。,Chokoreeto ga atatakai basho de tokeyasui.,Chocolate is easily melted in a warm place.
sent-4280,どける,N3 Verbs,道をどけてください。,Michi o dokete kudasai,Please clear the way.
sent-4281,どける,N3 Verbs,机の上の物をどけないと、仕事ができません。,"Tsukue no ue no mono o dokenai to, shigoto ga dekimasen","If you don't clear the things off the desk, you won't be able to work."
sent-4282,どける,N3 Verbs,彼は急いでいるので、邪魔なものをどけてあげた方がいいでしょう。,"Kare wa isoide iru node, jama na mono o dokete ageta hou ga ii deshou","Since he is in a hurry, it would be better to clear the obstacles for him."
sent-4283,どける,N3 Verbs,部屋の真ん中に置いた荷物をどけて、そこにテーブルを置きましょう。,"Heya no mannaka ni oita nimotsu o dokete, soko ni teeburu o okimashou",Let's clear the luggage placed in the middle of the room and put a table there.
sent-4284,どける,N3 Verbs,彼女は椅子をどけて、座るスペースを作りました。,"Kanojo wa isu o dokete, suwaru supeesu o tsukurimashita",She cleared the chair and made a space to sit.
sent-4285,閉じる,N3 Verbs,ドアを閉じるときは静かにしてください。,Doa o tojiru toki wa shizuka ni shite kudasai,Please close the door quietly when you close it.
sent-4286,閉じる,N3 Verbs,彼女は窓を閉じて暖房をつけた。,Kanojo wa mado o tojite danbou o tsuketa,She closed the window and turned on the heating.
sent-4287,閉じる,N3 Verbs,電車の扉が閉じる前に急いで乗り込んだ。,Densha no tobira ga tojiru mae ni isoide norikonda,I hurried to get on the train before the doors closed.
sent-4288,閉じる,N3 Verbs,彼はパソコンを閉じて、部屋を出た。,"Kare wa pasokon o tojite, heya o deta",He closed his laptop and left the room.
sent-4289,閉じる,N3 Verbs,会議が終わったら、プロジェクターを閉じてください。,"Kaigi ga owattara, purojekutaa o tojite kudasai","After the meeting, please close the projector."
sent-4290,飛び込む,N3 Verbs,彼は勇気を持って新しいプロジェクトに飛び込んだ。,Kare wa yuuki o motte atarashii purojekuto ni tobikonda.,He bravely jumped into the new project.
sent-4291,飛び込む,N3 Verbs,水泳の練習でプールに飛び込むのが好きです。,Suiei no renshuu de puuru ni tobikomu no ga suki desu.,I like diving into the pool during swimming practice.
sent-4292,飛び込む,N3 Verbs,彼女は知らない土地に冒険心を持って飛び込んだ。,Kanojo wa shiranai tochi ni boukenshin o motte tobikonda.,She jumped into an unknown land with a spirit of adventure.
sent-4293,飛び込む,N3 Verbs,仕事が終わった後、彼は海に飛び込みリフレッシュした。,"Shigoto ga owatta ato, kare wa umi ni tobikomi rifuresshu shita.","After finishing work, he jumped into the sea to refresh himself."
sent-4294,飛び込む,N3 Verbs,犬は川に飛び込んで泳いでいました。,Inu wa kawa ni tobikonde oyoide imashita.,The dog jumped into the river and swam.
sent-4295,飛び出す,N3 Verbs,急に子供が道路に飛び出してきた。,Kyuu ni kodomo ga douro ni tobidashite kita.,"Suddenly, a child jumped out onto the road."
sent-4296,飛び出す,N3 Verbs,車が横切る前に突然猫が飛び出した。,Kuruma ga yokogiru mae ni totsuzen neko ga tobidashita.,A cat suddenly jumped out before the car crossed the road.
sent-4297,飛び出す,N3 Verbs,突然、彼が話の最中に部屋から飛び出していった。,"Totsuzen, kare ga hanashi no saichuu ni heya kara tobidashite itta.","Suddenly, he burst out of the room in the middle of the conversation."
sent-4298,飛び出す,N3 Verbs,彼女は喜びで目から涙が飛び出した。,Kanojo wa yorokobi de me kara namida ga tobidashita.,Tears of joy jumped from her eyes.
sent-4299,飛び出す,N3 Verbs,映画館で突然誰かが叫んで座席から飛び出した。,Eigakan de totsuzen dareka ga sakende zaseki kara tobidashita.,"Suddenly, someone shouted and jumped out of their seat in the movie theater."
sent-4300,取り上げる/採り上げる,N3 Verbs,今回の会議では、新しいプロジェクトの提案を取り上げます。,"Konkai no kaigi de wa, atarashii purojekuto no teian o toriagemasu","In this meeting, we will address the proposal for a new project."
sent-4301,取り上げる/採り上げる,N3 Verbs,その問題は、次の授業で取り上げる予定です。,"Sono mondai wa, tsugi no jugyou de toriageru yotei desu",We are planning to address that issue in the next class.
sent-4302,取り上げる/採り上げる,N3 Verbs,彼女の意見が良かったので、取り上げました。,"Kanojo no iken ga yokatta node, toriagemashita","Her opinion was good, so I brought it up."
sent-4303,取り上げる/採り上げる,N3 Verbs,今日、ニュースでその事件が取り上げられました。,"Kyou, nyuusu de sono jiken ga toriageraremashita",The incident was covered in today's news.
sent-4304,取り上げる/採り上げる,N3 Verbs,議員はその法案を取り上げ、審議にかけた。,"Giin wa sono houan o toriage, shingi ni kaketa",The lawmaker took up the bill and put it up for deliberation.
sent-4305,取り消す,N3 Verbs,昨日の約束を取り消すことにしました。,Kinou no yakusoku o torikesu koto ni shimashita,I decided to cancel yesterday's promise.
sent-4306,取り消す,N3 Verbs,申し込みを取り消す必要があります。,Moushikomi o torikesu hitsuyou ga arimasu,I need to withdraw my application.
sent-4307,取り消す,N3 Verbs,彼の発言は、取り消すべきだと思った。,"Kare no hatsugen wa, torikesubeki da to omotta",I thought he should take back his remark.
sent-4308,取り消す,N3 Verbs,あのメールは誤って送信されたため、取り消してください。,"Ano meeru wa ayamatte soushin sareta tame, torikeshite kudasai","That email was sent by mistake, please cancel it."
sent-4309,取り消す,N3 Verbs,私は慌てて言ったことを取り消したい。,Watashi wa awatete itta koto o torikeshitai,I want to take back what I said in haste.
sent-4310,取り出す,N3 Verbs,財布からお金を取り出す。,Saifu kara okane o toridasu.,Take out money from the wallet.
sent-4311,取り出す,N3 Verbs,電話が鳴ったので、バッグからスマホを取り出した。,"Denwa ga nattanode, baggu kara sumaho o toridashita.","When the phone rang, I took out my smartphone from my bag."
sent-4312,取り出す,N3 Verbs,教科書をカバンから取り出し、勉強を始めた。,"Kyoukasho o kaban kara toridashi, benkyou o hajimeta.",I took out the textbook from my bag and started studying.
sent-4313,取り出す,N3 Verbs,彼はポケットからキーケースを取り出した。,Kare wa poketto kara kiikēsu o toridashita.,He took out the key case from his pocket.
sent-4314,取り出す,N3 Verbs,冷凍庫からアイスクリームを取り出す。,Reitouko kara aisukuriimu o toridasu.,Take out ice cream from the freezer.
sent-4315,捕る,N3 Verbs,小さな魚を捕るのは難しい。,Chiisana sakana o toru no wa muzukashii,Catching small fish is difficult.
sent-4316,捕る,N3 Verbs,野生動物を捕るための罠を設置した。,Yasei doubutsu o toru tame no wana o secchi shita,I set up traps to catch wild animals.
sent-4317,捕る,N3 Verbs,幸運を捕るために努力し続けなければなりません。,Kouun o toru tame ni doryoku shitsuzukenakereba narimasen,You have to keep working hard to catch good luck.
sent-4318,捕る,N3 Verbs,警察は逃亡犯を捕ることに成功した。,Keisatsu wa toubouhan o toru koto ni seikou shita,The police succeeded in capturing the fugitive.
sent-4319,捕る,N3 Verbs,その昆虫は素早く動くので、なかなか捕るのが難しい。,"Sono konchuu wa subayaku ugoku node, nakanaka toru no ga muzukashii",It's difficult to catch that insect because it moves so quickly.
sent-4320,取れる,N3 Verbs,最近、仕事のプレッシャーでなかなか眠れる時間が取れない。,"Saikin, shigoto no puresshaa de nakanaka nemureru jikan ga torenai.","Recently, I can't get enough sleep due to work pressure."
sent-4321,取れる,N3 Verbs,今日は午後から時間が取れたので、友達と映画を観に行く予定だ。,"Kyou wa gogo kara jikan ga toreta no de, tomodachi to eiga o mi ni iku yotei da.","Since I have some free time this afternoon, I plan to go watch a movie with my friend."
sent-4322,取れる,N3 Verbs,早退してもらって、病院へ行くための時間を取れるようにしてください。,"Soutai shite moratte, byouin e iku tame no jikan o toreru you ni shite kudasai.",Please make sure you can leave early so that you have time to go to the hospital.
sent-4323,取れる,N3 Verbs,明日、午前中は予定が詰まっているが、午後には遊びに行く時間が取れるだろう。,"Ashita, gozenchuu wa yotei ga tsumatte iru ga, gogo ni wa asobi ni iku jikan ga toreru darou.","Tomorrow morning, I have a full schedule, but I should be able to find some time to hang out in the afternoon."
sent-4324,取れる,N3 Verbs,彼は手術が成功し、退院後、普通に働ける時間が取れるようになった。,"Kare wa shujutsu ga seikou shi, taiin go, futsuu ni hatarakeru jikan ga toreru you ni natta.","His surgery was successful, and after being discharged, he was able to work normal hours again."
sent-4325,流れる,N3 Verbs,川の水が静かに流れる。,Kawa no mizu ga shizuka ni nagareru.,The river water flows quietly.
sent-4326,流れる,N3 Verbs,涙がぽろぽろと流れる。,Namida ga poro poro to nagareru.,Tears flow down one’s cheeks.
sent-4327,流れる,N3 Verbs,時間は無情にも流れる。,Jikan wa mujou ni mo nagareru.,Time flows relentlessly.
sent-4328,流れる,N3 Verbs,その景色では、風が優雅に流れる。,"Sono keshiki de wa, kaze ga yuuga ni nagareru.","In that scenery, the wind flows elegantly."
sent-4329,流れる,N3 Verbs,星空の下で、美しい音楽が流れる。,"Hoshizora no shita de, utsukushii ongaku ga nagareru.",Beautiful music flows under the starry sky.
sent-4330,殴る,N3 Verbs,友達に怒って、殴ってしまった。,"Tomodachi ni okotte, nagutte shimatta",I got angry and punched my friend.
sent-4331,殴る,N3 Verbs,彼は突然、私を殴ろうとした。,"Kare wa totsuzen, watashi o nagurou to shita",He suddenly tried to punch me.
sent-4332,殴る,N3 Verbs,その男は泥棒を見つけて、思わず殴ってしまった。,"Sono otoko wa dorobou o mitsukete, omowazu nagutte shimatta",The man found the thief and instinctively punched him.
sent-4333,殴る,N3 Verbs,大きな争いごとが起きて、みんながお互いを殴り始めた。,"Ookina arasoi-goto ga okite, minna ga otagai o naguri hajimeta","A big fight broke out, and everyone started punching each other."
sent-4334,殴る,N3 Verbs,彼女はパニックになって、周りにいる人に向かって殴った。,"Kanojo wa panikku ni natte, mawari ni iru hito ni mukatte nagutta",She panicked and swung punches at the people around her.
sent-4335,悩む,N3 Verbs,進路の選択に悩む高校生が多い。,Shinro no sentaku ni nayamu koukousei ga ooi,Many high school students are troubled by their choice of future path.
sent-4336,悩む,N3 Verbs,彼は将来のことで悩んでいる。,Kare wa shourai no koto de nayande iru,He is worried about his future.
sent-4337,悩む,N3 Verbs,難しい問題に悩むことは自然なことだ。,Muzukashii mondai ni nayamu koto wa shizen na koto da,It's natural to be troubled by difficult problems.
sent-4338,悩む,N3 Verbs,仕事で失敗したことに悩んでいた。,Shigoto de shippai shita koto ni nayandeita,I was worried about failing at work.
sent-4339,悩む,N3 Verbs,友達との関係がうまくいかず、悩んでいる。,"Tomodachi to no kankei ga umaku ikazu, nayande iru",I am struggling with my relationship with my friends.
sent-4340,なる,N3 Verbs,成長することで、人は賢くなる。,"Seichou suru koto de, hito wa kashikoku naru.",People become wiser as they grow.
sent-4341,なる,N3 Verbs,努力すれば、夢は必ず叶うようになる。,"Doryoku sureba, yume wa kanarazu kanau you ni naru.","If you work hard, your dreams will definitely come true."
sent-4342,なる,N3 Verbs,練習を重ねることで、技術が上達するようになる。,"Renshuu o kasaneru koto de, gijutsu ga joutatsu suru you ni naru.","By practicing repeatedly, your skills will improve."
sent-4343,なる,N3 Verbs,毎日運動をすることで、体力が強くなる。,"Mainichi undou o suru koto de, tairyoku ga tsuyoku naru.",Exercising every day makes you physically stronger.
sent-4344,なる,N3 Verbs,勇気を持って挑戦すれば、困難な状況も乗り越えるようになる。,"Yuuki o motte chousen sureba, konnan na joukyou mo norikoeru you ni naru.","If you bravely take on challenges, you will be able to overcome difficult situations."
sent-4345,似合う,N3 Verbs,その帽子がとても似合っているね。,Sono boushi ga totemo niatte iru ne,That hat really suits you.
sent-4346,似合う,N3 Verbs,彼女にはピンクのドレスが似合うでしょう。,Kanojo ni wa pinku no doresu ga niau deshou,A pink dress would suit her well.
sent-4347,似合う,N3 Verbs,彼はスーツが似合う人物だ。,Kare wa suutsu ga niau jinbutsu da,He is someone who looks good in a suit.
sent-4348,似合う,N3 Verbs,あなたにはショートヘアが似合っていると思う。,Anata ni wa shooto hea ga niatte iru to omou,I think short hair suits you well.
sent-4349,似合う,N3 Verbs,この部屋にはこの絵が似合うでしょう。,Kono heya ni wa kono e ga niau deshou,This painting would suit this room well.
sent-4350,握る,N3 Verbs,彼は私の手をしっかりと握った。,Kare wa watashi no te o shikkari to nigitta.,He firmly grasped my hand.
sent-4351,握る,N3 Verbs,このビルを握る鍵が必要です。,Kono biru o nigiru kagi ga hitsuyou desu.,I need the key that gives me access (lit. “grips”) to this building.
sent-4352,握る,N3 Verbs,テニスでラケットを正しく握る方法を学ぶことは重要だ。,Tenisu de raketto o tadashiku nigiru houhou o manabu koto wa juuyou da.,It's important to learn the proper way to grip a tennis racket.
sent-4353,握る,N3 Verbs,彼は怒りで拳を握りしめた。,Kare wa ikari de kobushi o nigirishimeta.,He clenched his fist in anger.
sent-4354,握る,N3 Verbs,この取引に成功するためには、情報を握ることが大切だ。,"Kono torihiki ni seikou suru tame ni wa, jouhou o nigiru koto ga taisetsu da.","In order to succeed in this deal, it’s crucial to have a firm grasp of the information."
sent-4355,煮る,N3 Verbs,野菜を煮る前に、きちんと洗ってください。,"Yasai o niru mae ni, kichinto aratte kudasai",Please wash the vegetables thoroughly before boiling them.
sent-4356,煮る,N3 Verbs,魚を煮るときは、だしで味をつけるとおいしいですよ。,"Sakana o niru toki wa, dashi de aji o tsukeru to oishii desu yo","When boiling fish, seasoning it with dashi makes it delicious."
sent-4357,煮る,N3 Verbs,このレシピでは、じゃがいもとニンジンを一緒に煮ます。,"Kono reshipi de wa, jagaimo to ninjin o issho ni nimasu","In this recipe, we’ll boil potatoes and carrots together."
sent-4358,煮る,N3 Verbs,鍋に水を入れて、中火でお湯を煮る。,"Nabe ni mizu o irete, chuubi de oyu o niru",Put water in the pot and bring it to a boil over medium heat.
sent-4359,煮る,N3 Verbs,豆を煮る前に、十分に水につけておく必要があります。,"Mame o niru mae ni, juubun ni mizu ni tsukete oku hitsuyou ga arimasu","Before boiling beans, it's necessary to soak them in water sufficiently."
sent-4360,縫う,N3 Verbs,彼女はボタンを縫い付けるのが得意だ。,Kanojo wa botan o nuitsukeru no ga tokui da.,She is good at sewing on buttons.
sent-4361,縫う,N3 Verbs,彼はズボンの裾を縫って短くした。,Kare wa zubon no suso o nutte mijikaku shita.,He hemmed his pants to make them shorter.
sent-4362,縫う,N3 Verbs,母が娘のためにドレスを縫いました。,Haha ga musume no tame ni doresu o nuimashita.,My mother sewed a dress for her daughter.
sent-4363,縫う,N3 Verbs,彼は傷口に縫い目が必要だった。,Kare wa kizuguchi ni nuime ga hitsuyou datta.,He needed stitches for his wound.
sent-4364,縫う,N3 Verbs,母は私の破れた靴下を縫ってくれるだろう。,Haha wa watashi no yabureta kutsushita o nutte kureru darou.,My mother will probably sew my torn socks for me.
sent-4365,抜く,N3 Verbs,最後の直線で彼を抜いた。,Saigo no chokusen de kare o nuida,I passed him on the final straight.
sent-4366,抜く,N3 Verbs,彼女は問題文の重要な部分を抜き出してメモした。,Kanojo wa mondai-bun no juuyou na bubun o nukidashite memo shita,She extracted the important parts of the problem statement and took notes.
sent-4367,抜く,N3 Verbs,花を抜く前に、根からしっかりと引っ張る必要があります。,"Hana o nuku mae ni, ne kara shikkari to hipparu hitsuyou ga arimasu","Before pulling the flower out, you need to tug firmly at the roots."
sent-4368,抜く,N3 Verbs,仕事で多忙な時は、朝ごはんを抜くことがよくある。,"Shigoto de tabou na toki wa, asagohan o nuku koto ga yoku aru","When I'm extremely busy with work, I often skip breakfast."
sent-4369,抜く,N3 Verbs,彼は競争相手の企業を抜いて今年の受注数一番になった。,Kare wa kyousou aite no kigyou o nuite kotoshi no juchuu-suu ichiban ni natta,He outperformed competing companies and ranked first in the number of orders this year.
sent-4370,ぬれる,N3 Verbs,雨にぬれると風邪を引きやすくなる。,Ame ni nureru to kaze o hiki yasuku naru.,Getting wet in the rain makes it easier to catch a cold.
sent-4371,ぬれる,N3 Verbs,上着を着ないで外に出るとぬれてしまう。,Uwagi o kinai de soto ni deru to nurete shimau.,"If you go outside without a jacket, you'll end up getting wet."
sent-4372,ぬれる,N3 Verbs,彼は川で遊んで服がぬれた。,Kare wa kawa de asonde fuku ga nureta.,He played in the river and got his clothes wet.
sent-4373,ぬれる,N3 Verbs,透明なビニール袋に入れて、携帯電話はぬれないようにした。,"Toumei na biniiru-bukuro ni irete, keitai denwa wa nurenai you ni shita.",I put my cell phone in a clear plastic bag so it wouldn't get wet.
sent-4374,ぬれる,N3 Verbs,洗濯物を干している間に雨が降ってぬれてしまった。,Sentaku mono o hoshite iru aida ni ame ga futte nurete shimatta.,"It rained while the laundry was hanging out, and they got wet."
sent-4375,願う,N3 Verbs,勉強がもっと楽になるように願っています。,Benkyou ga motto raku ni naru you ni negatte imasu,I wish studying would become easier.
sent-4376,願う,N3 Verbs,彼女の幸せを心から願っています。,Kanojo no shiawase o kokoro kara negatte imasu,I truly wish for her happiness.
sent-4377,願う,N3 Verbs,新年の抱負として、健康を願いましょう。,"Shin'nen no houfu to shite, kenkou o negaimashou","As a New Year’s resolution, let’s wish for good health."
sent-4378,願う,N3 Verbs,皆さんの成功を心から願っております。,Minasan no seikou o kokoro kara negatte orimasu,I sincerely wish all of you success.
sent-4379,願う,N3 Verbs,この雨が止むことを願っています。,Kono ame ga yamu koto o negatte imasu,I wish for this rain to stop.
sent-4380,残す,N3 Verbs,食事の量が多かったので、私は半分残すことにしました。,"Shokuji no ryou ga ookatta node, watashi wa hanbun nokosu koto ni shimashita","The amount of food was too much, so I decided to leave half of it."
sent-4381,残す,N3 Verbs,彼は私に伝言を残して出かけました。,Kare wa watashi ni dengon o nokoshite dekakemashita,He left a message for me and went out.
sent-4382,残す,N3 Verbs,先祖たちの家は子孫たちに家族の歴史を残します。,Senzo-tachi no ie wa shison-tachi ni kazoku no rekishi o nokoshimasu,The ancestors' house leaves a family history to their descendants.
sent-4383,残す,N3 Verbs,ボールペンがインクを残さず書けるようにペン先を磨く必要があります。,Boorupen ga inku o nokosazu kakeru you ni pensaki o migaku hitsuyou ga arimasu,You need to polish the pen tip so that the ballpoint pen can write without leaving ink behind.
sent-4384,残す,N3 Verbs,会議の内容を皆に残しておくために、メモを書いた。,"Kaigi no naiyou o mina ni nokoshite oku tame ni, memo o kaita",I wrote a memo to leave the contents of the meeting for everyone.
sent-4385,載せる,N3 Verbs,彼女は荷物を車に載せた。,Kanojo wa nimotsu o kuruma ni noseta,She put the luggage in the car.
sent-4386,載せる,N3 Verbs,この本にはたくさんの写真が載せられています。,Kono hon ni wa takusan no shashin ga noserarete imasu,Many photos are included in this book.
sent-4387,載せる,N3 Verbs,彼は自分の考えをブログに載せた。,Kare wa jibun no kangae o burogu ni noseta,He posted his thoughts on his blog.
sent-4388,載せる,N3 Verbs,袋に野菜を載せて買い物を終えた。,Fukuro ni yasai o nosete kaimono o oeta,I finished shopping by putting vegetables into the bag.
sent-4389,載せる,N3 Verbs,ニュースにその事件が載せられました。,Nyuusu ni sono jiken ga noseraremashita,That incident was reported in the news.
sent-4390,伸びる,N3 Verbs,彼の会社は急速に成長して伸びるでしょう。,Kare no kaisha wa kyuusoku ni seichou shite nobiru deshou.,His company is growing rapidly and will likely expand.
sent-4391,伸びる,N3 Verbs,頑張れば、自分の能力は伸びるだろう。,"Ganbareba, jibun no nouryoku wa nobiru darou.","If you work hard, your abilities will likely grow."
sent-4392,伸びる,N3 Verbs,この植物は日当たりの良い場所でよく伸びる。,Kono shokubutsu wa hiatari no yoi basho de yoku nobiru.,This plant grows well in sunny places.
sent-4393,伸びる,N3 Verbs,最近彼の人気が伸びる傾向にある。,Saikin kare no ninki ga nobiru keikou ni aru.,His popularity has recently been on the rise.
sent-4394,伸びる,N3 Verbs,昨年の売り上げは予想を超えて伸びた。,Sakunen no uriage wa yosou o koete nobita.,Last year's sales exceeded expectations and grew significantly.
sent-4395,延びる,N3 Verbs,雨のせいで試合が延びることになった。,Ame no sei de shiai ga nobiru koto ni natta,The match was postponed due to the rain.
sent-4396,延びる,N3 Verbs,締め切りが延びると、佐藤さんは助かった。,"Shimekiri ga nobiru to, Satou-san wa tasukatta","When the deadline was extended, it saved Mr. Sato."
sent-4397,延びる,N3 Verbs,コンサートの開始時間が延びる可能性がある。,Konsaato no kaishi jikan ga nobiru kanousei ga aru,There's a possibility that the concert's start time will be delayed.
sent-4398,延びる,N3 Verbs,今日のミーティングは長引いて、終了時間が延びるだろう。,"Kyou no miitingu wa nagabiite, shuuryou jikan ga nobiru darou","Today's meeting is dragging on, so the end time will probably be extended."
sent-4399,延びる,N3 Verbs,道路工事の影響でバスの到着時間が延びることが多い。,Douro kouji no eikyou de basu no touchaku jikan ga nobiru koto ga ooi,"Due to road construction, the bus arrival time is often delayed."
sent-4400,昇る,N3 Verbs,昇る朝日は美しい。,Noboru asahi wa utsukushii,The rising morning sun is beautiful.
sent-4401,昇る,N3 Verbs,勤勉さによって彼は会社で昇ることに成功した。,Kinben sa ni yotte kare wa kaisha de noboru koto ni seikou shita,"Thanks to his diligence, he succeeded in getting a promotion at the company."
sent-4402,昇る,N3 Verbs,ハイキングで山を昇るのは楽しい。,Haikingu de yama o noboru no wa tanoshii,It's fun to climb the mountain on a hike.
sent-4403,昇る,N3 Verbs,彼は最近立ち位置が昇っている。,Kare wa saikin tachii ga nobotte iru,His standing has been rising lately.
sent-4404,昇る,N3 Verbs,株価が急速に昇っている。,Kabuka ga kyuusoku ni nobotte iru,Stock prices are rising rapidly.
sent-4405,乗り越す,N3 Verbs,電車を乗り越してしまった。,Densha o norikoshite shimatta,I accidentally rode the train past my stop.
sent-4406,乗り越す,N3 Verbs,切符の区間を乗り越してしまいそうだ。,Kippu no kuukan o norikoshite shimaisou da,I might end up riding past the zone my ticket covers.
sent-4407,乗り越す,N3 Verbs,乗り越しのペナルティ料金を払わなければならなかった。,Norikoshi no penaruti ryoukin o harawanakereba naranakatta,I had to pay a penalty fee for riding past my stop.
sent-4408,乗り越す,N3 Verbs,同僚がバスを乗り越してしまって、遅刻した。,"Douryou ga basu o norikoshite shimatte, chikoku shita",My colleague missed the bus stop and ended up being late.
sent-4409,乗り越す,N3 Verbs,乗り越す前に駅員に連絡してください。,Norikosu mae ni ekiin ni renraku shite kudasai,Please contact a station staff member before you ride past your stop.
sent-4410,生える,N3 Verbs,歯が生えるのを待っています。,Ha ga haeru no o matteimasu,I am waiting for my teeth to grow in.
sent-4411,生える,N3 Verbs,庭に花が生えるのが好きです。,Niwa ni hana ga haeru no ga suki desu,I like it when flowers grow in the garden.
sent-4412,生える,N3 Verbs,あの木はどんどん生えるでしょう。,Ano ki wa dondon haeru deshou,That tree will probably keep growing rapidly.
sent-4413,生える,N3 Verbs,子供の時、膝の上にひざ小僧が生えました。,"Kodomo no toki, hiza no ue ni hiza kozou ga haemashita","When I was a child, I developed a bump on my knee."
sent-4414,生える,N3 Verbs,山の中で様々な植物が生えている。,Yama no naka de samazama na shokubutsu ga haete iru,Various plants grow in the mountains.
sent-4415,測る/量る/計る,N3 Verbs,彼は木の高さを測ることができた。,Kare wa ki no takasa o hakaru koto ga dekita,He was able to measure the height of the tree.
sent-4416,測る/量る/計る,N3 Verbs,スーパーマーケットで野菜の重さを量る。,Suupaamaaketto de yasai no omosa o hakaru,Weigh the vegetables at the supermarket.
sent-4417,測る/量る/計る,N3 Verbs,心拍数を計るために腕時計を使っています。,Shinpakusuu o hakaru tame ni udedokei o tsukatte imasu,I use a wristwatch to measure my heart rate.
sent-4418,測る/量る/計る,N3 Verbs,水深を測るための機器が必要だ。,Suishin o hakaru tame no kiki ga hitsuyou da,We need an instrument to measure water depth.
sent-4419,測る/量る/計る,N3 Verbs,調理中に、粉をキッチンスケールで量る。,"Chouri-chuu ni, kona o kitchin sukeeru de hakaru","During cooking, measure the flour with a kitchen scale."
sent-4420,掃く,N3 Verbs,庭を掃いて落ち葉を集めました。,Niwa o haite ochiba o atsumemashita.,I swept the garden and gathered the fallen leaves.
sent-4421,掃く,N3 Verbs,彼女は毎朝、家の周りを掃いています。,"Kanojo wa maiasa, ie no mawari o haite imasu.",She sweeps around the house every morning.
sent-4422,掃く,N3 Verbs,掃除の一環として、床を掃かなければなりません。,"Souji no ikkan to shite, yuka o hakanakereba narimasen.","As part of cleaning, you must sweep the floor."
sent-4423,掃く,N3 Verbs,うちの店では、店長が閉店前に自分で店の前を掃くことが習慣です。,"Uchi no mise de wa, tenchou ga heiten mae ni jibun de mise no mae o haku koto ga shuukan desu.","In our store, it's a custom for the manager to sweep in front of the shop himself before closing."
sent-4424,掃く,N3 Verbs,彼は毎週末、部屋を掃いて整理整頓します。,"Kare wa maishuumatsu, heya o haite seiri seiton shimasu.",He sweeps his room and tidies up every weekend.
sent-4425,吐く,N3 Verbs,酔っ払って急に吐いてしまった。,Yopparatte kyuu ni haite shimatta,I got drunk and suddenly threw up.
sent-4426,吐く,N3 Verbs,彼は船に酔って吐いてしまった。,Kare wa fune ni yotte haite shimatta,He got seasick and vomited.
sent-4427,吐く,N3 Verbs,ストレスで胃が痛くて吐く。,Sutoresu de i ga itakute haku,I throw up because I'm so stressed that my stomach hurts.
sent-4428,吐く,N3 Verbs,彼女は緊張で吐きそうになった。,Kanojo wa kinchou de hakisou ni natta,She got so nervous that she felt like throwing up.
sent-4429,吐く,N3 Verbs,物事を考えすぎて吐いてしまった。,Monogoto o kangaesugite haite shimatta,I overthought things and ended up throwing up.
sent-4430,挟む,N3 Verbs,机の上に写真が挟まっている。,Tsukue no ue ni shashin ga hasamatte iru.,There's a photo stuck (wedged) on the table.
sent-4431,挟む,N3 Verbs,本にこの名刺を挟んでおきます。,Hon ni kono meishi o hasande okimasu.,I'll place this business card inside the book.
sent-4432,挟む,N3 Verbs,彼は、私たちの会話に意見を挟もうとした。,"Kare wa, watashitachi no kaiwa ni iken o hasamou to shita.",He tried to interject his opinion into our conversation.
sent-4433,挟む,N3 Verbs,畳の間に大きな本を挟む。,Tatami no aida ni ookina hon o hasamu.,Placing a large book between tatami mats.
sent-4434,挟む,N3 Verbs,挟んでいたスニーカーを外してテーブルの下に置く。,Hasande ita suniikaa o hazushite teeburu no shita ni oku.,Remove the sneakers that were wedged in and place them under the table.
sent-4435,外す,N3 Verbs,彼はシャツのボタンを1つ外して、リラックスした格好をしていた。,"Kare wa shatsu no botan o hitotsu hazushite, rirakkusu shita kakkou o shite ita.",He undid one button of his shirt and looked more relaxed.
sent-4436,外す,N3 Verbs,ダイエット中にジャンクフードを食べるのは、目標から外れてしまう。,"Daietto chuu ni janku fuudo o taberu no wa, mokuhyou kara hazurete shimau.",Eating junk food while dieting deviates from the goal.
sent-4437,外す,N3 Verbs,緊急の対応が必要で、予定を外すことになった。,"Kinkyuu no taiou ga hitsuyou de, yotei o hazusu koto ni natta.","Because an emergency response was needed, I had to change my plans."
sent-4438,外す,N3 Verbs,彼女はピアスを外して寝ることにしている。,Kanojo wa piasu o hazushite neru koto ni shite iru.,She takes off her piercings before sleeping.
sent-4439,外す,N3 Verbs,サングラスを外さずに話すのは無礼だと思う。,Sangurasu o hazusazu ni hanasu no wa burei da to omou.,I think it's rude to speak without removing your sunglasses.
sent-4440,外れる,N3 Verbs,道から外れると、かなり危険です。,"Michi kara hazureru to, kanari kiken desu",It's quite dangerous to stray from the path.
sent-4441,外れる,N3 Verbs,彼の予想は全く外れていました。,Kare no yosou wa mattaku hazurete imashita,His prediction was completely off.
sent-4442,外れる,N3 Verbs,ゴールの瞬間、ボールがわずかにポストから外れた。,"Gooru no shunkan, booru ga wazuka ni posuto kara hazureta","At the moment of the goal, the ball barely missed the post."
sent-4443,外れる,N3 Verbs,ボタンが外れる前に、コートを縫い直す必要があります。,"Botan ga hazureru mae ni, kooto o nui naosu hitsuyou ga arimasu",I need to mend the coat before the button comes off.
sent-4444,外れる,N3 Verbs,彼女の歌が音程から外れてしまった。,Kanojo no uta ga ontei kara hazurete shimatta,Her singing went off-key.
sent-4445,話し合う,N3 Verbs,夫婦で将来の計画を話し合った。,Fuufu de shourai no keikaku o hanashiautta,The couple discussed their future plans together.
sent-4446,話し合う,N3 Verbs,チームメンバーでアイデアを話し合いましょう。,Chiimu menbaa de aidea o hanashiai mashou,Let's discuss ideas with the team members.
sent-4447,話し合う,N3 Verbs,今日は、学校で教育改革について話し合われる。,"Kyou wa, gakkou de kyouiku kaikaku ni tsuite hanashiawareru","Today, educational reforms will be discussed at school."
sent-4448,話し合う,N3 Verbs,彼らはこの問題については何度も話し合っている。,Karera wa kono mondai ni tsuite wa nandomo hanashiatte iru,They have discussed this issue many times.
sent-4449,話し合う,N3 Verbs,彼女と今後の交際について真剣に話し合う必要がある。,Kanojo to kongo no kousai ni tsuite shinken ni hanashiau hitsuyou ga aru,I need to seriously discuss our future relationship with her.
sent-4450,話し掛ける,N3 Verbs,友達が悩んでいる時、気軽に話し掛けて励ましの言葉をかけてあげましょう。,"Tomodachi ga nayande iru toki, kigaru ni hanashikakete hagemashi no kotoba o kakete agemashou","When your friend is troubled, feel free to talk to them and offer encouraging words."
sent-4451,話し掛ける,N3 Verbs,新しいクラスでは、積極的に他の人に話し掛けて友達を作ることが大切だ。,"Atarashii kurasu de wa, sekkyokuteki ni hoka no hito ni hanashikakete tomodachi o tsukuru koto ga taisetsu da","In a new class, it is important to actively talk to others and make friends."
sent-4452,話し掛ける,N3 Verbs,初対面の人に話し掛けるのが苦手な人もいます。,Shotaimen no hito ni hanashikakeru no ga nigate na hito mo imasu,There are people who are not good at talking to strangers for the first time.
sent-4453,話し掛ける,N3 Verbs,電車の中でお年寄りに席を譲った後、話し掛けて楽しい会話が始まりました。,"Densha no naka de otoshiyori ni seki o yuzutta ato, hanashikakete tanoshii kaiwa ga hajimarimashita","After giving my seat to an elderly person on the train, I started talking to them, and we had a pleasant conversation."
sent-4454,話し掛ける,N3 Verbs,話し掛けたい人がいる場合、勇気を出して声をかけることで関係が深まることがあります。,"Hanashikakitai hito ga iru baai, yuuki o dashite koe o kakeru koto de kankei ga fukamaru koto ga arimasu","If there is someone you want to talk to, having the courage to speak up can deepen your relationship."
sent-4455,離れる,N3 Verbs,仲のいい友人たちが次々に故郷を離れるのを見るのは寂しい。,Naka no ii yuujin-tachi ga tsugitsugi ni kokyou o hanareru no o miru no wa sabishii,It's sad to see close friends leaving their hometown one after another.
sent-4456,離れる,N3 Verbs,子供たちが親元を離れて独立するのは自然なことだ。,Kodomo-tachi ga oya moto o hanarete dokuritsu suru no wa shizen na koto da,It's natural for children to leave their parents and become independent.
sent-4457,離れる,N3 Verbs,あのカップルは、最近お互いに離れて暮らし始めた。,"Ano kappuru wa, saikin otagai ni hanarete kurashi hajimeta",That couple recently started living apart from each other.
sent-4458,離れる,N3 Verbs,駅から少し離れた場所に住んでいるので、毎日電車に乗る必要がある。,"Eki kara sukoshi hanareta basho ni sunde iru node, mainichi densha ni noru hitsuyou ga aru","Since I live a little far from the station, I need to take a train every day."
sent-4459,離れる,N3 Verbs,山火事が起きた時、安全のために速やかにその場所を離れなければならない。,"Yamakaji ga okita toki, anzen no tame ni sumiyaka ni sono basho o hanarenakereba naranai","When a wildfire occurs, you must leave the area quickly for your safety."
sent-4460,はめる,N3 Verbs,彼は指輪を彼女の指にはめた。,Kare wa yubiwa o kanojo no yubi ni hameta.,He put the ring on her finger.
sent-4461,はめる,N3 Verbs,敵に戦術を見抜かれ、私たちは彼らの罠にはめられた。,"Teki ni senjutsu o minukare, watashitachi wa karera no wana ni hamerareta.","The enemy saw through our tactics, and we fell into their trap."
sent-4462,はめる,N3 Verbs,彼は自分の足を掘った穴にはめてしまった。,Kare wa jibun no ashi o hotta ana ni hamete shimatta.,He put his foot into the hole he had dug himself.
sent-4463,はめる,N3 Verbs,彼は魚を釣るためのルアーを釣り糸にはめた。,Kare wa sakana o tsuru tame no ruaa o tsuriito ni hameta.,He attached the lure to the fishing line to catch fish.
sent-4464,はめる,N3 Verbs,詐欺師にだまされ、彼はうまく利己的な計画にはめられてしまった。,"Sagishi ni damasare, kare wa umaku rikoteki na keikaku ni hamerarete shimatta.","Deceived by a swindler, he was neatly trapped in a self-serving scheme."
sent-4465,はやる,N3 Verbs,最近、健康食がはやっている。,"Saikin, kenkou-shoku ga hayatte iru.","Recently, healthy food has become popular."
sent-4466,はやる,N3 Verbs,あのファッションブランドが若者の間ではやっている。,Ano fasshon burando ga wakamono no aida de hayatte iru.,That fashion brand is popular among young people.
sent-4467,はやる,N3 Verbs,スマートフォンアプリの勉強法が今はやっています。,Sumaatofon apuri no benkyouhou ga ima hayatte imasu.,Studying via smartphone apps is popular now.
sent-4468,はやる,N3 Verbs,この選手は今シーズン、野球界で大いにはやっている。,"Kono senshu wa ima shiizun, yakyuu-kai de ooi ni hayatte iru.",This player is really in vogue in the baseball world this season.
sent-4469,はやる,N3 Verbs,自然にやさしい商品が最近はやっている。,Shizen ni yasashii shouhin ga saikin hayatte iru.,Eco-friendly products have been in fashion recently.
sent-4470,払戻す,N3 Verbs,この商品は気に入らなければ、店員に払戻すことができます。,"Kono shouhin wa ki ni iranakereba, ten'in ni haraimodosu koto ga dekimasu","If you don't like this product, you can return it to the clerk for a refund."
sent-4471,払戻す,N3 Verbs,もしイベントがキャンセルされたら、チケット代は全額払戻されます。,"Moshi ibento ga kyanseru saretara, chiketto dai wa zengaku haraimodosaremasu","If the event is canceled, the ticket price will be fully refunded."
sent-4472,払戻す,N3 Verbs,間違って払い過ぎた場合は、差額を払戻してもらえますか。,"Machigatte harai sugita baai wa, sagaku o haraimodoshite moraemasu ka","If I accidentally overpaid, can I get a refund for the difference?"
sent-4473,払戻す,N3 Verbs,銀行は誤って引き落とされたお金を払戻した。,Ginkou wa ayamatte hikiorosareta okane o haraimodoshita,The bank refunded the money that had been withdrawn by mistake.
sent-4474,払戻す,N3 Verbs,彼らはバックオーダーの商品を受け取りたくない場合、お金をすぐに払戻す保証があります。,"Karera wa bakku oodaa no shouhin o uketoritakunai baai, okane o sugu ni haraimodosu hoshou ga arimasu",They guarantee to refund your money immediately if you don't want to receive a back-ordered item.
sent-4475,腫れる,N3 Verbs,足が腫れると歩くのが困難になる。,Ashi ga hareru to aruku no ga konnan ni naru,"When your foot swells, walking becomes difficult."
sent-4476,腫れる,N3 Verbs,昨日虫に刺されて、手が腫れてしまった。,"Kinou mushi ni sasarete, te ga harete shimatta","I got a bug bite yesterday, and my hand swelled up."
sent-4477,腫れる,N3 Verbs,左目が腫れてしまって少し視界が悪い。,Hidari me ga harete shimatte sukoshi shikai ga warui,"My left eye is swollen, and my vision is slightly impaired."
sent-4478,腫れる,N3 Verbs,彼はアレルギーで顔が腫れてしまった。,Kare wa arerugii de kao ga harete shimatta,His face swelled up due to an allergy.
sent-4479,腫れる,N3 Verbs,運動した後で筋肉が疲労で腫れることがある。,Undou shita ato de kinniku ga hirou de hareru koto ga aru,"After exercising, muscles may sometimes swell due to fatigue."
sent-4480,引き受ける,N3 Verbs,彼はその仕事を引き受けることにした。,Kare wa sono shigoto o hikiukeru koto ni shita,He decided to take on that job.
sent-4481,引き受ける,N3 Verbs,私は引き受ける責任を全うするつもりです。,Watashi wa hikiukeru sekinin o mattou suru tsumori desu,I intend to fully carry out the responsibilities I have taken on.
sent-4482,引き受ける,N3 Verbs,彼女は姉の役割を引き受けた。,Kanojo wa ane no yakuwari o hikiuketa,She assumed the role of an older sister.
sent-4483,引き受ける,N3 Verbs,そのプロジェクトのリーダーとして引き受けることになった。,Sono purojekuto no riidaa toshite hikiukeru koto ni natta,I ended up taking on the project leader role.
sent-4484,引き受ける,N3 Verbs,彼は友人の借金を引き受けた。,Kare wa yuujin no shakkin o hikiuketa,He took on his friend's debt.
sent-4485,引き出す,N3 Verbs,私のアイデアを引き出すために、友達と話し合いました。,"Watashi no aidea o hikidasu tame ni, tomodachi to hanashiaimashita.",I discussed with my friends to draw out my ideas.
sent-4486,引き出す,N3 Verbs,彼の才能を引き出すためには適切な指導が必要だ。,Kare no sainou o hikidasu tame ni wa tekisetsu na shidou ga hitsuyou da.,Proper guidance is needed to bring out his talent.
sent-4487,引き出す,N3 Verbs,この作家は読者の感情を引き出す力がある。,Kono sakka wa dokusha no kanjou o hikidasu chikara ga aru.,This author has the power to evoke readers’ emotions.
sent-4488,引き出す,N3 Verbs,部屋から荷物を引き出す必要があります。,Heya kara nimotsu o hikidasu hitsuyou ga arimasu.,I need to take the luggage out of the room.
sent-4489,引き出す,N3 Verbs,あのリーダーはメンバーの能力を最大限に引き出すことができる。,Ano riidaa wa menbaa no nouryoku o saidaigen ni hikidasu koto ga dekiru.,That leader can bring out the members’ abilities to the fullest.
sent-4490,引く,N3 Verbs,彼は重い荷物を引いている。,Kare wa omoi nimotsu o hiite iru.,He is pulling heavy luggage.
sent-4491,引く,N3 Verbs,引き出しを引いて書類を取り出した。,Hikidashi o hiite shorui o toridashita.,I pulled the drawer and took out the documents.
sent-4492,引く,N3 Verbs,彼女はカーテンを引いて部屋を明るくした。,Kanojo wa kaaten o hiite heya o akaruku shita.,She drew the curtains to brighten the room.
sent-4493,引く,N3 Verbs,犬の散歩中、リードを引いて歩くことが大切です。,"Inu no sanpo-chuu, riido o hiite aruku koto ga taisetsu desu.",It’s important to walk while gently pulling the leash when walking a dog.
sent-4494,引く,N3 Verbs,魚を釣るため、釣り糸を引き上げることが必要です。,"Sakana o tsuru tame, tsuriito o hikiageru koto ga hitsuyou desu.","In order to catch fish, you need to pull up the fishing line."
sent-4495,引っ繰り返す,N3 Verbs,彼は強烈なパンチで引っ繰り返された。,Kare wa kyouretsu na panchi de hikkurikaesareta,He was knocked over by a powerful punch.
sent-4496,引っ繰り返す,N3 Verbs,彼女はショックを受けて足が引っ繰り返った。,Kanojo wa shokku o ukete ashi ga hikkurikaetta,She was so shocked that she lost her footing and fell.
sent-4497,引っ繰り返す,N3 Verbs,地震で建物が引っ繰り返されることもある。,Jishin de tatemono ga hikkurikaesareru koto mo aru,Sometimes buildings are toppled by earthquakes.
sent-4498,引っ繰り返す,N3 Verbs,子供が走り回って、私の足を引っ繰り返しました。,"Kodomo ga hashirimawatte, watashi no ashi o hikkurikaeshimashita",A child ran around and caused me to trip and fall.
sent-4499,引っ繰り返す,N3 Verbs,彼はうっかり足をひっかけて、自分で自分を引っ繰り返してしまった。,"Kare wa ukkari ashi o hikkakete, jibun de jibun o hikkurikaeshite shimatta",He accidentally tripped over his own foot and ended up knocking himself down.
sent-4500,引っ張る,N3 Verbs,道に迷ったので、友達に手を引っ張ってもらった。,"Michi ni mayotta node, tomodachi ni te o hipparatte moratta","I got lost, so my friend pulled me by the hand."
sent-4501,引っ張る,N3 Verbs,彼はチームを引っ張るリーダーだ。,Kare wa chiimu o hipparu riidaa da,He’s the leader who drives (pulls along) the team.
sent-4502,引っ張る,N3 Verbs,犬がリードを引っ張って散歩に行きたがっている。,Inu ga riido o hipparatte sanpo ni ikitagatte iru,"The dog is tugging on the leash, wanting to go for a walk."
sent-4503,引っ張る,N3 Verbs,彼女は私を買い物に誘って、店から店へ引っ張っていった。,"Kanojo wa watashi o kaimono ni sasotte, mise kara mise e hipparatte itta",She invited me shopping and dragged me from store to store.
sent-4504,引っ張る,N3 Verbs,親友は私を困難な状況から引っ張り出してくれた。,Shin'yuu wa watashi o konnan na joukyou kara hipparidashite kureta,My best friend pulled me out of a difficult situation.
sent-4505,冷やす,N3 Verbs,水を冷やすのに時間がかかる。,Mizu o hiyasu no ni jikan ga kakaru.,It takes time to cool the water.
sent-4506,冷やす,N3 Verbs,熱い飲み物を少し冷やしてから飲むといい。,Atsui nomimono o sukoshi hiyashite kara nomu to ii.,It's good to let hot drinks cool a bit before drinking.
sent-4507,冷やす,N3 Verbs,暑い日はアイスコーヒーを入れて冷やして飲むと気持ちがいい。,Atsui hi wa aisukouhii o irete hiyashite nomu to kimochi ga ii.,"On a hot day, it feels great to make iced coffee and drink it once it's chilled."
sent-4508,冷やす,N3 Verbs,ビールを冷やすために冷蔵庫に入れておいた。,Biiru o hiyasu tame ni reizouko ni irete oita.,I placed the beer in the fridge to cool it.
sent-4509,冷やす,N3 Verbs,頭痛がひどい時、アイスパックで額を冷やすと楽になる。,"Zutsuu ga hidoi toki, aisupakku de hitai o hiyasu to raku ni naru.","When you have a severe headache, applying an ice pack to your forehead can help relieve the pain."
sent-4510,広げる,N3 Verbs,地図を広げて道を調べた。,Chizu o hirogete michi o shirabeta,I spread out the map to check the route.
sent-4511,広げる,N3 Verbs,テーブルの上に新聞を広げた。,Teeburu no ue ni shinbun o hirogeta,I laid out the newspaper on the table.
sent-4512,広げる,N3 Verbs,彼女は両手を広げて私を抱き締めた。,Kanojo wa ryoute o hirogete watashi o dakishimeta,She opened her arms wide and hugged me.
sent-4513,広げる,N3 Verbs,その会社はビジネスをアジア市場に広げる計画だ。,Sono kaisha wa bijinesu o Ajia shijou ni hirogeru keikaku da,The company plans to expand its business into the Asian market.
sent-4514,広げる,N3 Verbs,教育の機会を広げることが重要です。,Kyouiku no kikai o hirogeru koto ga juuyou desu,It is important to expand educational opportunities.
sent-4515,広める,N3 Verbs,最近、ベジタリアンの食生活を広める活動が多くなっています。,"Saikin, bejitarian no shokuseikatsu o hiromeru katsudou ga ookunatte imasu","Recently, there have been more initiatives to promote vegetarian diets."
sent-4516,広める,N3 Verbs,環境保護の意識を広めるためのキャンペーンが行われました。,Kankyou hogo no ishiki o hiromeru tame no kyanpeen ga okonawaremashita,A campaign was held to raise awareness of environmental protection.
sent-4517,広める,N3 Verbs,健康に良い食品を広めることで、皆さんの生活が向上します。,"Kenkou ni ii shokuhin o hiromeru koto de, minasan no seikatsu ga koujou shimasu","By promoting healthy foods, everyone's lives will improve."
sent-4518,広める,N3 Verbs,国際交流を広めることは、異文化理解を深める一助となります。,"Kokusaikouryuu o hiromeru koto wa, ibunka rikai o fukameru ichijo to narimasu",Promoting international exchange helps deepen understanding of other cultures.
sent-4519,広める,N3 Verbs,教育の機会を広めることが、社会の発展に繋がります。,"Kyouiku no kikai o hiromeru koto ga, shakai no hatten ni tsunagarimasu",Expanding educational opportunities leads to the development of society.
sent-4520,拭く,N3 Verbs,ガラスを綺麗に拭くために、新聞紙を使ってください。,"Garasu o kirei ni fuku tame ni, shinbunshi o tsukatte kudasai.","To wipe the glass clean, please use newspaper."
sent-4521,拭く,N3 Verbs,彼女は汗を拭くためにハンカチを使いました。,Kanojo wa ase o fuku tame ni hankachi o tsukaimashita.,She used a handkerchief to wipe her sweat.
sent-4522,拭く,N3 Verbs,娘がこぼれたジュースをテーブルから拭きました。,Musume ga koboreta juusu o teeburu kara fukimashita.,My daughter wiped the spilled juice off the table.
sent-4523,拭く,N3 Verbs,雨が降るたびに、窓を拭かなくてはならない。,"Ame ga furu tabi ni, mado o fukanakute wa naranai.",I have to wipe the windows every time it rains.
sent-4524,拭く,N3 Verbs,彼は顔に水をかけて、タオルで拭きました。,"Kare wa kao ni mizu o kakete, taoru de fukimashita.",He splashed water on his face and wiped it with a towel.
sent-4525,膨らむ,N3 Verbs,風船がゆっくりと膨らむ様子を見ていた。,Fūsen ga yukkuri to fukuramu yōsu o mite ita.,I was watching the balloon slowly inflate.
sent-4526,膨らむ,N3 Verbs,彼の話を聞くと、期待が膨らむ。,"Kare no hanashi o kiku to, kitai ga fukuramu.",Listening to his story makes my expectations grow.
sent-4527,膨らむ,N3 Verbs,パンが焼きあがるまでには十分に膨らむ必要がある。,Pan ga yakiagaru made ni wa jūbun ni fukuramu hitsuyō ga aru.,The bread needs to rise sufficiently before it is baked.
sent-4528,膨らむ,N3 Verbs,そのプロジェクトの計画がどんどん膨らんでいく。,Sono purojekuto no keikaku ga dondon fukurande iku.,The plans for the project are expanding rapidly.
sent-4529,膨らむ,N3 Verbs,彼女の成功によって彼のプライドが膨らんだ。,Kanojo no seikō ni yotte kare no puraido ga fukuranda.,His pride swelled with her success.
sent-4530,防ぐ,N3 Verbs,彼は雨を防ぐために傘を持ってきた。,Kare wa ame o fusegu tame ni kasa o motte kita,He brought an umbrella to protect himself from the rain.
sent-4531,防ぐ,N3 Verbs,ウイルス感染を防ぐためにマスクを着用しましょう。,Uirusu kansen o fusegu tame ni masuku o chakuyou shimashou,Wear a mask to prevent virus infection.
sent-4532,防ぐ,N3 Verbs,この塗料は錆びを防ぐ効果があります。,Kono toryō wa sabi o fusegu kouka ga arimasu,This coating has the effect of preventing rust.
sent-4533,防ぐ,N3 Verbs,適切な保護措置を講じて火事を防ぐことができる。,Tekisetsu na hogosochi o koujite kaji o fusegu koto ga dekiru,Proper protective measures can be taken to prevent fires.
sent-4534,防ぐ,N3 Verbs,私たちは日焼けを防ぐためにサンスクリーンを塗りました。,Watashitachi wa hiyake o fusegu tame ni sansukuriin o nurimashita,We applied sunscreen to prevent sunburn.
sent-4535,ぶつかる,N3 Verbs,彼女は急いでいたので、角を曲がったときに私にぶつかった。,"Kanojo wa isoide ita node, kado o magatta toki ni watashi ni butsukatta","She was in a hurry, so she bumped into me when she turned the corner."
sent-4536,ぶつかる,N3 Verbs,駅のホームでうっかりスーツケースにぶつかってしまった。,Eki no hoomu de ukkari suutsukeesu ni butsukatte shimatta,I accidentally bumped into a suitcase on the train platform.
sent-4537,ぶつかる,N3 Verbs,車が突然横切ってきて、自転車にぶつかるところだった。,"Kuruma ga totsuzen yokogitte kite, jitensha ni butsukaru tokoro datta","A car suddenly came across, and it was about to hit the bicycle."
sent-4538,ぶつかる,N3 Verbs,彼は自分の意見を主張し、時々友達と意見がぶつかることがある。,"Kare wa jibun no iken o shuchou shi, tokidoki tomodachi to iken ga butsukaru koto ga aru","He asserts his own opinions, and sometimes clashes with his friends."
sent-4539,ぶつかる,N3 Verbs,今日は朝から何度も壁にぶつかり、とてもフラストレーションが溜まっている。,"Kyou wa asa kara nando mo kabe ni butsukari, totemo furasutoreeshon ga tamatte iru","I've been hitting walls since this morning, and I'm feeling very frustrated."
sent-4540,増やす,N3 Verbs,収入を増やす方法を考えなければならない。,Shūnyū o fuyasu hōhō o kangaenakereba naranai.,We must think of ways to increase our income.
sent-4541,増やす,N3 Verbs,リスクを避けるために、投資を複数の銘柄に分散して増やす必要があります。,"Risuku o yokeru tame ni, tōshi o fukusū no meigara ni bunsan shite fuyasu hitsuyō ga arimasu.","To avoid risk, it is necessary to increase investments by diversifying them among multiple stocks."
sent-4542,増やす,N3 Verbs,木々が増やす酸素は、私たちにとって非常に重要だ。,"Kigi ga fuyasu sanso wa, watashitachi ni totte hijō ni jūyō da.",The oxygen increased by trees is very important for us.
sent-4543,増やす,N3 Verbs,スキルを増やすことで、就職のチャンスも増える。,"Sukiru o fuyasu koto de, shūshoku no chansu mo fueru.","By increasing your skills, your chances of getting a job also increase."
sent-4544,増やす,N3 Verbs,企業は利益を増やすために、効率的な経営方法を探しています。,"Kigyō wa rieki o fuyasu tame ni, kōritsu-teki na keiei hōhō o sagashiteimasu.",Companies are looking for efficient management methods to increase profits.
sent-4545,振り向く,N3 Verbs,彼女が突然振り向いて、私に微笑んだ。,"Kanojo ga totsuzen furimuite, watashi ni hohoenda",She suddenly turned around and smiled at me.
sent-4546,振り向く,N3 Verbs,音がして、皆が振り向いた。,"Oto ga shite, mina ga furimuita",Everyone turned around when they heard the sound.
sent-4547,振り向く,N3 Verbs,通りすがりの人が振り向いて見た。,Toorisugari no hito ga furimuite mita,The passerby turned around and looked.
sent-4548,振り向く,N3 Verbs,彼が名前を呼ばれると、すぐに振り向いた。,"Kare ga namae o yobareru to, sugu ni furimuita","As soon as his name was called, he turned around."
sent-4549,振り向く,N3 Verbs,犬が私の声を聞いて振り向いた。,Inu ga watashi no koe o kiite furimuita,The dog turned around when it heard my voice.
sent-4550,振る,N3 Verbs,彼は元気を振り絞って立ち上がった。,Kare wa genki o furishibotte tachiagatta,He mustered up all his energy and stood up.
sent-4551,振る,N3 Verbs,彼女はブラシを振って服を汚れからきれいにした。,Kanojo wa burashi o futte fuku o yogore kara kirei ni shita,"She brushed off the dirt from her clothes, making them clean."
sent-4552,振る,N3 Verbs,母は彼に手紙を振りかざして彼の注意を引いた。,Haha wa kare ni tegami o furikazashite kare no chuui o hiita,My mother waved the letter at him to catch his attention.
sent-4553,振る,N3 Verbs,首相は決意を示すために拳を振り上げた。,Shushou wa ketsui o shimesu tame ni kobushi o furiageta,The Prime Minister raised his fist to show his determination.
sent-4554,振る,N3 Verbs,彼は敵が近づくと、剣を振り回して威嚇した。,"Kare wa teki ga chikazuku to, ken o furimawashite ikaku shita","When his enemy approached, he swung his sword to intimidate them."
sent-4555,震える,N3 Verbs,寒さで体が震える。,Samusa de karada ga furueru.,My body shivers because of the cold.
sent-4556,震える,N3 Verbs,怖さに声が震える。,Kowasa ni koe ga furueru.,My voice trembles with fear.
sent-4557,震える,N3 Verbs,緊張で手が震える。,Kinchou de te ga furueru.,My hands shake due to nervousness.
sent-4558,震える,N3 Verbs,感動で心が震える。,Kandou de kokoro ga furueru.,My heart trembles with emotion.
sent-4559,震える,N3 Verbs,雷の音に家が震える。,Kaminari no oto ni ie ga furueru.,The house shakes with the sound of thunder.
sent-4560,減る,N3 Verbs,大雨で水位が上がったが、やがて水位は減るだろう。,"Ooame de suii ga agatta ga, yagate suii wa heru darou.","The water level has risen due to the heavy rain, but it will eventually decrease."
sent-4561,減る,N3 Verbs,人々が節約意識を持ち始めたことで、エネルギー消費が減っている。,"Hitobito ga setsuyaku ishiki o mochi hajimeta koto de, enerugii shouhi ga hette iru.","As people have started to be more conscious about saving energy, energy consumption has decreased."
sent-4562,減る,N3 Verbs,健康を維持するために、塩分摂取量を減らすことが大切です。,"Kenkou o iji suru tame ni, enbun sesshu-ryou o herasu koto ga taisetsu desu.","In order to maintain good health, it is important to reduce salt intake."
sent-4563,減る,N3 Verbs,彼女の努力によって、体重が5キロ減りました。,"Kanojo no doryoku ni yotte, taijuu ga go kiro herimashita.","Thanks to her efforts, she lost 5 kilograms in weight."
sent-4564,減る,N3 Verbs,景気が悪いため、企業の利益が減る傾向が続いています。,"Keiki ga warui tame, kigyou no rieki ga heru keikou ga tsuzuite imasu.","Due to the bad economy, the trend of decreasing corporate profits continues."
sent-4565,ほえる,N3 Verbs,犬がほえている。,Inu ga hoete iru,The dog is barking.
sent-4566,ほえる,N3 Verbs,飼い犬が通行人に向かってほえた。,Kaiinu ga tsuukounin ni mukatte hoeta,The pet dog barked at a passerby.
sent-4567,ほえる,N3 Verbs,近所の犬が夜中にほえるのがうるさい。,Kinjo no inu ga yonaka ni hoeru no ga urusai,It's noisy when the neighbor's dog barks in the middle of the night.
sent-4568,ほえる,N3 Verbs,外に出たら、突然犬がほえだした。,"Soto ni detara, totsuzen inu ga hoedashita","When I went outside, a dog suddenly started barking."
sent-4569,ほえる,N3 Verbs,猫は犬がほえるのを怖がって木に登った。,Neko wa inu ga hoeru no o kowagatte ki ni nobotta,"The cat, scared of the barking dog, climbed a tree."
sent-4570,干す,N3 Verbs,洗濯物を干すためにバルコニーに出した。,Sentakumono o hosu tame ni barukonii ni dashita.,I went out to the balcony to hang out the laundry.
sent-4571,干す,N3 Verbs,魚を干して保存食を作ることができます。,Sakana o hosu shite hozonshoku o tsukuru koto ga dekimasu.,You can make preserved food by drying fish.
sent-4572,干す,N3 Verbs,農家で稲を干すのに晴れる日が必要だ。,Nouka de ine o hosu no ni hareru hi ga hitsuyou da.,Sunny days are needed to dry rice on the farm.
sent-4573,干す,N3 Verbs,高所で靴を干しています。,Kousho de kutsu o hosu shiteimasu.,I am hanging shoes to dry high up.
sent-4574,干す,N3 Verbs,畳を干すことで湿気を取り除くことができます。,Tatami o hosu koto de shikke o torinozoku koto ga dekimasu.,"By airing out the tatami mats, you can remove humidity."
sent-4575,掘る,N3 Verbs,穴を掘るのに手袋が必要だ。,Ana o horu no ni tebukuro ga hitsuyou da.,Gloves are necessary for digging a hole.
sent-4576,掘る,N3 Verbs,彼は家の庭で野菜を栽培するために土を掘った。,Kare wa ie no niwa de yasai o saibai suru tame ni tsuchi o hotta.,He dug the soil in his garden to cultivate vegetables.
sent-4577,掘る,N3 Verbs,子どもたちは砂場で穴を掘るのが好きです。,Kodomo-tachi wa sunaba de ana o horu no ga suki desu.,Children like to dig holes in the sandbox.
sent-4578,掘る,N3 Verbs,発掘チームは古代遺跡を掘り出すために働いている。,Hakkutsu chiimu wa kodai iseki o horidasu tame ni hataraite iru.,The excavation team is working to unearth ancient ruins.
sent-4579,掘る,N3 Verbs,その建設プロジェクトのために、彼は深い溝を掘らなければならなかった。,"Sono kensetsu purojekuto no tame ni, kare wa fukai mizo o horanakereba naranakatta.",He had to dig a deep ditch for the construction project.
sent-4580,曲げる,N3 Verbs,彼は紙を曲げて飛行機を作った。,Kare wa kami o magete hikouki o tsukutta.,He bent the paper and made a paper airplane.
sent-4581,曲げる,N3 Verbs,金属棒を折り曲げることができません。,Kinzoku bou o orimageru koto ga dekimasen,I cannot bend the metal rod.
sent-4582,曲げる,N3 Verbs,彼女はスプーンを指で曲げるマジックを見せた。,Kanojo wa supuun o yubi de mageru majikku o miseta,She showed a magic trick of bending a spoon with her fingers.
sent-4583,曲げる,N3 Verbs,母は水道パイプを折り曲げることに失敗しました。,Haha wa suidou paipu o orimageru koto ni shippai shimashita,My mom failed at bending the water pipe.
sent-4584,曲げる,N3 Verbs,彼は針金を左へ急に曲げました。,Kare wa harigane o hidari e kyuu ni magemashita,He suddenly bent the wire to the left.
sent-4585,混ぜる,N3 Verbs,ドレッシングをサラダに混ぜる。,Doresshingu o sarada ni mazeru,Mix the dressing with the salad.
sent-4586,混ぜる,N3 Verbs,卵と砂糖をよく混ぜる。,Tamago to satou o yoku mazeru,Mix the eggs and sugar well.
sent-4587,混ぜる,N3 Verbs,色々な食材を混ぜてシチューを作る。,Iroiro na shokuzai o mazete shichuu o tsukuru,Make a stew by mixing various ingredients.
sent-4588,混ぜる,N3 Verbs,コーヒーに砂糖とミルクを混ぜる。,Koohii ni satou to miruku o mazeru,Mix sugar and milk into the coffee.
sent-4589,混ぜる,N3 Verbs,カクテルの材料をシェーカーでしっかり混ぜる。,Kakuteru no zairyou o sheekaa de shikkari mazeru,Shake the cocktail ingredients well in a shaker.
sent-4590,待ち合わせる,N3 Verbs,駅で友達と待ち合わせることになった。,Eki de tomodachi to machiawaseru koto ni natta.,I arranged to meet my friend at the station.
sent-4591,待ち合わせる,N3 Verbs,彼女と映画館で待ち合わせる予定だった。,Kanojo to eigakan de machiawaseru yotei datta.,I was supposed to meet her at the movie theater.
sent-4592,待ち合わせる,N3 Verbs,待ち合わせる場所はどこに決まりましたか？,Machiawaseru basho wa doko ni kimarimashita ka?,Where did you decide to meet up?
sent-4593,待ち合わせる,N3 Verbs,今日の午後、先生と図書館で待ち合わせることにしました。,"Kyou no gogo, sensei to toshokan de machiawaseru koto ni shimashita.",I decided to meet my teacher at the library this afternoon.
sent-4594,待ち合わせる,N3 Verbs,彼と明日、レストランで待ち合わせる予定です。,"Kare to ashita, resutoran de machiawaseru yotei desu.",I plan to meet him at a restaurant tomorrow.
sent-4595,間違う,N3 Verbs,彼は試験で計算を間違った。,Kare wa shiken de keisan o machigatta,He made a mistake in the calculation during the exam.
sent-4596,間違う,N3 Verbs,間違った道に入ってしまったので、戻る必要がある。,"Machigatta michi ni haitte shimatta node, modoru hitsuyou ga aru","I took the wrong path, so I need to go back."
sent-4597,間違う,N3 Verbs,計画の内容を間違えると、大変なことになる。,"Keikaku no naiyou o machigaeru to, taihen na koto ni naru",Getting the details of the plan wrong can cause serious problems.
sent-4598,間違う,N3 Verbs,私は電話番号を間違ってダイヤルしてしまった。,Watashi wa denwa bangou o machigatte daiyaru shite shimatta,I accidentally dialed the wrong phone number.
sent-4599,間違う,N3 Verbs,その記事にはいくつかの間違った情報が含まれていた。,Sono kiji ni wa ikutsu ka no machigatta jouhou ga fukumarete ita,The article contained several incorrect pieces of information.
sent-4600,まとめる,N3 Verbs,情報をまとめるために、ノートに書き留めました。,"Jouhou o matomeru tame ni, nooto ni kakitomemashita",I wrote down the information in a notebook to organize it.
sent-4601,まとめる,N3 Verbs,このプロジェクトの結果をまとめて報告書を作成しましょう。,Kono purojekuto no kekka o matomete houkokusho o sakusei shimashou,Let's compile the results of this project and create a report.
sent-4602,まとめる,N3 Verbs,彼女は自分の意見をまとめて一つの提案にしました。,Kanojo wa jibun no iken o matomete hitotsu no teian ni shimashita,She consolidated her opinions and made one proposal.
sent-4603,まとめる,N3 Verbs,会議の後で、決定事項をまとめてメールで送ります。,"Kaigi no ato de, kettei jikou o matomete meeru de okurimasu","After the meeting, I will send a summary of the decisions made by email."
sent-4604,まとめる,N3 Verbs,資料をまとめて、締め切りまでに提出する必要がある。,"Shiryou o matomete, shimekiri made ni teishutsu suru hitsuyou ga aru",The materials need to be compiled and submitted by the deadline.
sent-4605,学ぶ,N3 Verbs,日本語を学ぶのは楽しいです。,Nihongo o manabu no wa tanoshii desu,Learning Japanese is fun.
sent-4606,学ぶ,N3 Verbs,私は新しい言語を学ぶことが好きです。,Watashi wa atarashii gengo o manabu koto ga suki desu,I like learning new languages.
sent-4607,学ぶ,N3 Verbs,このコースではコンピューターの基本操作を学びます。,Kono koosu de wa konpyuutaa no kihon soosa o manabimasu,"In this course, we will learn the basics of computer operation."
sent-4608,学ぶ,N3 Verbs,彼は経済学を学ぶために大学に入学しました。,Kare wa keizaigaku o manabu tame ni daigaku ni nyuugaku shimashita,He entered university to study economics.
sent-4609,学ぶ,N3 Verbs,史跡を訪れて歴史を学ぶことはとても有益です。,Shiseki o otozurete rekishi o manabu koto wa totemo yuueki desu,It is very beneficial to learn history by visiting historical sites.
sent-4610,守る,N3 Verbs,この橋を守るために、多くの人が努力しています。,"Kono hashi o mamoru tame ni, ooku no hito ga doryoku shiteimasu",Many people are working hard to protect this bridge.
sent-4611,守る,N3 Verbs,あなたの個人情報を守ることが私たちの責任です。,Anata no kojin jouhou o mamoru koto ga watashitachi no sekinin desu,It is our responsibility to protect your personal information.
sent-4612,守る,N3 Verbs,動物たちの生息地を守るために、自然保護区が設けられました。,"Doubutsutachi no seisoku chi o mamoru tame ni, shizen hogo-ku ga moukeraremashita",Nature reserves have been established to protect the habitats of animals.
sent-4613,守る,N3 Verbs,古い町並みを守るために、建物の修復が行われています。,"Furui machinami o mamoru tame ni, tatemono no shufuku ga okonawareteimasu",Building restoration is being carried out to preserve the old townscape.
sent-4614,守る,N3 Verbs,私たちは友達を守ることができる限り助けを提供すべきです。,Watashitachi wa tomodachi o mamoru koto ga dekiru kagiri tasuke o teikyou subeki desu,We should offer help to protect our friends as much as we can.
sent-4615,回す,N3 Verbs,彼はボールを回すのがうまい。,Kare wa booru o mawasu no ga umai,He is good at spinning the ball.
sent-4616,回す,N3 Verbs,私はストーブのつまみを回して温度を上げた。,Watashi wa sutoobu no tsumami o mawashite ondo o ageta,I turned the knob of the stove to raise the temperature.
sent-4617,回す,N3 Verbs,彼女はテーブルまわりに皆にお皿を回した。,Kanojo wa teeburu mawari ni mina ni osara o mawashita,She passed the plates around the table to everyone.
sent-4618,回す,N3 Verbs,風船を手で軽く回すと、バランスが良くなります。,"Fuusen o te de karuku mawasu to, baransu ga yokunarimasu",Gently spinning the balloon with your hand will improve its balance.
sent-4619,回す,N3 Verbs,彼は地球儀を回して、目的地を探した。,"Kare wa chikyuugi o mawashite, mokutekichi o sagashita",He spun the globe to search for his destination.
sent-4620,見送る,N3 Verbs,彼女が駅まで来て、私たちを見送ってくれた。,"Kanojo ga eki made kite, watashitachi o miokutte kureta.",She came to the station and saw us off.
sent-4621,見送る,N3 Verbs,思いっきり手を振って、友達を見送った。,"Omoikkiri te o futte, tomodachi o miokutta.",I waved my hand with all my might and saw my friend off.
sent-4622,見送る,N3 Verbs,船が港を出るのを見送る人たちがいた。,Fune ga minato o deru no o miokuru hitotachi ga ita.,There were people seeing the ship off as it left the port.
sent-4623,見送る,N3 Verbs,今回のオファーは見送ることに決めました。,Konkai no ofaa wa miokuru koto ni kimemashita.,I've decided to pass on this offer this time.
sent-4624,見送る,N3 Verbs,その計画の実行を当面見送ることとなった。,Sono keikaku no jikkou o toumen miokuru koto to natta.,It was decided to put off the implementation of the plan for the time being.
sent-4625,見直す,N3 Verbs,計画を見直す必要があるかもしれない。,Keikaku o minaosu hitsuyou ga aru kamoshirenai,We might need to review the plan.
sent-4626,見直す,N3 Verbs,予算を見直すことで、無駄な出費を削減できる。,"Yosan o minaosu koto de, muda na shuppi o sakugen dekiru","By reviewing the budget, we can reduce unnecessary expenses."
sent-4627,見直す,N3 Verbs,間違った情報を受け、彼女は自分の意見を見直さなければならなかった。,"Machigatta jouhou o uke, kanojo wa jibun no iken o minaosanakereba naranakatta","After receiving incorrect information, she had to revise her opinion."
sent-4628,見直す,N3 Verbs,成果が上がらないので、戦略を見直す時だ。,"Seika ga agaranai node, senryaku o minaosu toki da",It's time to reassess our strategy since our performance isn't improving.
sent-4629,見直す,N3 Verbs,来週までには、全ての文章を見直してください。,"Raishuu made ni wa, subete no bunshou o minaoshite kudasai",Please review all the text by next week.
sent-4630,診る,N3 Verbs,友達が病気そうだから、すぐに医者に診てもらった方がいい。,"Tomodachi ga byouki sou dakara, sugu ni isha ni mite moratta hou ga ii.","My friend seems sick, so it's better to get a doctor to check them right away."
sent-4631,診る,N3 Verbs,この痛みがひどいので、できるだけ早く医者に診てもらいたい。,"Kono itami ga hidoi node, dekiru dake hayaku isha ni mite moraitai.","This pain is terrible, so I want to see a doctor as soon as possible."
sent-4632,診る,N3 Verbs,定期的に歯医者に診てもらうことで、歯の健康を維持できる。,"Teikiteki ni haisha ni mite morau koto de, ha no kenkou o iji dekiru.",Regular check-ups with the dentist can help maintain your dental health.
sent-4633,診る,N3 Verbs,彼は足のけがが心配で、すぐに整形外科医に診てもらった。,"Kare wa ashi no kega ga shinpai de, sugu ni seikeigeka i ni mite moratta.",He was worried about his leg injury and had an orthopedic doctor check it right away.
sent-4634,診る,N3 Verbs,母は頭痛がひどくて、先週神経内科医に診てもらいました。,"Haha wa zutsuu ga hidokute, sen-shuu shinkeika i ni mite moraimashita.",My mother had a terrible headache and saw a neurologist last week.
sent-4635,向かう,N3 Verbs,駅に向かって歩いています。,Eki ni mukatte aruiteimasu,I am walking towards the station.
sent-4636,向かう,N3 Verbs,大学に向かって車で行きます。,Daigaku ni mukatte kuruma de ikimasu,"I will go to the university by car, heading towards it."
sent-4637,向かう,N3 Verbs,彼は空港に向かい、飛行機で帰国します。,"Kare wa kuukou ni mukai, hikouki de kikoku shimasu",He is heading to the airport and will return to his country by plane.
sent-4638,向かう,N3 Verbs,会議に遅れないように会場に向かいました。,Kaigi ni okurenai you ni kaijou ni mukaimashita,I headed to the venue so as not to be late for the meeting.
sent-4639,向かう,N3 Verbs,彼女は来週、海外へ留学するために成田空港に向かいます。,"Kanojo wa raishuu, kaigai e ryuugaku suru tame ni Narita Kuukou ni mukaimasu",She is heading to Narita Airport next week to study abroad.
sent-4640,向く,N3 Verbs,彼女は将来、教育に向いていると思います。,"Kanojo wa shourai, kyouiku ni muite iru to omoimasu",I think she is suitable for a career in education in the future.
sent-4641,向く,N3 Verbs,彼は政治に全く向かない人だ。,Kare wa seiji ni mattaku mukanai hito da,He is completely unsuited for politics.
sent-4642,向く,N3 Verbs,この仕事はプレッシャーに強い人に向いている。,Kono shigoto wa puresshaa ni tsuyoi hito ni muite iru.,This job is suited for people who are strong under pressure.
sent-4643,向く,N3 Verbs,犬は忠誠心に向いている動物だ。,Inu wa chuuseishin ni muite iru doubutsu da,Dogs are animals well-suited for loyalty.
sent-4644,むく,N3 Verbs,窓の方に体をむくと、涼しい風が感じられる。,"Mado no hou ni karada o muku to, suzushii kaze ga kanjirareru.","When you face the window, you can feel a cool breeze."
sent-4645,むく,N3 Verbs,みんなの前で発表するときは、まっすぐ前を向くように気をつけてください。,"Minna no mae de happyou suru toki wa, massugu mae o muku you ni ki o tsukete kudasai.","When presenting in front of everyone, be sure to face straight forward."
sent-4646,むく,N3 Verbs,カバンをフックに掛けてから左側にむく。,Kaban o fukku ni kakete kara hidarigawa ni muku.,"Hang your bag on the hook, then turn to the left."
sent-4647,むく,N3 Verbs,りんごの皮をむく前に、きれいに洗いましょう。,"Ringo no kawa o muku mae ni, kirei ni araimashou.","Before peeling the apple, wash it well."
sent-4648,むく,N3 Verbs,じゃがいもの皮をむくときは、手を切らないように注意してください。,"Jagaimo no kawa o muku toki wa, te o kiranai you ni chuui shite kudasai.","When peeling potatoes, be careful not to cut your hand."
sent-4649,蒸す,N3 Verbs,野菜を蒸すのは栄養価を高める良い方法です。,Yasai o musu no wa eiyouka o takameru yoi houhou desu,Steaming vegetables is a good way to increase their nutritional value.
sent-4650,蒸す,N3 Verbs,魚を蒸すことで、あっさりとした味を楽しむことができます。,"Sakana o musu koto de, assari to shita aji o tanoshimu koto ga dekimasu","By steaming fish, you can enjoy a light and delicate taste."
sent-4651,蒸す,N3 Verbs,冬には部屋が寒いので、蒸しタオルを使って体を温める人もいます。,"Fuyu ni wa heya ga samui no de, mushi-taoru o tsukatte karada o atatameru hito mo imasu","Because rooms get cold in winter, some people warm themselves with a steamed towel."
sent-4652,蒸す,N3 Verbs,蒸しタオルを使って、顔を蒸すことで毛穴を開かせることができます。,"Mushi taoru o tsukatte, kao o musu koto de keana o hirakaseru koto ga dekimasu","By using a steamed towel and steaming your face, you can open up your pores."
sent-4653,蒸す,N3 Verbs,簡単に栄養豊富な朝食を作るためには、卵を蒸すことをおすすめします。,"Kantan ni eiyou houfu na choushoku o tsukuru tame ni wa, tamago o musu koto o osusume shimasu","To make a quick and nutritious breakfast, I recommend steaming eggs."
sent-4654,結ぶ,N3 Verbs,彼らは友情を結ぶことになった。,Karera wa yuujou o musubu koto ni natta,They formed a friendship.
sent-4655,結ぶ,N3 Verbs,二人は結婚の誓いを結びました。,Futari wa kekkon no chikai o musubimashita,The two of them made a marriage vow.
sent-4656,結ぶ,N3 Verbs,いくつかの道路がこの交差点で結ばれている。,Ikutsu ka no douro ga kono kousaten de musubarete iru,Several roads are connected at this intersection.
sent-4657,結ぶ,N3 Verbs,二つの都市を鉄道で結ぶ計画がある。,Futatsu no toshi o tetsudou de musubu keikaku ga aru,There is a plan to connect the two cities by railway.
sent-4658,結ぶ,N3 Verbs,ネクタイをしっかりと結ぶことが大切だ。,Nekutai o shikkari to musubu koto ga taisetsu da,It's important to tie a tie tightly.
sent-4659,目指す,N3 Verbs,大学生になることを目指して、一生懸命勉強しています。,"Daigakusei ni naru koto o mezasu, isshoukenmei benkyou shiteimasu",I am studying hard to achieve my goal of becoming a college student.
sent-4660,目指す,N3 Verbs,彼女はプロのダンサーを目指して、毎日練習している。,"Kanojo wa puro no dansa o mezasu, mainichi renshuu shiteiru",She practices every day aiming to become a professional dancer.
sent-4661,目指す,N3 Verbs,彼は医者を目指して、医学部に入学しました。,"Kare wa isha o mezasu, igakubu ni nyuugaku shimashita",He entered a medical school with the goal of becoming a doctor.
sent-4662,目指す,N3 Verbs,親から期待されているので、優秀な成績を目指すことにします。,"Oya kara kitai sareteiru node, yuushuu na seiseki o mezasu koto ni shimasu","As my parents have high expectations, I will aim for excellent grades."
sent-4663,目指す,N3 Verbs,今年はマラソン大会で優勝を目指すために、毎日走っている。,"Kotoshi wa marason taikai de yuushou o mezasu tame ni, mainichi hashitte iru",I am running every day this year to aim for victory in the marathon competition.
sent-4664,目立つ,N3 Verbs,彼女の赤いドレスは本当に目立つ。,Kanojo no akai doresu wa hontou ni medatsu.,Her red dress really stands out.
sent-4665,目立つ,N3 Verbs,その映画のポスターは、鮮やかな色で目立っている。,"Sono eiga no posutaa wa, azayakana iro de medatteiru.",The movie poster stands out with its vivid colors.
sent-4666,目立つ,N3 Verbs,目立つポイントを強調するために、このスライドでは文字を大きくしています。,"Medatsu pointo o kyouchou suru tame ni, kono suraido de wa moji o ookiku shiteimasu.","In this slide, the text is enlarged to emphasize the prominent points."
sent-4667,目立つ,N3 Verbs,彼は他の学生よりも目立つリーダーシップ能力を持っている。,Kare wa hoka no gakusei yori mo medatsu riidaashippu nouryoku o motteiru.,He has a leadership ability that stands out more than other students.
sent-4668,目立つ,N3 Verbs,その新しい建物は、周りの景色に目立った存在です。,"Sono atarashii tatemono wa, mawari no keshiki ni medatta sonzai desu.",The new building is a prominent presence in the surrounding scenery.
sent-4669,申し込む,N3 Verbs,講習会に申し込むことを決めました。,Koushuukai ni moushikomu koto o kimemashita,I decided to apply for the workshop.
sent-4670,申し込む,N3 Verbs,学校のサークル活動に申し込みたいです。,Gakkou no saakuru katsudou ni moushikomitai desu,I want to apply for the school club activities.
sent-4671,申し込む,N3 Verbs,留学プログラムに申し込むための書類を揃えています。,Ryuugaku puroguramu ni moushikomu tame no shorui o soroeteimasu,I am preparing the documents to apply for the study abroad program.
sent-4672,申し込む,N3 Verbs,彼女はコンテストに申し込む勇気をついに持っています。,Kanojo wa kontesuto ni moushikomu yuuki o tsui ni motteimasu,She finally has the courage to apply for the contest.
sent-4673,申し込む,N3 Verbs,期限が近づいているので、早く住宅ローンに申し込みたい。,"Kigen ga chikazuiteru node, hayaku juutaku roon ni moushikomitai","The deadline is approaching, so I want to apply for the housing loan quickly."
sent-4674,戻す,N3 Verbs,彼は本を元の場所に戻した。,Kare wa hon o moto no basho ni modoshita,He returned the book to its original place.
sent-4675,戻す,N3 Verbs,時間を戻すことはできません。,Jikan o modosu koto wa dekimasen,We cannot turn back time.
sent-4676,戻す,N3 Verbs,彼女は椅子を正しい位置に戻した。,Kanojo wa isu o tadashii ichi ni modoshita,She put the chair back in the correct position.
sent-4677,戻す,N3 Verbs,もし失敗したら、最初のステージに戻す必要があります。,"Moshi shippai shitara, saisho no suteiji ni modosu hitsuyou ga arimasu","If you fail, you will need to go back to the initial stage."
sent-4678,戻す,N3 Verbs,私は彼の金を戻す約束をしました。,Watashi wa kare no kane o modosu yakusoku o shimashita,I promised to return his money.
sent-4679,燃やす,N3 Verbs,木を燃やして暖を取りましょう。,Ki o moyashite dan o torimashou,Let's burn wood to keep warm.
sent-4680,燃やす,N3 Verbs,ガスコンロで燃やすと、食材の味が引き立ちます。,"Gasu konro de moyasu to, shokuzai no aji ga hikidachimasu","When you burn it with a gas stove, the taste of the ingredients stands out."
sent-4681,燃やす,N3 Verbs,キャンプで焚火を燃やすのが楽しいね。,Kyanpu de takibi o moyasu no ga tanoshii ne,It's fun to burn a bonfire at a camp.
sent-4682,燃やす,N3 Verbs,彼は紙を燃やして証拠を消滅させた。,Kare wa kami o moyashite shouko o shoumetsu saseta,He burned the paper to eliminate the evidence.
sent-4683,燃やす,N3 Verbs,この石油は高品質な燃料として燃やすことができる。,Kono sekiyu wa kouhinshitsu na nenryou toshite moyasu koto ga dekiru,This oil can be burned as high-quality fuel.
sent-4684,訳す,N3 Verbs,この文章を英語に訳してください。,Kono bunshou o eigo ni yakushite kudasai,Please translate this sentence into English.
sent-4685,訳す,N3 Verbs,彼は仕事でよく文書を訳す事があります。,Kare wa shigoto de yoku bunsho o yakusu koto ga arimasu,He often translates documents at work.
sent-4686,訳す,N3 Verbs,彼女はフランス語を流暢に話し、翻訳者として文章を訳しています。,"Kanojo wa furansugo o ryuuchou ni hanashi, honyakusha toshite bunsho o yakushiteimasu",She speaks French fluently and translates texts as a translator.
sent-4687,訳す,N3 Verbs,映画の台詞を日本語から英語に訳す仕事をしています。,Eiga no serifu o nihongo kara eigo ni yakusu shigoto o shiteimasu,I work on translating movie dialogues from Japanese to English.
sent-4688,訳す,N3 Verbs,この歌詞をもう一度確認して、正確に訳すように努めてください。,"Kono kashi o mou ichido kakunin shite, seikaku ni yakusu you ni tsutomete kudasai",Please check these lyrics again and try your best to accurately translate them.
sent-4689,役に立つ,N3 Verbs,この情報は将来役に立つかもしれません。,Kono jouhou wa shourai yaku ni tatsu kamoshiremasen,This information might be useful in the future.
sent-4690,役に立つ,N3 Verbs,彼の助言はとても役に立ちました。,Kare no jogen wa totemo yaku ni tachimashita,His advice was very helpful.
sent-4691,役に立つ,N3 Verbs,この本は日本語学習に役に立ちます。,Kono hon wa nihongo gakushuu ni yaku ni tachimasu,This book is useful for learning Japanese.
sent-4692,役に立つ,N3 Verbs,練習すれば、スキルが役に立つ状況がたくさんあります。,"Renshuu sureba, sukiru ga yaku ni tatsu joukyou ga takusan arimasu","With practice, there are many situations where your skills will be useful."
sent-4693,役に立つ,N3 Verbs,そのアプリは旅行中に役に立つでしょう。,Sono apuri wa ryokou-chuu ni yaku ni tatsu deshou,That app will likely be helpful during your trip.
sent-4694,休める,N3 Verbs,仕事の合間に少し休める時間がほしい。,Shigoto no aima ni sukoshi yasumeru jikan ga hoshii.,I want some time to rest a little during breaks from work.
sent-4695,休める,N3 Verbs,週末にゆっくり休めると、ストレスが減ります。,"Shuumatsu ni yukkuri yasumeru to, sutoresu ga herimasu.","If you can rest well on weekends, your stress will decrease."
sent-4696,休める,N3 Verbs,疲れた時は、無理せず休めることが大切です。,"Tsukareta toki wa, murisezu yasumeru koto ga taisetsu desu.","When you are tired, it is important to rest without pushing yourself too hard."
sent-4697,休める,N3 Verbs,休める場所を見つけるために先に公園に行った。,Yasumeru basho o mitsukeru tame ni saki ni kouen ni itta.,I went to the park first to find a place to rest.
sent-4698,休める,N3 Verbs,昼休みに30分だけ休めると、午後の仕事が捗る。,"Hiruyasumi ni sanjuppun dake yasumeru to, gogo no shigoto ga hakadoru.",Being able to rest for just 30 minutes during lunch break helps make afternoon work more productive.
sent-4699,雇う,N3 Verbs,新しい会社ではたくさんの人を雇う予定です。,Atarashii kaisha de takusan no hito o yatou yotei desu.,The new company plans to hire many people.
sent-4700,雇う,N3 Verbs,この企業は海外から専門家を雇うことがよくあります。,Kono kigyou wa kaigai kara senmonka o yatou koto ga yoku arimasu.,This company often hires experts from overseas.
sent-4701,雇う,N3 Verbs,彼の仕事は会社のスタッフを雇うことです。,Kare no shigoto wa kaisha no sutaffu o yatou koto desu.,His job is to hire staff for the company.
sent-4702,雇う,N3 Verbs,我々は新しいプロジェクトのためにフリーランスのデザイナーを雇う予定です。,Wareware wa atarashii purojekuto no tame ni furiiransu no dezaina o yatou yotei desu.,We plan to hire freelance designers for our new project.
sent-4703,雇う,N3 Verbs,彼はその子供たちを雇って、家のそばの公園で草むしりをさせた。,"Kare wa sono kodomo-tachi o yatotte, ie no soba no kouen de kusa mushiri o saseta.",He hired the children to do weeding in the park near his house.
sent-4704,破れる,N3 Verbs,破れた靴下を交換すべきです。,Yabureta kutsushita o koukan subeki desu.,You should replace the torn socks.
sent-4705,破れる,N3 Verbs,破れた風船が床に落ちた。,Yabureta fuusen ga yuka ni ochita.,The burst balloon fell to the floor.
sent-4706,破れる,N3 Verbs,破れたレポートは重要な情報が読めなくなる。,Yabureta repooto wa juuyou na jouhou ga yomenaku naru.,A torn report makes it impossible to read important information.
sent-4707,破れる,N3 Verbs,ジャケットの破れた部分を補修するか、新しいものを買います。,"Jaketto no yabureta bubun o hoshuu suru ka, atarashii mono o kaimasu.",I will either repair the torn part of the jacket or buy a new one.
sent-4708,破れる,N3 Verbs,紙が破れると、その音が聞こえる。,"Kami ga yabureru to, sono oto ga kikoeru.","When the paper is torn, you can hear the sound."
sent-4709,譲る,N3 Verbs,彼は車を私に譲りました。,Kare wa kuruma o watashi ni yuzurimashita,He transferred the car to me.
sent-4710,譲る,N3 Verbs,父は私に仕事を譲ることにした。,Chichi wa watashi ni shigoto o yuzuru koto ni shita,My father decided to pass on his work to me.
sent-4711,譲る,N3 Verbs,その土地は代々家族に譲られてきました。,Sono tochi wa daidai kazoku ni yuzurarete kimashita,The land has been passed down through the generations to the family.
sent-4712,譲る,N3 Verbs,彼は彼の妹にチケットを譲りました。,Kare wa kare no imouto ni chiketto o yuzurimashita,He gave his ticket to his younger sister.
sent-4713,譲る,N3 Verbs,彼は成功する機会を若者に譲りたいと言った。,Kare wa seikou suru kikai o wakamono ni yuzuritai to itta,He said that he wanted to pass on the opportunity for success to the younger generation.
sent-4714,ゆでる,N3 Verbs,卵をゆでるのに何分かかりますか？,Tamago o yuderu noni nanpun kakarimasu ka?,How many minutes does it take to boil an egg?
sent-4715,ゆでる,N3 Verbs,麺をゆでる前に、お湯を沸かしておいてください。,"Men o yuderu mae ni, oyu o wakashiteoite kudasai","Before boiling the noodles, please heat the water."
sent-4716,ゆでる,N3 Verbs,野菜をゆでると栄養が失われることがあります。,Yasai o yuderu to eiyou ga ushinawareru koto ga arimasu,Boiling vegetables can cause a loss of nutrients.
sent-4717,ゆでる,N3 Verbs,じゃがいもは皮をむいてからゆでると美味しくて柔らかくなります。,Jagaimo wa kawa o muite kara yuderu to oishikute yawarakaku narimasu,Boiling potatoes after peeling them makes them more delicious and tender.
sent-4718,ゆでる,N3 Verbs,パスタをゆでるとき、塩を入れると味が良くなります。,"Pasuta o yuderu toki, shio o ireru to aji ga yokunarimasu","When boiling pasta, adding salt makes it taste better."
sent-4719,許す,N3 Verbs,彼女が浮気をしたとしても、私は彼女を許すだろう。,"Kanojo ga uwaki o shita toshitemo, watashi wa kanojo o yurusu darou.","Even if she cheats on me, I would probably forgive her."
sent-4720,許す,N3 Verbs,君がその過ちを認めれば、私は許すことができる。,"Kimi ga sono ayamachi o mitomereba, watashi wa yurusu koto ga dekiru.","If you admit your mistake, I can forgive you."
sent-4721,許す,N3 Verbs,私たちは過去の過ちを許し、新しい生活を始めるべきだ。,"Watashitachi wa kako no ayamachi o yurushi, atarashii seikatsu o hajimeru beki da.",We should forgive past mistakes and start a new life.
sent-4722,許す,N3 Verbs,彼は村の住人を許すことができなかった。,Kare wa mura no juunin o yurusu koto ga dekinakatta.,He could not forgive the villagers.
sent-4723,許す,N3 Verbs,あなたの行動は、簡単に許すことができるものではありません。,"Anata no koudou wa, kantan ni yurusu koto ga dekiru mono de wa arimasen.",Your actions are not something that can be easily forgiven.
sent-4724,ゆれる,N3 Verbs,地震で家が揺れる。,Jishin de ie ga yureru.,The house shakes during an earthquake.
sent-4725,ゆれる,N3 Verbs,電車が動き出すと、体が軽く揺れる。,"Densha ga ugokidasu to, karada ga karuku yureru.","When the train starts moving, the body sways slightly."
sent-4726,ゆれる,N3 Verbs,風で木の枝が揺れている。,Kaze de ki no eda ga yurete iru.,The branches of the tree are swaying in the wind.
sent-4727,ゆれる,N3 Verbs,彼女は歩くたびに、髪の毛が揺れる。,"Kanojo wa aruku tabi ni, kami no ke ga yureru.",Her hair sways every time she walks.
sent-4728,ゆれる,N3 Verbs,ダンスフロアでみんながリズムに合わせて揺れていた。,Dansu furoa de minna ga rizumu ni awasete yurete ita.,Everyone on the dance floor was swaying to the rhythm.
sent-4729,酔う,N3 Verbs,あまりにもアクロバットな動きに見ているだけで酔ってしまう。,Amari ni mo akurobatto na ugoki ni mite iru dake de yotte shimau,Just watching the overly acrobatic moves makes me feel dizzy.
sent-4730,酔う,N3 Verbs,彼はお酒を飲むとすぐに酔ってしまう。,Kare wa osake o nomu to sugu ni yotte shimau,He gets drunk quickly when he drinks alcohol.
sent-4731,酔う,N3 Verbs,僕は遊覧船に乗ると必ず酔う。,Boku wa yuuran-sen ni noru to kanarazu you,I always get seasick when I ride on sightseeing boats.
sent-4732,酔う,N3 Verbs,山道をドライブすると、カーブで酔ってしまうことがある。,"Yamamichi o doraibu suru to, kaabu de yotte shimau koto ga aru","When driving on mountain roads, I sometimes get motion sickness from the curves."
sent-4733,酔う,N3 Verbs,彼女は彼の魅力に酔いしれていた。,Kanojo wa kare no miryoku ni yoishirete ita,She was intoxicated by his charm.
sent-4734,汚す,N3 Verbs,白いシャツをコーヒーで汚してしまった。,Shiroi shatsu o koohii de yogoshite shimatta,I accidentally stained my white shirt with coffee.
sent-4735,汚す,N3 Verbs,友達の新しい靴が泥で汚された。,Tomodachi no atarashii kutsu ga doro de yogosareta,My friend's new shoes were dirtied with mud.
sent-4736,汚す,N3 Verbs,部屋が汚されるのを防ぐために、マットを敷くことにした。,"Heya ga yogosareru no o fusegu tame ni, matto o shiku koto ni shita",I decided to lay a mat to prevent the room from getting dirty.
sent-4737,汚す,N3 Verbs,彼女は彼に食事中に汚されたテーブルに注意を促した。,Kanojo wa kare ni shokuji-chuu ni yogosareta teeburu ni chuui o unagashita,She pointed out the dirty table to him during the meal.
sent-4738,汚す,N3 Verbs,この公園はみんなの楽しみの場所だから、汚さないでください。,"Kono kouen wa minna no tanoshimi no basho dakara, yogosanaide kudasai","This park is a place for everyone to enjoy, so please don't dirty it."
sent-4739,弱まる,N3 Verbs,その痛みは少しずつ弱まっていった。,Sono itami wa sukoshi zutsu yowamatte itta,The pain gradually weakened.
sent-4740,弱まる,N3 Verbs,雨がだんだん弱まってきた。,Ame ga dandan yowamatte kita,The rain has gradually let up.
sent-4741,弱まる,N3 Verbs,彼の興味は次第に弱まっていった。,Kare no kyoumi wa shidai ni yowamatte itta,His interest gradually faded.
sent-4742,弱まる,N3 Verbs,経済危機が弱まった後で、市場は安定しました。,"Keizai kiki ga yowamatta ato de, shijou wa antei shimashita","After the economic crisis weakened, the market became stable."
sent-4743,弱まる,N3 Verbs,風は夜になると弱まるでしょう。,Kaze wa yoru ni naru to yowamaru deshou,The wind will most likely weaken by night.
sent-4744,分ける,N3 Verbs,菓子を皆に分けてあげましょう。,Kashi o mina ni wakete agemashou,Let's share the sweets with everyone.
sent-4745,分ける,N3 Verbs,仕事をチームに分けて効率を上げた。,Shigoto o chiimu ni wakete kouritsu o ageta,We divided the work among the team to increase efficiency.
sent-4746,分ける,N3 Verbs,彼らは双子で顔がそっくりなので、親しい友人でも分けることが難しい。,"Karera wa futago de kao ga sokkurina node, shitashii tomodachi demo wakeru koto ga muzukashii","They are twins with identical faces, making it difficult even for close friends to tell them apart."
sent-4747,分ける,N3 Verbs,勉強のために私たちは話題を二つのグループに分けました。,Benkyou no tame ni watashitachi wa wadai o futatsu no guruupu ni wakemashita,"For the study, we divided the topics into two groups."
sent-4748,分ける,N3 Verbs,その古い家は4部屋に分けられたアパートになっている。,Sono furui ie wa yon heya ni wakerareta apaato ni natte iru,The old house has been converted into an apartment divided into four rooms.
sent-4749,割る,N3 Verbs,ケーキをみんなに均等に割る。,Keeki o minna ni kintou ni waru,Divide the cake equally among everyone.
sent-4750,割る,N3 Verbs,友達と外食代を二人で折半して割ることにしました。,Tomodachi to gaishokudai o futari de seppan shite waru koto ni shimashita,We decided to split the dining out cost in half with my friend.
sent-4751,割る,N3 Verbs,彼は、グラスを割ってしまった。,"Kare wa, gurasu o watte shimatta",He accidentally broke the glass.
sent-4752,割る,N3 Verbs,僕たち三人でコストを三分割して割った。,Bokutachi sannin de kosuto o sanbun-kakushite watta,We split the cost into three parts among the three of us.
sent-4753,割る,N3 Verbs,彼女はパンを二つに割り、友達と分け合った。,"Kanojo wa pan o futatsu ni wari, tomodachi to wakeatta",She tore the bread into two pieces and shared it with her friend.
sent-4754,浅い,I-Adjectives,この川は非常に浅いです。,Kono kawa wa hijou ni asai desu.,This river is very shallow.
sent-4755,浅い,I-Adjectives,彼の知識は浅いほうで、まだ経験が足りないと思う。,"Kare no chishiki wa asai hou de, mada keiken ga tarinai to omou.","His knowledge is shallow, and I think he still lacks experience."
sent-4756,浅い,I-Adjectives,岸に近づくと海は浅くなってきます。,Kishi ni chikadzuku to umi wa asaku natte kimasu.,The sea becomes shallower as you approach the shore.
sent-4757,浅い,I-Adjectives,そのプールは子供向けのため、水が浅い。,"Sono puuru wa kodomo muke no tame, mizu ga asai.",The pool is shallow because it is for children.
sent-4758,浅い,I-Adjectives,彼女は浅い呼吸をし、すぐに眠りに落ちた。,"Kanojo wa asai kokyuu o shi, sugu ni nemuri ni ochita.",She took a shallow breath and fell asleep immediately.
sent-4759,偉い,I-Adjectives,彼は偉い先生だと思います。,Kare wa erai sensei da to omoimasu.,I think he is a great teacher.
sent-4760,偉い,I-Adjectives,彼女は偉い業績を上げた。,Kanojo wa erai gyouseki o ageta.,She achieved great accomplishments.
sent-4761,偉い,I-Adjectives,父は家族のために偉い努力をしている。,Chichi wa kazoku no tame ni erai doryoku o shite iru.,My father is making great efforts for the family.
sent-4762,偉い,I-Adjectives,その偉い発明家は世界的に有名だ。,Sono erai hatsumeika wa sekaiteki ni yuumei da.,That great inventor is famous worldwide.
sent-4763,偉い,I-Adjectives,彼の偉い行いは人々に感動を与えた。,Kare no erai okonai wa hitobito ni kandou o ataeta.,His great deeds moved the people.
sent-4764,おかしい,I-Adjectives,彼女の態度がおかしい。,Kanojo no taido ga okashii.,Her behavior is strange.
sent-4765,おかしい,I-Adjectives,この部屋の中で何かおかしい匂いがする。,Kono heya no naka de nanika okashii nioi ga suru.,There is a strange smell in this room.
sent-4766,おかしい,I-Adjectives,彼の話がおかしいと思って、付け入る隙を見つけた。,"Kare no hanashi ga okashii to omotte, tsukeiru suki o mitsuketa.",I thought his story was strange and found an opening to exploit.
sent-4767,おかしい,I-Adjectives,そのおかしい映画に皆大笑いした。,Sono okashii eiga ni minna oowarai shita.,Everyone laughed a lot at that funny movie.
sent-4768,おかしい,I-Adjectives,どこかおかしいと感じたんだが、具体的な点が見当たらない。,"Dokoka okashii to kanjita n da ga, gutaiteki na ten ga miataranai.","I felt something was off, but I can't find any specific point."
sent-4769,おかしい,I-Adjectives,彼の態度がおかしいと思っていたら、隠し事をしていることがわかった。,"Kare no taido ga okashii to omotte itara, kakushigoto o shite iru koto ga wakatta.","I thought his behavior was strange, and it turned out he was hiding something."
sent-4770,おかしい,I-Adjectives,この料理の味がおかしいですね、何かが足りない気がする。,"Kono ryouri no aji ga okashii desu ne, nanika ga tarinai ki ga suru.","The taste of this dish is strange, it feels like something is missing."
sent-4771,おかしい,I-Adjectives,おかしいですが、この部屋に入った途端に頭痛がしてきた。,"Okashii desu ga, kono heya ni haitta totan ni zutsuu ga shite kita.","It's strange, but as soon as I entered this room, I got a headache."
sent-4772,おかしい,I-Adjectives,彼女がこんなに遅れるなんておかしいよ。どうして連絡が来ないの？,Kanojo ga konna ni okureru nante okashii yo. Doushite renraku ga konai no?,It's strange for her to be this late. Why hasn't she contacted us?
sent-4773,おかしい,I-Adjectives,最近、彼の仕事の様子がおかしい。何か問題があるのだろうか。,"Saikin, kare no shigoto no yousu ga okashii. Nanika mondai ga aru no darou ka.","Lately, there's something strange about his work. I wonder if there's a problem."
sent-4774,恐ろしい,I-Adjectives,恐ろしい事件が起こった。,Osoroshii jiken ga okotta.,A terrible incident occurred.
sent-4775,恐ろしい,I-Adjectives,彼女はその映画が恐ろしすぎて見られなかった。,Kanojo wa sono eiga ga osoroshi sugite mirarenakatta.,She couldn't watch the movie because it was too scary.
sent-4776,恐ろしい,I-Adjectives,雷が恐ろしく激しく、家の中が揺れるほどだった。,"Kaminari ga osoroshiku hageshiku, ie no naka ga yureru hodo datta.",The thunder was so terrifyingly intense that the house shook.
sent-4777,恐ろしい,I-Adjectives,この恐ろしい事件の犠牲者数は増え続けている。,Kono osoroshii jiken no giseisha suu wa fue tsuzukete iru.,The number of victims in this horrifying incident continues to increase.
sent-4778,恐ろしい,I-Adjectives,彼が言った言葉は、どれも恐ろしいことばかりだった。,"Kare ga itta kotoba wa, doremo osoroshii koto bakari datta.",Everything he said was nothing but frightening.
sent-4779,おとなしい,I-Adjectives,彼女はおとなしい性格です。,Kanojo wa otonashii seikaku desu.,She has a quiet personality.
sent-4780,おとなしい,I-Adjectives,彼はいつもおとなしい子どもだ。,Kare wa itsumo otonashii kodomo da.,He is always a well-behaved child.
sent-4781,おとなしい,I-Adjectives,おとなしい犬は初心者に適しています。,Otonashii inu wa shoshinsha ni tekishite imasu.,Quiet dogs are suitable for beginners.
sent-4782,おとなしい,I-Adjectives,彼のおとなしい態度は評価されている。,Kare no otonashii taido wa hyouka sarete iru.,His calm demeanor is highly regarded.
sent-4783,おとなしい,I-Adjectives,おとなしい生徒は先生に気に入られることが多い。,Otonashii seito wa sensei ni kiniirareru koto ga ooi.,Quiet students are often liked by teachers.
sent-4784,かゆい,I-Adjectives,このセーターは素材が粗いので、着るとかゆいです。,"Kono seetaa wa sozai ga arai node, kiru to kayui desu.","This sweater is made of rough material, so it's itchy when I wear it."
sent-4785,かゆい,I-Adjectives,蚊に刺されて、かゆいところがたくさんあります。,"Ka ni sasarete, kayui tokoro ga takusan arimasu.",I have many itchy spots from mosquito bites.
sent-4786,かゆい,I-Adjectives,アレルギーのせいで、目がかゆいです。,"Arerugii no sei de, me ga kayui desu.","Due to allergies, my eyes are itchy."
sent-4787,かゆい,I-Adjectives,猫にかまれた後、手がかゆいです。,"Neko ni kamareta ato, te ga kayui desu.","After being bitten by a cat, my hand is itchy."
sent-4788,かゆい,I-Adjectives,花粉症の季節になると、鼻がかゆいです。,"Kafunshou no kisetsu ni naru to, hana ga kayui desu.","During hay fever season, my nose becomes itchy."
sent-4789,きつい,I-Adjectives,この仕事はきついですね。,Kono shigoto wa kitsui desu ne.,"This job is tough, isn't it?"
sent-4790,きつい,I-Adjectives,この靴はきつくて履けません。,Kono kutsu wa kitsukute hakemasen.,"These shoes are too tight, I can't wear them."
sent-4791,きつい,I-Adjectives,今日のトレーニングは特にきつかった。,Kyou no tore-ningu wa tokuni kitsukatta.,Today's training was especially intense.
sent-4792,きつい,I-Adjectives,きつい言い方をしないでください。,Kitsui iikata o shinaide kudasai.,Please don't use harsh words.
sent-4793,きつい,I-Adjectives,あの山登りはかなりきつい挑戦だった。,Ano yama nobori wa kanari kitsui chousen datta.,Climbing that mountain was quite a challenging endeavor.
sent-4794,厳しい,I-Adjectives,厳しい状況を乗り越える力が大切だ。,Kibishii joukyou o norikoeru chikara ga taisetsu da.,It is important to have the strength to overcome harsh situations.
sent-4795,厳しい,I-Adjectives,彼女は厳しい試験に合格しました。,Kanojo wa kibishii shiken ni goukaku shimashita.,She passed the tough exam.
sent-4796,厳しい,I-Adjectives,このスポーツチームは厳しいトレーニングに取り組んでいる。,Kono supo-tsu chi-mu wa kibishii tore-ningu ni torikunde iru.,This sports team is undergoing rigorous training.
sent-4797,厳しい,I-Adjectives,彼は厳しい締め切りのために長い時間働いていた。,Kare wa kibishii shimekiri no tame ni nagai jikan hataraita.,He worked long hours due to the tight deadline.
sent-4798,厳しい,I-Adjectives,環境問題に対する厳しい法律が必要です。,Kankyou mondai ni taisuru kibishii houritsu ga hitsuyou desu.,Strict laws are needed to address environmental issues.
sent-4799,臭い,I-Adjectives,この部屋はタバコの臭いがする。,Kono heya wa tabako no nioi ga suru.,This room smells of tobacco.
sent-4800,臭い,I-Adjectives,彼は急に足の臭いを気にし始めた。,Kare wa kyuu ni ashi no nioi o ki ni shihajimeta.,He suddenly started worrying about the smell of his feet.
sent-4801,臭い,I-Adjectives,彼女は彼の臭いに敏感だ。,Kanojo wa kare no nioi ni binkan da.,She is sensitive to his smell.
sent-4802,臭い,I-Adjectives,ゴミ箱から悪臭が漂っている。,Gomibako kara akushuu ga tadayotte iru.,A foul smell is drifting from the trash can.
sent-4803,臭い,I-Adjectives,臭い食べ物は食欲をそそる。,Nioi tabemono wa shokuyoku o sosoru.,Smelly food whets one's appetite.
sent-4804,悔しい,I-Adjectives,悔しい結果になってしまった。,Kuyashii kekka ni natte shimatta.,It ended up being a frustrating result.
sent-4805,悔しい,I-Adjectives,試合に負けて悔しい思いをした。,Shiai ni makete kuyashii omoi o shita.,I felt frustrated after losing the match.
sent-4806,悔しい,I-Adjectives,友達に助言されたことが悔しいと思った。,Tomodachi ni jogen sareta koto ga kuyashii to omotta.,I felt frustrated that my friend had to give me advice.
sent-4807,悔しい,I-Adjectives,目標に届かなかったのが悔しい。,Mokuhyou ni todokanakatta no ga kuyashii.,It's frustrating that I didn't reach my goal.
sent-4808,悔しい,I-Adjectives,頑張っても成果が上がらないのが悔しい。,Ganbatte mo seika ga agaranai no ga kuyashii.,It's frustrating that my efforts don't yield results.
sent-4809,苦しい,I-Adjectives,この仕事はとても苦しいです。,Kono shigoto wa totemo kurushii desu.,This job is very tough (painful to endure).
sent-4810,苦しい,I-Adjectives,彼女は苦しい表情をしていた。,Kanojo wa kurushii hyoujou o shite ita.,She had a painful expression on her face.
sent-4811,苦しい,I-Adjectives,経済的に苦しい時期を乗り越える必要があります。,Keizaiteki ni kurushii jiki o norikoeru hitsuyou ga arimasu.,We need to overcome this economically difficult period.
sent-4812,苦しい,I-Adjectives,彼は胸が苦しいと言って、病院に行った。,"Kare wa mune ga kurushii to itte, byouin ni itta.",He said his chest was tight and went to the hospital.
sent-4813,苦しい,I-Adjectives,長い距離を走った後、息が苦しい。,"Nagai kyori o hashitta ato, iki ga kurushii.","After running a long distance, it's hard to breathe."
sent-4814,詳しい,I-Adjectives,詳しい情報が欲しいです。,Kuwashii jouhou ga hoshii desu.,I want detailed information.
sent-4815,詳しい,I-Adjectives,彼女はフランス文化に詳しい。,Kanojo wa Furansu bunka ni kuwashii.,She is well-informed about French culture.
sent-4816,詳しい,I-Adjectives,駅への行き方を詳しく説明してください。,Eki e no ikikata o kuwashiku setsumei shite kudasai.,Please explain the way to the station in detail.
sent-4817,詳しい,I-Adjectives,詳しい報告書を作成して提出してください。,Kuwashii houkokusho o sakusei shite teishutsu shite kudasai.,Please create and submit a detailed report.
sent-4818,詳しい,I-Adjectives,彼は日本史に詳しい学者です。,Kare wa Nihonshi ni kuwashii gakusha desu.,He is a scholar well-versed in Japanese history.
sent-4819,濃い,I-Adjectives,濃い色が好きです。,Koi iro ga suki desu.,I like dark colors.
sent-4820,濃い,I-Adjectives,このコーヒーはちょっと濃いですね。,Kono koohii wa chotto koi desu ne.,"This coffee is a bit strong, isn't it?"
sent-4821,濃い,I-Adjectives,お酒は濃いほど、味がいいと思います。,"Osake wa koi hodo, aji ga ii to omoimasu.","I think the stronger the alcohol, the better the taste."
sent-4822,濃い,I-Adjectives,濃いメイクをする女性が増えています。,Koi meiku o suru josei ga fuete imasu.,More women are wearing heavy makeup.
sent-4823,濃い,I-Adjectives,濃い霧に注意しましょう。,Koi kiri ni chuuishimashou.,Be careful of dense fog.
sent-4824,細かい,I-Adjectives,細かい指示に従うべきです。,Komakai shiji ni shitagau beki desu.,You should follow detailed instructions.
sent-4825,細かい,I-Adjectives,細かい観察が役立つことがあります。,Komakai kansatsu ga yakudatsu koto ga arimasu.,Detailed observations can sometimes be helpful.
sent-4826,細かい,I-Adjectives,彼女は細かい点まで気を配る人です。,Kanojo wa komakai ten made ki o kuburu hito desu.,She is a person who pays attention to every detail.
sent-4827,細かい,I-Adjectives,この絵は細かい部分まで描かれている。,Kono e wa komakai bubun made egakarete iru.,This painting is drawn down to the finest details.
sent-4828,細かい,I-Adjectives,細かい仕事は根気が要る。,Komakai shigoto wa konki ga iru.,Detailed work requires patience.
sent-4829,塩辛い,I-Adjectives,この料理はちょっと塩辛いですね。,Kono ryouri wa chotto shiokarai desu ne.,"This dish is a bit salty, isn't it?"
sent-4830,塩辛い,I-Adjectives,塩辛いスープは、水分補給にはあまり適していない。,"Shiokarai suupu wa, suibun hokyuu ni wa amari tekishite inai.",Salty soup is not suitable for hydration.
sent-4831,塩辛い,I-Adjectives,彼女は、ペットボトルの水に塩辛いお茶を入れて間違えてしまった。,"Kanojo wa, pettobotoru no mizu ni shiokarai ocha o irete machigaete shimatta.",She accidentally put salty tea in her water bottle instead of water.
sent-4832,塩辛い,I-Adjectives,もっと塩辛い味付けが好きなんだけど、健康のために減らしている。,"Motto shiokarai ajitsuke ga suki nanda kedo, kenkou no tame ni herashite iru.","I prefer a saltier taste, but I'm reducing it for my health."
sent-4833,塩辛い,I-Adjectives,父は塩辛い料理を作るのが上手だが、私は甘いものが好きだ。,"Chichi wa shiokarai ryouri o tsukuru no ga jouzu da ga, watashi wa amai mono ga suki da.","My father is good at making salty dishes, but I prefer sweet ones."
sent-4834,四角い,I-Adjectives,四角い形をした紙を切り取った。,Shikakui katachi o shita kami o kiri totta.,I cut out a square-shaped piece of paper.
sent-4835,四角い,I-Adjectives,この四角い箱にプレゼントを入れてください。,Kono shikakui hako ni purezento o irete kudasai.,Please put the gift in this square box.
sent-4836,四角い,I-Adjectives,四角い窓から見える景色がとても美しいです。,Shikakui mado kara mieru keshiki ga totemo utsukushii desu.,The scenery seen from the square window is very beautiful.
sent-4837,四角い,I-Adjectives,彼は四角い顔立ちで、鋭い目つきをしている。,"Kare wa shikakui kaodachi de, surudoi metsuki o shite iru.",He has a square face and sharp eyes.
sent-4838,四角い,I-Adjectives,彼女は四角いテーブルの周りに椅子を配置した。,Kanojo wa shikakui te-buru no mawari ni isu o haichi shita.,She arranged chairs around the square table.
sent-4839,しかた（が）ない,I-Adjectives,この雨の中、傘を持っていないので、ずぶ濡れになるしかたがない。,"Kono ame no naka, kasa o motte inai node, zubunure ni naru shikata ga nai.","In this rain, I don't have an umbrella, so there's no way to avoid getting soaked."
sent-4840,しかた（が）ない,I-Adjectives,この問題は難しすぎて、解けないしかたがない。,"Kono mondai wa muzukashisugite, tokenai shikata ga nai.","This problem is too difficult, so there's no way to solve it."
sent-4841,しかた（が）ない,I-Adjectives,彼は怒っているが、その気持ちもわかるのでしかたがない。,"Kare wa okotte iru ga, sono kimochi mo wakaru node shikata ga nai.","He is angry, but I understand how he feels, so there's nothing that can be done."
sent-4842,しかた（が）ない,I-Adjectives,足が怪我をしたので、今日は散歩に行けないしかたがない。,"Ashi ga kega o shita node, kyou wa sanpo ni ikenai shikata ga nai.","Since my leg is injured, there's no way I can go for a walk today."
sent-4843,しかた（が）ない,I-Adjectives,試験の日が近づいているので、勉強しないわけにはいかないしかたがない。,"Shiken no hi ga chikazuite iru node, benkyou shinai wake ni wa ikanai shikata ga nai.","Since the exam day is approaching, there's no way I can avoid studying."
sent-4844,酸っぱい,I-Adjectives,このレモンはとても酸っぱいです。,Kono remon wa totemo suppai desu.,This lemon is very sour.
sent-4845,酸っぱい,I-Adjectives,酸っぱいものを食べると顔がしかめる。,Suppai mono o taberu to kao ga shikameru.,"When I eat sour things, my face cringes."
sent-4846,酸っぱい,I-Adjectives,酸っぱいリンゴをバランスの良いデザートに変える。,Suppai ringo o baransu no yoi dezāto ni kaeru.,Turn sour apples into a well-balanced dessert.
sent-4847,酸っぱい,I-Adjectives,どうしてあなたの態度は酸っぱいの？,Doushite anata no taido wa suppai no?,Why is your attitude so sour?
sent-4848,酸っぱい,I-Adjectives,酸っぱいおかずはお酒に合っている。,Suppai okazu wa osake ni atte iru.,Sour side dishes go well with alcohol.
sent-4849,つらい,I-Adjectives,仕事がとてもつらいです。,Shigoto ga totemo tsurai desu.,The work is very difficult.
sent-4850,つらい,I-Adjectives,彼女は別れた後、つらい気持ちでした。,"Kanojo wa wakareta ato, tsurai kimochi deshita.",She felt miserable after breaking up.
sent-4851,つらい,I-Adjectives,失恋はつらい経験だが、大切な教訓を学ぶことができる。,"Shitsuren wa tsurai keiken da ga, taisetsu na kyokun o manabu koto ga dekiru.","Heartbreak is a painful experience, but you can learn valuable lessons from it."
sent-4852,つらい,I-Adjectives,彼は腰痛のため、毎日つらい生活を送っている。,"Kare wa youtsuu no tame, mainichi tsurai seikatsu o okutte iru.",He leads a painful life every day due to his lower back pain.
sent-4853,つらい,I-Adjectives,親友が遠くに引っ越すのは、つらいことです。,"Shin'yuu ga tooku ni hikkosu no wa, tsurai koto desu.",It's tough when your best friend moves far away.
sent-4854,懐かしい,I-Adjectives,懐かしい思い出が蘇ってきた。,Natsukashii omoide ga yomigaette kita.,Nostalgic memories came back to me.
sent-4855,懐かしい,I-Adjectives,この歌を聞くと、懐かしい気持ちになる。,"Kono uta o kiku to, natsukashii kimochi ni naru.","When I listen to this song, I feel nostalgic."
sent-4856,懐かしい,I-Adjectives,彼女と再会したとき、懐かしい学生時代の話に花が咲いた。,"Kanojo to saikai shita toki, natsukashii gakusei jidai no hanashi ni hana ga saita.","When I reunited with her, we had a lively conversation about our nostalgic school days."
sent-4857,懐かしい,I-Adjectives,その町は昔住んでいた場所だから、とても懐かしい。,"Sono machi wa mukashi sundeta basho dakara, totemo natsukashii.","That town is where I used to live, so it's very nostalgic."
sent-4858,懐かしい,I-Adjectives,昔の写真を見ると、懐かしい気分に浸れる。,"Mukashi no shashin o miru to, natsukashii kibun ni hitareru.",Looking at old photos makes me feel immersed in nostalgia.
sent-4859,ぬるい,I-Adjectives,ぬるい湯でリラックスするのが好きです。,Nurui yu de rirakkusu suru no ga suki desu.,I like to relax in lukewarm water.
sent-4860,ぬるい,I-Adjectives,彼はコーヒーが冷めてぬるくなっても気にしない。,Kare wa koohii ga samete nuruku natte mo ki ni shinai.,He doesn't mind if his coffee cools down and becomes lukewarm.
sent-4861,ぬるい,I-Adjectives,この部屋は冬でもぬるい風が入ってきます。,Kono heya wa fuyu de mo nurui kaze ga haitte kimasu.,"In this room, even in winter, a lukewarm breeze comes in."
sent-4862,ぬるい,I-Adjectives,私はぬるいお茶より熱いお茶が好きです。,Watashi wa nurui ocha yori atsui ocha ga suki desu.,I prefer hot tea over lukewarm tea.
sent-4863,ぬるい,I-Adjectives,彼女はぬるいスープを飲んでがっかりした。,Kanojo wa nurui suupu o nonde gakkari shita.,She was disappointed after drinking the lukewarm soup.
sent-4864,ひどい,I-Adjectives,彼女はひどい風邪を引いていた。,Kanojo wa hidoi kaze o hiite ita.,She had a terrible cold.
sent-4865,ひどい,I-Adjectives,この町はひどい交通渋滞がある。,Kono machi wa hidoi koutsuu juutai ga aru.,This town has terrible traffic jams.
sent-4866,ひどい,I-Adjectives,昨日の台風で家がひどい被害を受けた。,Kinou no taifuu de ie ga hidoi higai o uketa.,My house suffered severe damage from the typhoon yesterday.
sent-4867,ひどい,I-Adjectives,彼はひどい言い方で人々を怒らせた。,Kare wa hidoi iikata de hitobito o okoraseta.,He angered people by speaking in a terrible way.
sent-4868,ひどい,I-Adjectives,そのひどい天気のためにパーティーがキャンセルされた。,Sono hidoi tenki no tame ni paatii ga kyanseru sareta.,The party was canceled due to the terrible weather.
sent-4869,細長い,I-Adjectives,細長い紐を使って荷物を縛った。,Hosonagai himo o tsukatte nimotsu o shibatta.,"I used a long, narrow rope to tie up the luggage."
sent-4870,細長い,I-Adjectives,彼女は細長い指を見ていると不思議な気持ちになる。,Kanojo wa hosonagai yubi o miteiru to fushigina kimochi ni naru.,"She feels strange when she looks at her long, slender fingers."
sent-4871,細長い,I-Adjectives,この細長い箱に何が入っているのでしょうか。,Kono hosonagai hako ni nani ga haitteiru no deshou ka.,"What is in this long, narrow box?"
sent-4872,細長い,I-Adjectives,細長い道路が森を通って山を登る。,Hosonagai douro ga mori o tootte yama o noboru.,"The long, narrow road goes through the forest and climbs the mountain."
sent-4873,細長い,I-Adjectives,米の粒は細長い形をしている。,Kome no tsubu wa hosonagai katachi o shiteiru.,"Rice grains have a long, narrow shape."
sent-4874,貧しい,I-Adjectives,貧しい家庭で育ったが、彼は一生懸命働いて成功した。,"Mazushii katei de sodatta ga, kare wa isshoukenmei hataraite seikou shita.","Although he grew up in a poor family, he worked hard and became successful."
sent-4875,貧しい,I-Adjectives,貧しい国では、教育のアクセスが制限されることが多い。,"Mazushii kuni de wa, kyouiku no akusesu ga seigen sareru koto ga ooi.","In poor countries, access to education is often restricted."
sent-4876,貧しい,I-Adjectives,貧しい地域では、飢餓や住宅問題に対処しなければならない。,"Mazushii chiiki de wa, kiga ya juutaku mondai ni taisho shinakereba naranai.","In poor areas, we must deal with hunger and housing issues."
sent-4877,貧しい,I-Adjectives,貧しい生活があったおかげで、私は何が大切かを理解している。,"Mazushii seikatsu ga atta okage de, watashi wa nani ga taisetsu ka o rikai shite iru.","Thanks to my poor life, I understand what is important."
sent-4878,貧しい,I-Adjectives,貧しい人々に対して助けを差し伸べるのは、私たちの責任です。,"Mazushii hitobito ni tai shite tasuke o sashinoberu no wa, watashitachi no sekinin desu.",It is our responsibility to reach out and help the poor.
sent-4879,蒸し暑い,I-Adjectives,蒸し暑い日が続いて、エアコンが欠かせません。,"Mushiatsui hi ga tsuzuite, eakon ga kakasemasen.","The hot and humid days continue, and we can't do without air conditioning."
sent-4880,蒸し暑い,I-Adjectives,夏の蒸し暑い午後は、アイスクリームが最高です。,"Natsu no mushiatsui gogo wa, aisukuriimu ga saikou desu.",Ice cream is the best on hot and humid summer afternoons.
sent-4881,蒸し暑い,I-Adjectives,蒸し暑い天気が続くと、熱中症に注意しなければなりません。,"Mushiatsui tenki ga tsuzuku to, necchuushou ni chuui shinakereba narimasen.","When hot and humid weather continues, we must be cautious of heatstroke."
sent-4882,蒸し暑い,I-Adjectives,蒸し暑い夜には、うちわで涼を取るのが良いです。,"Mushiatsui yoru ni wa, uchiwa de ryou o toru no ga ii desu.","On hot and humid nights, it's nice to cool off with a hand fan."
sent-4883,蒸し暑い,I-Adjectives,蒸し暑い日には、水分補給を忘れずに行ってください。,"Mushiatsui hi ni wa, suibun hokyuu o wasurezu ni okonatte kudasai.","On hot and humid days, please don't forget to stay hydrated."
sent-4884,珍しい,I-Adjectives,珍しい動物がいる動物園に行ってみたい。,Mezurashii doubutsu ga iru doubutsuen ni itte mitai.,I want to go to a zoo with rare animals.
sent-4885,珍しい,I-Adjectives,彼女は珍しい名前を持っている。,Kanojo wa mezurashii namae o motte iru.,She has a rare name.
sent-4886,珍しい,I-Adjectives,この地域では雪が降るのは珍しいことだ。,Kono chiiki de wa yuki ga furu no wa mezurashii koto da.,It is rare for it to snow in this area.
sent-4887,珍しい,I-Adjectives,珍しい形をした雲が空に浮かんでいた。,Mezurashii katachi o shita kumo ga sora ni ukandeita.,A cloud with a rare shape was floating in the sky.
sent-4888,珍しい,I-Adjectives,彼は珍しい本を収集している。,Kare wa mezurashii hon o shuushuu shite iru.,He collects rare books.
sent-4889,申し訳ない,I-Adjectives,申し訳ないですが、そのお願いはかないません。,"Moushiwake nai desu ga, sono onegai wa kanaimasen.","I'm sorry, but I can't fulfill that request."
sent-4890,申し訳ない,I-Adjectives,今日のミーティングに出席できず申し訳ありません。,Kyou no miitingu ni shusseki dekizu moushiwake arimasen.,I apologize for not being able to attend today's meeting.
sent-4891,申し訳ない,I-Adjectives,彼女に手伝わせて、申し訳ないと思った。,"Kanojo ni tetsudawasete, moushiwake nai to omotta.",I felt sorry for making her help.
sent-4892,申し訳ない,I-Adjectives,遅刻して申し訳ないと彼は謝った。,Chikoku shite moushiwake nai to kare wa ayamatta.,"He apologized for being late, saying he felt sorry."
sent-4893,申し訳ない,I-Adjectives,申し訳ない気持ちで頭を下げた。,Moushiwake nai kimochi de atama o sageta.,I bowed my head with a feeling of apology.
sent-4894,もったいない,I-Adjectives,食べ物を大量に捨てるのはもったいない。,Tabemono o tairyou ni suteru no wa mottainai.,It's a waste to throw away a large amount of food.
sent-4895,もったいない,I-Adjectives,こんなに素晴らしい機会を逃がすなんて、もったいない。,"Konna ni subarashii kikai o nogasu nante, mottainai.",It's a waste to let such a wonderful opportunity slip away.
sent-4896,もったいない,I-Adjectives,家にある古着をリサイクルして使わないのはもったいない。,Ie ni aru furugi o risaikuru shite tsukawanai no wa mottainai.,It's a waste not to recycle and use the old clothes at home.
sent-4897,もったいない,I-Adjectives,この電気製品はまだ十分使えるのに、新しいものに買い換えるのはもったいない。,"Kono denki seihin wa mada juubun tsukaeru noni, atarashii mono ni kaikaeru no wa mottainai.",It's a waste to replace this electrical appliance with a new one when it can still be used sufficiently.
sent-4898,もったいない,I-Adjectives,力を入れすぎてケーキが潰れてしまった。もったいない！,Chikara o iresugite keeki ga tsuburete shimatta. Mottainai!,I put too much force and the cake got crushed. What a waste!
sent-4899,ものすごい,I-Adjectives,ものすごい力でドアを開けた。,Monosugoi chikara de doa o aketa.,He opened the door with an incredible force.
sent-4900,ものすごい,I-Adjectives,彼女はものすごい速さで走った。,Kanojo wa monosugoi hayasa de hashitta.,She ran at an incredible speed.
sent-4901,ものすごい,I-Adjectives,このレストランはものすごい人気がある。,Kono resutoran wa monosugoi ninki ga aru.,This restaurant is incredibly popular.
sent-4902,ものすごい,I-Adjectives,あの映画はものすごく興奮させる映画だ。,Ano eiga wa monosugoku koufun saseru eiga da.,That movie is incredibly exciting.
sent-4903,ものすごい,I-Adjectives,彼はものすごい努力家だ。,Kare wa monosugoi doryokuka da.,He is an incredibly hard worker.
sent-4904,意外,Na-Adjectives,意外にも彼は英語が得意だった。,Igai ni mo kare wa eigo ga tokui datta,"Surprisingly, he was good at English."
sent-4905,意外,Na-Adjectives,彼女が僕にプレゼントをくれたのは意外だった。,Kanojo ga boku ni purezento o kureta no wa igai datta,It was unexpected that she gave me a gift.
sent-4906,意外,Na-Adjectives,このかばんは意外と軽いです。,Kono kaban wa igai to karui desu,This bag is surprisingly light.
sent-4907,意外,Na-Adjectives,その映画は意外な結末で驚いた。,Sono eiga wa igai na ketsumatsu de odoroita,I was surprised by the unexpected ending of the movie.
sent-4908,意外,Na-Adjectives,彼は意外にもスポーツが苦手だった。,Kare wa igai ni mo supootsu ga nigate datta,"Surprisingly, he was not good at sports."
sent-4909,異常,Na-Adjectives,その会社の収益は異常に高かった。,Sono kaisha no shuueki wa ijou ni takakatta,The company's revenue was abnormally high.
sent-4910,異常,Na-Adjectives,昨日は異常な天候になりました。,Kinou wa ijouna tenkou ni narimashita,The weather was abnormal yesterday.
sent-4911,異常,Na-Adjectives,彼の体温は異常に上がっています。,Kare no taion wa ijou ni agatte imasu,His body temperature is abnormally high.
sent-4912,異常,Na-Adjectives,このコンピュータは異常な振る舞いをしている。,Kono konpyuuta wa ijou na furumai o shite iru,This computer is behaving abnormally.
sent-4913,異常,Na-Adjectives,地震のせいで電力供給が異常になった。,Jishin no sei de denryoku kyokyu ga ijou ni natta,The earthquake caused the power supply to become abnormal.
sent-4914,一般的,Na-Adjectives,一般的な意見では、この問題は難しいとされています。,"Ippanteki na iken de wa, kono mondai wa muzukashii to sareteimasu","According to general opinion, this problem is considered difficult."
sent-4915,一般的,Na-Adjectives,一般的な会話では敬語を使わなくても大丈夫です。,Ippanteki na kaiwa de wa keigo o tsukawanakute mo daijoubu desu,"In general conversations, it's okay not to use honorific language."
sent-4916,一般的,Na-Adjectives,彼が一般的な日本人のイメージに合わないので、驚いた。,"Kare ga ippanteki na nihonjin no imeeji ni awanai node, odoroita",I was surprised because he didn't fit the general image of a Japanese person.
sent-4917,一般的,Na-Adjectives,一般的な食材で手軽に作れる料理が家庭では人気があります。,Ippanteki na shokuzai de tegaru ni tsukureru ryouri ga katei de wa ninki ga arimasu,Dishes made with common ingredients that can be easily prepared are popular in households.
sent-4918,一般的,Na-Adjectives,一般的に観光客に人気がある東京のスポットはどこですか？,Ippanteki ni kankoukyaku ni ninki ga aru Toukyou no supotto wa doko desu ka?,What are the generally popular tourist spots in Tokyo?
sent-4919,穏やか,Na-Adjectives,穏やかな気候の国で暮らしたい。,Odayaka na kikou no kuni de kurashitai,I want to live in a country with a calm and mild climate.
sent-4920,穏やか,Na-Adjectives,彼の穏やかな性格は皆に好かれる。,Kare no odayaka na seikaku wa mina ni sukareru,His gentle personality is liked by everyone.
sent-4921,穏やか,Na-Adjectives,仕事が終わったら、穏やかな休日を過ごしたい。,"Shigoto ga owattara, odayaka na kyuujitsu o sugoshitai","After finishing work, I want to spend a peaceful and relaxing holiday."
sent-4922,穏やか,Na-Adjectives,浜辺で美しい夕日を見て、穏やかな気持ちになった。,"Hamabe de utsukushii yuuhi o mite, odayaka na kimochi ni natta","Watching the beautiful sunset on the beach, I felt a calm and peaceful emotion."
sent-4923,穏やか,Na-Adjectives,両親はいつも穏やかな口調で話す。,Ryoushin wa itsumo odayaka na kuchou de hanasu,My parents always speak with a gentle and calm tone.
sent-4924,確実,Na-Adjectives,確実に結果を出すためには努力が必要だ。,Kakujitsu ni kekka o dasu tame ni wa doryoku ga hitsuyou da.,Effort is necessary to produce definite results.
sent-4925,確実,Na-Adjectives,彼は確実な情報を持っているようだ。,Kare wa kakujitsu na jouhou o motte iru you da.,He seems to have reliable information.
sent-4926,確実,Na-Adjectives,その計画は成功する確実性が高い。,Sono keikaku wa seikou suru kakujitsu-sei ga takai.,The probability of success for that plan is high.
sent-4927,確実,Na-Adjectives,確実なデータが必要で、推測に頼ることはできません。,"Kakujitsu na deeta ga hitsuyou de, suisoku ni tayoru koto wa dekimasen.",We need accurate data and cannot rely on guessing.
sent-4928,確実,Na-Adjectives,確実に目標を達成するために計画を立てましょう。,Kakujitsu ni mokuhyou o tassei suru tame ni keikaku o tatemashou.,Let's make a plan to achieve our goals with certainty.
sent-4929,勝手,Na-Adjectives,勝手に決められたルールに従わなければならない。,Katte ni kimerareta ruuru ni shitagawanakereba naranai,I have to follow the rules that were decided arbitrarily.
sent-4930,勝手,Na-Adjectives,彼は勝手な人物で、他人の意見を聞かない。,"Kare wa katte na jinbutsu de, tanin no iken o kikanai",He is a selfish person and doesn't listen to others' opinions.
sent-4931,勝手,Na-Adjectives,知らないうちに姉が勝手に私の部屋を片付けてしまった。,Shiranai uchi ni ane ga katte ni watashi no heya o katadzukete shimatta,"Without me knowing, my older sister tidied up my room on her own accord."
sent-4932,勝手,Na-Adjectives,あの人は勝手に自分の考えを押し付ける。,Ano hito wa katte ni jibun no kangae o oshitsukeru,That person forcefully imposes their own ideas on others.
sent-4933,勝手,Na-Adjectives,これは私の家だから、勝手に使っても構わない。,"Kore wa watashi no ie dakara, katte ni tsukatte mo kamawanai","This is my house, so feel free to use it as you please."
sent-4934,可能,Na-Adjectives,彼は可能性が低いと言っていたが、成功した。,"Kare wa kanousei ga hikui to itte ita ga, seikou shita","He said the chances were low, but he succeeded."
sent-4935,可能,Na-Adjectives,それは未来において可能な選択肢の一つだ。,Sore wa mirai ni oite kanou na sentakushi no hitotsu da,That is one of the possible options in the future.
sent-4936,可能,Na-Adjectives,この計画は短期間で実現可能だと思います。,Kono keikaku wa tanki-kan de jitsugen kanou da to omoimasu,I think it is possible to realize this plan in a short period.
sent-4937,可能,Na-Adjectives,彼女は最善を尽くしたが、成功する可能性は低かった。,"Kanojo wa saizen o tsukushita ga, seikou suru kanousei wa hikukatta","She did her best, but the chances of success were low."
sent-4938,可能,Na-Adjectives,その案件は可能な限り早く終わらせたいものだ。,Sono anken wa kanou na kagiri hayaku owarasetai mono da,We would like to finish that project as soon as possible.
sent-4939,かわいそう,Na-Adjectives,彼女が熱を出しているのはかわいそうだ。,Kanojo ga netsu o dashite iru no wa kawaisou da,It's pitiful that she has a fever.
sent-4940,かわいそう,Na-Adjectives,その犬はひどく痩せていて、本当にかわいそうだった。,"Sono inu wa hidoku yasete ite, hontou ni kawaisou datta","The dog was terribly thin, and it was really pitiful."
sent-4941,かわいそう,Na-Adjectives,彼はかわいそうな子供たちに食べ物を配った。,Kare wa kawaisou na kodomotachi ni tabemono o kubatta,He distributed food to the pitiful children.
sent-4942,かわいそう,Na-Adjectives,彼は雨に濡れていて、かわいそうに見えました。,"Kare wa ame ni nurete ite, kawaisou ni miemashita","He looked pitiful, drenched in the rain."
sent-4943,かわいそう,Na-Adjectives,かわいそうなことに、彼は家を失ってしまった。,"Kawaisou na koto ni, kare wa ie o ushinatte shimatta","Sadly, he lost his house."
sent-4944,頑固,Na-Adjectives,彼は非常に頑固な性格を持っている。,Kare wa hijou ni ganko na seikaku o motte iru,He has a very stubborn personality.
sent-4945,頑固,Na-Adjectives,頑固な汚れもこの洗剤で落とせます。,Ganko na yogore mo kono senzai de otosemasu,This detergent can remove even stubborn stains.
sent-4946,頑固,Na-Adjectives,彼女は自分の意見に対して頑固で譲らない。,Kanojo wa jibun no iken ni taishite ganko de yuzuranai,She is stubborn and won't compromise on her opinions.
sent-4947,頑固,Na-Adjectives,父は頑固で、なかなか新しいことを受け入れません。,"Chichi wa ganko de, nakanaka atarashii koto o ukeiremasen",My father is stubborn and doesn't easily accept new things.
sent-4948,頑固,Na-Adjectives,頑固にならずに、もっと柔軟な考え方を身につけたほうがいい。,"Ganko ni narazu ni, motto juunan na kangaekata o mi ni tsuketa hou ga ii",It's better to develop a more flexible way of thinking rather than being stubborn.
sent-4949,完全,Na-Adjectives,完全に理解できました。,Kanzen ni rikai dekimashita.,I completely understood.
sent-4950,完全,Na-Adjectives,彼女は完全にそのプロジェクトに献身している。,Kanojo wa kanzen ni sono purojekuto ni kenshin shite iru.,She is completely dedicated to the project.
sent-4951,完全,Na-Adjectives,先生は、完全な手順で問題を解決する方法を教えてくれました。,"Sensei wa, kanzen na tejun de mondai o kaiketsu suru houhou o oshiete kuremashita.",The teacher taught me how to solve the problem with complete steps.
sent-4952,完全,Na-Adjectives,完全な沈黙の中で、みんな深く考え込んでいた。,"Kanzen'na chinmoku no naka de, minna fukaku kangaikonde ita.","In complete silence, everyone was deep in thought."
sent-4953,完全,Na-Adjectives,その部屋は完全に暗闇だったので、何も見えなかった。,"Sono heya wa kanzen ni kurayami datta node, nani mo mienakatta.","The room was completely dark, so I couldn't see anything."
sent-4954,客観的,Na-Adjectives,客観的な見方を取ることが重要だ。,Kyakkanteki na mikata o toru koto ga juuyou da,It is important to take an objective view.
sent-4955,客観的,Na-Adjectives,客観的な判断を下すことが大切です。,Kyakkanteki na handan o kudasu koto ga taisetsu desu,It is important to make an objective judgement.
sent-4956,客観的,Na-Adjectives,感情に左右されず、客観的な分析を行うことが大切です。,"Kanjou ni sayuu sarezu, kyakkanteki na bunseki o okonau koto ga taisetsu desu",It is important to conduct an objective analysis without being influenced by emotions.
sent-4957,客観的,Na-Adjectives,客観的な立場から物事を考えることが必要です。,Kyakkanteki na tachiba kara monogoto o kangaeru koto ga hitsuyou desu,It is necessary to think about things from an objective standpoint.
sent-4958,客観的,Na-Adjectives,状況を客観的に捉えることが重要です。,Joukyou o kyakkanteki ni toraeru koto ga juuyou desu,It is important to perceive the situation objectively.
sent-4959,具体的,Na-Adjectives,具体的な計画を立てましょう。,Gutaiteki na keikaku o tatemashou,Let's make a concrete plan.
sent-4960,具体的,Na-Adjectives,彼は具体的なアイデアを提案した。,Kare wa gutaiteki na aidea o teian shita,He proposed a concrete idea.
sent-4961,具体的,Na-Adjectives,その問題に対する具体的な解決策が必要です。,Sono mondai ni taisuru gutaiteki na kaiketsu-saku ga hitsuyou desu,A concrete solution is needed for the problem.
sent-4962,具体的,Na-Adjectives,具体的な例を挙げて説明してください。,Gutaiteki na rei o agete setsumei shite kudasai,Please explain by giving concrete examples.
sent-4963,具体的,Na-Adjectives,彼女は具体的な実行計画を述べた。,Kanojo wa gutaiteki na jikkou keikaku o nobeta,She explained the concrete implementation plan.
sent-4964,経済的,Na-Adjectives,経済的な理由から、今年の夏休みは国内旅行にしようと思う。,"Keizaiteki na riyuu kara, kotoshi no natsu yasumi wa kokunai ryokou ni shiyou to omou.","Due to economic reasons, I'm thinking of taking a domestic trip for this year's summer vacation."
sent-4965,経済的,Na-Adjectives,彼女は経済的な独立を目指して一生懸命働いている。,Kanojo wa keizaiteki na dokuritsu o mezashite isshoukenmei hataraite iru.,She is working hard to achieve economic independence.
sent-4966,経済的,Na-Adjectives,経済的な負担が大きいため、奨学金を申請することにしました。,"Keizaiteki na futan ga ookii tame, shougakukin o shinsei suru koto ni shimashita.",I've decided to apply for a scholarship due to the heavy economic burden.
sent-4967,経済的,Na-Adjectives,エネルギー資源の経済的な利用が環境保護にも寄与する。,Enerugii shigen no keizaiteki na riyou ga kankyou hogo ni mo kiyo suru.,Economic use of energy resources also contributes to environmental protection.
sent-4968,経済的,Na-Adjectives,経済的な困難を乗り越えるために、家族と一緒に働くことを決心した。,"Keizaiteki na konnan o norikoeru tame ni, kazoku to issho ni hataraku koto o kesshin shita.",I decided to work with my family to overcome economic difficulties.
sent-4969,幸福,Na-Adjectives,幸福な人生を送りたいと思います。,Koufuku na jinsei o okuritai to omoimasu,I want to lead a happy life.
sent-4970,幸福,Na-Adjectives,幸福はお金だけでは得られません。,Koufuku wa okane dake dewa eraremasen,Happiness cannot be obtained by money alone.
sent-4971,幸福,Na-Adjectives,あなたの幸福は私にとって最も大切なことです。,Anata no koufuku wa watashi ni totte mottomo taisetsu na koto desu,Your happiness is the most important thing to me.
sent-4972,幸福,Na-Adjectives,仕事と家庭のバランスを取ることが幸福の鍵です。,Shigoto to katei no baransu o toru koto ga koufuku no kagi desu,Finding a balance between work and family is the key to happiness.
sent-4973,幸福,Na-Adjectives,人それぞれ幸福の形が違います。,Hito sorezore koufuku no katachi ga chigaimasu,The form of happiness is different for each person.
sent-4974,国際的,Na-Adjectives,国際的な問題に取り組む必要がある。,Kokusaiteki na mondai ni torikumu hitsuyou ga aru,It is necessary to tackle international issues.
sent-4975,国際的,Na-Adjectives,彼女は国際的に有名な画家です。,Kanojo wa kokusaiteki ni yuumei na gaka desu,She is an internationally famous painter.
sent-4976,国際的,Na-Adjectives,このプロジェクトは国際的なチームで行われます。,Kono purojekuto wa kokusaiteki na chiimu de okonawaremasu,This project is carried out by an international team.
sent-4977,国際的,Na-Adjectives,国際的な市場で競争するために、多くの企業がイノベーションに力を入れています。,"Kokusaiteki na shijou de kyousou suru tame ni, ooku no kigyou ga inobeeshon ni chikara o ireteimasu",Many companies are focusing on innovation in order to compete in the international market.
sent-4978,国際的,Na-Adjectives,彼の発明は国際的な賞を受賞しました。,Kare no hatsumei wa kokusaiteki na shou o jushou shimashita,His invention won an international award.
sent-4979,盛ん,Na-Adjectives,最近、この地域ではエコツーリズムが盛んになっている。,"Saikin, kono chiiki de wa eko tsūrizumu ga sakanni natte iru.","Recently, ecotourism has become popular in this area."
sent-4980,盛ん,Na-Adjectives,彼の会社では国際交流が盛んに行われている。,Kare no kaisha de wa kokusai kouryuu ga sakanni okonawarete iru.,International exchanges are actively taking place in his company.
sent-4981,盛ん,Na-Adjectives,その地域では伝統的な織物が盛んだった。,Sono chiiki de wa dentouteki na orimono ga sakandatta.,Traditional weaving was thriving in that area.
sent-4982,盛ん,Na-Adjectives,彼女は自分の意見が認められると、ますます議論が盛んになった。,"Kanojo wa jibun no iken ga mitomerareru to, masumasu giron ga sakanni natta.","When her opinion was acknowledged, the discussion became even more heated."
sent-4983,盛ん,Na-Adjectives,我が国ではスポーツの振興が盛んに行われています。,Wagakuni de wa supōtsu no shinkou ga sakanni okonawareteimasu.,Sports promotion is actively carried out in our country.
sent-4984,さまざま,Na-Adjectives,さまざまな人々が集まるイベントが開催されました。,Samazama na hitobito ga atsumaru ibento ga kaisai saremashita,An event where various people gathered was held.
sent-4985,さまざま,Na-Adjectives,さまざまな意見が寄せられ、議論が深まった。,"Samazama na iken ga yoserare, giron ga fukamatta","Various opinions were collected, and the discussion deepened."
sent-4986,さまざま,Na-Adjectives,彼女はさまざまな国の料理を楽しんでいる。,Kanojo wa samazama na kuni no ryouri o tanoshinde iru,She enjoys dishes from various countries.
sent-4987,さまざま,Na-Adjectives,この地域には、さまざまな鳥が生息しています。,"Kono chiiki ni wa, samazama na tori ga seisoku shiteimasu",Various birds live in this region.
sent-4988,さまざま,Na-Adjectives,さまざまな状況に対応できる力が重要です。,Samazama na joukyou ni taiou dekiru chikara ga juuyou desu,It is important to have the ability to respond to various situations.
sent-4989,幸せ,Na-Adjectives,幸せな家庭を築きたいと思っています。,Shiawase na katei o kizukitai to omotteimasu.,I want to build a happy family.
sent-4990,幸せ,Na-Adjectives,彼女は幸せそうな笑顔を見せた。,Kanojo wa shiawase sou na egao o miseta.,She showed a happy-looking smile.
sent-4991,幸せ,Na-Adjectives,幸せな結婚生活を送りたいです。,Shiawase na kekkon seikatsu o okuritai desu.,I want to have a happy married life.
sent-4992,幸せ,Na-Adjectives,お金があるからといって、必ずしも幸せではありません。,"Okane ga aru kara to itte, kanarazu shimo shiawase de wa arimasen.",Having money doesn't necessarily mean happiness.
sent-4993,幸せ,Na-Adjectives,今日のデートで彼と本当に幸せな時間を過ごしました。,Kyou no deeto de kare to hontou ni shiawase na jikan o sugoshimashita.,I had a truly happy time with him on today's date.
sent-4994,地味,Na-Adjectives,地味な服装で目立たないようにした。,Jimi na fukusou de medatanai you ni shita,I dressed modestly so as not to stand out.
sent-4995,地味,Na-Adjectives,彼女はいつも地味なメイクをしている。,Kanojo wa itsumo jimi na meiku o shite iru,She always wears simple makeup.
sent-4996,地味,Na-Adjectives,この料理は見た目は地味だが、味は絶品だ。,"Kono ryouri wa mita me wa jimi daga, aji wa zeppin da","This dish looks plain, but it tastes exquisite."
sent-4997,地味,Na-Adjectives,地味な人でも、実はすごい才能を持っていることがある。,"Jimi na hito demo, jitsu wa sugoi sainou o motte iru koto ga aru",Even plain-looking people can sometimes have incredible talents.
sent-4998,地味,Na-Adjectives,彼は派手なパーティーよりも、地味で静かな場所が好きだ。,"Kare wa hade na paatii yori mo, jimi de shizuka na basho ga suki da","He prefers quiet, modest places over flashy parties."
sent-4999,重大,Na-Adjectives,彼の発言は重大な意味を持っている。,Kare no hatsugen wa juudai na imi o motte iru.,His statement has serious implications.
sent-5000,重大,Na-Adjectives,この問題は重大なものなので、慎重に対処すべきだ。,"Kono mondai wa juudai na mono nanode, shinchou ni taisho subeki da.","This issue is serious, so we should handle it carefully."
sent-5001,重大,Na-Adjectives,彼らには重大な責任がある。,Karera ni wa juudai na sekinin ga aru.,They have a grave responsibility.
sent-5002,重大,Na-Adjectives,そのニュースは重大な影響を及ぼす可能性がある。,Sono nyuusu wa juudai na eikyou o oyobosu kanousei ga aru.,The news may have serious consequences.
sent-5003,重大,Na-Adjectives,これは重大な犯罪であり、厳しい処罰が待っている。,"Kore wa juudai na hanzai de ari, kibishii shobatsu ga matte iru.",This is a serious crime and severe punishment awaits.
sent-5004,重要,Na-Adjectives,重要な情報が見つかりました。,Juuyou na jouhou ga mitsukarimashita,Important information has been found.
sent-5005,重要,Na-Adjectives,中国語の勉強は今後のビジネスに重要です。,Chuugokugo no benkyou wa kongo no bijinesu ni juuyou desu,Studying Chinese is important for future business.
sent-5006,重要,Na-Adjectives,チームで協力することが重要だと思います。,Chiimu de kyouryoku suru koto ga juuyou da to omoimasu,I think it is important to cooperate in a team.
sent-5007,重要,Na-Adjectives,環境保護はとても重要な課題です。,Kankyou hogo wa totemo juuyou na kadai desu,Environmental protection is a very important issue.
sent-5008,重要,Na-Adjectives,英語を話せることは重要なスキルだと思う。,Eigo o hanaseru koto wa juuyou na sukiru da to omou,I think being able to speak English is an important skill.
sent-5009,消極的,Na-Adjectives,彼は何事にも消極的で、積極的に取り組もうとはしない。,"Kare wa nanigoto ni mo shoukyokuteki de, sekkyokuteki ni torikumou to wa shinai",He is always passive and doesn't actively engage in anything.
sent-5010,消極的,Na-Adjectives,どの仕事も消極的な態度では成功しないでしょう。,Dono shigoto mo shoukyokuteki na taido de wa seikou shinai deshou,No job will be successful with a passive attitude.
sent-5011,消極的,Na-Adjectives,消極的な考え方を改めて、もっと積極的になろう。,"Shoukyokuteki na kangaekata o aratamete, motto sekkyokuteki ni narou",Let's change our passive way of thinking and become more proactive.
sent-5012,消極的,Na-Adjectives,消極的な人は、チャンスを逃してしまうことが多いです。,"Shoukyokuteki na hito wa, chansu o nogashite shimau koto ga ooi desu",Passive people often miss out on opportunities.
sent-5013,消極的,Na-Adjectives,新しいことにチャレンジする際は、消極的でなく積極的な姿勢が重要だ。,"Atarashii koto ni charenji suru sai wa, shoukyokuteki de naku sekkyokuteki na shisei ga juuyou da","When trying new things, it's important to have a proactive attitude rather than being passive."
sent-5014,新鮮,Na-Adjectives,新鮮な空気を吸いたいので、公園に行きましょう。,"Shinsen na kuuki o suitai no de, kouen ni ikimashou","I want to breathe fresh air, so let's go to the park."
sent-5015,新鮮,Na-Adjectives,この魚はとても新鮮なので美味しいね。,Kono sakana wa totemo shinsen na no de oishii ne,"This fish is very fresh, so it tastes delicious."
sent-5016,新鮮,Na-Adjectives,新鮮な野菜は栄養価が高いと言われています。,Shinsen na yasai wa eiyouka ga takai to iwareteimasu,It is said that fresh vegetables have high nutritional value.
sent-5017,新鮮,Na-Adjectives,彼は新鮮な発想で問題を解決した。,Kare wa shinsen na hassou de mondai o kaiketsu shita,He solved the problem with a fresh idea.
sent-5018,新鮮,Na-Adjectives,新鮮な花が部屋を明るくしてくれます。,Shinsen na hana ga heya o akaruku shite kuremasu,Fresh flowers brighten up the room.
sent-5019,素敵,Na-Adjectives,あの素敵なドレスが欲しいです。,Ano suteki na doresu ga hoshii desu,I want that lovely dress.
sent-5020,素敵,Na-Adjectives,このレストランは素敵な雰囲気があります。,Kono resutoran wa suteki na fun'iki ga arimasu,This restaurant has a lovely atmosphere.
sent-5021,素敵,Na-Adjectives,彼女はとても素敵な笑顔を持っています。,Kanojo wa totemo suteki na egao o motte imasu,She has a very lovely smile.
sent-5022,素敵,Na-Adjectives,彼は素敵なプレゼントをくれました。,Kare wa suteki na purezento o kuremashita,He gave me a wonderful gift.
sent-5023,素敵,Na-Adjectives,今日は素敵な一日になりそうです。,Kyou wa suteki na ichinichi ni nari sou desu,Today seems to be a lovely day.
sent-5024,スペシャル,Na-Adjectives,今日はスペシャルな日だから、ケーキを買おう。,"Kyou wa supesharu na hi dakara, keeki o kaou.","Today is a special day, so let's buy a cake."
sent-5025,スペシャル,Na-Adjectives,私の誕生日に彼がスペシャルなプレゼントをくれました。,Watashi no tanjoubi ni kare ga supesharu na purezento o kuremashita.,He gave me a special present on my birthday.
sent-5026,スペシャル,Na-Adjectives,このレストランでは週末にスペシャルメニューがあります。,Kono resutoran de wa shuumatsu ni supesharu menyuu ga arimasu.,This restaurant has a special menu on weekends.
sent-5027,スペシャル,Na-Adjectives,彼女はスペシャルな才能を持っていると思う。,Kanojo wa supesharu na sainou o motte iru to omou.,I think she has a special talent.
sent-5028,スペシャル,Na-Adjectives,彼は私たちにスペシャルなコンサートを開いた。,Kare wa watashitachi ni supesharu na konsaato o hiraita.,He held a special concert for us.
sent-5029,正確,Na-Adjectives,正確な情報が必要だ。,Seikaku na jouhou ga hitsuyou da.,Accurate information is necessary.
sent-5030,正確,Na-Adjectives,問題を正確に理解しましょう。,Mondai o seikaku ni rikai shimashou.,Let's understand the problem accurately.
sent-5031,正確,Na-Adjectives,彼女は指示を正確に実行した。,Kanojo wa shiji o seikaku ni jikkou shita.,She carried out the instructions accurately.
sent-5032,正確,Na-Adjectives,正確な日付を確認してください。,Seikaku na hidzuke o kakunin shite kudasai.,Please confirm the exact date.
sent-5033,正確,Na-Adjectives,正確なデータ収集がプロジェクトの成功に重要です。,Seikaku na deeta shuushuu ga purojekuto no seikou ni juuyou desu.,Accurate data collection is important for the success of the project.
sent-5034,ぜいたく,Na-Adjectives,豪華なホテルでのぜいたくな休暇が楽しみだ。,Gouka na hoteru de no zeitaku na kyuuka ga tanoshimi da.,I'm looking forward to a luxurious vacation in a fancy hotel.
sent-5035,ぜいたく,Na-Adjectives,彼女はいつもぜいたくな贈り物を望んでいる。,Kanojo wa itsumo zeitaku na okurimono o nozonde iru.,She always desires luxurious gifts.
sent-5036,ぜいたく,Na-Adjectives,ぜいたくな食材を使った料理を作るのが好きだ。,Zeitaku na shokuzai o tsukatta ryouri o tsukuru no ga suki da.,I enjoy cooking dishes with luxurious ingredients.
sent-5037,ぜいたく,Na-Adjectives,彼の家はとてもぜいたくで、訪れた誰もが感嘆していた。,"Kare no ie wa totemo zeitaku de, otozureta dare mo ga kantan shiteita.",His house was so luxurious that everyone who visited was in awe.
sent-5038,ぜいたく,Na-Adjectives,今の経済状況ではぜいたくな生活が難しい。,Ima no keizai joukyou de wa zeitaku na seikatsu ga muzukashii.,"In the current economic situation, it's difficult to live a luxurious life."
sent-5039,積極的,Na-Adjectives,積極的な態度で新しいことに挑戦することが成功への道です。,Sekkyokuteki na taido de atarashii koto ni chousen suru koto ga seikou e no michi desu,Taking on new challenges with a positive attitude is the path to success.
sent-5040,積極的,Na-Adjectives,彼は人間関係を改善するために積極的にコミュニケーションを取りました。,Kare wa ningen kankei o kaizen suru tame ni sekkyokuteki ni komyunikēshon o torimashita,He actively communicated to improve his interpersonal relationships.
sent-5041,積極的,Na-Adjectives,彼女は積極的に自己啓発に励んでいる。,Kanojo wa sekkyokuteki ni jiko keihatsu ni hagende iru,She is proactively working on self-improvement.
sent-5042,積極的,Na-Adjectives,スポーツチームは、積極的に練習に励むことで成績を上げました。,"Supōtsu chīmu wa, sekkyokuteki ni renshuu ni hagemu koto de seiseki o agemashita",The sports team improved their performance by actively participating in practices.
sent-5043,積極的,Na-Adjectives,環境保護のため、積極的にリサイクル活動に参加しましょう。,"Kankyou hogo no tame, sekkyokuteki ni risaikuru katsudou ni sanka shimashou",Let's actively participate in recycling activities for environmental protection.
sent-5044,そっくり,Na-Adjectives,彼女はお母さんにそっくりです。,Kanojo wa okaasan ni sokkuri desu,She looks just like her mother.
sent-5045,そっくり,Na-Adjectives,このケーキは手作りだけど、お店で買ったものにそっくりです。,"Kono keeki wa tedzukuri dakedo, omise de katta mono ni sokkuri desu","This cake is homemade, but it looks just like the one bought from a store."
sent-5046,そっくり,Na-Adjectives,ここは私の故郷にそっくりな風景です。,Koko wa watashi no kokyou ni sokkuri na fuukei desu,This scenery is just like that of my hometown.
sent-5047,そっくり,Na-Adjectives,彼は兄弟で、性格がそっくりです。,"Kare wa kyoudai de, seikaku ga sokkuri desu","They are brothers, and their personalities are just alike."
sent-5048,そっくり,Na-Adjectives,子犬は母親犬にそっくりで、可愛いです。,"Koinu wa hahaoya inu ni sokkuri de, kawaii desu",The puppy looks just like its mother dog and is cute.
sent-5049,ソフト,Na-Adjectives,このソフトは非常に使いやすい。,Kono sofuto wa hijou ni tsukaiyasui.,This software is very easy to use.
sent-5050,ソフト,Na-Adjectives,ソフトウェア開発者は、新しいソフトのアップデートを行っています。,"Sofutowea kaihatsusha wa, atarashii sofuto no appudēto o okonatteimasu.",The software developer is working on updating the new software.
sent-5051,ソフト,Na-Adjectives,彼は最新のソフトを購入するために店に行きました。,Kare wa saishin no sofuto o kounyuu suru tame ni mise ni ikimashita.,He went to the store to buy the latest software.
sent-5052,ソフト,Na-Adjectives,このソフトドリンクは甘くて美味しいです。,Kono sofuto dorinku wa amakute oishii desu.,This soft drink is sweet and delicious.
sent-5053,ソフト,Na-Adjectives,ソフトバンクは、大手携帯通信会社です。,"Sofutobanku wa, oote keitai tsuushin gaisha desu.",Softbank is a major mobile communication company.
sent-5054,退屈,Na-Adjectives,退屈な授業はやる気を失わせる,Taikutsu na jugyou wa yaruki o ushinawaseru,Boring classes make you lose motivation.
sent-5055,退屈,Na-Adjectives,彼は退屈な映画を見るのが嫌いだ。,Kare wa taikutsu na eiga o miru no ga kirai da,He dislikes watching boring movies.
sent-5056,退屈,Na-Adjectives,長時間待つことは退屈で不快です。,Choujikan matsu koto wa taikutsu de fukai desu,Waiting for a long time is boring and uncomfortable.
sent-5057,退屈,Na-Adjectives,彼女が話すとき、彼は退屈そうに見える。,"Kanojo ga hanasu toki, kare wa taikutsu sou ni mieru","When she talks, he looks bored."
sent-5058,退屈,Na-Adjectives,この本は退屈で、興味深くない。,"Kono hon wa taikutsu de, kyoumi bukaku nai",This book is boring and not interesting.
sent-5059,確か,Na-Adjectives,確かに彼はやる気がありますね。,Tashika ni kare wa yaruki ga arimasu ne,He certainly does have motivation.
sent-5060,確か,Na-Adjectives,彼女は今日が確かに休暇だと言っていました。,Kanojo wa kyou ga tashika ni kyuuka da to itte imashita,She said that today is definitely her day off.
sent-5061,確か,Na-Adjectives,確かな情報が得られるまで、待つべきです。,"Tashika na jouhou ga erareru made, matsu beki desu",We should wait until we obtain accurate information.
sent-5062,確か,Na-Adjectives,確かな道具を使って、仕事の品質を向上させましょう。,"Tashika na dougu wo tsukatte, shigoto no hinshitsu wo koujou sasemashou",Let's improve the quality of work by using reliable tools.
sent-5063,確か,Na-Adjectives,彼は確かな知識と経験を持っているので、彼を信頼していいでしょう。,"Kare wa tashika na chishiki to keiken wo motte iru node, kare wo shinrai shite ii deshou","Since he has solid knowledge and experience, we can trust him."
sent-5064,単純,Na-Adjectives,単純な仕事は繰り返しが多い。,Tanjun na shigoto wa kurikaeshi ga ooi.,Simple jobs involve a lot of repetition.
sent-5065,単純,Na-Adjectives,単純な問題ではなく、もっと複雑な背景がある。,"Tanjun na mondai dewa naku, motto fukuzatsu na haikei ga aru.",It’s not a simple issue; there’s a more complex background behind it.
sent-5066,単純,Na-Adjectives,彼は単純な言葉で説明してくれました。,Kare wa tanjun na kotoba de setsumei shite kuremashita.,He explained it to me using simple words.
sent-5067,単純,Na-Adjectives,単純な計算ミスで失敗してしまった。,Tanjun na keisan misu de shippai shite shimatta.,I failed due to a simple calculation mistake.
sent-5068,単純,Na-Adjectives,単純な構造であれば、修理が容易だ。,"Tanjun na kouzou de areba, shuuri ga youi da.","If it has a simple structure, repairs are easy."
sent-5069,適当,Na-Adjectives,彼が適当な返答をした。,Kare ga tekitou na hentou o shita.,He gave an appropriate response.
sent-5070,適当,Na-Adjectives,この車は適当な価格で売られています。,Kono kuruma wa tekitou na kakaku de urarete imasu.,This car is sold at a reasonable price.
sent-5071,適当,Na-Adjectives,適当な部屋に荷物を置いてください。,Tekitou na heya ni nimotsu o oite kudasai.,Please put your belongings in a suitable room.
sent-5072,適当,Na-Adjectives,この仕事に適当な人材を見つけるのは難しい。,Kono shigoto ni tekitou na jinzai o mitsukeru no wa muzukashii.,It is difficult to find a suitable person for this job.
sent-5073,適当,Na-Adjectives,適当な昼食の場所を提案してください。,Tekitou na chuushoku no basho o teian shite kudasai.,Please suggest a suitable place for lunch.
sent-5074,得意,Na-Adjectives,彼女は英語が得意です。,Kanojo wa eigo ga tokui desu,She is good at English.
sent-5075,得意,Na-Adjectives,私は料理が得意ではありません。,Watashi wa ryouri ga tokui dewa arimasen,I am not good at cooking.
sent-5076,得意,Na-Adjectives,彼は水泳が得意だと言っていました。,Kare wa suiei ga tokui da to itte imashita,He said he is good at swimming.
sent-5077,得意,Na-Adjectives,彼女はその問題を解決できるので、数学が彼女の得意科目だと思った。,"Kanojo wa sono mondai o kaiketsu dekiru node, suugaku ga kanojo no tokui kamoku da to omotta","She can solve that problem, so I thought math was her strong subject."
sent-5078,得意,Na-Adjectives,彼はピアノが得意で、周りの人々を感動させます。,"Kare wa piano ga tokui de, mawari no hitobito o kandou sasemasu",He is good at the piano and impresses the people around him.
sent-5079,苦手,Na-Adjectives,彼は数学が苦手だ。,Kare wa suugaku ga nigate da,He is weak in mathematics.
sent-5080,苦手,Na-Adjectives,彼女は料理が苦手です。,Kanojo wa ryouri ga nigate desu,She is not good at cooking.
sent-5081,苦手,Na-Adjectives,多くの人が英語が苦手と感じています。,Ooku no hito ga eigo ga nigate to kanjiteimasu,Many people feel that they are weak in English.
sent-5082,苦手,Na-Adjectives,彼は社交的な場が苦手だと言っていた。,Kare wa shakouteki na ba ga nigate da to itteita,He said he is not good at social situations.
sent-5083,苦手,Na-Adjectives,私は運動が苦手なので、ジムに行くことが苦痛です。,"Watashi wa undou ga nigate nanode, jimu ni iku koto ga kutsuu desu","I'm not good at exercising, so going to the gym is painful for me."
sent-5084,派手,Na-Adjectives,派手な服装は目立ちますね。,Hade na fukusou wa medachimasu ne,"Flashy outfits really stand out, don't they?"
sent-5085,派手,Na-Adjectives,彼女はいつも派手な化粧をしている。,Kanojo wa itsumo hade na keshou o shite iru,She always wears flashy makeup.
sent-5086,派手,Na-Adjectives,彼は派手な車に乗っていて、誰もが注目していた。,"Kare wa hade na kuruma ni notte ite, daremo ga chuumoku shite ita","He was driving a flashy car, and everyone was paying attention."
sent-5087,派手,Na-Adjectives,今日は特別な日だから、もっと派手に盛り上げましょう！,"Kyou wa tokubetsu na hi dakara, motto hade ni moriagemashou!","Today is a special day, so let's make it more exciting and flashy!"
sent-5088,派手,Na-Adjectives,派手なデザインのポスターは人々の目を引く。,Hade na dezain no posutaa wa hitobito no me o hiku,Flashy poster designs attract people's attention.
sent-5089,貧乏,Na-Adjectives,貧乏な生活を送っているが、幸せだ。,"Binbou na seikatsu o okutteiru ga, shiawase da.","I live a poor life, but I am happy."
sent-5090,貧乏,Na-Adjectives,彼は貧乏な家庭で育ったが、努力して成功した。,"Kare wa binbou na katei de sodatta ga, doryoku shite seikou shita.","He grew up in a poor household, but succeeded through hard work."
sent-5091,貧乏,Na-Adjectives,貧乏な人々のために支援プログラムが必要だ。,Binbou na hitobito no tame ni shien puroguramu ga hitsuyou da.,Support programs are needed for poor people.
sent-5092,貧乏,Na-Adjectives,貧乏な学生に奨学金を提供することは彼らの教育に役立つ。,Binbou na gakusei ni shougakukin o teikyou suru koto wa karera no kyouiku ni yakudatsu.,Providing scholarships to poor students helps their education.
sent-5093,貧乏,Na-Adjectives,貧乏を克服するためには、賢い財政管理が必要だ。,"Binbou o kokufuku suru tame ni wa, kashikoi zaisei kanri ga hitsuyou da.",Smart financial management is needed to overcome poverty.
sent-5094,不安,Na-Adjectives,不安で眠れない夜が多いです。,Fu-an de nemurenai yoru ga ooi desu.,There are many nights when I can't sleep due to anxiety.
sent-5095,不安,Na-Adjectives,不安にさせる言葉は控えてください。,Fu-an ni saseru kotoba wa hikaete kudasai.,Please refrain from using words that make us feel anxious.
sent-5096,不安,Na-Adjectives,テストの結果が不安です。,Tesuto no kekka ga fu-an desu.,I'm worried about the test results.
sent-5097,不安,Na-Adjectives,彼は彼女の無事を確認すると、不安が晴れた。,"Kare wa kanojo no buji o kakunin suru to, fu-an ga hareta.","When he confirmed her safety, his anxiety was relieved."
sent-5098,不安,Na-Adjectives,未来に対する不安を抱えています。,Mirai ni taisuru fu-an o kakaete imasu.,I'm carrying anxiety about the future.
sent-5099,不規則,Na-Adjectives,彼女は不規則な生活習慣を持っている。,Kanojo wa fukisoku na seikatsu shuukan o motte iru,She has irregular lifestyle habits.
sent-5100,不規則,Na-Adjectives,この地域は不規則な降雨量が特徴である。,Kono chiiki wa fukisoku na kouuryou ga tokuchou de aru,The irregular rainfall is a characteristic of this region.
sent-5101,不規則,Na-Adjectives,不規則な勤務スケジュールが健康に影響を及ぼす。,Fukisoku na kinmu sukejūru ga kenkou ni eikyou o oyobosu,Irregular work schedules can affect one's health.
sent-5102,不規則,Na-Adjectives,不規則な食生活は消化器系の問題を引き起こすことがある。,Fukisoku na shokuseikatsu wa shoukakikei no mondai o hikiokosu koto ga aru,Irregular eating habits can lead to digestive system problems.
sent-5103,不規則,Na-Adjectives,この詩は不規則なリズムを持っていて、面白い響きがある。,"Kono shi wa fukisoku na rizumu o motte ite, omoshiroi hibiki ga aru","This poem has an irregular rhythm, which makes it interesting to listen to."
sent-5104,複雑,Na-Adjectives,複雑な問題に取り組むことは、時には非常に困難です。,"Fukuzatsu na mondai ni torikumu koto wa, toki ni wa hijou ni konnan desu",Tackling complex problems can be very difficult at times.
sent-5105,複雑,Na-Adjectives,彼の説明は複雑で理解しにくかった。,Kare no setsumei wa fukuzatsu de rikai shinikukatta,His explanation was complicated and difficult to understand.
sent-5106,複雑,Na-Adjectives,このプロジェクトは、複雑な管理が求められます。,"Kono purojekuto wa, fukuzatsu na kanri ga motomeraremasu",This project requires complex management.
sent-5107,複雑,Na-Adjectives,人間の心は複雑で、簡単には理解できないものです。,"Ningen no kokoro wa fukuzatsu de, kantan ni wa rikai dekinai mono desu",The human heart is complex and cannot be easily understood.
sent-5108,複雑,Na-Adjectives,この手続きは非常に複雑で、時間がかかるでしょう。,"Kono tetsuzuki wa hijou ni fukuzatsu de, jikan ga kakaru deshou",This procedure is very complicated and will take time.
sent-5109,不幸,Na-Adjectives,彼は不幸な事故に遭って亡くなりました。,Kare wa fukou na jiko ni atte nakunarimashita,He unfortunately passed away in an accident.
sent-5110,不幸,Na-Adjectives,彼女の不幸な知らせに驚きました。,Kanojo no fukou na shirase ni odorokimashita,I was surprised at her unfortunate news.
sent-5111,不幸,Na-Adjectives,最近、彼の家族は連続して不幸な出来事が起こっている。,"Saikin, kare no kazoku wa renzoku shite fukou na dekigoto ga okotte iru","Recently, his family has been experiencing a series of unfortunate events."
sent-5112,不幸,Na-Adjectives,不幸な状況を切り抜けるために彼は努力しています。,Fukou na joukyou o kirinukeru tame ni kare wa doryoku shiteimasu,He is making efforts to overcome the unfortunate situation.
sent-5113,不幸,Na-Adjectives,彼女は経済的な不幸に耐えて、困難を乗り越えました。,"Kanojo wa keizaiteki na fukou ni taete, konnan o norikoemashita",She endured economic misfortune and overcame difficulties.
sent-5114,無事,Na-Adjectives,無事に試験に合格しました。,Buji ni shiken ni goukaku shimashita,I passed the exam safely.
sent-5115,無事,Na-Adjectives,無事に旅行から帰宅しました。,Buji ni ryokou kara kitaku shimashita,I returned home safely from my trip.
sent-5116,無事,Na-Adjectives,子供たちは無事に運動会を終えました。,Kodomo-tachi wa buji ni undoukai o oemashita,The children finished the sports day without any accidents.
sent-5117,無事,Na-Adjectives,友人は手術が無事に済んで退院しました。,Yuujin wa shujutsu ga buji ni sunde taiin shimashita,My friend was discharged from the hospital after his surgery went smoothly.
sent-5118,無事,Na-Adjectives,地震があったが無事で一安心です。,Jishin ga atta ga buji de hitoanshin desu,"There was an earthquake, but everyone is safe, and I can feel relieved."
sent-5119,不思議,Na-Adjectives,不思議な力が働いていると信じている。,Fushigi na chikara ga hataraite iru to shinjite iru,I believe that a mysterious power is at work.
sent-5120,不思議,Na-Adjectives,この小説は不思議な世界を描いている。,Kono shousetsu wa fushigi na sekai o egaite iru,This novel depicts a mysterious world.
sent-5121,不思議,Na-Adjectives,あの子は不思議なことを言って去って行った。,Ano ko wa fushigi na koto o itte satte itta,That child said something mysterious and left.
sent-5122,不思議,Na-Adjectives,彼女は不思議な夢を見たと話していた。,Kanojo wa fushigi na yume o mita to hanashite ita,She was talking about having had a mysterious dream.
sent-5123,不思議,Na-Adjectives,その新しい技術は不思議なほどに効果的だ。,Sono atarashii gijutsu wa fushigi na hodo ni koukateki da,The new technology is surprisingly effective.
sent-5124,不満,Na-Adjectives,彼女はその結果に不満を持っていた。,Kanojo wa sono kekka ni fuman o motte ita.,She was dissatisfied with the outcome.
sent-5125,不満,Na-Adjectives,不満がたまると、ストレスを感じるだろう。,"Fuman ga tamaru to, sutoresu o kanjiru darou.","If dissatisfaction builds up, you will probably feel stressed."
sent-5126,不満,Na-Adjectives,彼は昇進のチャンスを逃し、不満を抱いている。,"Kare wa shoushin no chansu o nogashi, fuman o idaite iru.",He missed the chance for promotion and is unhappy about it.
sent-5127,不満,Na-Adjectives,この料理には彼女が不満を言った。,Kono ryouri ni wa kanojo ga fuman o itta.,She complained about this dish.
sent-5128,不満,Na-Adjectives,不満を解消するために、話し合いが必要だ。,"Fuman o kaishou suru tame ni, hanashiai ga hitsuyou da.","In order to resolve dissatisfaction, a discussion is needed."
sent-5129,平和,Na-Adjectives,世界中で平和を願っています。,Sekaijuu de heiwa o negatte imasu.,We wish for peace all over the world.
sent-5130,平和,Na-Adjectives,この国は長年の平和を享受してきました。,Kono kuni wa naganen no heiwa o kyouju shite kimashita.,This country has enjoyed many years of peace.
sent-5131,平和,Na-Adjectives,平和のためにみんなで努力しましょう。,Heiwa no tame ni minna de doryoku shimashou.,Let's all work together for the sake of peace.
sent-5132,平和,Na-Adjectives,彼のスピーチは平和への期待を語りました。,Kare no supiichi wa heiwa e no kitai o katari mashita.,His speech spoke of hopes for peace.
sent-5133,平和,Na-Adjectives,戦争の終わりが平和をもたらすことを期待します。,Sensou no owari ga heiwa o motarasu koto o kitai shimasu.,We hope the end of the war will bring about peace.
sent-5134,真っ赤,Na-Adjectives,彼の顔は恥ずかしさで真っ赤になった。,Kare no kao wa hazukashisa de makka ni natta.,His face turned bright red with embarrassment.
sent-5135,真っ赤,Na-Adjectives,夕焼けで空が真っ赤に染まっていた。,Yuuyake de sora ga makka ni somatte ita.,The sky was dyed bright red by the sunset.
sent-5136,真っ赤,Na-Adjectives,彼女は真っ赤なドレスを着ていて、とても美しかった。,"Kanojo wa makka na doresu o kite ite, totemo utsukushikatta.",She was wearing a bright red dress and looked very beautiful.
sent-5137,真っ赤,Na-Adjectives,このリンゴは真っ赤で美味しそうだ。,Kono ringo wa makka de oishisou da.,This apple looks delicious and is bright red.
sent-5138,真っ赤,Na-Adjectives,卒業式で真っ赤な髪飾りをつけた。,Sotsugyoushiki de makka na kamikazari o tsuketa.,I wore a bright red hair ornament at the graduation ceremony.
sent-5139,真っ暗,Na-Adjectives,真っ暗な夜には星がよく見える。,Makkurana yoru ni wa hoshi ga yoku mieru.,The stars are clearly visible on pitch-dark nights.
sent-5140,真っ暗,Na-Adjectives,電気が消えて部屋が真っ暗になった。,Denki ga kiete heya ga makkura ni natta.,The room became pitch-dark when the lights went out.
sent-5141,真っ暗,Na-Adjectives,洞窟の中は真っ暗で手がほとんど見えなかった。,Doukutsu no naka wa makkura de te ga hotondo mienakatta.,The inside of the cave was so dark that I could hardly see my hand.
sent-5142,真っ暗,Na-Adjectives,彼女は真っ暗な道を恐る恐る歩いた。,Kanojo wa makkura na michi o osoru osoru aruita.,She walked hesitantly along the pitch-dark path.
sent-5143,真っ暗,Na-Adjectives,真っ暗な部屋で目が慣れるまで時間がかかった。,Makkura na heya de me ga nareru made jikan ga kakatta.,It took time for my eyes to adjust to the pitch-dark room.
sent-5144,真っ青,Na-Adjectives,彼の顔が急に真っ青になった。,Kare no kao ga kyuu ni massao ni natta,His face suddenly turned pale blue.
sent-5145,真っ青,Na-Adjectives,試験の結果を見て、彼女は真っ青になった。,"Shiken no kekka o mite, kanojo wa massao ni natta",She turned pale blue when she saw the results of the exam.
sent-5146,真っ青,Na-Adjectives,彼が怖がって顔が真っ青になってしまった。,Kare ga kowagatte kao ga massao ni natte shimatta,He was scared and his face turned completely pale.
sent-5147,真っ青,Na-Adjectives,ドキュメンタリーを見た後、私たちは真っ青になりました。,"Dokyumentarii o mita nochi, watashitachi wa massao ni narimashita","After watching the documentary, we were all pale-faced."
sent-5148,真っ青,Na-Adjectives,彼女は恐怖のあまり真っ青な顔をしていた。,Kanojo wa kyoufu no amari massao na kao o shite ita,She had a pale blue face out of sheer terror.
sent-5149,満足,Na-Adjectives,彼はその仕事にとても満足している。,Kare wa sono shigoto ni totemo manzoku shite iru.,He is very satisfied with his job.
sent-5150,満足,Na-Adjectives,私たちは昨日の食事に大変満足しました。,Watashitachi wa kinou no shokuji ni taihen manzoku shimashita.,We were very satisfied with our meal yesterday.
sent-5151,満足,Na-Adjectives,このベッドは快適で満足できる。,Kono beddo wa kaiteki de manzoku dekiru.,This bed is comfortable and satisfying.
sent-5152,満足,Na-Adjectives,彼女は自分の成果に満足していません。,Kanojo wa jibun no seika ni manzoku shite imasen.,She is not satisfied with her own achievements.
sent-5153,満足,Na-Adjectives,私たちが欲しいものを手に入れたら、何でも満足しないといけません。,"Watashitachi ga hoshii mono o te ni iretara, nandemo manzoku shinai to ikemasen.","If we get what we want, we must be satisfied with anything."
sent-5154,無駄,Na-Adjectives,無駄な時間を過ごさないでください。,Muda na jikan o sugosanai de kudasai.,Please don't waste time.
sent-5155,無駄,Na-Adjectives,無駄な労力を使わないようにしましょう。,Muda na rouryoku o tsukawanai you ni shimashou.,Let's not use unnecessary effort.
sent-5156,無駄,Na-Adjectives,そのプロジェクトは結局無駄な出費となりました。,Sono purojekuto wa kekkyoku muda na shuppi to narimashita.,"In the end, that project turned out to be a waste of money."
sent-5157,無駄,Na-Adjectives,無駄なアイテムを買わないで、節約しましょう。,"Muda na aitemu o kawanai de, setsuyaku shimashou.",Let's save money by not buying unnecessary items.
sent-5158,無駄,Na-Adjectives,彼女は自分の行動が無駄だと気づいた。,Kanojo wa jibun no koudou ga muda da to kidzuita.,She realized that her actions were in vain.
sent-5159,迷惑,Na-Adjectives,迷惑な行為をやめてください。,Meiwaku na koui o yamete kudasai,Please stop the annoying behavior.
sent-5160,迷惑,Na-Adjectives,彼の遅刻は皆に迷惑をかけた。,Kare no chikoku wa mina ni meiwaku o kaketa,His tardiness caused trouble for everyone.
sent-5161,迷惑,Na-Adjectives,彼女は私の騒音で迷惑していると言った。,Kanojo wa watashi no souon de meiwaku shiteiru to itta,She said she is bothered by my noise.
sent-5162,迷惑,Na-Adjectives,電話で迷惑メールを送るのは違法です。,Denwa de meiwaku meeru o okuru no wa ihou desu,Sending nuisance emails by phone is illegal.
sent-5163,迷惑,Na-Adjectives,通報された迷惑行為は、各自治体で対応されます。,"Tsuuhou sareta meiwaku koui wa, kaku jichitai de taiou saremasu",Reported nuisance behavior will be dealt with by each municipality.
sent-5164,面倒,Na-Adjectives,面倒な手続きがたくさんある。,Mendou na tetsuzuki ga takusan aru,There are many troublesome procedures.
sent-5165,面倒,Na-Adjectives,彼はいつも面倒な問題を抱え込んでいる。,Kare wa itsumo mendou na mondai wo kakaekonde iru,He is always dealing with troublesome problems.
sent-5166,面倒,Na-Adjectives,遅刻しないように、駅まで車で送るのは面倒だ。,"Chikoku shinai you ni, eki made kuruma de okuru no wa mendou da",It's troublesome to drive someone to the station to prevent them from being late.
sent-5167,面倒,Na-Adjectives,彼女は私の面倒を見てくれると言った。,Kanojo wa watashi no mendou o mite kureru to itta,She said she would take care of me when I'm in trouble.
sent-5168,面倒,Na-Adjectives,給料の手続きは面倒だが、やらなければならない。,"Kyuuryou no tetsuzuki wa mendou da ga, yaranakereba naranai","The salary procedures are troublesome, but they must be done."
sent-5169,優秀,Na-Adjectives,彼は優秀な学生で、いつもクラスで一番の成績を収めています。,"Kare wa yuushuu na gakusei de, itsumo kurasu de ichiban no seiseki o osameteimasu","He is an excellent student, always achieving the highest grades in class."
sent-5170,優秀,Na-Adjectives,この会社では、優秀な従業員が毎年表彰されます。,"Kono kaisha de wa, yuushuu na juugyouin ga maitoshi hyoushou saremasu","In this company, excellent employees are honored every year."
sent-5171,優秀,Na-Adjectives,彼女は優秀なリーダーであり、チームが成功するために努力しています。,"Kanojo wa yuushuu na riidaa de ari, chiimu ga seikou suru tame ni doryoku shiteimasu","She is an excellent leader, and is working tirelessly to ensure the success of her team."
sent-5172,優秀,Na-Adjectives,優秀な技術者が必要な案件に適切に割り当てられることが重要です。,Yuushuu na gijutsusha ga hitsuyouna anken ni tekisetsu ni wariaterareru koto ga juuyou desu,It is important that excellent engineers are assigned to projects where they are needed.
sent-5173,優秀,Na-Adjectives,彼は非常に優秀なプログラマーで、大変な仕事も素早くこなします。,"Kare wa hijou ni yuushuu na puroguramaa de, taihen na shigoto mo hayaku konashimasu","He is an exceptionally excellent programmer, handling even difficult tasks quickly."
sent-5174,豊か,Na-Adjectives,豊かな自然環境に恵まれている地域です。,Yutaka na shizen kankyou ni megumarete iru chiiki desu,It is a region blessed with a rich natural environment.
sent-5175,豊か,Na-Adjectives,彼女は心が豊かな人だと思います。,Kanojo wa kokoro ga yutaka na hito da to omoimasu,I think she is a person with a rich heart.
sent-5176,豊か,Na-Adjectives,彼は豊かな知識を持っている教授です。,Kare wa yutaka na chishiki o motte iru kyouju desu,He is a professor with a wealth of knowledge.
sent-5177,豊か,Na-Adjectives,この都市は文化が豊かで魅力的です。,Kono toshi wa bunka ga yutaka de miryokuteki desu,This city is culturally rich and attractive.
sent-5178,豊か,Na-Adjectives,豊かな感性を持つアーティストになりたい。,Yutaka na kansei o motsu aatisuto ni naritai,I want to become an artist with a rich sensibility.
sent-5179,余分,Na-Adjectives,余分な食材があるので、それを使って料理を作りましょう。,"Yobun na shokuzai ga aru node, sore o tsukatte ryouri o tsukurimashou","Since we have extra ingredients, let's use them to cook a dish."
sent-5180,余分,Na-Adjectives,このシャツは余分なサイズが大きいので、交換する必要があります。,"Kono shatsu wa yobun na saizu ga ooki node, koukan suru hitsuyou ga arimasu","This shirt is one size too big, so I need to exchange it."
sent-5181,余分,Na-Adjectives,電車が混雑しているので、余分な時間を見積もって出発しましょう。,"Densha ga konzatsu shiteiru node, yobun na jikan o mitumotte shuppatsu shimashou","Since the train is crowded, let's estimate extra time and depart."
sent-5182,余分,Na-Adjectives,試験前に余分な勉強時間を確保することが重要です。,Shiken mae ni yobun na benkyou jikan o kakuho suru koto ga juuyou desu,It is important to secure extra study time before the exam.
sent-5183,余分,Na-Adjectives,余分なお金があるときには、貯金をしておくことが賢明です。,"Yobun na o-kane ga aru toki ni wa, chokin o shite oku koto ga kenmei desu",It is wise to save money when you have extra funds.
sent-5184,楽,Na-Adjectives,この音楽はとても楽しいです。,Kono ongaku wa totemo tanoshii desu.,This music is very enjoyable.
sent-5185,楽,Na-Adjectives,彼女は楽器を弾くのが好きです。,Kanojo wa gakki o hiku no ga suki desu.,She likes to play musical instruments.
sent-5186,楽,Na-Adjectives,楽しかった旅行を思い出します。,Tanoshikatta ryokou o omoidashimasu.,I remember the enjoyable trip.
sent-5187,楽,Na-Adjectives,友達と話すのは楽だった。,Tomodachi to hanasu no wa raku datta.,It was easy (comfortable) talking with friends.
sent-5188,楽,Na-Adjectives,彼はその仕事を楽にこなしている。,Kare wa sono shigoto o raku ni konashite iru.,He is doing the job easily.
sent-5189,わがまま,Na-Adjectives,わがままな子供はよく親に怒られる。,Wagamama na kodomo wa yoku oya ni okorareru,Selfish children often get scolded by their parents.
sent-5190,わがまま,Na-Adjectives,わがままを言わずに、皆と協力しましょう。,"Wagamama o iwazu ni, minna to kyouryoku shimashou",Let's cooperate with everyone without being selfish.
sent-5191,わがまま,Na-Adjectives,彼女はわがままな性格のため、友達が少ない。,"Kanojo wa wagamama na seikaku no tame, tomodachi ga sukunai",She has few friends because of her selfish personality.
sent-5192,わがまま,Na-Adjectives,わがままな態度を改めるべきだ。,Wagamama na taido o aratameru beki da,You should change your selfish attitude.
sent-5193,わがまま,Na-Adjectives,わがままばかり言っていると、誰も助けてくれなくなる。,"Wagamama bakari itte iru to, daremo tasukete kurenaku naru","If you keep being selfish, no one will help you."
