Kanji,Hiragana,Romaji,English,Level,PronunciationURL,Topic,Part_of_Speech
会う,あう,au,to meet,N5,,General,General
青,あお,ao,blue,N5,,General,General
青い,あおい,aoi,blue,N5,,General,General
赤,あか,aka,red,N5,,General,General
赤い,あかい,akai,red,N5,,General,General
明い,あかるい,akarui,bright,N5,,General,General
秋,あき,aki,autumn,N5,,General,General
開く,あく,aku,"to open, to become open",N5,,General,General
開ける,あける,akeru,to open,N5,,General,General
上げる,あげる,ageru,to give,N5,,General,General
朝,あさ,asa,morning,N5,,General,General
朝御飯,あさごはん,asagohan,breakfast,N5,,General,General
,あさって,asatte,day after tomorrow,N5,,General,General
足,あし,ashi,"foot, leg",N5,,General,General
明日,あした,ashita,tomorrow,N5,,General,General
,あそこ,asoko,over there,N5,,General,General
遊ぶ,あそぶ,asobu,"to play, to make a visit",N5,,General,General
暖かい,あたたかい,atatakai,warm,N5,,General,General
頭,あたま,atama,head,N5,,General,General
新しい,あたらしい,atarashii,new,N5,,General,General
,あちら,achira,there,N5,,General,General
暑い,あつい,atsui,hot,N5,,General,General
熱い,あつい,atsui,hot to the touch,N5,,General,General
厚い,あつい,atsui,"kind, deep, thick",N5,,General,General
,あっち,acchi,over there,N5,,General,General
後,あと,ato,afterwards,N5,,General,General
,あなた,anata,you,N5,,General,General
兄,あに,ani,(humble) older brother,N5,,General,General
姉,あね,ane,(humble) older sister,N5,,General,General
,あの,ano,that over there,N5,,General,General
,アパート,アパート,apartment,N5,,General,General
,あびる,abiru,"to bathe, to shower",N5,,General,General
危ない,あぶない,abunai,dangerous,N5,,General,General
甘い,あまい,amai,sweet,N5,,General,General
,あまり,amari,not very,N5,,General,General
雨,あめ,ame,rain,N5,,General,General
飴,あめ,ame,candy,N5,,General,General
洗う,あらう,arau,to wash,N5,,General,General
,ある,aru,"to be,to have (used for inanimate objects)",N5,,General,General
歩く,あるく,aruku,to walk,N5,,General,General
,あれ,are,that,N5,,General,General
,いい/よい,ii/yoi,good,N5,,General,General
,いいえ,iie,no,N5,,General,General
言う,いう,iu,to say,N5,,General,General
家,いえ,ie,house,N5,,General,General
,いかが,ikaga,how,N5,,General,General
行く,いく,iku,to go,N5,,General,General
,いくつ,ikutsu,"how many?,how old?",N5,,General,General
,いくら,ikura,how much?,N5,,General,General
池,いけ,ike,pond,N5,,General,General
医者,いしゃ,isha,medical doctor,N5,,General,General
,いす,isu,chair,N5,,General,General
忙しい,いそがしい,isogashii,"busy, irritated",N5,,General,General
痛い,いたい,itai,painful,N5,,General,General
一,いち,ichi,one,N5,,General,General
一日,いちにち,ichinichi,first of the month,N5,,General,General
,いちばん,ichiban,"best, first",N5,,General,General
,いつ,itsu,when,N5,,General,General
五日,いつか,itsuka,"five days, fifth day",N5,,General,General
一緒,いっしょ,issho,together,N5,,General,General
五つ,いつつ,itsutsu,five,N5,,General,General
,いつも,itsumo,always,N5,,General,General
犬,いぬ,inu,dog,N5,,General,General
今,いま,ima,now,N5,,General,General
意味,いみ,imi,meaning,N5,,General,General
妹,いもうと,imouto,(humble) younger sister,N5,,General,General
嫌,いや,iya,unpleasant,N5,,General,General
入口,いりぐち,iriguchi,entrance,N5,,General,General
居る,いる,iru,"to be, to have (used for people and animals)",N5,,General,General
要る,いる,iru,to need,N5,,General,General
入れる,いれる,ireru,to put in,N5,,General,General
色,いろ,iro,colour,N5,,General,General
,いろいろ,iroiro,various,N5,,General,General
上,うえ,ue,on top of,N5,,General,General
後ろ,うしろ,ushiro,behind,N5,,General,General
薄い,うすい,usui,"thin,weak",N5,,General,General
歌,うた,uta,song,N5,,General,General
歌う,うたう,utau,to sing,N5,,General,General
生まれる,うまれる,umareru,to be born,N5,,General,General
海,うみ,umi,sea,N5,,General,General
売る,うる,uru,to sell,N5,,General,General
煩い,うるさい,urusai,"noisy, annoying",N5,,General,General
上着,うわぎ,uwagi,jacket,N5,,General,General
絵,え,e,picture,N5,,General,General
映画,えいが,eiga,movie,N5,,General,General
映画館,えいがかん,eigakan,cinema,N5,,General,General
英語,えいご,eigo,English language,N5,,General,General
,ええ,ee,yes,N5,,General,General
駅,えき,eki,station,N5,,General,General
,エレベーター,エレベーター,elevator,N5,,General,General
鉛筆,えんぴつ,enpitsu,pencil,N5,,General,General
,おいしい,oishii,delicious,N5,,General,General
多い,おおい,ooi,many,N5,,General,General
大きい,おおきい,ookii,big,N5,,General,General
大きな,おおきな,ookina,big,N5,,General,General
大勢,おおぜい,oozei,great number of people,N5,,General,General
お母さん,おかあさん,okaasan,(honorable) mother,N5,,General,General
お菓子,おかし,okashi,"sweets, candy",N5,,General,General
お金,おかね,okane,money,N5,,General,General
起きる,おきる,okiru,to get up,N5,,General,General
置く,おく,oku,to put,N5,,General,General
奥さん,おくさん,okusan,(honorable) wife,N5,,General,General
お酒,おさけ,osake,"alcohol, rice wine",N5,,General,General
お皿,おさら,osara,"plate, dish",N5,,General,General
伯父/叔父,おじいさん,ojiisan,"grandfather, male senior citizen",N5,,General,General
教える,おしえる,oshieru,"to teach, to tell",N5,,General,General
伯父/叔父,おじさん,ojisan,"uncle, middle aged gentleman",N5,,General,General
押す,おす,osu,"to push, to stamp something",N5,,General,General
遅い,おそい,osoi,"late, slow",N5,,General,General
お茶,おちゃ,ocha,green tea,N5,,General,General
お手洗い,おてあらい,otearai,bathroom,N5,,General,General
お父さん,おとうさん,otousan,(honorable) father,N5,,General,General
弟,おとうと,otouto,younger brother,N5,,General,General
男,おとこ,otoko,Man,N5,,General,General
男の子,おとこのこ,otokonoko,Boy,N5,,General,General
一昨日,おととい,ototoi,day before yesterday,N5,,General,General
一昨年,おととし,ototoshi,year before last,N5,,General,General
大人,おとな,otona,Adult,N5,,General,General
,おなか,onaka,stomach,N5,,General,General
同じ,おなじ,onaji,same,N5,,General,General
お兄さん,おにいさん,oniisan,(honorable) older brother,N5,,General,General
お姉さん,おねえさん,oneesan,(honorable) older sister,N5,,General,General
,おばあさん,obaasan,"grandmother, female senior-citizen",N5,,General,General
伯母さん/叔母さん,おばさん,obasan,Aunt,N5,,General,General
お風呂,おふろ,ofuro,Bath,N5,,General,General
お弁当,おべんとう,obentou,boxed lunch,N5,,General,General
覚える,おぼえる,oboeru,to remember,N5,,General,General
,おまわりさん,omawarisan,friendly term for policeman,N5,,General,General
重い,おもい,omoi,Heavy,N5,,General,General
,おもしろい,omoshiroi,Interesting,N5,,General,General
泳ぐ,およぐ,oyogu,to swim,N5,,General,General
降りる,おりる,oriru,"to get off, to descend",N5,,General,General
終る,おわる,owaru,to finish,N5,,General,General
音楽,おんがく,ongaku,Music,N5,,General,General
女,おんな,onna,Woman,N5,,General,General
女の子,おんなのこ,onnanoko,Girl,N5,,General,General
外国,がいこく,gaikoku,foreign country,N5,,General,General
外国人,がいこくじん,gaikokujin,Foreigner,N5,,General,General
会社,かいしゃ,kaisha,Company,N5,,General,General
階段,かいだん,kaidan,Stairs,N5,,General,General
買い物,かいもの,kaimono,Shopping,N5,,General,General
買う,かう,kau,to buy,N5,,General,General
返す,かえす,kaesu,to return something,N5,,General,General
帰る,かえる,kaeru,to go back,N5,,General,General
,かかる,kakaru,to take time or money,N5,,General,General
,かぎ,kagi,Key,N5,,General,General
書く,かく,kaku,to write,N5,,General,General
学生,がくせい,gakusei,Student,N5,,General,General
,かける,kakeru,to call by phone,N5,,General,General
傘,かさ,kasa,Umbrella,N5,,General,General
貸す,かす,kasu,to lend,N5,,General,General
風,かぜ,kaze,Wind,N5,,General,General
風邪,かぜ,kaze,a cold,N5,,General,General
家族,かぞく,kazoku,Family,N5,,General,General
方,かた,kata,"person, way of doing",N5,,General,General
学校,がっこう,gakkou,School,N5,,General,General
,カップ,カップ,Cup,N5,,General,General
家庭,かてい,katei,Household,N5,,General,General
角,かど,kado,a corner,N5,,General,General
,かばん,kaban,"bag, basket",N5,,General,General
花瓶,かびん,kabin,a vase,N5,,General,General
紙,かみ,kami,paper,N5,,General,General
,カメラ,カメラ,camera,N5,,General,General
火曜日,かようび,kayoubi,Tuesday,N5,,General,General
辛い,からい,karai,Spicy,N5,,General,General
体,からだ,karada,Body,N5,,General,General
借りる,かりる,kariru,to borrow,N5,,General,General
軽い,かるい,karui,Light,N5,,General,General
,カレー,カレー,Curry,N5,,General,General
,カレンダー,カレンダー,calendar,N5,,General,General
川/河,かわ,kawa,River,N5,,General,General
,かわいい,kawaii,Cute,N5,,General,General
漢字,かんじ,kanji,Chinese character,N5,,General,General
木,き,ki,"tree, wood",N5,,General,General
黄色,きいろ,kiiro,yellow,N5,,General,General
黄色い,きいろい,kiiroi,yellow,N5,,General,General
消える,きえる,kieru,to disappear,N5,,General,General
聞く,きく,kiku,"to hear, to listen to, to ask",N5,,General,General
北,きた,kita,North,N5,,General,General
,ギター,ギター,Guitar,N5,,General,General
汚い,きたない,kitanai,Dirty,N5,,General,General
喫茶店,きっさてん,kissaten,coffee lounge,N5,,General,General
切手,きって,kitte,postage stamp,N5,,General,General
切符,きっぷ,kippu,Ticket,N5,,General,General
昨日,きのう,kinou,Yesterday,N5,,General,General
九,きゅう / く,kyuu/ku,Nine,N5,,General,General
牛肉,ぎゅうにく,gyuuniku,Beef,N5,,General,General
牛乳,ぎゅうにゅう,gyuunyuu,Milk,N5,,General,General
今日,きょう,kyou,Today,N5,,General,General
教室,きょうしつ,kyoushitsu,Classroom,N5,,General,General
兄弟,きょうだい,kyoudai,(humble) siblings,N5,,General,General
去年,きょねん,kyonen,last year,N5,,General,General
嫌い,きらい,kirai,Hate,N5,,General,General
切る,きる,kiru,to cut,N5,,General,General
着る,きる,kiru,to put on from the shoulders down,N5,,General,General
,きれい,kirei,"pretty, clean",N5,,General,General
,キロ/キログラム,キロ/キログラム,Kilogram,N5,,General,General
,キロ/キロメートル,キロ/キロメートル,Kilometer,N5,,General,General
銀行,ぎんこう,ginkou,Bank,N5,,General,General
金曜日,きんようび,kinyoubi,Friday,N5,,General,General
薬,くすり,kusuri,medicine,N5,,General,General
,ください,kudasai,Please,N5,,General,General
果物,くだもの,kudamono,Fruit,N5,,General,General
口,くち,kuchi,"mouth, opening",N5,,General,General
靴,くつ,kutsu,Shoes,N5,,General,General
靴下,くつした,kutsushita,Socks,N5,,General,General
国,くに,kuni,Country,N5,,General,General
曇り,くもり,kumori,cloudy weather,N5,,General,General
曇る,くもる,kumoru,"to become cloudy, to become dim",N5,,General,General
暗い,くらい,kurai,Gloomy,N5,,General,General
,クラス,クラス,Class,N5,,General,General
,グラム,グラム,Gram,N5,,General,General
来る,くる,kuru,to come,N5,,General,General
車,くるま,kuruma,"car, vehicle",N5,,General,General
黒,くろ,kuro,Black,N5,,General,General
黒い,くろい,kuroi,black,N5,,General,General
警官,けいかん,keikan,policeman,N5,,General,General
今朝,けさ,kesa,this morning,N5,,General,General
消す,けす,kesu,"to erase, to turn off power",N5,,General,General
結構,けっこう,kekkou,"splendid, enough",N5,,General,General
結婚,けっこん,kekkon,Marriage,N5,,General,General
月曜日,げつようび,getsuyoubi,Monday,N5,,General,General
玄関,げんかん,genkan,entry hall,N5,,General,General
元気,げんき,genki,"health, vitality",N5,,General,General
五,ご,go,Five,N5,,General,General
公園,こうえん,kouen,Park,N5,,General,General
交差点,こうさてん,kousaten,intersection,N5,,General,General
紅茶,こうちゃ,koucha,black tea,N5,,General,General
交番,こうばん,kouban,police box,N5,,General,General
声,こえ,koe,Voice,N5,,General,General
,コート,コート,"coat, tennis court",N5,,General,General
,コーヒー,コーヒー,Coffee,N5,,General,General
,ここ,koko,Here,N5,,General,General
午後,ごご,gogo,afternoon,N5,,General,General
九日,ここのか,kokonoka,"nine days, ninth day",N5,,General,General
九つ,ここのつ,kokonotsu,Nine,N5,,General,General
午前,ごぜん,gozen,morning,N5,,General,General
答える,こたえる,kotaeru,to answer,N5,,General,General
,こちら,kochira,this person or way,N5,,General,General
,こっち,kocchi,this person or way,N5,,General,General
,コップ,コップ,a glass,N5,,General,General
今年,ことし,kotoshi,this year,N5,,General,General
言葉,ことば,kotoba,"word, language",N5,,General,General
子供,こども,kodomo,Child,N5,,General,General
,この,kono,This,N5,,General,General
御飯,ごはん,gohan,"cooked rice, meal",N5,,General,General
,コピーする,コピーsuru,to copy,N5,,General,General
困る,こまる,komaru,to be worried,N5,,General,General
,これ,kore,This,N5,,General,General
今月,こんげつ,kongetsu,this month,N5,,General,General
今週,こんしゅう,konshuu,this week,N5,,General,General
,こんな,konna,Such,N5,,General,General
今晩,こんばん,konban,this evening,N5,,General,General
,さあ,saa,well…,N5,,General,General
財布,さいふ,saifu,Wallet,N5,,General,General
魚,さかな,sakana,Fish,N5,,General,General
先,さき,saki,"the future, previous",N5,,General,General
咲く,さく,saku,to bloom,N5,,General,General
作文,さくぶん,sakubun,"composition, writing",N5,,General,General
差す,さす,sasu,"to stretch out hands, to raise an umbrella",N5,,General,General
雑誌,ざっし,zasshi,Magazine,N5,,General,General
砂糖,さとう,satou,Sugar,N5,,General,General
寒い,さむい,samui,Cold,N5,,General,General
さ来年,さらいねん,sarainen,year after next,N5,,General,General
三,さん,san,Three,N5,,General,General
散歩,さんぽする,sanposuru,to stroll,N5,,General,General
四,し / よん,shi/yon,Four,N5,,General,General
塩,しお,shio,Salt,N5,,General,General
,しかし,shikashi,However,N5,,General,General
時間,じかん,jikan,Time,N5,,General,General
仕事,しごと,shigoto,Job,N5,,General,General
辞書,じしょ,jisho,Dictionary,N5,,General,General
静か,しずか,shizuka,Quiet,N5,,General,General
下,した,shita,Below,N5,,General,General
七,しち / なな,shichi/nana,Seven,N5,,General,General
質問,しつもん,shitsumon,Question,N5,,General,General
自転車,じてんしゃ,jitensha,Bicycle,N5,,General,General
自動車,じどうしゃ,jidousha,Automobile,N5,,General,General
死ぬ,しぬ,shinu,to die,N5,,General,General
字引,じびき,jibiki,Dictionary,N5,,General,General
自分,じぶん,jibun,Oneself,N5,,General,General
閉まる,しまる,shimaru,"to close, to be closed",N5,,General,General
閉める,しめる,shimeru,to close something,N5,,General,General
締める,しめる,shimeru,to tie,N5,,General,General
,じゃ/じゃあ,ja/jaa,well then…,N5,,General,General
写真,しゃしん,shashin,photograph,N5,,General,General
,シャツ,シャツ,Shirt,N5,,General,General
,シャワー,シャワー,Shower,N5,,General,General
十,じゅう とお,juutoo,Ten,N5,,General,General
授業,じゅぎょう,jugyou,"lesson, class work",N5,,General,General
宿題,しゅくだい,shukudai,homework,N5,,General,General
上手,じょうず,jouzu,Skillful,N5,,General,General
丈夫,じょうぶ,joubu,"strong, durable",N5,,General,General
,しょうゆ,shouyu,soy sauce,N5,,General,General
食堂,しょくどう,shokudou,dining hall,N5,,General,General
知る,しる,shiru,to know,N5,,General,General
白,しろ,shiro,White,N5,,General,General
白い,しろい,shiroi,White,N5,,General,General
新聞,しんぶん,shinbun,newspaper,N5,,General,General
水曜日,すいようび,suiyoubi,Wednesday,N5,,General,General
吸う,すう,suu,"to smoke, to suck",N5,,General,General
,スカート,スカート,Skirt,N5,,General,General
好き,すき,suki,Likeable,N5,,General,General
少ない,すくない,sukunai,a few,N5,,General,General
,すぐに,suguni,Instantly,N5,,General,General
少し,すこし,sukoshi,Few,N5,,General,General
涼しい,すずしい,suzushii,Refreshing,N5,,General,General
,ストーブ,ストーブ,Heater,N5,,General,General
,スプーン,スプーン,Spoon,N5,,General,General
,スポーツ,スポーツ,Sport,N5,,General,General
,ズボン,ズボン,Trousers,N5,,General,General
住む,すむ,sumu,to live in,N5,,General,General
,スリッパ,スリッパ,Slippers,N5,,General,General
,する,suru,to do,N5,,General,General
座る,すわる,suwaru,to sit,N5,,General,General
背,せ,se,"height, stature",N5,,General,General
生徒,せいと,seito,Pupil,N5,,General,General
,セーター,セーター,"sweater, jumper",N5,,General,General
,せっけん,sekken,Economy,N5,,General,General
背広,せびろ,sebiro,business suit,N5,,General,General
狭い,せまい,semai,Narrow,N5,,General,General
,ゼロ,ゼロ,Zero,N5,,General,General
千,せん,sen,Thousand,N5,,General,General
先月,せんげつ,sengetsu,last month,N5,,General,General
先週,せんしゅう,senshuu,last week,N5,,General,General
先生,せんせい,sensei,"teacher, doctor",N5,,General,General
洗濯,せんたく,sentaku,Washing,N5,,General,General
全部,ぜんぶ,zenbu,All,N5,,General,General
掃除,そうじする,soujisuru,"to clean, to sweep",N5,,General,General
,そうして/そして,soushite/soshite,And,N5,,General,General
,そこ,soko,that place,N5,,General,General
,そちら,sochira,over there,N5,,General,General
,そっち,socchi,over there,N5,,General,General
外,そと,soto,Outside,N5,,General,General
,その,sono,That,N5,,General,General
,そば,soba,"near, beside",N5,,General,General
空,そら,sora,Sky,N5,,General,General
,それ,sore,that,N5,,General,General
,それから,sorekara,after that,N5,,General,General
,それでは,soredeha,in that situation,N5,,General,General
大学,だいがく,daigaku,university,N5,,General,General
大使館,たいしかん,taishikan,embassy,N5,,General,General
大丈夫,だいじょうぶ,daijoubu,all right,N5,,General,General
大好き,だいすき,daisuki,to be very likeable,N5,,General,General
大切,たいせつ,taisetsu,important,N5,,General,General
台所,だいどころ,daidokoro,kitchen,N5,,General,General
,たいへん,taihen,very,N5,,General,General
高い,たかい,takai,"tall, expensive",N5,,General,General
,たくさん,takusan,many,N5,,General,General
,タクシー,タクシー,taxi,N5,,General,General
出す,だす,dasu,to put out,N5,,General,General
立つ,たつ,tatsu,to stand,N5,,General,General
,たて,tate,"length,height",N5,,General,General
建物,たてもの,tatemono,building,N5,,General,General
楽しい,たのしい,tanoshii,enjoyable,N5,,General,General
頼む,たのむ,tanomu,to ask,N5,,General,General
,たばこ,tabako,"tobacco,cigarettes",N5,,General,General
,たぶん,tabun,probably,N5,,General,General
食べ物,たべもの,tabemono,food,N5,,General,General
食べる,たべる,taberu,to eat,N5,,General,General
卵,たまご,tamago,egg,N5,,General,General
誰,だれ,dare,who,N5,,General,General
誰,だれか,dareka,somebody,N5,,General,General
誕生日,たんじょうび,tanjoubi,birthday,N5,,General,General
,だんだん,dandan,gradually,N5,,General,General
小さい,ちいさい,chiisai,little,N5,,General,General
小さな,ちいさな,chiisana,little,N5,,General,General
近い,ちかい,chikai,near,N5,,General,General
違う,ちがう,chigau,to differ,N5,,General,General
近く,ちかく,chikaku,near,N5,,General,General
地下鉄,ちかてつ,chikatetsu,underground train,N5,,General,General
地図,ちず,chizu,map,N5,,General,General
茶色,ちゃいろ,chairo,brown,N5,,General,General
,ちゃわん,chawan,rice bowl,N5,,General,General
,ちょうど,choudo,exactly,N5,,General,General
,ちょっと,chotto,somewhat,N5,,General,General
一日,ついたち,tsuitachi,first of month,N5,,General,General
使う,つかう,tsukau,to use,N5,,General,General
疲れる,つかれる,tsukareru,to get tired,N5,,General,General
次,つぎ,tsugi,next,N5,,General,General
着く,つく,tsuku,to arrive at,N5,,General,General
机,つくえ,tsukue,desk,N5,,General,General
作る,つくる,tsukuru,to make,N5,,General,General
,つける,tsukeru,to turn on,N5,,General,General
勤める,つとめる,tsutomeru,to work for someone,N5,,General,General
,つまらない,tsumaranai,boring,N5,,General,General
冷たい,つめたい,tsumetai,cold to the touch,N5,,General,General
強い,つよい,tsuyoi,powerful,N5,,General,General
手,て,te,hand,N5,,General,General
,テープ,テープ,tape,N5,,General,General
,テーブル,テーブル,table,N5,,General,General
,テープレコーダー,テープレコーダー,tape recorder,N5,,General,General
出かける,でかける,dekakeru,to go out,N5,,General,General
手紙,てがみ,tegami,letter,N5,,General,General
,できる,dekiru,to be able to,N5,,General,General
出口,でぐち,deguchi,exit,N5,,General,General
,テスト,テスト,test,N5,,General,General
,では,deha,with that...,N5,,General,General
,デパート,デパート,department store,N5,,General,General
,でも,demo,but,N5,,General,General
出る,でる,deru,"to appear,to leave",N5,,General,General
,テレビ,テレビ,television,N5,,General,General
天気,てんき,tenki,weather,N5,,General,General
電気,でんき,denki,"electricity,electric light",N5,,General,General
電車,でんしゃ,densha,electric train,N5,,General,General
電話,でんわ,denwa,telephone,N5,,General,General
戸,と,to,Japanese style door,N5,,General,General
,ドア,ドア,Western style door,N5,,General,General
,トイレ,トイレ,toilet,N5,,General,General
,どう,dou,"how,in what way",N5,,General,General
,どうして,doushite,for what reason,N5,,General,General
,どうぞ,douzo,please,N5,,General,General
動物,どうぶつ,doubutsu,animal,N5,,General,General
,どうも,doumo,thanks,N5,,General,General
遠い,とおい,tooi,far,N5,,General,General
十日,とおか,tooka,"ten days,the tenth day",N5,,General,General
時々,ときどき,tokidoki,sometimes,N5,,General,General
時計,とけい,tokei,"watch,clock",N5,,General,General
,どこ,doko,where,N5,,General,General
所,ところ,tokoro,place,N5,,General,General
年,とし,toshi,year,N5,,General,General
図書館,としょかん,toshokan,library,N5,,General,General
,どちら,dochira,which of two,N5,,General,General
,どっち,docchi,which,N5,,General,General
,とても,totemo,very,N5,,General,General
,どなた,donata,who,N5,,General,General
隣,となり,tonari,next door to,N5,,General,General
,どの,dono,which,N5,,General,General
飛ぶ,とぶ,tobu,"to fly,to hop",N5,,General,General
止まる,とまる,tomaru,to come to a halt,N5,,General,General
友達,ともだち,tomodachi,friend,N5,,General,General
土曜日,どようび,doyoubi,Saturday,N5,,General,General
鳥,とり,tori,bird,N5,,General,General
とり肉,とりにく,toriniku,chicken meat,N5,,General,General
取る,とる,toru,to take something,N5,,General,General
撮る,とる,toru,to take a photo or record a film,N5,,General,General
,どれ,dore,which (of three or more),N5,,General,General
,ナイフ,ナイフ,knife,N5,,General,General
中,なか,naka,middle,N5,,General,General
長い,ながい,nagai,long,N5,,General,General
鳴く,なく,naku,"animal noise. to chirp, roar or croak etc.",N5,,General,General
無くす,なくす,nakusu,to lose something,N5,,General,General
,なぜ,naze,why,N5,,General,General
夏,なつ,natsu,summer,N5,,General,General
夏休み,なつやすみ,natsuyasumi,summer holiday,N5,,General,General
,など,nado,et cetera,N5,,General,General
七つ,ななつ,nanatsu,seven,N5,,General,General
七日,なのか,nanoka,"seven days,the seventh day",N5,,General,General
名前,なまえ,namae,name,N5,,General,General
習う,ならう,narau,to learn,N5,,General,General
並ぶ,ならぶ,narabu,"to line up,to stand in a line",N5,,General,General
並べる,ならべる,naraberu,"to line up,to set up",N5,,General,General
,なる,naru,to become,N5,,General,General
何,なん/なに,nan/nani,what,N5,,General,General
二,に,ni,two,N5,,General,General
賑やか,にぎやか,nigiyaka,"bustling,busy",N5,,General,General
肉,にく,niku,meat,N5,,General,General
西,にし,nishi,west,N5,,General,General
日曜日,にちようび,nichiyoubi,Sunday,N5,,General,General
荷物,にもつ,nimotsu,luggage,N5,,General,General
,ニュース,ニュース,news,N5,,General,General
庭,にわ,niwa,garden,N5,,General,General
脱ぐ,ぬぐ,nugu,to take off clothes,N5,,General,General
温い,ぬるい,nurui,luke warm,N5,,General,General
,ネクタイ,ネクタイ,"tie,necktie",N5,,General,General
猫,ねこ,neko,cat,N5,,General,General
寝る,ねる,neru,"to go to bed,to sleep",N5,,General,General
,ノート,ノート,"notebook,exercise book",N5,,General,General
登る,のぼる,noboru,to climb,N5,,General,General
飲み物,のみもの,nomimono,a drink,N5,,General,General
飲む,のむ,nomu,to drink,N5,,General,General
乗る,のる,noru,"to get on,to ride",N5,,General,General
歯,は,ha,tooth,N5,,General,General
,パーティー,パーティー,party,N5,,General,General
,はい,hai,yes,N5,,General,General
灰皿,はいざら,haizara,ashtray,N5,,General,General
入る,はいる,hairu,"to enter,to contain",N5,,General,General
葉書,はがき,hagaki,postcard,N5,,General,General
,はく,haku,"to wear,to put on trousers",N5,,General,General
箱,はこ,hako,box,N5,,General,General
橋,はし,hashi,bridge,N5,,General,General
,はし,hashi,chopsticks,N5,,General,General
始まる,はじまる,hajimaru,to begin,N5,,General,General
初め/始め,はじめ,hajime,beginning,N5,,General,General
初めて,はじめて,hajimete,for the first time,N5,,General,General
走る,はしる,hashiru,to run,N5,,General,General
,バス,バス,bus,N5,,General,General
,バター,バター,butter,N5,,General,General
二十歳,はたち,hatachi,"20 years old,20th year",N5,,General,General
働く,はたらく,hataraku,to work,N5,,General,General
八,はち,hachi,eight,N5,,General,General
二十日,はつか,hatsuka,"twenty days,twentieth",N5,,General,General
花,はな,hana,flower,N5,,General,General
鼻,はな,hana,nose,N5,,General,General
話,はなし,hanashi,"talk,story",N5,,General,General
話す,はなす,hanasu,to speak,N5,,General,General
早い,はやい,hayai,early,N5,,General,General
速い,はやい,hayai,quick,N5,,General,General
春,はる,haru,spring,N5,,General,General
貼る,はる,haru,to stick,N5,,General,General
晴れ,はれ,hare,clear weather,N5,,General,General
晴れる,はれる,hareru,to be sunny,N5,,General,General
半,はん,han,half,N5,,General,General
晩,ばん,ban,evening,N5,,General,General
,パン,パン,bread,N5,,General,General
,ハンカチ,ハンカチ,handkerchief,N5,,General,General
番号,ばんごう,bangou,number,N5,,General,General
晩御飯,ばんごはん,bangohan,evening meal,N5,,General,General
半分,はんぶん,hanbun,half minute,N5,,General,General
東,ひがし,higashi,east,N5,,General,General
引く,ひく,hiku,to pull,N5,,General,General
弾く,ひく,hiku,"to play an instrument with strings, including piano",N5,,General,General
低い,ひくい,hikui,"short,low",N5,,General,General
飛行機,ひこうき,hikouki,aeroplane,N5,,General,General
左,ひだり,hidari,left hand side,N5,,General,General
人,ひと,hito,person,N5,,General,General
一つ,ひとつ,hitotsu,one,N5,,General,General
一月,ひとつき,hitotsuki,one month,N5,,General,General
一人,ひとり,hitori,one person,N5,,General,General
暇,ひま,hima,free time,N5,,General,General
百,ひゃく,hyaku,hundred,N5,,General,General
病院,びょういん,byouin,hospital,N5,,General,General
病気,びょうき,byouki,illness,N5,,General,General
昼,ひる,hiru,"noon, daytime",N5,,General,General
昼御飯,ひるごはん,hirugohan,midday meal,N5,,General,General
広い,ひろい,hiroi,"spacious,wide",N5,,General,General
,フィルム,フィルム,roll of film,N5,,General,General
封筒,ふうとう,fuutou,envelope,N5,,General,General
,プール,プール,swimming pool,N5,,General,General
,フォーク,フォーク,fork,N5,,General,General
吹く,ふく,fuku,to blow,N5,,General,General
服,ふく,fuku,clothes,N5,,General,General
二つ,ふたつ,futatsu,two,N5,,General,General
豚肉,ぶたにく,butaniku,pork,N5,,General,General
二人,ふたり,futari,two people,N5,,General,General
二日,ふつか,futsuka,"two days, second day of the month",N5,,General,General
太い,ふとい,futoi,fat,N5,,General,General
冬,ふゆ,fuyu,winter,N5,,General,General
降る,ふる,furu,"to fall, e.g. rain or snow",N5,,General,General
古い,ふるい,furui,old (not used for people),N5,,General,General
,ふろ,furo,bath,N5,,General,General
文章,ぶんしょう,bunshou,"sentence,text",N5,,General,General
,ページ,ページ,page,N5,,General,General
下手,へた,heta,unskillful,N5,,General,General
,ベッド,ベッド,bed,N5,,General,General
,ペット,ペット,pet,N5,,General,General
部屋,へや,heya,room,N5,,General,General
辺,へん,hen,area,N5,,General,General
,ペン,ペン,pen,N5,,General,General
勉強,べんきょうする,benkyousuru,to study,N5,,General,General
便利,べんり,benri,"useful, convenient",N5,,General,General
帽子,ぼうし,boushi,hat,N5,,General,General
,ボールペン,ボールペン,ball-point pen,N5,,General,General
,ほか,hoka,"other, the rest",N5,,General,General
,ポケット,ポケット,pocket,N5,,General,General
欲しい,ほしい,hoshii,want,N5,,General,General
,ポスト,ポスト,post,N5,,General,General
細い,ほそい,hosoi,thin,N5,,General,General
,ボタン,ボタン,button,N5,,General,General
,ホテル,ホテル,hotel,N5,,General,General
本,ほん,hon,book,N5,,General,General
本棚,ほんだな,hondana,bookshelves,N5,,General,General
,ほんとう,hontou,truth,N5,,General,General
毎朝,まいあさ,maiasa,every morning,N5,,General,General
毎月,まいげつ/まいつき,maigetsu/maitsuki,every month,N5,,General,General
毎週,まいしゅう,maishuu,every week,N5,,General,General
毎日,まいにち,mainichi,every day,N5,,General,General
毎年,まいねん/まいとし,mainen/maitoshi,every year,N5,,General,General
毎晩,まいばん,maiban,every night,N5,,General,General
前,まえ,mae,before,N5,,General,General
曲る,まがる,magaru,"to turn,to bend",N5,,General,General
,まずい,mazui,unpleasant,N5,,General,General
,また,mata,"again,and",N5,,General,General
,まだ,mada,"yet,still",N5,,General,General
町,まち,machi,"town,city",N5,,General,General
待つ,まつ,matsu,to wait,N5,,General,General
,まっすぐ,massugu,"straight ahead,direct",N5,,General,General
,マッチ,マッチ,match,N5,,General,General
窓,まど,mado,window,N5,,General,General
丸い/円い,まるい,marui,"round,circular",N5,,General,General
万,まん,man,ten thousand,N5,,General,General
万年筆,まんねんひつ,mannenhitsu,fountain pen,N5,,General,General
磨く,みがく,migaku,"to brush teeth, to polish",N5,,General,General
右,みぎ,migi,right side,N5,,General,General
短い,みじかい,mijikai,short,N5,,General,General
水,みず,mizu,water,N5,,General,General
店,みせ,mise,shop,N5,,General,General
見せる,みせる,miseru,to show,N5,,General,General
道,みち,michi,street,N5,,General,General
三日,みっか,mikka,"three days, third day of the month",N5,,General,General
三つ,みっつ,mittsu,three,N5,,General,General
緑,みどり,midori,green,N5,,General,General
皆さん,みなさん,minasan,everyone,N5,,General,General
南,みなみ,minami,south,N5,,General,General
耳,みみ,mimi,ear,N5,,General,General
見る 観る,みる,miru,"to see, to watch",N5,,General,General
,みんな,minna,everyone,N5,,General,General
六日,むいか,muika,"six days, sixth day of the month",N5,,General,General
向こう,むこう,mukou,over there,N5,,General,General
難しい,むずかしい,muzukashii,difficult,N5,,General,General
六つ,むっつ,muttsu,six,N5,,General,General
村,むら,mura,village,N5,,General,General
目,め,me,eye,N5,,General,General
,メートル,メートル,metre,N5,,General,General
眼鏡,めがね,megane,glasses,N5,,General,General
,もう,mou,already,N5,,General,General
もう一度,もういちど,mouichido,again,N5,,General,General
木曜日,もくようび,mokuyoubi,Thursday,N5,,General,General
持つ,もつ,motsu,to hold,N5,,General,General
,もっと,motto,more,N5,,General,General
物,もの,mono,thing,N5,,General,General
門,もん,mon,gate,N5,,General,General
問題,もんだい,mondai,problem,N5,,General,General
八百屋,やおや,yaoya,greengrocer,N5,,General,General
野菜,やさい,yasai,vegetable,N5,,General,General
易しい,やさしい,yasashii,"easy, simple",N5,,General,General
安い,やすい,yasui,cheap,N5,,General,General
休み,やすみ,yasumi,"rest,holiday",N5,,General,General
休む,やすむ,yasumu,to rest,N5,,General,General
八つ,やっつ,yattsu,eight,N5,,General,General
山,やま,yama,mountain,N5,,General,General
,やる,yaru,to do,N5,,General,General
夕方,ゆうがた,yuugata,evening,N5,,General,General
夕飯,ゆうはん,yuuhan,dinner,N5,,General,General
郵便局,ゆうびんきょく,yuubinkyoku,post office,N5,,General,General
昨夜,ゆうべ,yuube,last night,N5,,General,General
有名,ゆうめい,yuumei,famous,N5,,General,General
雪,ゆき,yuki,snow,N5,,General,General
行く,ゆく,yuku,to go,N5,,General,General
,ゆっくりと,yukkurito,slowly,N5,,General,General
八日,ようか,youka,"eight days, eighth day of the month",N5,,General,General
洋服,ようふく,youfuku,western-style clothes,N5,,General,General
,よく,yoku,"often, well",N5,,General,General
横,よこ,yoko,"beside,side,width",N5,,General,General
四日,よっか,yokka,"four days, fouth day of the month",N5,,General,General
四つ,よっつ,yottsu,four,N5,,General,General
呼ぶ,よぶ,yobu,"to call out,to invite",N5,,General,General
読む,よむ,yomu,to read,N5,,General,General
夜,よる,yoru,"evening,night",N5,,General,General
弱い,よわい,yowai,weak,N5,,General,General
来月,らいげつ,raigetsu,next month,N5,,General,General
来週,らいしゅう,raishuu,next week,N5,,General,General
来年,らいねん,rainen,next year,N5,,General,General
,ラジオ,ラジオ,radio,N5,,General,General
,ラジカセ / ラジオカセット,ラジカセ/ラジオカセット,radio cassette player,N5,,General,General
,りっぱ,rippa,splendid,N5,,General,General
留学生,りゅうがくせい,ryuugakusei,overseas student,N5,,General,General
両親,りょうしん,ryoushin,both parents,N5,,General,General
料理,りょうり,ryouri,cuisine,N5,,General,General
旅行,りょこう,ryokou,travel,N5,,General,General
零,れい,rei,zero,N5,,General,General
冷蔵庫,れいぞうこ,reizouko,refrigerator,N5,,General,General
,レコード,レコード,record,N5,,General,General
,レストラン,レストラン,restaurant,N5,,General,General
練習,れんしゅうする,renshuusuru,to practice,N5,,General,General
廊下,ろうか,rouka,corridor,N5,,General,General
六,ろく,roku,six,N5,,General,General
,ワイシャツ,ワイシャツ,business shirt,N5,,General,General
若い,わかい,wakai,young,N5,,General,General
分かる,わかる,wakaru,to be understood,N5,,General,General
忘れる,わすれる,wasureru,to forget,N5,,General,General
私,わたくし,watakushi,"(humble) I,myself",N5,,General,General
私,わたし,watashi,"I,myself",N5,,General,General
渡す,わたす,watasu,to hand over,N5,,General,General
渡る,わたる,wataru,to go across,N5,,General,General
悪い,わるい,warui,bad,N5,,General,General
,より、ほう,yorihou,Used for comparison.,N5,,General,General
,あ,a,Ah,N4,,General,General
,ああ,aa,like that,N4,,General,General
,あいさつ・する,aisatsusuru,to greet,N4,,General,General
間,あいだ,aida,a space,N4,,General,General
合う,あう,au,to match,N4,,General,General
,あかちゃん,akachan,infant,N4,,General,General
上る,あがる,agaru,to rise,N4,,General,General
赤ん坊,あかんぼう,akanbou,baby,N4,,General,General
空く,あく,aku,"to open,  to become empty",N4,,General,General
,アクセサリー,アクセサリー,accessory,N4,,General,General
,あげる,ageru,to give,N4,,General,General
浅い,あさい,asai,"shallow, superficial",N4,,General,General
味,あじ,aji,flavour,N4,,General,General
,アジア,アジア,Asia,N4,,General,General
明日,あす,asu,tomorrow,N4,,General,General
遊び,あそび,asobi,play,N4,,General,General
集る,あつまる,atsumaru,to gather,N4,,General,General
集める,あつめる,atsumeru,to collect something,N4,,General,General
,アナウンサー,アナウンサー,announcer,N4,,General,General
,アフリカ,アフリカ,Africa,N4,,General,General
,アメリカ,アメリカ,America,N4,,General,General
謝る,あやまる,ayamaru,to apologize,N4,,General,General
,アルコール,アルコール,alcohol,N4,,General,General
,アルバイト,アルバイト,part-time job,N4,,General,General
安心,あんしん,anshin,relief,N4,,General,General
安全,あんぜん,anzen,safety,N4,,General,General
,あんな,anna,such,N4,,General,General
案内,あんない・する,annaisuru,to guide,N4,,General,General
以下,いか,ika,less than,N4,,General,General
以外,いがい,igai,with the exception of,N4,,General,General
医学,いがく,igaku,medical science,N4,,General,General
生きる,いきる,ikiru,to live,N4,,General,General
意見,いけん,iken,opinion,N4,,General,General
石,いし,ishi,stone,N4,,General,General
,いじめる,ijimeru,to tease,N4,,General,General
以上,いじょう,ijou,"more than, this is all",N4,,General,General
急ぐ,いそぐ,isogu,to hurry,N4,,General,General
致す,いたす,itasu,(humble) to do,N4,,General,General
,いただく,itadaku,(humble) to receive,N4,,General,General
一度,いちど,ichido,once,N4,,General,General
一生懸命,いっしょうけんめい,isshoukenmei,with utmost effort,N4,,General,General
,いっぱい,ippai,full,N4,,General,General
糸,いと,ito,thread,N4,,General,General
以内,いない,inai,within,N4,,General,General
田舎,いなか,inaka,countryside,N4,,General,General
祈る,いのる,inoru,to pray,N4,,General,General
,いらっしゃる,irassharu,"(respectful) to be, to come or to go",N4,,General,General
植える,うえる,ueru,"to plant, to grow",N4,,General,General
,うかがう,ukagau,to visit,N4,,General,General
受付,うけつけ,uketsuke,receipt,N4,,General,General
受ける,うける,ukeru,to take a lesson or test,N4,,General,General
動く,うごく,ugoku,to move,N4,,General,General
,うそ,uso,a lie,N4,,General,General
,うち,uchi,within,N4,,General,General
打つ,うつ,utsu,to hit,N4,,General,General
美しい,うつくしい,utsukushii,beautiful,N4,,General,General
写す,うつす,utsusu,to copy or photograph,N4,,General,General
移る,うつる,utsuru,to move house or transfer,N4,,General,General
腕,うで,ude,arm,N4,,General,General
,うまい,umai,delicious,N4,,General,General
裏,うら,ura,reverse side,N4,,General,General
売り場,うりば,uriba,place where things are sold,N4,,General,General
,うれしい,ureshii,glad,N4,,General,General
,うん,un,(informal) yes,N4,,General,General
運転,うんてん・する,untensuru,to drive,N4,,General,General
運転手,うんてんしゅ,untenshu,driver,N4,,General,General
運動,うんどう・する,undousuru,to exercise,N4,,General,General
,エスカレーター,エスカレーター,escalator,N4,,General,General
枝,えだ,eda,"branch,  twig",N4,,General,General
選ぶ,えらぶ,erabu,to choose,N4,,General,General
遠慮,えんりょ・する,enryosuru,"to be reserved,  to be restrained",N4,,General,General
,おいでになる,oideninaru,(respectful) to be,N4,,General,General
お祝い,おいわい,oiwai,congratulation,N4,,General,General
,オートバイ,オートバイ,motorcycle,N4,,General,General
,おかげ,okage,owing to,N4,,General,General
,おかしい,okashii,strange or funny,N4,,General,General
億,おく,oku,one hundred million,N4,,General,General
屋上,おくじょう,okujou,rooftop,N4,,General,General
贈り物,おくりもの,okurimono,gift,N4,,General,General
送る,おくる,okuru,to send,N4,,General,General
遅れる,おくれる,okureru,to be late,N4,,General,General
起す,おこす,okosu,to wake,N4,,General,General
行う,おこなう,okonau,to do,N4,,General,General
怒る,おこる,okoru,"to get angry, to be angry",N4,,General,General
押し入れ,おしいれ,oshiire,closet,N4,,General,General
お嬢さん,おじょうさん,ojousan,young lady,N4,,General,General
お宅,おたく,otaku,(polite) your house,N4,,General,General
落る,おちる,ochiru,to fall or drop,N4,,General,General
,おっしゃる,ossharu,(respectful) to say,N4,,General,General
夫,おっと,otto,husband,N4,,General,General
,おつり,otsuri,"change from purchase,  balance",N4,,General,General
音,おと,oto,"sound, note",N4,,General,General
落す,おとす,otosu,to drop,N4,,General,General
踊り,おどり,odori,a dance,N4,,General,General
踊る,おどる,odoru,to dance,N4,,General,General
驚く,おどろく,odoroku,to be surprised,N4,,General,General
お祭り,おまつり,omatsuri,festival,N4,,General,General
お見舞い,おみまい,omimai,"calling on someone who is ill, enquiry",N4,,General,General
お土産,おみやげ,omiyage,souvenir,N4,,General,General
思い出す,おもいだす,omoidasu,to remember,N4,,General,General
思う,おもう,omou,"to think, to feel",N4,,General,General
,おもちゃ,omocha,toy,N4,,General,General
表,おもて,omote,the front,N4,,General,General
親,おや,oya,parents,N4,,General,General
下りる,おりる,oriru,to get off,N4,,General,General
折る,おる,oru,to break or to fold,N4,,General,General
お礼,おれい,orei,expression of gratitude,N4,,General,General
折れる,おれる,oreru,to break or be folded,N4,,General,General
終わり,おわり,owari,the end,N4,,General,General
,カーテン,カーテン,curtain,N4,,General,General
海岸,かいがん,kaigan,coast,N4,,General,General
会議,かいぎ,kaigi,meeting,N4,,General,General
会議室,かいぎしつ,kaigishitsu,meeting room,N4,,General,General
会場,かいじょう,kaijou,assembly hall or meeting place,N4,,General,General
会話,かいわ,kaiwa,conversation,N4,,General,General
帰り,かえり,kaeri,return,N4,,General,General
変える,かえる,kaeru,to change,N4,,General,General
科学,かがく,kagaku,science,N4,,General,General
鏡,かがみ,kagami,mirror,N4,,General,General
掛ける,かける,kakeru,to hang something,N4,,General,General
飾る,かざる,kazaru,to decorate,N4,,General,General
火事,かじ,kaji,fire,N4,,General,General
,ガス,ガス,petrol,N4,,General,General
,ガソリン,ガソリン,petrol,N4,,General,General
,ガソリンスタンド,ガソリンスタンド,petrol station,N4,,General,General
堅/硬/固い,かたい,katai,hard,N4,,General,General
形,かたち,katachi,shape,N4,,General,General
片付ける,かたづける,katazukeru,to tidy up,N4,,General,General
課長,かちょう,kachou,section manager,N4,,General,General
勝つ,かつ,katsu,to win,N4,,General,General
,かっこう,kakkou,appearance,N4,,General,General
家内,かない,kanai,housewife,N4,,General,General
悲しい,かなしい,kanashii,sad,N4,,General,General
必ず,かならず,kanarazu,"certainly, necessarily",N4,,General,General
お・金持ち,かねもち/おかねもち,kanemochi/okanemochi,rich man,N4,,General,General
彼女,かのじょ,kanojo,"she, girlfriend",N4,,General,General
壁,かべ,kabe,wall,N4,,General,General
,かまう,kamau,to mind,N4,,General,General
髪,かみ,kami,hair,N4,,General,General
噛む,かむ,kamu,"to bite, to chew",N4,,General,General
通う,かよう,kayou,to commute,N4,,General,General
,ガラス,ガラス,a glass pane,N4,,General,General
彼,かれ,kare,"he, boyfriend",N4,,General,General
彼ら,かれら,karera,they,N4,,General,General
乾く,かわく,kawaku,to get dry,N4,,General,General
代わり,かわり,kawari,"substitute, alternate",N4,,General,General
変わる,かわる,kawaru,to change,N4,,General,General
考える,かんがえる,kangaeru,to consider,N4,,General,General
関係,かんけい,kankei,relationship,N4,,General,General
看護婦,かんごふ,kangofu,female nurse,N4,,General,General
簡単,かんたん,kantan,simple,N4,,General,General
気,き,ki,"spirit, mood",N4,,General,General
機会,きかい,kikai,opportunity,N4,,General,General
危険,きけん,kiken,danger,N4,,General,General
聞こえる,きこえる,kikoeru,to be heard,N4,,General,General
汽車,きしゃ,kisha,steam train,N4,,General,General
技術,ぎじゅつ,gijutsu,"art, technology, skill",N4,,General,General
季節,きせつ,kisetsu,season,N4,,General,General
規則,きそく,kisoku,regulations,N4,,General,General
,きっと,kitto,surely,N4,,General,General
絹,きぬ,kinu,silk,N4,,General,General
厳しい,きびしい,kibishii,strict,N4,,General,General
気分,きぶん,kibun,mood,N4,,General,General
決る,きまる,kimaru,to be decided,N4,,General,General
君,きみ,kimi,(informal) You (used by men towards women),N4,,General,General
決める,きめる,kimeru,to decide,N4,,General,General
気持ち,きもち,kimochi,"feeling, mood",N4,,General,General
着物,きもの,kimono,kimono,N4,,General,General
客,きゃく,kyaku,"guest, customer",N4,,General,General
急,きゅう,kyuu,"urgent,  steep",N4,,General,General
急行,きゅうこう,kyuukou,"speedy,  express",N4,,General,General
教育,きょういく,kyouiku,education,N4,,General,General
教会,きょうかい,kyoukai,church,N4,,General,General
競争,きょうそう,kyousou,competition,N4,,General,General
興味,きょうみ,kyoumi,an interest,N4,,General,General
近所,きんじょ,kinjo,neighbourhood,N4,,General,General
具合,ぐあい,guai,"condition, health",N4,,General,General
空気,くうき,kuuki,"air, atmosphere",N4,,General,General
空港,くうこう,kuukou,airport,N4,,General,General
草,くさ,kusa,grass,N4,,General,General
,くださる,kudasaru,(respectful) to give,N4,,General,General
首,くび,kubi,neck,N4,,General,General
雲,くも,kumo,cloud,N4,,General,General
比べる,くらべる,kuraberu,to compare,N4,,General,General
,くれる,kureru,to give,N4,,General,General
暮れる,くれる,kureru,"to get dark, to come to an end",N4,,General,General
君,くん,kun,suffix for familiar young male,N4,,General,General
毛,け,ke,hair or fur,N4,,General,General
計画,けいかく・する,keikakusuru,to plan,N4,,General,General
経験,けいけん・する,keikensuru,to experience,N4,,General,General
経済,けいざい,keizai,"finance, economy",N4,,General,General
警察,けいさつ,keisatsu,police,N4,,General,General
,ケーキ,ケーキ,cake,N4,,General,General
,けが・する,kegasuru,to injure,N4,,General,General
景色,けしき,keshiki,"scene, landscape",N4,,General,General
消しゴム,けしゴム,keshiゴム,eraser,N4,,General,General
下宿,げしゅく,geshuku,lodging,N4,,General,General
決して,けっして,kesshite,never,N4,,General,General
,けれど/けれども,keredo/keredomo,however,N4,,General,General
原因,げんいん,genin,"cause, source",N4,,General,General
,けんか・する,kenkasuru,to quarrel,N4,,General,General
研究,けんきゅう,kenkyuu,research,N4,,General,General
研究室,けんきゅうしつ,kenkyuushitsu,"study room, laboratory",N4,,General,General
見物,けんぶつ,kenbutsu,sightseeing,N4,,General,General
子,こ,ko,child,N4,,General,General
,こう,kou,this way,N4,,General,General
郊外,こうがい,kougai,outskirts,N4,,General,General
講義,こうぎ,kougi,lecture,N4,,General,General
工業,こうぎょう,kougyou,the manufacturing industry,N4,,General,General
高校,こうこう,koukou,high school,N4,,General,General
高校生,こうこうせい,koukousei,high school student,N4,,General,General
工場,こうじょう,koujou,factory,N4,,General,General
校長,こうちょう,kouchou,headmaster,N4,,General,General
交通,こうつう,koutsuu,"traffic, transportation",N4,,General,General
講堂,こうどう,koudou,auditorium,N4,,General,General
高等学校,こうとうがっこう,koutougakkou,high school,N4,,General,General
公務員,こうむいん,koumuin,government worker,N4,,General,General
国際,こくさい,kokusai,international,N4,,General,General
心,こころ,kokoro,"core, heart",N4,,General,General
御主人,ごしゅじん,goshujin,(honorable) your husband,N4,,General,General
故障,こしょう・する,koshousuru,to break-down,N4,,General,General
ご存じ,ごぞんじ,gozonji,"knowing, acquaintance",N4,,General,General
答,こたえ,kotae,response,N4,,General,General
,ごちそう,gochisou,a feast,N4,,General,General
,こと,koto,"thing, matter",N4,,General,General
小鳥,ことり,kotori,small bird,N4,,General,General
,このあいだ,konoaida,"the other day, recently",N4,,General,General
,このごろ,konogoro,"these days, nowadays",N4,,General,General
細かい,こまかい,komakai,"small,  fine",N4,,General,General
,ごみ,gomi,rubbish,N4,,General,General
込む,こむ,komu,to be crowded,N4,,General,General
米,こめ,kome,uncooked rice,N4,,General,General
,ごらんになる,goranninaru,(respectful) to see,N4,,General,General
,これから,korekara,after this,N4,,General,General
怖い,こわい,kowai,frightening,N4,,General,General
壊す,こわす,kowasu,to break,N4,,General,General
壊れる,こわれる,kowareru,to be broken,N4,,General,General
,コンサート,コンサート,concert,N4,,General,General
今度,こんど,kondo,"now, next time",N4,,General,General
,コンピュータ/コンピューター,コンピュータ/コンピューター,computer,N4,,General,General
今夜,こんや,konya,tonight,N4,,General,General
最近,さいきん,saikin,"latest, nowadays",N4,,General,General
最後,さいご,saigo,"last, end",N4,,General,General
最初,さいしょ,saisho,"beginning, first",N4,,General,General
坂,さか,saka,"slope, hill",N4,,General,General
探す,さがす,sagasu,to look for,N4,,General,General
下る,さがる,sagaru,"to get down, to descend",N4,,General,General
盛ん,さかん,sakan,"popularity, prosperous",N4,,General,General
下げる,さげる,sageru,"to hang, to lower, to move back",N4,,General,General
差し上げる,さしあげる,sashiageru,(polite) to give,N4,,General,General
,さっき,sakki,some time ago,N4,,General,General
寂しい,さびしい,sabishii,lonely,N4,,General,General
さ来月,さらいげつ,saraigetsu,the month after next,N4,,General,General
さ来週,さらいしゅう,saraishuu,the week after next,N4,,General,General
,サラダ,サラダ,salad,N4,,General,General
騒ぐ,さわぐ,sawagu,"to make noise, to be excited",N4,,General,General
触る,さわる,sawaru,to touch,N4,,General,General
産業,さんぎょう,sangyou,industry,N4,,General,General
,サンダル,サンダル,sandal,N4,,General,General
,サンドイッチ,サンドイッチ,sandwich,N4,,General,General
残念,ざんねん,zannen,disappointment,N4,,General,General
市,し,shi,city,N4,,General,General
字,じ,ji,character,N4,,General,General
試合,しあい,shiai,"match, game",N4,,General,General
仕方,しかた,shikata,method,N4,,General,General
,しかる,shikaru,a particular,N4,,General,General
試験,しけん,shiken,examination,N4,,General,General
事故,じこ,jiko,accident,N4,,General,General
地震,じしん,jishin,earthquake,N4,,General,General
時代,じだい,jidai,era,N4,,General,General
下着,したぎ,shitagi,underwear,N4,,General,General
支度,したく・する,shitakusuru,to prepare,N4,,General,General
,しっかり,shikkari,"firmly, steadily",N4,,General,General
失敗,しっぱい,shippai,"failure, mistake",N4,,General,General
辞典,じてん,jiten,dictionary,N4,,General,General
品物,しなもの,shinamono,goods,N4,,General,General
,しばらく,shibaraku,little while,N4,,General,General
島,しま,shima,island,N4,,General,General
市民,しみん,shimin,citizen,N4,,General,General
事務所,じむしょ,jimusho,office,N4,,General,General
社会,しゃかい,shakai,"society, public",N4,,General,General
社長,しゃちょう,shachou,company president,N4,,General,General
,じゃま,jama,"hindrance, intrusion",N4,,General,General
,ジャム,ジャム,jam,N4,,General,General
自由,じゆう,jiyuu,freedom,N4,,General,General
習慣,しゅうかん,shuukan,"custom, manners",N4,,General,General
住所,じゅうしょ,juusho,"an address, a residence",N4,,General,General
柔道,じゅうどう,juudou,judo,N4,,General,General
十分,じゅうぶん,juubun,enough,N4,,General,General
出席,しゅっせき・する,shussekisuru,to attend,N4,,General,General
出発,しゅっぱつ・する,shuppatsusuru,to depart,N4,,General,General
趣味,しゅみ,shumi,hobby,N4,,General,General
準備,じゅんび・する,junbisuru,to prepare,N4,,General,General
紹介,しょうかい,shoukai,introduction,N4,,General,General
小学校,しょうがっこう,shougakkou,elementary school,N4,,General,General
小説,しょうせつ,shousetsu,novel,N4,,General,General
招待,しょうたい・する,shoutaisuru,to invite,N4,,General,General
承知,しょうち・する,shouchisuru,to consent,N4,,General,General
将来,しょうらい,shourai,"future, prospects",N4,,General,General
食事,しょくじ・する,shokujisuru,to have a meal,N4,,General,General
食料品,しょくりょうひん,shokuryouhin,groceries,N4,,General,General
女性,じょせい,josei,woman,N4,,General,General
知らせる,しらせる,shiraseru,to notify,N4,,General,General
調べる,しらべる,shiraberu,to investigate,N4,,General,General
人口,じんこう,jinkou,population,N4,,General,General
神社,じんじゃ,jinja,Shinto shrine,N4,,General,General
親切,しんせつ,shinsetsu,kindness,N4,,General,General
心配,しんぱい・する,shinpaisuru,to worry,N4,,General,General
新聞社,しんぶんしゃ,shinbunsha,newspaper company,N4,,General,General
水泳,すいえい,suiei,swimming,N4,,General,General
水道,すいどう,suidou,water supply,N4,,General,General
,ずいぶん,zuibun,extremely,N4,,General,General
数学,すうがく,suugaku,"mathematics, arithmetic",N4,,General,General
,スーツ,スーツ,suit,N4,,General,General
,スーツケース,スーツケース,suitcase,N4,,General,General
過ぎる,すぎる,sugiru,to exceed,N4,,General,General
,すく,suku,to become empty,N4,,General,General
,スクリーン,スクリーン,screen,N4,,General,General
凄い,すごい,sugoi,terrific,N4,,General,General
進む,すすむ,susumu,to make progress,N4,,General,General
,すっかり,sukkari,completely,N4,,General,General
,すっと,sutto,"straight, all of a sudden",N4,,General,General
,ステーキ,ステーキ,steak,N4,,General,General
捨てる,すてる,suteru,to throw away,N4,,General,General
,ステレオ,ステレオ,stereo,N4,,General,General
砂,すな,suna,sand,N4,,General,General
,すばらしい,subarashii,wonderful,N4,,General,General
滑る,すべる,suberu,"to slide, to slip",N4,,General,General
隅,すみ,sumi,"corner, nook",N4,,General,General
済む,すむ,sumu,to finish,N4,,General,General
,すり,suri,pickpocket,N4,,General,General
,すると,suruto,then,N4,,General,General
生活,せいかつ・する,seikatsusuru,to live,N4,,General,General
生産,せいさん・する,seisansuru,to produce,N4,,General,General
政治,せいじ,seiji,"politics, government",N4,,General,General
西洋,せいよう,seiyou,western countries,N4,,General,General
世界,せかい,sekai,the world,N4,,General,General
席,せき,seki,seat,N4,,General,General
説明,せつめい,setsumei,explanation,N4,,General,General
背中,せなか,senaka,back of the body,N4,,General,General
,ぜひ,zehi,without fail,N4,,General,General
世話,せわ・する,sewasuru,to look after,N4,,General,General
線,せん,sen,line,N4,,General,General
,ぜんぜん,zenzen,not entirely (used in a negative sentence),N4,,General,General
戦争,せんそう,sensou,war,N4,,General,General
先輩,せんぱい,senpai,senior,N4,,General,General
,そう,sou,really,N4,,General,General
相談,そうだん・する,soudansuru,to discuss,N4,,General,General
育てる,そだてる,sodateru,"to rear, to bring up",N4,,General,General
卒業,そつぎょう,sotsugyou,graduation,N4,,General,General
祖父,そふ,sofu,grandfather,N4,,General,General
,ソフト,ソフト,soft,N4,,General,General
祖母,そぼ,sobo,grandmother,N4,,General,General
,それで,sorede,because of that,N4,,General,General
,それに,soreni,moreover,N4,,General,General
,それほど,sorehodo,to that extent,N4,,General,General
,そろそろ,sorosoro,"gradually, soon",N4,,General,General
,そんな,sonna,that sort of,N4,,General,General
,そんなに,sonnani,"so much, like that",N4,,General,General
退院,たいいん・する,taiinsuru,to leave hospital,N4,,General,General
大学生,だいがくせい,daigakusei,university student,N4,,General,General
大事,だいじ,daiji,"important, valuable, serious matter",N4,,General,General
大体,だいたい,daitai,generally,N4,,General,General
,たいてい,taitei,usually,N4,,General,General
,タイプ,タイプ,"type, style",N4,,General,General
大分,だいぶ,daibu,greatly,N4,,General,General
台風,たいふう,taifuu,typhoon,N4,,General,General
倒れる,たおれる,taoreru,to break down,N4,,General,General
,だから,dakara,"so, therefore",N4,,General,General
確か,たしか,tashika,definite,N4,,General,General
足す,たす,tasu,to add a number,N4,,General,General
訪ねる,たずねる,tazuneru,to visit,N4,,General,General
尋ねる,たずねる,tazuneru,to ask,N4,,General,General
正しい,ただしい,tadashii,correct,N4,,General,General
畳,たたみ,tatami,Japanese straw mat,N4,,General,General
立てる,たてる,tateru,to stand something up,N4,,General,General
建てる,たてる,tateru,to build,N4,,General,General
例えば,たとえば,tatoeba,for example,N4,,General,General
棚,たな,tana,shelves,N4,,General,General
楽しみ,たのしみ,tanoshimi,joy,N4,,General,General
楽む,たのしむ,tanoshimu,to enjoy oneself,N4,,General,General
,たまに,tamani,occasionally,N4,,General,General
為,ため,tame,in order to,N4,,General,General
,だめ,dame,no good,N4,,General,General
足りる,たりる,tariru,to be enough,N4,,General,General
男性,だんせい,dansei,male,N4,,General,General
暖房,だんぼう,danbou,heating,N4,,General,General
血,ち,chi,blood,N4,,General,General
,チェック・する,チェックsuru,to check,N4,,General,General
力,ちから,chikara,"strength, power",N4,,General,General
,ちっとも,chittomo,not at all (used with a negative verb),N4,,General,General
,ちゃん,chan,suffix for familiar female person,N4,,General,General
注意,ちゅうい,chuui,caution,N4,,General,General
中学校,ちゅうがっこう,chuugakkou,"junior high school, middle school",N4,,General,General
注射,ちゅうしゃ,chuusha,injection,N4,,General,General
駐車場,ちゅうしゃじょう,chuushajou,parking lot,N4,,General,General
地理,ちり,chiri,geography,N4,,General,General
捕まえる,つかまえる,tsukamaeru,to seize,N4,,General,General
,つき,tsuki,moon,N4,,General,General
付く,つく,tsuku,to be attached,N4,,General,General
漬ける,つける,tsukeru,"to soak, to pickle",N4,,General,General
都合,つごう,tsugou,"circumstances, convenience",N4,,General,General
伝える,つたえる,tsutaeru,to report,N4,,General,General
続く,つづく,tsuzuku,to be continued,N4,,General,General
続ける,つづける,tsuzukeru,to continue,N4,,General,General
包む,つつむ,tsutsumu,to wrap,N4,,General,General
妻,つま,tsuma,(humble) wife,N4,,General,General
,つもり,tsumori,intention,N4,,General,General
釣る,つる,tsuru,to fish,N4,,General,General
連れる,つれる,tsureru,to lead,N4,,General,General
丁寧,ていねい,teinei,polite,N4,,General,General
,テキスト,テキスト,"text, text book",N4,,General,General
適当,てきとう,tekitou,suitability,N4,,General,General
,できるだけ,dekirudake,as much as possible,N4,,General,General
手伝う,てつだう,tetsudau,to assist,N4,,General,General
,テニス,テニス,tennis,N4,,General,General
手袋,てぶくろ,tebukuro,glove,N4,,General,General
寺,てら,tera,temple,N4,,General,General
点,てん,ten,"point, dot",N4,,General,General
店員,てんいん,tenin,shop assistant,N4,,General,General
天気予報,てんきよほう,tenkiyohou,weather forecast,N4,,General,General
電灯,でんとう,dentou,electric light,N4,,General,General
電報,でんぽう,denpou,telegram,N4,,General,General
展覧会,てんらんかい,tenrankai,exhibition,N4,,General,General
都,と,to,metropolitan,N4,,General,General
道具,どうぐ,dougu,"tool, means",N4,,General,General
,とうとう,toutou,"finally,  after all",N4,,General,General
動物園,どうぶつえん,doubutsuen,zoo,N4,,General,General
遠く,とおく,tooku,distant,N4,,General,General
通る,とおる,tooru,to go through,N4,,General,General
特に,とくに,tokuni,"particularly, especially",N4,,General,General
特別,とくべつ,tokubetsu,special,N4,,General,General
,とこや,tokoya,barber,N4,,General,General
途中,とちゅう,tochuu,on the way,N4,,General,General
特急,とっきゅう,tokkyuu,limited express train (faster than an express train),N4,,General,General
届ける,とどける,todokeru,to reach,N4,,General,General
泊まる,とまる,tomaru,to lodge at,N4,,General,General
止める,とめる,tomeru,to stop something,N4,,General,General
取り替える,とりかえる,torikaeru,to exchange,N4,,General,General
泥棒,どろぼう,dorobou,thief,N4,,General,General
,どんどん,dondon,more and more,N4,,General,General
直す,なおす,naosu,"to fix, to repair",N4,,General,General
直る,なおる,naoru,"to be fixed, to be repaired",N4,,General,General
治る,なおる,naoru,"to be cured, to heal",N4,,General,General
中々,なかなか,nakanaka,considerably,N4,,General,General
泣く,なく,naku,to weep,N4,,General,General
無くなる,なくなる,nakunaru,"to disappear, to get lost",N4,,General,General
亡くなる,なくなる,nakunaru,to die,N4,,General,General
投げる,なげる,nageru,to throw or cast away,N4,,General,General
,なさる,nasaru,(respectful) to do,N4,,General,General
鳴る,なる,naru,to sound,N4,,General,General
,なるべく,narubeku,as much as possible,N4,,General,General
,なるほど,naruhodo,now I understand,N4,,General,General
慣れる,なれる,nareru,to grow accustomed to,N4,,General,General
,におい,nioi,a smell,N4,,General,General
苦い,にがい,nigai,bitter,N4,,General,General
二階建て,にかいだて,nikaidate,two storied,N4,,General,General
逃げる,にげる,nigeru,to escape,N4,,General,General
日記,にっき,nikki,journal,N4,,General,General
入院,にゅういん・する,nyuuinsuru,to hospitalise,N4,,General,General
入学,にゅうがく・する,nyuugakusuru,to enter school or university,N4,,General,General
似る,にる,niru,to be similar,N4,,General,General
人形,にんぎょう,ningyou,"doll,  figure",N4,,General,General
盗む,ぬすむ,nusumu,to steal,N4,,General,General
塗る,ぬる,nuru,"to paint, to plaster",N4,,General,General
,ぬれる,nureru,to get wet,N4,,General,General
,ねだん,nedan,price,N4,,General,General
熱,ねつ,netsu,fever,N4,,General,General
,ねっしん,nesshin,enthusiasm,N4,,General,General
寝坊,ねぼう,nebou,sleeping in late,N4,,General,General
眠い,ねむい,nemui,sleepy,N4,,General,General
眠る,ねむる,nemuru,to sleep,N4,,General,General
残る,のこる,nokoru,to remain,N4,,General,General
,のど,nodo,throat,N4,,General,General
乗り換える,のりかえる,norikaeru,to change between buses or trains,N4,,General,General
乗り物,のりもの,norimono,vehicle,N4,,General,General
葉,は,ha,leaf,N4,,General,General
場合,ばあい,baai,situation,N4,,General,General
,パート,パート,part time,N4,,General,General
倍,ばい,bai,double,N4,,General,General
拝見,はいけん・する,haikensuru,(humble) to look at,N4,,General,General
歯医者,はいしゃ,haisha,dentist,N4,,General,General
運ぶ,はこぶ,hakobu,to transport,N4,,General,General
始める,はじめる,hajimeru,to begin,N4,,General,General
場所,ばしょ,basho,location,N4,,General,General
,はず,hazu,it should be so,N4,,General,General
恥ずかしい,はずかしい,hazukashii,embarrassed,N4,,General,General
,パソコン,パソコン,personal computer,N4,,General,General
発音,はつおん,hatsuon,pronunciation,N4,,General,General
,はっきり,hakkiri,clearly,N4,,General,General
花見,はなみ,hanami,cherry-blossom viewing,N4,,General,General
林,はやし,hayashi,"woods, forester",N4,,General,General
払う,はらう,harau,to pay,N4,,General,General
番組,ばんぐみ,bangumi,television or radio program,N4,,General,General
反対,はんたい,hantai,opposition,N4,,General,General
,ハンドバッグ,ハンドバッグ,handbag,N4,,General,General
日,ひ,hi,"day,  sun",N4,,General,General
火,ひ,hi,fire,N4,,General,General
,ピアノ,ピアノ,piano,N4,,General,General
冷える,ひえる,hieru,to grow cold,N4,,General,General
光,ひかり,hikari,light,N4,,General,General
光る,ひかる,hikaru,"to shine, to glitter",N4,,General,General
引き出し,ひきだし,hikidashi,"drawer, drawing out",N4,,General,General
引き出す,ひきだす,hikidasu,to withdraw,N4,,General,General
,ひげ,hige,beard,N4,,General,General
飛行場,ひこうじょう,hikoujou,airport,N4,,General,General
久しぶり,ひさしぶり,hisashiburi,after a long time,N4,,General,General
美術館,びじゅつかん,bijutsukan,art gallery,N4,,General,General
非常に,ひじょうに,hijouni,extremely,N4,,General,General
,びっくり・する,bikkurisuru,to be surprised,N4,,General,General
引っ越す,ひっこす,hikkosu,to move house,N4,,General,General
必要,ひつよう,hitsuyou,necessary,N4,,General,General
,ひどい,hidoi,awful,N4,,General,General
開く,ひらく,hiraku,to open an event,N4,,General,General
,ビル,ビル,building or bill,N4,,General,General
昼間,ひるま,hiruma,"daytime, during the day",N4,,General,General
昼休み,ひるやすみ,hiruyasumi,noon break,N4,,General,General
拾う,ひろう,hirou,"to pick up, to gather",N4,,General,General
,ファックス,ファックス,fax,N4,,General,General
増える,ふえる,fueru,to increase,N4,,General,General
深い,ふかい,fukai,deep,N4,,General,General
複雑,ふくざつ,fukuzatsu,"complexity, complication",N4,,General,General
復習,ふくしゅう,fukushuu,revision,N4,,General,General
部長,ぶちょう,buchou,head of a section,N4,,General,General
普通,ふつう,futsuu,"usually,  or a train that stops at every station",N4,,General,General
,ぶどう,budou,grapes,N4,,General,General
太る,ふとる,futoru,to become fat,N4,,General,General
布団,ふとん,futon,"Japanese bedding,  futon",N4,,General,General
舟,ふね,fune,ship,N4,,General,General
不便,ふべん,fuben,inconvenience,N4,,General,General
踏む,ふむ,fumu,to step on,N4,,General,General
降り出す,ふりだす,furidasu,to start to rain,N4,,General,General
,プレゼント,プレゼント,present,N4,,General,General
文化,ぶんか,bunka,culture,N4,,General,General
文学,ぶんがく,bungaku,literature,N4,,General,General
文法,ぶんぽう,bunpou,grammar,N4,,General,General
別,べつ,betsu,different,N4,,General,General
,ベル,ベル,bell,N4,,General,General
変,へん,hen,strange,N4,,General,General
返事,へんじ,henji,reply,N4,,General,General
貿易,ぼうえき,boueki,trade,N4,,General,General
放送,ほうそう・する,housousuru,to broadcast,N4,,General,General
法律,ほうりつ,houritsu,law,N4,,General,General
僕,ぼく,boku,I (used by males),N4,,General,General
星,ほし,hoshi,star,N4,,General,General
,ほど,hodo,extent,N4,,General,General
,ほとんど,hotondo,mostly,N4,,General,General
,ほめる,homeru,to praise,N4,,General,General
翻訳,ほんやく,honyaku,translation,N4,,General,General
参る,まいる,mairu,"(humble) to go, to come",N4,,General,General
負ける,まける,makeru,to lose,N4,,General,General
,まじめ,majime,serious,N4,,General,General
,まず,mazu,first of all,N4,,General,General
,または,mataha,"or, otherwise",N4,,General,General
間違える,まちがえる,machigaeru,to make a mistake,N4,,General,General
間に合う,まにあう,maniau,to be in time for,N4,,General,General
周り,まわり,mawari,surroundings,N4,,General,General
回る,まわる,mawaru,to go around,N4,,General,General
漫画,まんが,manga,comic,N4,,General,General
真中,まんなか,mannaka,middle,N4,,General,General
見える,みえる,mieru,to be in sight,N4,,General,General
湖,みずうみ,mizuumi,lake,N4,,General,General
味噌,みそ,miso,bean paste,N4,,General,General
見つかる,みつかる,mitsukaru,to be discovered,N4,,General,General
見つける,みつける,mitsukeru,to discover,N4,,General,General
皆,みな,mina,everybody,N4,,General,General
港,みなと,minato,harbour,N4,,General,General
向かう,むかう,mukau,to face,N4,,General,General
迎える,むかえる,mukaeru,to go out to meet,N4,,General,General
昔,むかし,mukashi,"olden days,  former",N4,,General,General
虫,むし,mushi,insect,N4,,General,General
息子,むすこ,musuko,(humble) son,N4,,General,General
娘,むすめ,musume,(humble) daughter,N4,,General,General
無理,むり,muri,impossible,N4,,General,General
召し上がる,めしあがる,meshiagaru,(polite) to eat,N4,,General,General
珍しい,めずらしい,mezurashii,rare,N4,,General,General
申し上げる,もうしあげる,moushiageru,"(humble) to say, to tell",N4,,General,General
申す,もうす,mousu,"(humble) to be called, to say",N4,,General,General
,もうすぐ,mousugu,soon,N4,,General,General
,もし,moshi,if,N4,,General,General
,もちろん,mochiron,of course,N4,,General,General
,もっとも,mottomo,extremely,N4,,General,General
戻る,もどる,modoru,to turn back,N4,,General,General
木綿,もめん,momen,cotton,N4,,General,General
,もらう,morau,to receive,N4,,General,General
森,もり,mori,forest,N4,,General,General
焼く,やく,yaku,"to bake, to grill",N4,,General,General
約束,やくそく,yakusoku,promise,N4,,General,General
役に立つ,やくにたつ,yakunitatsu,to be helpful,N4,,General,General
焼ける,やける,yakeru,"to burn, to be roasted",N4,,General,General
優しい,やさしい,yasashii,kind,N4,,General,General
痩せる,やせる,yaseru,to become thin,N4,,General,General
,やっと,yatto,at last,N4,,General,General
,やはり/やっぱり,yahari/yappari,"as I thought, absolutely",N4,,General,General
止む,やむ,yamu,to stop,N4,,General,General
止める,やめる,yameru,to stop,N4,,General,General
柔らかい,やわらかい,yawarakai,soft,N4,,General,General
湯,ゆ,yu,hot water,N4,,General,General
輸出,ゆしゅつ・する,yushutsusuru,to export,N4,,General,General
輸入,ゆにゅう・する,yunyuusuru,to import,N4,,General,General
指,ゆび,yubi,finger,N4,,General,General
指輪,ゆびわ,yubiwa,finger ring,N4,,General,General
夢,ゆめ,yume,dream,N4,,General,General
揺れる,ゆれる,yureru,"to shake, to sway",N4,,General,General
用,よう,you,use,N4,,General,General
用意,ようい,youi,preparation,N4,,General,General
用事,ようじ,youji,things to do,N4,,General,General
汚れる,よごれる,yogoreru,to get dirty,N4,,General,General
予習,よしゅう,yoshuu,preparation for a lesson,N4,,General,General
予定,よてい,yotei,arrangement,N4,,General,General
予約,よやく,yoyaku,reservation,N4,,General,General
寄る,よる,yoru,to visit,N4,,General,General
喜ぶ,よろこぶ,yorokobu,to be delighted,N4,,General,General
,よろしい,yoroshii,"(respectful) OK, all right",N4,,General,General
理由,りゆう,riyuu,reason,N4,,General,General
利用,りよう,riyou,utilization,N4,,General,General
両方,りょうほう,ryouhou,both sides,N4,,General,General
旅館,りょかん,ryokan,Japanese hotel,N4,,General,General
留守,るす,rusu,absence,N4,,General,General
冷房,れいぼう,reibou,air conditioning,N4,,General,General
歴史,れきし,rekishi,history,N4,,General,General
,レジ,レジ,register,N4,,General,General
,レポート/リポート,レポート/リポート,report,N4,,General,General
連絡,れんらく,renraku,contact,N4,,General,General
,ワープロ,ワープロ,word processor,N4,,General,General
沸かす,わかす,wakasu,"to boil, to heat",N4,,General,General
別れる,わかれる,wakareru,to separate,N4,,General,General
沸く,わく,waku,"to boil,  to grow hot, to get excited",N4,,General,General
訳,わけ,wake,"meaning, reason",N4,,General,General
忘れ物,わすれもの,wasuremono,lost article,N4,,General,General
笑う,わらう,warau,"to laugh, to smile",N4,,General,General
割合,わりあい,wariai,"rate, ratio, percentage",N4,,General,General
割れる,われる,wareru,to break,N4,,General,General
泳ぎ方,およぎかた,oyogikata,way of swimming,N4,,General,General
,あっ,aっ,"Ah!, Oh!",N3,,General,General
愛,あい,ai,love,N3,,General,General
挨拶,あいさつ,aisatsu,"greeting, salutation",N3,,General,General
愛情,あいじょう,aijou,"love, affection",N3,,General,General
合図,あいず,aizu,"sign, signal",N3,,General,General
,アイスクリーム,アイスクリーム,ice cream,N3,,General,General
愛する,あいする,aisuru,to love,N3,,General,General
相手,あいて,aite,"companion, partner, company",N3,,General,General
,あいにく,ainiku,"unfortunately, Sorry,  but....",N3,,General,General
,アイロン,アイロン,(electric) iron,N3,,General,General
,アウト,アウト,out,N3,,General,General
明かり,あかり,akari,"lamplight, light (in general), brightness",N3,,General,General
空き,あき,aki,"room, time to spare, emptiness",N3,,General,General
明らか,あきらか,akiraka,"obvious, evident, clear",N3,,General,General
諦める,あきらめる,akirameru,"to give up, to abandon",N3,,General,General
飽きる,あきる,akiru,"to get tired of, to lose interest in, to have enough",N3,,General,General
握手,あくしゅ,akushu,handshake,N3,,General,General
悪魔,あくま,akuma,"devil, demon, evil spirit",N3,,General,General
明ける,あける,akeru,"to dawn, to become daylight",N3,,General,General
,あした,ashita,tomorrow,N3,,General,General
預ける,あずける,azukeru,"to give into custody, to entrust, to deposit",N3,,General,General
汗,あせ,ase,"sweat, perspiration",N3,,General,General
与える,あたえる,ataeru,"to give, to present, to award",N3,,General,General
暖かい,あたたか(い),atatakai,"warm, mild",N3,,General,General
辺り,あたり,atari,"vicinity, nearby",N3,,General,General
当たる,あたる,ataru,"to be hit, to be successful, to be equivalent to",N3,,General,General
,あちこち,achikochi,here and there,N3,,General,General
扱う,あつかう,atsukau,"to handle, to deal with, to treat",N3,,General,General
集まり,あつまり,atsumari,"gathering, meeting, assembly, collection",N3,,General,General
当てる,あてる,ateru,"to hit, to apply a patch",N3,,General,General
跡,あと,ato,"(1) trace, tracks, mark, sign, (2) remains, ruins, (3) scar",N3,,General,General
,あと,ato,"(1) trace, tracks, (2) remains, ruins, (3) scar",N3,,General,General
穴,あな,ana,hole,N3,,General,General
浴びる,あびる,abiru,"to bathe, to bask in the sun, to shower",N3,,General,General
油,あぶら,abura,oil,N3,,General,General
余り,あまり,amari,"not very (used as adverb), not much",N3,,General,General
誤り,あやまり,ayamari,error,N3,,General,General
粗,あら,ara,"defect, flaw, blemish, weak point",N3,,General,General
嵐,あらし,arashi,"storm, tempest",N3,,General,General
新た,あらた,arata,"new, fresh, novel",N3,,General,General
,あらゆる,arayuru,"all, every",N3,,General,General
表す,あらわす,arawasu,"to express, to show, to reveal",N3,,General,General
現す,あらわす,arawasu,"to show, to indicate, to display",N3,,General,General
現れ,あらわれ,araware,"embodiment, materialization",N3,,General,General
現れる,あらわれる,arawareru,"(1) to appear, to come in sight, to become visible, (2) to express oneself",N3,,General,General
,ありがとう,arigatou,"(conj, exp, int) Thank you",N3,,General,General
有る,ある,aru,"to be, to have",N3,,General,General
或,ある,aru,"a certain..., some...",N3,,General,General
,あるいは,aruiha,"or, possibly",N3,,General,General
,アルバム,アルバム,album,N3,,General,General
泡,あわ,awa,"bubble, foam, froth, head on beer",N3,,General,General
合わせる,あわせる,awaseru,"to join together, to be opposite, to face, to unite",N3,,General,General
哀れ,あわれ,aware,"helpless, pity, sorrow, grief",N3,,General,General
案,あん,an,"plan, suffix meaning draft",N3,,General,General
暗記,あんき,anki,"memorization, learning by heart",N3,,General,General
安定,あんてい,antei,"stability, equilibrium",N3,,General,General
案内,あんない,annai,"information, guidance, leading",N3,,General,General
,あんなに,annani,"to that extent, to that degree",N3,,General,General
,あんまり,anmari,"not very, not much, remainder, rest",N3,,General,General
胃,い,i,stomach,N3,,General,General
,いい,ii,good,N3,,General,General
,よい,yoi,"good, nice, pleasant, ok",N3,,General,General
,いえ,ie,TODO same as いいえ?,N3,,General,General
委員,いいん,iin,committee member,N3,,General,General
言う,ゆう,yuu,to say,N3,,General,General
意外,いがい,igai,"unexpected, surprising",N3,,General,General
行き,いき,iki,going,N3,,General,General
行き,ゆき,yuki,going,N3,,General,General
息,いき,iki,"breath, tone",N3,,General,General
勢い,いきおい,ikioi,"force, vigor, energy, spirit",N3,,General,General
生き物,いきもの,ikimono,"living thing, animal",N3,,General,General
幾つ,いくつ,ikutsu,"how many?, how old?",N3,,General,General
幾ら,いくら,ikura,"how much?, how many?",N3,,General,General
,いけない,ikenai,"must not do, bad, wrong, not good",N3,,General,General
医師,いし,ishi,"doctor, physician",N3,,General,General
意思,いし,ishi,"intention, purpose",N3,,General,General
意志,いし,ishi,"will, volition",N3,,General,General
維持,いじ,iji,"maintenance, preservation",N3,,General,General
意識,いしき,ishiki,"consciousness, senses",N3,,General,General
異常,いじょう,ijou,"strangeness, abnormality, disorder",N3,,General,General
椅子,いす,isu,chair,N3,,General,General
泉,いずみ,izumi,"spring, fountain",N3,,General,General
,いずれ,izure,"where, which, who",N3,,General,General
以前,いぜん,izen,"ago, since, before, previous",N3,,General,General
板,いた,ita,"board, plank",N3,,General,General
偉大,いだい,idai,greatness,N3,,General,General
抱く,いだく,idaku,"(sl) to embrace, to hug, to harbour, to entertain",N3,,General,General
,いたずら,itazura,"tease, prank, trick, practical joke",N3,,General,General
,いただきます,itadakimasu,expression of gratitude before meals,N3,,General,General
頂く,いただく,itadaku,"to receive, to take food or drink (hum)",N3,,General,General
痛み,いたみ,itami,"pain, ache, sore, grief, distress",N3,,General,General
至る,いたる,itaru,"to come, to arrive",N3,,General,General
,いち,ichi,"market, fair",N3,,General,General
位置,いち,ichi,"place, situation, position, location",N3,,General,General
一時,いちじ,ichiji,"moment, time",N3,,General,General
一度に,いちどに,ichidoni,all at once,N3,,General,General
市場,いちば,ichiba,(the) market (as a concept),N3,,General,General
一番,いちばん,ichiban,"best, first, number one",N3,,General,General
,いつか,itsuka,"sometime, someday, one day",N3,,General,General
一家,いっか,ikka,"a house, a home, a family, a household",N3,,General,General
一種,いっしゅ,isshu,"a species, a kind, a variety",N3,,General,General
一瞬,いっしゅん,isshun,"a moment, an instant",N3,,General,General
一生,いっしょう,isshou,"whole life, a lifetime, all through life",N3,,General,General
一層,いっそう,issou,"much more, still more, all the more",N3,,General,General
一体,いったい,ittai,"(1) one object, one body, (2) what on earth?, really?, (3) generally",N3,,General,General
一致,いっち,icchi,"(1) coincidence, agreement, (2) conformity",N3,,General,General
,いつでも,itsudemo,"(at) any time, always, at all times, never (neg)",N3,,General,General
一般,いっぱん,ippan,"general, liberal, universal, ordinary, average",N3,,General,General
一方,いっぽう,ippou,"(1) on the other hand, (2) meanwhile, (3) only, simple, in turn",N3,,General,General
,いつまでも,itsumademo,"forever, for good, eternally, as long as one likes, indefinitely",N3,,General,General
,いつも,itsumo,"always, usually, every time, never (with neg. verb)",N3,,General,General
移動,いどう,idou,"removal, migration, movement",N3,,General,General
従兄弟,いとこ,itoko,cousin (male),N3,,General,General
稲,いね,ine,rice-plant,N3,,General,General
居眠り,いねむり,inemuri,"dozing, nodding off",N3,,General,General
命,いのち,inochi,"command, decree, life, destiny",N3,,General,General
違反,いはん,ihan,"violation (of law), transgression, infringement, breach",N3,,General,General
衣服,いふく,ifuku,clothes,N3,,General,General
居間,いま,ima,living room (western style),N3,,General,General
今に,いまに,imani,"before long, even now",N3,,General,General
今にも,いまにも,imanimo,"at any time, soon",N3,,General,General
否,いや,iya,"no, the noes",N3,,General,General
以来,いらい,irai,"since, henceforth",N3,,General,General
依頼,いらい,irai,"(1) request, commission, dispatch, (2) dependence, trust",N3,,General,General
,いらいら,iraira,"getting nervous, irritation",N3,,General,General
,いらっしゃい,irasshai,welcome,N3,,General,General
医療,いりょう,iryou,"medical care, medical treatment",N3,,General,General
岩,いわ,iwa,"rock, crag",N3,,General,General
祝い,いわい,iwai,"celebration, festival",N3,,General,General
祝う,いわう,iwau,"to congratulate, to celebrate",N3,,General,General
言わば,いわば,iwaba,so to speak,N3,,General,General
,いわゆる,iwayuru,"the so-called, so to speak",N3,,General,General
,インク,インク,ink,N3,,General,General
印刷,いんさつ,insatsu,printing,N3,,General,General
印象,いんしょう,inshou,impression,N3,,General,General
引退,いんたい,intai,retire,N3,,General,General
引用,いんよう,inyou,"quotation, citation",N3,,General,General
,ウイスキー,ウイスキー,whisky,N3,,General,General
上,うわ,uwa,"upper, outer, surface",N3,,General,General
魚,うお,uo,fish,N3,,General,General
,うがい,ugai,"gargle, rinse mouth",N3,,General,General
伺う,うかがう,ukagau,"(hon) to visit, to ask, to inquire",N3,,General,General
受け取る,うけとる,uketoru,"to receive, to get, to accept, to take",N3,,General,General
動かす,うごかす,ugokasu,"to move, to shift",N3,,General,General
兎,うさぎ,usagi,"rabbit, hare, cony",N3,,General,General
牛,うし,ushi,"cattle, cow",N3,,General,General
失う,うしなう,ushinau,"to lose, to part with",N3,,General,General
後,うしろ,ushiro,"afterwards, since then, in the future",N3,,General,General
嘘,うそ,uso,"lie, falsehood, incorrect fact, inappropriate",N3,,General,General
疑う,うたがう,utagau,"to doubt, to distrust, to be suspicious of, to suspect",N3,,General,General
内,うち,uchi,inside,N3,,General,General
宇宙,うちゅう,uchuu,"universe, cosmos, space",N3,,General,General
撃つ,うつ,utsu,"to attack, to defeat, to destroy",N3,,General,General
移す,うつす,utsusu,"to remove, to transfer, to infect",N3,,General,General
訴える,うったえる,uttaeru,"to sue (a person), to resort to, to appeal to",N3,,General,General
,うなる,unaru,"to groan, to moan",N3,,General,General
奪う,うばう,ubau,to snatch away,N3,,General,General
馬,うま,uma,"(1) horse, (2) promoted bishop (shogi)",N3,,General,General
,うまい,umai,delicious,N3,,General,General
生まれ,うまれ,umare,"birth, birth-place",N3,,General,General
梅,うめ,ume,"plum, plum-tree, lowest (of a three-tier ranking system)",N3,,General,General
裏切る,うらぎる,uragiru,"to betray, to turn traitor to, to double-cross",N3,,General,General
,うるさい,urusai,"noisy, loud, fussy",N3,,General,General
嬉しい,うれしい,ureshii,"happy, glad, pleasant",N3,,General,General
売れる,うれる,ureru,to be sold,N3,,General,General
噂,うわさ,uwasa,"rumour, report, gossip, common talk",N3,,General,General
うん,（感）,（感）,"fortune, luck",N3,,General,General
運,うん,un,"fortune, luck",N3,,General,General
運転,うんてん,unten,"operation, motion, driving",N3,,General,General
運動,うんどう,undou,"motion, exercise",N3,,General,General
柄,え,e,"handle, grip",N3,,General,General
永遠,えいえん,eien,"eternity, perpetuity, immortality, permanence",N3,,General,General
永久,えいきゅう,eikyuu,"eternity, perpetuity, immortality",N3,,General,General
影響,えいきょう,eikyou,"influence, effect",N3,,General,General
営業,えいぎょう,eigyou,"business, trade, management",N3,,General,General
衛星,えいせい,eisei,satellite,N3,,General,General
栄養,えいよう,eiyou,"nutrition, nourishment",N3,,General,General
笑顔,えがお,egao,smiling face,N3,,General,General
描く,えがく,egaku,"to draw, to paint, to sketch, to depict, to describe",N3,,General,General
餌,えさ,esa,"feed, bait",N3,,General,General
,エネルギー,エネルギー,(n) energy (de: Energie),N3,,General,General
得る,える,eru,"to get, to gain, to win",N3,,General,General
得る,うる,uru,"to get, to gain, to win",N3,,General,General
円,えん,en,"circle, money",N3,,General,General
延期,えんき,enki,"postponement, adjournment",N3,,General,General
演技,えんぎ,engi,"acting, performance",N3,,General,General
援助,えんじょ,enjo,"assistance, aid, support",N3,,General,General
,エンジン,エンジン,engine,N3,,General,General
演説,えんぜつ,enzetsu,"speech, address",N3,,General,General
演奏,えんそう,ensou,musical performance,N3,,General,General
遠慮,えんりょ,enryo,"diffidence, restraint, reserve",N3,,General,General
御,お,o,honourable,N3,,General,General
老い,おい,oi,"old age, old person, the old, the aged",N3,,General,General
追い付く,おいつく,oitsuku,"to overtake, to catch up (with)",N3,,General,General
王,おう,ou,"king, ruler, sovereign, monarch",N3,,General,General
追う,おう,ou,"to chase, to run after",N3,,General,General
王様,おうさま,ousama,king,N3,,General,General
王子,おうじ,ouji,prince,N3,,General,General
応じる,おうじる,oujiru,"to respond, to satisfy, to accept, to comply with, to apply for",N3,,General,General
横断,おうだん,oudan,crossing,N3,,General,General
終える,おえる,oeru,to finish,N3,,General,General
大いに,おおいに,ooini,"very, much, greatly",N3,,General,General
覆う,おおう,oou,"to cover, to hide, to conceal, to wrap, to disguise",N3,,General,General
,オーバー,オーバー,"(1) overcoat, (2) over",N3,,General,General
大家,おおや,ooya,"rich family, distinguished family",N3,,General,General
丘,おか,oka,"hill, height, knoll, rising ground",N3,,General,General
沖,おき,oki,open sea,N3,,General,General
奥,おく,oku,"interior, inner part",N3,,General,General
贈る,おくる,okuru,"to send, to give to, to award to, to confer on",N3,,General,General
起こる,おこる,okoru,"to occur, to happen",N3,,General,General
幼い,おさない,osanai,"very young, childish",N3,,General,General
収める,おさめる,osameru,"to obtain, to reap, to pay, to supply, to accept",N3,,General,General
,おじいさん,ojiisan,"grandfather, male senior-citizen",N3,,General,General
,おしゃべり,oshaberi,"chattering, talk, idle talk",N3,,General,General
汚染,おせん,osen,"pollution, contamination",N3,,General,General
,おそらく,osoraku,perhaps,N3,,General,General
恐れる,おそれる,osoreru,"to fear, to be afraid of",N3,,General,General
恐ろしい,おそろしい,osoroshii,"terrible, dreadful",N3,,General,General
お互い,おたがい,otagai,"mutual, reciprocal, each other",N3,,General,General
穏やか,おだやか,odayaka,"calm, gentle, quiet",N3,,General,General
男の人,おとこのひと,otokonohito,man,N3,,General,General
劣る,おとる,otoru,"to fall behind, to be inferior to",N3,,General,General
お腹,おなか,onaka,stomach,N3,,General,General
鬼,おに,oni,"ogre, demon, it (i.e.,  in a game of tag)",N3,,General,General
帯,おび,obi,"band (e.g. conduction,  valence)",N3,,General,General
お昼,おひる,ohiru,"lunch, noon",N3,,General,General
,オフィス,オフィス,office,N3,,General,General
溺れる,おぼれる,oboreru,"to be drowned, to indulge in",N3,,General,General
,おまえ,omae,"(fam) you (sing), presence (of a high personage)",N3,,General,General
,おめでとう,omedetou,"Congratulations!, an auspicious occasion!",N3,,General,General
お目に掛かる,おめにかかる,omenikakaru,,N3,,General,General
思い出,おもいで,omoide,"memories, recollections, reminiscence",N3,,General,General
主に,おもに,omoni,"mainly, primarily",N3,,General,General
思わず,おもわず,omowazu,"unintentional, spontaneous",N3,,General,General
,おや,oya,parents,N3,,General,General
泳ぎ,およぎ,oyogi,swimming,N3,,General,General
,およそ,oyoso,"about, roughly, as a rule, approximately",N3,,General,General
及ぼす,およぼす,oyobosu,"to exert, to cause, to exercise",N3,,General,General
居る,おる,oru,"to be (animate), to be, to exist",N3,,General,General
下す,おろす,orosu,"to lower, to let go down",N3,,General,General
降ろす,おろす,orosu,"to take down, to launch, to drop",N3,,General,General
終,おわり,owari,the end,N3,,General,General
音,おん,on,"sound, note",N3,,General,General
恩,おん,on,"favour, obligation, debt of gratitude",N3,,General,General
温暖,おんだん,ondan,warmth,N3,,General,General
温度,おんど,ondo,temperature,N3,,General,General
可,か,ka,passable,N3,,General,General
課,か,ka,counter for chapters (of a book),N3,,General,General
,カー,カー,car,N3,,General,General
,カード,カード,"card, curd",N3,,General,General
会,かい,kai,"meeting, assembly, party, association, club",N3,,General,General
回,かい,kai,counter for occurrences,N3,,General,General
害,がい,gai,"injury, harm, evil influence, damage",N3,,General,General
会員,かいいん,kaiin,"member, the membership",N3,,General,General
絵画,かいが,kaiga,picture,N3,,General,General
海外,かいがい,kaigai,"foreign, abroad, overseas",N3,,General,General
会計,かいけい,kaikei,"account, finance, accountant",N3,,General,General
解決,かいけつ,kaiketsu,"settlement, solution, resolution",N3,,General,General
会合,かいごう,kaigou,"meeting, assembly",N3,,General,General
外交,がいこう,gaikou,diplomacy,N3,,General,General
開始,かいし,kaishi,"start, commencement, beginning",N3,,General,General
解釈,かいしゃく,kaishaku,"explanation, interpretation",N3,,General,General
外出,がいしゅつ,gaishutsu,"outing, going out",N3,,General,General
改善,かいぜん,kaizen,"betterment, improvement",N3,,General,General
快適,かいてき,kaiteki,"pleasant, agreeable, comfortable",N3,,General,General
回復,かいふく,kaifuku,"recovery (from illness), improvement, rehabilitation, restoration",N3,,General,General
飼う,かう,kau,"to keep, to raise, to feed",N3,,General,General
替える,かえる,kaeru,"to exchange, to interchange, to substitute, to replace",N3,,General,General
換える,かえる,kaeru,"to exchange, to interchange, to substitute, to replace",N3,,General,General
香り,かおり,kaori,"aroma, fragrance, scent, smell",N3,,General,General
画家,がか,gaka,"painter, artist",N3,,General,General
抱える,かかえる,kakaeru,to hold or carry under or in the arms,N3,,General,General
価格,かかく,kakaku,"price, value, cost",N3,,General,General
化学,かがく,kagaku,chemistry,N3,,General,General
輝く,かがやく,kagayaku,"to shine, to glitter, to sparkle",N3,,General,General
係,かかり,kakari,"official, duty, person in charge",N3,,General,General
掛かる,かかる,kakaru,"to take (e.g. time,  money,  etc), to hang",N3,,General,General
罹る,かかる,kakaru,to suffer from,N3,,General,General
鍵,かぎ,kagi,key,N3,,General,General
限る,かぎる,kagiru,"to restrict, to limit, to confine",N3,,General,General
描く,かく,kaku,"to draw, to paint, to sketch, to depict, to describe",N3,,General,General
家具,かぐ,kagu,furniture,N3,,General,General
学,がく,gaku,"learning, scholarship, erudition, knowledge",N3,,General,General
額,がく,gaku,"forehead, brow",N3,,General,General
覚悟,かくご,kakugo,"resolution, resignation, readiness, preparedness",N3,,General,General
確実,かくじつ,kakujitsu,"certainty, reliability, soundness",N3,,General,General
学者,がくしゃ,gakusha,scholar,N3,,General,General
学習,がくしゅう,gakushuu,"study, learning",N3,,General,General
隠す,かくす,kakusu,"to hide, to conceal",N3,,General,General
拡大,かくだい,kakudai,"magnification, enlargement",N3,,General,General
確認,かくにん,kakunin,"affirmation, confirmation",N3,,General,General
学問,がくもん,gakumon,"scholarship, study, learning",N3,,General,General
隠れる,かくれる,kakureru,"to hide, to be hidden, to conceal oneself, to disappear",N3,,General,General
影,かげ,kage,"shade, shadow, other side",N3,,General,General
陰,かげ,kage,"shade, shadow, other side",N3,,General,General
欠ける,かける,kakeru,to be lacking,N3,,General,General
加減,かげん,kagen,"addition and subtraction, allowance for",N3,,General,General
過去,かこ,kako,"the past, bygone days, the previous",N3,,General,General
籠,かご,kago,"basket, cage",N3,,General,General
囲む,かこむ,kakomu,"to surround, to encircle",N3,,General,General
火災,かさい,kasai,"conflagration, fire",N3,,General,General
貸し,かし,kashi,"loan, lending",N3,,General,General
菓子,かし,kashi,pastry,N3,,General,General
家事,かじ,kaji,"housework, domestic chores",N3,,General,General
賢い,かしこい,kashikoi,"wise, clever, smart",N3,,General,General
歌手,かしゅ,kashu,singer,N3,,General,General
数,かず,kazu,"number, figure",N3,,General,General
稼ぐ,かせぐ,kasegu,"to earn income, to labor",N3,,General,General
数える,かぞえる,kazoeru,to count,N3,,General,General
型,かた,kata,"mold, model, style, shape, data-type",N3,,General,General
肩,かた,kata,shoulder,N3,,General,General
硬い,かたい,katai,"solid, hard (esp. metal,  stone), unpolished writing",N3,,General,General
方々,かたがた,katagata,"persons, this and that, here and there, everywhere",N3,,General,General
刀,かたな,katana,"sword, saber, knife, engraving tool",N3,,General,General
語る,かたる,kataru,"to talk, to tell, to recite",N3,,General,General
勝ち,かち,kachi,"win, victory",N3,,General,General
価値,かち,kachi,"value, worth, merit",N3,,General,General
,がっかり,gakkari,"feel disappointed, be dejected, lose heart",N3,,General,General
活気,かっき,kakki,"energy, liveliness",N3,,General,General
学期,がっき,gakki,term (school),N3,,General,General
格好,かっこう,kakkou,"shape, form, posture, suitability",N3,,General,General
活動,かつどう,katsudou,"action, activity",N3,,General,General
活用,かつよう,katsuyou,"conjugation, practical use",N3,,General,General
悲しむ,かなしむ,kanashimu,"to be sad, to mourn for, to regret",N3,,General,General
必ずしも,かならずしも,kanarazushimo,"(not) always, (not) necessarily, (not) all, (not) entirely",N3,,General,General
,かなり,kanari,"considerably, fairly, quite",N3,,General,General
金,かね,kane,"(1) gold, (2) gold general (shogi) (abbr)",N3,,General,General
金持ち,かねもち,kanemochi,rich man,N3,,General,General
可能,かのう,kanou,"possible, practicable, feasible",N3,,General,General
株,かぶ,kabu,"share, stock, stump (of tree)",N3,,General,General
被る,かぶる,kaburu,to suffer,N3,,General,General
構う,かまう,kamau,"to mind, to care about, to be concerned about",N3,,General,General
我慢,がまん,gaman,"patience, endurance, perseverance",N3,,General,General
上,かみ,kami,"(1) first volume, (2) superior quality, (3) governmental",N3,,General,General
神,かみ,kami,god,N3,,General,General
雷,かみなり,kaminari,thunder,N3,,General,General
髪の毛,かみのけ,kaminoke,hair (head),N3,,General,General
科目,かもく,kamoku,"(school) subject, curriculum, course",N3,,General,General
,かもしれない,kamoshirenai,"may, might, perhaps, may be, possibly",N3,,General,General
火曜,かよう,kayou,(abbr) Tuesday,N3,,General,General
空,から,kara,sky,N3,,General,General
柄,がら,gara,"hilt (of a sword), haft (of a dagger), handgrip",N3,,General,General
刈る,かる,karu,"to cut (hair), to mow (grass), to harvest",N3,,General,General
彼等,かれら,karera,they (usually male),N3,,General,General
川,かわ,kawa,river,N3,,General,General
河,かわ,kawa,"river, stream",N3,,General,General
皮,かわ,kawa,"skin, hide, leather, fur, pelt, bark, shell",N3,,General,General
革,かわ,kawa,leather,N3,,General,General
,かわいそう,kawaisou,"poor, pitiable, pathetic",N3,,General,General
,かわいらしい,kawairashii,"lovely, sweet",N3,,General,General
缶,かん,kan,"can, tin",N3,,General,General
勘,かん,kan,"perception, intuition, the sixth sense",N3,,General,General
考え,かんがえ,kangae,"thinking, thought, ideas, intention",N3,,General,General
感覚,かんかく,kankaku,"sense, sensation",N3,,General,General
観客,かんきゃく,kankyaku,"audience, spectator(s)",N3,,General,General
環境,かんきょう,kankyou,"environment, circumstance",N3,,General,General
歓迎,かんげい,kangei,"welcome, reception",N3,,General,General
観光,かんこう,kankou,sightseeing,N3,,General,General
観察,かんさつ,kansatsu,"observation, survey",N3,,General,General
感じ,かんじ,kanji,"feeling, sense, impression",N3,,General,General
感謝,かんしゃ,kansha,"thanks, gratitude",N3,,General,General
患者,かんじゃ,kanja,a patient,N3,,General,General
勘定,かんじょう,kanjou,"calculation, counting, consideration",N3,,General,General
感情,かんじょう,kanjou,"emotion(s), feeling(s), sentiment",N3,,General,General
感じる,かんじる,kanjiru,"to feel, to sense, to experience",N3,,General,General
感心,かんしん,kanshin,"admiration, Well done!",N3,,General,General
関心,かんしん,kanshin,"concern, interest",N3,,General,General
関する,かんする,kansuru,"to concern, to be related",N3,,General,General
完成,かんせい,kansei,"(1) complete, completion, (2) perfection, accomplishment",N3,,General,General
完全,かんぜん,kanzen,"perfection, completeness",N3,,General,General
感動,かんどう,kandou,"being deeply moved, excitement, impression, deep emotion",N3,,General,General
監督,かんとく,kantoku,"supervision, control, superintendence",N3,,General,General
管理,かんり,kanri,"control, management (e.g. of a business)",N3,,General,General
完了,かんりょう,kanryou,"completion, conclusion",N3,,General,General
関連,かんれん,kanren,"relation, connection, relevance",N3,,General,General
議員,ぎいん,giin,"member of the Diet,  congress or parliament",N3,,General,General
記憶,きおく,kioku,"memory, recollection, remembrance",N3,,General,General
気温,きおん,kion,temperature,N3,,General,General
機械,きかい,kikai,"machine, mechanism",N3,,General,General
議会,ぎかい,gikai,"Diet, congress, parliament",N3,,General,General
期間,きかん,kikan,"period, term",N3,,General,General
機関,きかん,kikan,"organ, mechanism, facility, engine",N3,,General,General
企業,きぎょう,kigyou,"enterprise, undertaking",N3,,General,General
効く,きく,kiku,to be effective,N3,,General,General
機嫌,きげん,kigen,"humour, temper, mood",N3,,General,General
気候,きこう,kikou,climate,N3,,General,General
岸,きし,kishi,"bank, coast, shore",N3,,General,General
生地,きじ,kiji,birthplace,N3,,General,General
記事,きじ,kiji,"article, news story, report, account",N3,,General,General
技師,ぎし,gishi,"engineer, technician",N3,,General,General
記者,きしゃ,kisha,reporter,N3,,General,General
傷,きず,kizu,"wound, injury, hurt, cut",N3,,General,General
期待,きたい,kitai,"expectation, anticipation, hope",N3,,General,General
帰宅,きたく,kitaku,returning home,N3,,General,General
貴重,きちょう,kichou,"precious, valuable",N3,,General,General
議長,ぎちょう,gichou,chairman,N3,,General,General
,きちんと,kichinto,"precisely, accurately",N3,,General,General
,きつい,kitsui,"tight, close, intense",N3,,General,General
気付く,きづく,kizuku,"to notice, to recognize, to become aware of",N3,,General,General
気に入る,きにいる,kiniiru,"to be pleased with, to suit",N3,,General,General
記入,きにゅう,kinyuu,"entry, filling in of forms",N3,,General,General
記念,きねん,kinen,"commemoration, memory",N3,,General,General
機能,きのう,kinou,"function, faculty",N3,,General,General
気の毒,きのどく,kinodoku,"pitiful, a pity",N3,,General,General
寄付,きふ,kifu,"contribution, donation",N3,,General,General
希望,きぼう,kibou,"hope, wish, aspiration",N3,,General,General
基本,きほん,kihon,"foundation, basis, standard",N3,,General,General
決まり,きまり,kimari,"settlement, conclusion, regulation, rule",N3,,General,General
気味,きみ,kimi,"-like, -looking, -looked",N3,,General,General
奇妙,きみょう,kimyou,"strange, queer, curious",N3,,General,General
義務,ぎむ,gimu,"duty, obligation, responsibility",N3,,General,General
疑問,ぎもん,gimon,"question, problem, doubt, guess",N3,,General,General
逆,ぎゃく,gyaku,"reverse, opposite",N3,,General,General
,キャプテン,キャプテン,captain,N3,,General,General
,キャンプ,キャンプ,camp,N3,,General,General
九,きゅう,kyuu,nine,N3,,General,General
旧,きゅう,kyuu,ex-,N3,,General,General
級,きゅう,kyuu,"class,  grade,  rank, school class,  grade",N3,,General,General
球,きゅう,kyuu,"globe, sphere, ball",N3,,General,General
休暇,きゅうか,kyuuka,"holiday, day off, furlough",N3,,General,General
休憩,きゅうけい,kyuukei,"rest, break, recess, intermission",N3,,General,General
急激,きゅうげき,kyuugeki,"sudden, precipitous, radical",N3,,General,General
吸収,きゅうしゅう,kyuushuu,"absorption, suction, attraction",N3,,General,General
救助,きゅうじょ,kyuujo,"relief, aid, rescue",N3,,General,General
急速,きゅうそく,kyuusoku,rapid (e.g. progress),N3,,General,General
急に,きゅうに,kyuuni,,N3,,General,General
給料,きゅうりょう,kyuuryou,"salary, wages",N3,,General,General
器用,きよう,kiyou,"skillful, handy",N3,,General,General
教科書,きょうかしょ,kyoukasho,text book,N3,,General,General
競技,きょうぎ,kyougi,"game, match, contest",N3,,General,General
行儀,ぎょうぎ,gyougi,manners,N3,,General,General
供給,きょうきゅう,kyoukyuu,"supply, provision",N3,,General,General
教師,きょうし,kyoushi,teacher (classroom),N3,,General,General
教授,きょうじゅ,kyouju,"teaching, instruction, professor",N3,,General,General
強調,きょうちょう,kyouchou,"emphasis, stress, stressed point",N3,,General,General
共通,きょうつう,kyoutsuu,"commonness, community",N3,,General,General
共同,きょうどう,kyoudou,"cooperation, association, collaboration, joint",N3,,General,General
恐怖,きょうふ,kyoufu,"be afraid, dread, dismay, terror",N3,,General,General
協力,きょうりょく,kyouryoku,"cooperation, collaboration",N3,,General,General
強力,きょうりょく,kyouryoku,"herculean strength, mountain carrier-guide",N3,,General,General
許可,きょか,kyoka,"permission, approval",N3,,General,General
局,きょく,kyoku,"court lady, lady in waiting",N3,,General,General
巨大,きょだい,kyodai,"huge, gigantic, enormous",N3,,General,General
嫌う,きらう,kirau,"to hate, to dislike, to loathe",N3,,General,General
霧,きり,kiri,"fog, mist",N3,,General,General
切れ,きれ,kire,"cloth, piece, cut, chop",N3,,General,General
切れる,きれる,kireru,"(1) to cut well, to be sharp, (2) to break (off)",N3,,General,General
,キロ,キロ,"(abbr) kilo-, kilogram, kilometre, 10^3",N3,,General,General
記録,きろく,kiroku,"record, minutes, document",N3,,General,General
議論,ぎろん,giron,"argument, discussion, dispute",N3,,General,General
金,きん,kin,"(1) gold, (2) gold general (shogi) (abbr)",N3,,General,General
銀,ぎん,gin,"(1) silver, silver coin, silver paint",N3,,General,General
禁煙,きんえん,kinen,No Smoking!,N3,,General,General
金額,きんがく,kingaku,amount of money,N3,,General,General
金庫,きんこ,kinko,"safe, vault, treasury, provider of funds",N3,,General,General
禁止,きんし,kinshi,"prohibition, ban",N3,,General,General
金銭,きんせん,kinsen,"money, cash",N3,,General,General
金属,きんぞく,kinzoku,metal,N3,,General,General
近代,きんだい,kindai,present day,N3,,General,General
緊張,きんちょう,kinchou,"tension, mental strain, nervousness",N3,,General,General
筋肉,きんにく,kinniku,"muscle, sinew",N3,,General,General
金融,きんゆう,kinyuu,"monetary circulation, credit situation",N3,,General,General
金曜,きんよう,kinyou,(abbr) Friday,N3,,General,General
九,く,ku,nine,N3,,General,General
句,く,ku,sentence,N3,,General,General
食う,くう,kuu,(male) (vulg) to eat,N3,,General,General
偶然,ぐうぜん,guuzen,"(by) chance, unexpectedly, suddenly",N3,,General,General
臭い,くさい,kusai,"odour, scent, smell, stench",N3,,General,General
鎖,くさり,kusari,chain,N3,,General,General
腐る,くさる,kusaru,"to rot, to go bad",N3,,General,General
癖,くせ,kuse,"a habit (often a bad habit), peculiarity",N3,,General,General
管,くだ,kuda,"pipe, tube",N3,,General,General
具体,ぐたい,gutai,"concrete, tangible, material",N3,,General,General
下さる,くださる,kudasaru,"(hon) to give, to confer",N3,,General,General
下り,くだり,kudari,down-train (going away from Tokyo),N3,,General,General
苦痛,くつう,kutsuu,"pain, agony",N3,,General,General
,ぐっすり,gussuri,"sound asleep, fast asleep",N3,,General,General
区別,くべつ,kubetsu,"distinction, differentiation, classification",N3,,General,General
組,くみ,kumi,"class, group, team, set",N3,,General,General
組合,くみあい,kumiai,"association, union",N3,,General,General
組む,くむ,kumu,to put together,N3,,General,General
曇,くもり,kumori,"cloudiness, cloudy weather, shadow",N3,,General,General
位,くらい,kurai,"grade, rank, about",N3,,General,General
暮らし,くらし,kurashi,"living, livelihood, subsistence, circumstances",N3,,General,General
,クラシック,クラシック,classic(s),N3,,General,General
暮らす,くらす,kurasu,"to live, to get along",N3,,General,General
,グラス,グラス,"(1) glass, (2) grass",N3,,General,General
,グランド,グランド,"gland, grand, (electrical) ground",N3,,General,General
,クリーム,クリーム,cream,N3,,General,General
繰り返す,くりかえす,kurikaesu,"to repeat, to do something over again",N3,,General,General
,クリスマス,クリスマス,Christmas,N3,,General,General
狂う,くるう,kuruu,"to go mad, to get out of order",N3,,General,General
,グループ,グループ,group,N3,,General,General
苦しい,くるしい,kurushii,"painful, difficult",N3,,General,General
苦しむ,くるしむ,kurushimu,"to suffer, to groan, to be worried",N3,,General,General
暮れ,くれ,kure,"year end, sunset, nightfall, end",N3,,General,General
苦労,くろう,kurou,"troubles, hardships",N3,,General,General
加える,くわえる,kuwaeru,"to append, to sum up, to add (up)",N3,,General,General
詳しい,くわしい,kuwashii,"knowing very well, detailed, full, accurate",N3,,General,General
加わる,くわわる,kuwawaru,"to join in, to accede to, to increase, to gain in (influence)",N3,,General,General
訓,くん,kun,native Japanese reading of a Chinese character,N3,,General,General
軍,ぐん,gun,"army, force, troops",N3,,General,General
軍隊,ぐんたい,guntai,"army, troops",N3,,General,General
訓練,くんれん,kunren,"practice, training",N3,,General,General
下,げ,ge,"under, below, beneath",N3,,General,General
計,けい,kei,plan,N3,,General,General
敬意,けいい,keii,"respect, honour",N3,,General,General
経営,けいえい,keiei,"management, administration",N3,,General,General
計画,けいかく,keikaku,"plan, project, schedule, scheme, program",N3,,General,General
景気,けいき,keiki,"condition, state, business (condition)",N3,,General,General
経験,けいけん,keiken,experience,N3,,General,General
傾向,けいこう,keikou,"tendency, trend, inclination",N3,,General,General
警告,けいこく,keikoku,"warning, advice",N3,,General,General
計算,けいさん,keisan,"calculation, reckoning",N3,,General,General
掲示,けいじ,keiji,"notice, bulletin",N3,,General,General
刑事,けいじ,keiji,"criminal case, (police) detective",N3,,General,General
芸術,げいじゅつ,geijutsu,"(fine) art, the arts",N3,,General,General
契約,けいやく,keiyaku,"contract, compact, agreement",N3,,General,General
経由,けいゆ,keiyu,"go by the way, via",N3,,General,General
,ケース,ケース,case,N3,,General,General
,ゲーム,ゲーム,game,N3,,General,General
怪我,けが,kega,"injury (to animate object), hurt",N3,,General,General
劇,げき,geki,"drama, play",N3,,General,General
劇場,げきじょう,gekijou,"theatre, playhouse",N3,,General,General
化粧,けしょう,keshou,make-up (cosmetic),N3,,General,General
,けち,kechi,"stinginess, miser, miserliness",N3,,General,General
結果,けっか,kekka,"result, consequence",N3,,General,General
欠陥,けっかん,kekkan,"defect, fault, deficiency",N3,,General,General
結局,けっきょく,kekkyoku,"after all, eventually",N3,,General,General
決心,けっしん,kesshin,"determination, resolution",N3,,General,General
欠席,けっせき,kesseki,"absence, non-attendance",N3,,General,General
決定,けってい,kettei,"decision, determination",N3,,General,General
欠点,けってん,ketten,"faults, defect, weakness",N3,,General,General
月曜,げつよう,getsuyou,Monday,N3,,General,General
結論,けつろん,ketsuron,conclusion,N3,,General,General
煙,けむり,kemuri,"smoke, fumes",N3,,General,General
券,けん,ken,"ticket, coupon, bond, certificate",N3,,General,General
県,けん,ken,prefecture,N3,,General,General
軒,けん,ken,eaves,N3,,General,General
喧嘩,けんか,kenka,"quarrel, (drunken) brawl, failure",N3,,General,General
見解,けんかい,kenkai,"opinion, point of view",N3,,General,General
限界,げんかい,genkai,"limit, bound",N3,,General,General
現金,げんきん,genkin,"cash, ready money, mercenary, self-interested",N3,,General,General
言語,げんご,gengo,language,N3,,General,General
健康,けんこう,kenkou,"health, sound, wholesome",N3,,General,General
検査,けんさ,kensa,"inspection (e.g. customs,  factory), examination",N3,,General,General
現在,げんざい,genzai,"present, up to now, nowadays, modern times, current",N3,,General,General
現実,げんじつ,genjitsu,reality,N3,,General,General
現象,げんしょう,genshou,phenomenon,N3,,General,General
現状,げんじょう,genjou,"present condition, existing state, status quo",N3,,General,General
建設,けんせつ,kensetsu,"construction, establishment",N3,,General,General
現代,げんだい,gendai,"nowadays, modern times, present-day",N3,,General,General
建築,けんちく,kenchiku,"construction, architecture",N3,,General,General
見当,けんとう,kentou,"be found, aim, estimate, guess, approx",N3,,General,General
検討,けんとう,kentou,"consideration, examination, investigation, study, scrutiny",N3,,General,General
現場,げんば,genba,"actual spot, scene, scene of the crime",N3,,General,General
憲法,けんぽう,kenpou,constitution,N3,,General,General
権利,けんり,kenri,"right, privilege",N3,,General,General
後,ご,go,"afterwards, since then, in the future",N3,,General,General
語,ご,go,"language, word",N3,,General,General
恋,こい,koi,"love, tender passion",N3,,General,General
濃い,こい,koi,"thick (as of color,  liquid), dense, strong",N3,,General,General
恋人,こいびと,koibito,"lover, sweetheart",N3,,General,General
幸運,こううん,kouun,"good luck, fortune",N3,,General,General
講演,こうえん,kouen,"lecture, address",N3,,General,General
効果,こうか,kouka,"effect, effectiveness, efficacy, result",N3,,General,General
硬貨,こうか,kouka,coin,N3,,General,General
高価,こうか,kouka,high price,N3,,General,General
豪華,ごうか,gouka,"wonderful, gorgeous, splendor, pomp, extravagance",N3,,General,General
合格,ごうかく,goukaku,"success, passing (e.g. exam), eligibility",N3,,General,General
交換,こうかん,koukan,"exchange, interchange, reciprocity",N3,,General,General
航空,こうくう,koukuu,"aviation, flying",N3,,General,General
光景,こうけい,koukei,"scene, spectacle",N3,,General,General
合計,ごうけい,goukei,"sum total, total amount",N3,,General,General
攻撃,こうげき,kougeki,"attack, strike, offensive, criticism, censure",N3,,General,General
貢献,こうけん,kouken,"contribution, services",N3,,General,General
広告,こうこく,koukoku,advertisement,N3,,General,General
交際,こうさい,kousai,"company, friendship, association, society, acquaintance",N3,,General,General
後者,こうしゃ,kousha,the latter,N3,,General,General
工場,こうば,kouba,"factory, plant, mill, workshop",N3,,General,General
構成,こうせい,kousei,"organization, composition",N3,,General,General
高速,こうそく,kousoku,"high speed, high gear",N3,,General,General
行動,こうどう,koudou,"action, conduct, behaviour, mobilization",N3,,General,General
強盗,ごうとう,goutou,"robbery, burglary",N3,,General,General
幸福,こうふく,koufuku,"happiness, blessedness",N3,,General,General
公平,こうへい,kouhei,"fairness, impartial, justice",N3,,General,General
候補,こうほ,kouho,candidacy,N3,,General,General
考慮,こうりょ,kouryo,"consideration, taking into account",N3,,General,General
越える,こえる,koeru,"to exceed, to cross over, to cross",N3,,General,General
,コーチ,コーチ,coach,N3,,General,General
,コード,コード,"code, cord, chord",N3,,General,General
氷,こおり,koori,"ice, hail",N3,,General,General
凍る,こおる,kooru,"to freeze, to be frozen over, to congeal",N3,,General,General
,ゴール,ゴール,goal,N3,,General,General
誤解,ごかい,gokai,misunderstanding,N3,,General,General
語学,ごがく,gogaku,language study,N3,,General,General
呼吸,こきゅう,kokyuu,"breath, respiration",N3,,General,General
故郷,こきょう,kokyou,"home town, birthplace, old village, historic village",N3,,General,General
極,ごく,goku,"quite, very",N3,,General,General
国語,こくご,kokugo,national language,N3,,General,General
黒板,こくばん,kokuban,blackboard,N3,,General,General
克服,こくふく,kokufuku,"subjugation, conquest",N3,,General,General
国民,こくみん,kokumin,"national, people, citizen",N3,,General,General
穀物,こくもつ,kokumotsu,"grain, cereal, corn",N3,,General,General
,ここ,koko,here,N3,,General,General
腰,こし,koshi,hip,N3,,General,General
故障,こしょう,koshou,"break-down, failure, accident, out of order",N3,,General,General
個人,こじん,kojin,"individual, private person, personal, private",N3,,General,General
越す,こす,kosu,to go over (e.g. with audience),N3,,General,General
国家,こっか,kokka,"state, country, nation",N3,,General,General
国会,こっかい,kokkai,"National Diet, parliament, congress",N3,,General,General
国境,こっきょう,kokkyou,national or state border,N3,,General,General
骨折,こっせつ,kossetsu,bone fracture,N3,,General,General
小包,こづつみ,kozutsumi,"parcel, package",N3,,General,General
事,こと,koto,"thing, matter, fact, circumstances",N3,,General,General
異なる,ことなる,kotonaru,"to differ, to vary, to disagree",N3,,General,General
諺,ことわざ,kotowaza,"proverb, maxim",N3,,General,General
断る,ことわる,kotowaru,"to refuse, to decline, to dismiss",N3,,General,General
粉,こな,kona,"flour, meal, powder",N3,,General,General
,この,kono,this,N3,,General,General
好み,このみ,konomi,"liking, taste, choice",N3,,General,General
好む,このむ,konomu,"to like, to prefer",N3,,General,General
,コピー,コピー,"(1) a (photo)copy, (2) blurb on a book jacket",N3,,General,General
塵,ごみ,gomi,"dust, dirt",N3,,General,General
小麦,こむぎ,komugi,wheat,N3,,General,General
,ごめんなさい,gomennasai,"I beg your pardon, excuse me",N3,,General,General
小屋,こや,koya,"hut, cabin, shed, (animal) pen",N3,,General,General
,これら,korera,these,N3,,General,General
頃,ころ,koro,"time, about, toward, approximately (time)",N3,,General,General
殺す,ころす,korosu,to kill,N3,,General,General
転ぶ,ころぶ,korobu,"to fall down, to fall over",N3,,General,General
今回,こんかい,konkai,"now, this time, lately",N3,,General,General
今後,こんご,kongo,"from now on, hereafter",N3,,General,General
混雑,こんざつ,konzatsu,"confusion, congestion",N3,,General,General
,こんなに,konnani,"so, like this, in this way",N3,,General,General
困難,こんなん,konnan,"difficulty, distress",N3,,General,General
今日,こんにち,konnichi,"today, this day",N3,,General,General
,こんにちは,konnichiha,"hello, good day (daytime greeting,  id)",N3,,General,General
,コンピューター,コンピューター,computer,N3,,General,General
婚約,こんやく,konyaku,"engagement, betrothal",N3,,General,General
混乱,こんらん,konran,"disorder, chaos, confusion, mayhem",N3,,General,General
差,さ,sa,"difference, variation",N3,,General,General
,サービス,サービス,"(1) service, support system, (2) goods or services without charge",N3,,General,General
際,さい,sai,"on the occasion of, circumstances",N3,,General,General
最高,さいこう,saikou,"highest, supreme, the most",N3,,General,General
財産,ざいさん,zaisan,"property, fortune, assets",N3,,General,General
最終,さいしゅう,saishuu,"last, final, closing",N3,,General,General
最中,さいちゅう,saichuu,in the middle of,N3,,General,General
最低,さいてい,saitei,"least, lowest, worst",N3,,General,General
才能,さいのう,sainou,"talent, ability",N3,,General,General
裁判,さいばん,saiban,"trial, judgement",N3,,General,General
材料,ざいりょう,zairyou,"ingredients, material",N3,,General,General
幸い,さいわい,saiwai,"happiness, blessedness",N3,,General,General
,サイン,サイン,"(1) autograph, (2) sign, (3) sine",N3,,General,General
境,さかい,sakai,"border, boundary, mental state",N3,,General,General
逆らう,さからう,sakarau,"to go against, to oppose, to disobey, to defy",N3,,General,General
盛り,さかり,sakari,"helping, serving",N3,,General,General
作業,さぎょう,sagyou,"work, operation, manufacturing, fatigue duty",N3,,General,General
昨,さく,saku,"last (year), yesterday",N3,,General,General
作品,さくひん,sakuhin,"work, opus, performance, production",N3,,General,General
作物,さくもつ,sakumotsu,"produce (e.g. agricultural), crops",N3,,General,General
桜,さくら,sakura,"cherry blossom, cherry tree",N3,,General,General
酒,さけ,sake,"alcohol, sake",N3,,General,General
叫ぶ,さけぶ,sakebu,"to shout, to cry",N3,,General,General
避ける,さける,sakeru,"(1) to avoid (physical contact ), (2) to ward off, to avert",N3,,General,General
支える,ささえる,sasaeru,"to be blocked, to choke, to be obstructed",N3,,General,General
指す,さす,sasu,"to point, to put up umbrella, to play",N3,,General,General
座席,ざせき,zaseki,seat,N3,,General,General
誘う,さそう,sasou,"(1) to invite, to ask, (2) to tempt, to lure, to induce",N3,,General,General
札,さつ,satsu,"(1) token, label, (2) ticket, (3) charm",N3,,General,General
作家,さっか,sakka,"author, writer, novelist, artist",N3,,General,General
作曲,さっきょく,sakkyoku,"composition, setting (of music)",N3,,General,General
,ざっと,zatto,"roughly, in round numbers",N3,,General,General
,さっぱり,sappari,"feeling refreshed, feeling relieved, neat, trimmed",N3,,General,General
,さて,sate,"well, now, then",N3,,General,General
砂漠,さばく,sabaku,desert,N3,,General,General
差別,さべつ,sabetsu,"discrimination, distinction, differentiation",N3,,General,General
作法,さほう,sahou,"manners, etiquette, propriety",N3,,General,General
様々,さまざま,samazama,"varied, various",N3,,General,General
覚ます,さます,samasu,to awaken,N3,,General,General
覚める,さめる,sameru,"to wake, to wake up",N3,,General,General
左右,さゆう,sayuu,"(1) left and right, (2) influence, control, domination",N3,,General,General
皿,さら,sara,"plate, dish",N3,,General,General
更に,さらに,sarani,"furthermore, again, after all, more and more, moreover",N3,,General,General
去る,さる,saru,"to leave, to go away",N3,,General,General
猿,さる,saru,monkey,N3,,General,General
騒ぎ,さわぎ,sawagi,"uproar, disturbance",N3,,General,General
参加,さんか,sanka,participation,N3,,General,General
参考,さんこう,sankou,"reference, consultation",N3,,General,General
賛成,Uӣい,Uӣi,"approval, agreement, support, favour",N3,,General,General
酸素,さんそ,sanso,oxygen,N3,,General,General
散歩,さんぽ,sanpo,"walk, stroll",N3,,General,General
四,し,shi,four,N3,,General,General
氏,し,shi,"family name, lineage, birth",N3,,General,General
詩,し,shi,"poem, verse of poetry",N3,,General,General
幸せ,しあわせ,shiawase,"happiness, good fortune, luck, blessing",N3,,General,General
,ジーンズ,ジーンズ,jeans,N3,,General,General
ジェット機,ジェットき,ジェットki,jet aeroplane,N3,,General,General
直に,じかに,jikani,"immediately, readily, directly",N3,,General,General
,しかも,shikamo,"moreover, furthermore, nevertheless, and yet",N3,,General,General
叱る,しかる,shikaru,to scold,N3,,General,General
式,しき,shiki,"equation, formula, ceremony",N3,,General,General
直,じき,jiki,"earnestly, immediately, exactly",N3,,General,General
時期,じき,jiki,"time, season, period",N3,,General,General
支給,しきゅう,shikyuu,"payment, allowance",N3,,General,General
,しきりに,shikirini,"frequently, repeatedly, incessantly, eagerly",N3,,General,General
刺激,しげき,shigeki,"stimulus, impetus, incentive",N3,,General,General
資源,しげん,shigen,resources,N3,,General,General
事件,じけん,jiken,"event, affair, incident",N3,,General,General
時刻,じこく,jikoku,"instant, time, moment",N3,,General,General
自殺,じさつ,jisatsu,suicide,N3,,General,General
事実,じじつ,jijitsu,"fact, truth, reality",N3,,General,General
支出,ししゅつ,shishutsu,"expenditure, expenses",N3,,General,General
事情,じじょう,jijou,"circumstances, consideration, conditions, situation, reasons",N3,,General,General
詩人,しじん,shijin,poet,N3,,General,General
自身,じしん,jishin,"by oneself, personally",N3,,General,General
沈む,しずむ,shizumu,"to sink, to feel depressed",N3,,General,General
自然,しぜん,shizen,"nature, spontaneous",N3,,General,General
思想,しそう,shisou,"thought, idea",N3,,General,General
舌,した,shita,tongue,N3,,General,General
次第,しだい,shidai,"(1) order, precedence, (2) circumstances, (3) immediate(ly)",N3,,General,General
事態,じたい,jitai,"situation, present state of affairs",N3,,General,General
従う,したがう,shitagau,"to abide (by the rules), to obey, to follow, to accompany",N3,,General,General
,したがって,shitagatte,"therefore, consequently, in accordance with",N3,,General,General
支度,したく,shitaku,preparation,N3,,General,General
親しい,したしい,shitashii,"intimate, close (e.g. friend)",N3,,General,General
七,しち,shichi,seven,N3,,General,General
質,しつ,shitsu,"quality, nature (of person)",N3,,General,General
失業,しつぎょう,shitsugyou,unemployment,N3,,General,General
実験,じっけん,jikken,experiment,N3,,General,General
実現,じつげん,jitsugen,"implementation, materialization, realization",N3,,General,General
実行,じっこう,jikkou,"practice, performance, execution (e.g. program), realization",N3,,General,General
実際,じっさい,jissai,"practical, actual condition, status quo",N3,,General,General
実施,じっし,jisshi,"enforcement, enact, put into practice, carry out, operation",N3,,General,General
,じっと,jitto,"fixedly, firmly, patiently, quietly",N3,,General,General
実に,じつに,jitsuni,"indeed, truly, surely",N3,,General,General
実は,じつは,jitsuha,"as a matter of fact, by the way",N3,,General,General
失望,しつぼう,shitsubou,"disappointment, despair",N3,,General,General
支店,してん,shiten,branch store (office),N3,,General,General
指導,しどう,shidou,"leadership, guidance, coaching",N3,,General,General
自動,じどう,jidou,"automatic, self-motion",N3,,General,General
品,しな,shina,"thing, article, goods, dignity, article (goods), counter for meal courses",N3,,General,General
支配,しはい,shihai,"rule, control, direction",N3,,General,General
芝居,しばい,shibai,"play, drama",N3,,General,General
,しばしば,shibashiba,"often, again and again, frequently",N3,,General,General
芝生,しばふ,shibafu,lawn,N3,,General,General
支払,しはらい,shiharai,payment,N3,,General,General
支払う,しはらう,shiharau,to pay,N3,,General,General
死亡,しぼう,shibou,"death, mortality",N3,,General,General
資本,しほん,shihon,"funds, capital",N3,,General,General
しまい,（終わり）,（終wari）,sisters,N3,,General,General
姉妹,しまい,shimai,sisters,N3,,General,General
しまう,（終わる）,（終waru）,"to finish, to close, to do something completely",N3,,General,General
しまった,（感）,（感）,Damn it!,N3,,General,General
自慢,じまん,jiman,"pride, boast",N3,,General,General
事務,じむ,jimu,"business, office work",N3,,General,General
示す,しめす,shimesu,"to denote, to show, to point out, to indicate",N3,,General,General
占める,しめる,shimeru,"(1) to comprise, to account for, to make up (of), (2) to hold, to occupy",N3,,General,General
下,しも,shimo,"under, below, beneath",N3,,General,General
霜,しも,shimo,frost,N3,,General,General
,じゃあ,jaa,"well, well then",N3,,General,General
借金,しゃっきん,shakkin,"debt, loan, liabilities",N3,,General,General
,しゃべる,shaberu,"to talk, to chat, to chatter",N3,,General,General
邪魔,じゃま,jama,"hindrance, intrusion",N3,,General,General
週,しゅう,shuu,week,N3,,General,General
州,しゅう,shuu,sandbank,N3,,General,General
十,じゅう,juu,"10, ten",N3,,General,General
銃,じゅう,juu,gun,N3,,General,General
周囲,しゅうい,shuui,"surroundings, circumference, environs",N3,,General,General
収穫,しゅうかく,shuukaku,"harvest, crop, ingathering",N3,,General,General
週間,しゅうかん,shuukan,"week, weekly",N3,,General,General
宗教,しゅうきょう,shuukyou,religion,N3,,General,General
重視,じゅうし,juushi,"importance, stress, serious consideration",N3,,General,General
就職,しゅうしょく,shuushoku,"finding employment, inauguration",N3,,General,General
,ジュース,ジュース,"juice, soft drink, deuce",N3,,General,General
修正,しゅうせい,shuusei,"amendment, correction, revision, modification",N3,,General,General
渋滞,じゅうたい,juutai,"congestion (e.g. traffic), delay, stagnation",N3,,General,General
重大,じゅうだい,juudai,"serious, important, grave, weighty",N3,,General,General
住宅,じゅうたく,juutaku,"resident, housing",N3,,General,General
集団,しゅうだん,shuudan,"group, mass",N3,,General,General
集中,しゅうちゅう,shuuchuu,"concentration, focusing the mind",N3,,General,General
収入,しゅうにゅう,shuunyuu,"income, receipts, revenue",N3,,General,General
住民,じゅうみん,juumin,"citizens, inhabitants, residents, population",N3,,General,General
重要,じゅうよう,juuyou,"important, momentous, essential, principal, major",N3,,General,General
修理,しゅうり,shuuri,"repairing, mending",N3,,General,General
主義,しゅぎ,shugi,"doctrine, rule, principle",N3,,General,General
宿泊,しゅくはく,shukuhaku,lodging,N3,,General,General
手術,しゅじゅつ,shujutsu,surgical operation,N3,,General,General
首相,しゅしょう,shushou,Prime Minister,N3,,General,General
手段,しゅだん,shudan,"means, way, measure",N3,,General,General
主張,しゅちょう,shuchou,"claim, request, insistence, assertion",N3,,General,General
出身,しゅっしん,shusshin,"graduate from, come from",N3,,General,General
出席,しゅっせき,shusseki,"attendance, presence",N3,,General,General
出発,しゅっぱつ,shuppatsu,departure,N3,,General,General
出版,しゅっぱん,shuppan,publication,N3,,General,General
首都,しゅと,shuto,capital city,N3,,General,General
主婦,しゅふ,shufu,"housewife, mistress",N3,,General,General
主要,しゅよう,shuyou,"chief, main, principal, major",N3,,General,General
需要,じゅよう,juyou,"demand, request",N3,,General,General
種類,しゅるい,shurui,"variety, kind, type",N3,,General,General
順,じゅん,jun,"order, turn",N3,,General,General
瞬間,しゅんかん,shunkan,"moment, second, instant",N3,,General,General
順調,じゅんちょう,junchou,"favourable, doing well, O.K., all right",N3,,General,General
順番,じゅんばん,junban,"turn (in line), order of things",N3,,General,General
準備,じゅんび,junbi,"preparation, arrangements, provision, reserve",N3,,General,General
使用,しよう,shiyou,"use, application, employment, utilization",N3,,General,General
小,しょう,shou,,N3,,General,General
章,しょう,shou,"(1) chapter, section, (2) medal",N3,,General,General
賞,しょう,shou,"prize, award",N3,,General,General
上,じょう,jou,"(1) first volume, (2) superior quality, (3) governmental",N3,,General,General
障害,しょうがい,shougai,"obstacle, impediment (fault), damage",N3,,General,General
奨学金,しょうがくきん,shougakukin,scholarship,N3,,General,General
乗客,じょうきゃく,joukyaku,passenger,N3,,General,General
上京,じょうきょう,joukyou,proceeding to the capital (Tokyo),N3,,General,General
状況,じょうきょう,joukyou,"state of affairs, situation, circumstances",N3,,General,General
条件,じょうけん,jouken,"conditions, terms",N3,,General,General
正午,しょうご,shougo,"noon, mid-day",N3,,General,General
正直,しょうじき,shoujiki,"honesty, integrity, frankness",N3,,General,General
常識,じょうしき,joushiki,common sense,N3,,General,General
少女,しょうじょ,shoujo,"daughter, young lady, virgin, maiden, little girl",N3,,General,General
少々,しょうしょう,shoushou,"just a minute, small quantity",N3,,General,General
症状,しょうじょう,shoujou,"symptoms, condition",N3,,General,General
生じる,しょうじる,shoujiru,"to produce, to yield, to result from, to arise, to be generated",N3,,General,General
招待,しょうたい,shoutai,invitation,N3,,General,General
状態,じょうたい,joutai,"condition, situation, circumstances, state",N3,,General,General
上達,じょうたつ,joutatsu,"improvement, advance, progress",N3,,General,General
冗談,じょうだん,joudan,"jest, joke",N3,,General,General
承知,しょうち,shouchi,"consent, acceptance, assent, admitting",N3,,General,General
上等,じょうとう,joutou,"superiority, first class, very good",N3,,General,General
衝突,しょうとつ,shoutotsu,"collision, conflict",N3,,General,General
商人,しょうにん,shounin,"trader, shopkeeper, merchant",N3,,General,General
承認,しょうにん,shounin,"recognition, acknowledgement, approval, consent, agreement",N3,,General,General
少年,しょうねん,shounen,"boys, juveniles",N3,,General,General
商売,しょうばい,shoubai,"trade, business, commerce, transaction, occupation",N3,,General,General
消費,しょうひ,shouhi,"consumption, expenditure",N3,,General,General
商品,しょうひん,shouhin,"commodity, article of commerce, goods, stock, merchandise",N3,,General,General
消防,しょうぼう,shoubou,"fire fighting, fire department",N3,,General,General
情報,じょうほう,jouhou,"information, (military) intelligence",N3,,General,General
証明,しょうめい,shoumei,"proof, verification",N3,,General,General
女王,じょおう,joou,queen,N3,,General,General
職,しょく,shoku,employment,N3,,General,General
職業,しょくぎょう,shokugyou,"occupation, business",N3,,General,General
食事,しょくじ,shokuji,meal,N3,,General,General
食卓,しょくたく,shokutaku,dining table,N3,,General,General
食品,しょくひん,shokuhin,"commodity, foodstuff",N3,,General,General
植物,しょくぶつ,shokubutsu,"plant, vegetation",N3,,General,General
食物,しょくもつ,shokumotsu,"food, foodstuff",N3,,General,General
食欲,しょくよく,shokuyoku,appetite (for food),N3,,General,General
食料,しょくりょう,shokuryou,food,N3,,General,General
食糧,しょくりょう,shokuryou,"provisions, rations",N3,,General,General
書斎,しょさい,shosai,study,N3,,General,General
女子,じょし,joshi,"woman, girl",N3,,General,General
助手,じょしゅ,joshu,"helper, helpmeet, assistant, tutor",N3,,General,General
徐々に,じょじょに,jojoni,"slowly, little by little, gradually, steadily, quietly",N3,,General,General
署名,しょめい,shomei,signature,N3,,General,General
書物,しょもつ,shomotsu,books,N3,,General,General
女優,じょゆう,joyuu,actress,N3,,General,General
処理,しょり,shori,"processing, dealing with, treatment, disposition, disposal",N3,,General,General
書類,しょるい,shorui,"documents, official papers",N3,,General,General
知らせ,しらせ,shirase,notice,N3,,General,General
尻,しり,shiri,"buttocks, bottom",N3,,General,General
印,しるし,shirushi,"(1) mark, (2) symbol, (3) evidence",N3,,General,General
城,しろ,shiro,castle,N3,,General,General
進学,しんがく,shingaku,going on to university,N3,,General,General
神経,しんけい,shinkei,"nerve, sensitivity",N3,,General,General
真剣,しんけん,shinken,"seriousness, earnestness",N3,,General,General
信仰,しんこう,shinkou,"(religious) faith, belief, creed",N3,,General,General
信号,しんごう,shingou,"traffic lights, signal, semaphore",N3,,General,General
人工,じんこう,jinkou,"artificial, manmade, human work, human skill, artificiality",N3,,General,General
深刻,しんこく,shinkoku,serious,N3,,General,General
診察,しんさつ,shinsatsu,medical examination,N3,,General,General
人種,じんしゅ,jinshu,race (of people),N3,,General,General
信じる,しんじる,shinjiru,"to believe, to place trust in",N3,,General,General
人生,じんせい,jinsei,(human) life (i.e. conception to death),N3,,General,General
親戚,しんせき,shinseki,relative,N3,,General,General
新鮮,しんせん,shinsen,fresh,N3,,General,General
心臓,しんぞう,shinzou,heart,N3,,General,General
身体,しんたい,shintai,the body,N3,,General,General
身長,しんちょう,shinchou,"height (of body), stature",N3,,General,General
慎重,しんちょう,shinchou,"discretion, prudence",N3,,General,General
心配,しんぱい,shinpai,"worry, concern, anxiety, care",N3,,General,General
審判,しんぱん,shinpan,"refereeing, trial, judgement, umpire, referee",N3,,General,General
人物,じんぶつ,jinbutsu,"character, personality, person, man, personage, talented man",N3,,General,General
進歩,しんぽ,shinpo,"progress, development",N3,,General,General
親友,しんゆう,shinyuu,"close friend, buddy",N3,,General,General
信用,しんよう,shinyou,"confidence, dependence, credit, faith",N3,,General,General
信頼,しんらい,shinrai,"reliance, trust, confidence",N3,,General,General
心理,しんり,shinri,mentality,N3,,General,General
人類,じんるい,jinrui,"mankind, humanity",N3,,General,General
巣,す,su,"nest, rookery, breeding place, beehive, cobweb",N3,,General,General
図,ず,zu,"figure (e.g. Fig 1), drawing, picture, illustration",N3,,General,General
水準,すいじゅん,suijun,"(1) water level, (2) level, standard",N3,,General,General
推薦,すいせん,suisen,recommendation,N3,,General,General
,スイッチ,スイッチ,switch,N3,,General,General
随分,ずいぶん,zuibun,extremely,N3,,General,General
睡眠,すいみん,suimin,sleep,N3,,General,General
数,すう,suu,"number, figure",N3,,General,General
数字,すうじ,suuji,"numeral, figure",N3,,General,General
,スープ,スープ,(Western) soup,N3,,General,General
末,すえ,sue,"the end of, powder",N3,,General,General
姿,すがた,sugata,"figure, shape, appearance",N3,,General,General
,スキー,スキー,skiing,N3,,General,General
空く,すく,suku,"(1) to open, to become empty, (2) to be less crowded",N3,,General,General
救う,すくう,sukuu,"to rescue from, to help out of",N3,,General,General
優れる,すぐれる,sugureru,"to surpass, to outstrip, to excel",N3,,General,General
,スケート,スケート,"skate(s), skating",N3,,General,General
,すごい,sugoi,"terrible, dreadful, terrific, amazing, great",N3,,General,General
少しも,すこしも,sukoshimo,"anything of, not one bit",N3,,General,General
過ごす,すごす,sugosu,"to pass, to spend, to go through, to tide over",N3,,General,General
筋,すじ,suji,"muscle, string, line",N3,,General,General
進める,すすめる,susumeru,"to advance, to promote, to hasten",N3,,General,General
勧める,すすめる,susumeru,"to recommend, to advise, to encourage, to offer (wine)",N3,,General,General
,スター,スター,star,N3,,General,General
,スタイル,スタイル,style,N3,,General,General
,スタンド,スタンド,stand,N3,,General,General
頭痛,ずつう,zutsuu,headache,N3,,General,General
,ずっと,zutto,"consecutively, throughout, a lot",N3,,General,General
,すてき,suteki,"lovely, dreamy, beautiful, great",N3,,General,General
既に,すでに,sudeni,"already, too late",N3,,General,General
,すなわち,sunawachi,"that is, namely, i.e.",N3,,General,General
素晴らしい,すばらしい,subarashii,"wonderful, splendid, magnificent",N3,,General,General
,スピーチ,スピーチ,speech,N3,,General,General
全て,すべて,subete,"all, the whole, entirely, in general, wholly",N3,,General,General
済ませる,すませる,sumaseru,to be finished,N3,,General,General
角,すみ,sumi,horn,N3,,General,General
すみません,（感）,（感）,"sorry, excuse me",N3,,General,General
為る,する,suru,"to change, to be of use, to reach to",N3,,General,General
,すると,suruto,"thereupon, hereupon",N3,,General,General
鋭い,するどい,surudoi,"pointed, sharp",N3,,General,General
背,せい,sei,"height, stature",N3,,General,General
正,せい,sei,"(logical) true, regular",N3,,General,General
生,せい,sei,"(1) draft (beer), (2) raw, unprocessed",N3,,General,General
性,せい,sei,"sex, gender",N3,,General,General
所為,せい,sei,"cause, reason, fault",N3,,General,General
税,ぜい,zei,,N3,,General,General
性格,せいかく,seikaku,"character, personality",N3,,General,General
正確,せいかく,seikaku,"accurate, punctuality, exactness, authenticity, veracity",N3,,General,General
世紀,せいき,seiki,"century, era",N3,,General,General
請求,せいきゅう,seikyuu,"claim, demand, application, request",N3,,General,General
税金,ぜいきん,zeikin,"tax, duty",N3,,General,General
清潔,せいけつ,seiketsu,clean,N3,,General,General
制限,せいげん,seigen,"restriction, restraint, limitation",N3,,General,General
成功,せいこう,seikou,"success, hit",N3,,General,General
生産,せいさん,seisan,"production, manufacture",N3,,General,General
正式,せいしき,seishiki,"due form, official, formality",N3,,General,General
精神,せいしん,seishin,"mind, soul, heart, spirit, intention",N3,,General,General
成人,せいじん,seijin,adult,N3,,General,General
精々,せいぜい,seizei,"at the most, at best, to the utmost, as much (far) as possible",N3,,General,General
成績,せいせき,seiseki,"results, record",N3,,General,General
製造,せいぞう,seizou,"manufacture, production",N3,,General,General
贅沢,ぜいたく,zeitaku,"luxury, extravagance",N3,,General,General
成長,せいちょう,seichou,"growth, grow to adulthood",N3,,General,General
制度,せいど,seido,"system, institution, organization",N3,,General,General
青年,せいねん,seinen,"youth, young man",N3,,General,General
製品,せいひん,seihin,"manufactured goods, finished goods",N3,,General,General
政府,せいふ,seifu,"government, administration",N3,,General,General
生物,せいぶつ,seibutsu,raw food,N3,,General,General
生命,せいめい,seimei,"life, existence",N3,,General,General
整理,せいり,seiri,"sorting, arrangement, adjustment, regulation",N3,,General,General
咳,せき,seki,cough,N3,,General,General
石炭,せきたん,sekitan,coal,N3,,General,General
責任,せきにん,sekinin,"duty, responsibility",N3,,General,General
石油,せきゆ,sekiyu,"oil, petroleum, kerosene",N3,,General,General
世間,せけん,seken,"world, society",N3,,General,General
説,せつ,setsu,theory,N3,,General,General
積極的,せっきょくてき,sekkyokuteki,"positive, active, proactive",N3,,General,General
設計,せっけい,sekkei,"plan, design",N3,,General,General
絶対,ぜったい,zettai,"absolute, unconditional, absoluteness",N3,,General,General
,セット,セット,set,N3,,General,General
設備,せつび,setsubi,"equipment, device, facilities, installation",N3,,General,General
絶滅,ぜつめつ,zetsumetsu,"destruction, extinction",N3,,General,General
節約,せつやく,setsuyaku,"economising, saving",N3,,General,General
是非,ぜひ,zehi,"certainly, without fail",N3,,General,General
責める,せめる,semeru,"to condemn, to blame, to criticize",N3,,General,General
世話,せわ,sewa,"looking after, help, aid, assistance",N3,,General,General
善,ぜん,zen,"good, goodness, right, virtue",N3,,General,General
全,ぜん,zen,"all, whole, entire, complete, overall, pan",N3,,General,General
全員,ぜんいん,zenin,"all members (unanimity), all hands, the whole crew",N3,,General,General
専攻,せんこう,senkou,"major subject, special study",N3,,General,General
全国,ぜんこく,zenkoku,"country-wide, nation-wide, whole country, national",N3,,General,General
先日,せんじつ,senjitsu,"the other day, a few days ago",N3,,General,General
前者,ぜんしゃ,zensha,the former,N3,,General,General
選手,せんしゅ,senshu,"(1) player (in game), (2) team",N3,,General,General
前進,ぜんしん,zenshin,"advance, drive, progress",N3,,General,General
全然,ぜんぜん,zenzen,"(1) wholly, entirely, completely, (2) not at all (with neg. verb)",N3,,General,General
,センター,センター,a center,N3,,General,General
全体,ぜんたい,zentai,"whole, entirety, whatever (is the matter)",N3,,General,General
選択,せんたく,sentaku,"selection, choice",N3,,General,General
,そう,sou,so,N3,,General,General
象,ぞう,zou,elephant,N3,,General,General
騒音,そうおん,souon,noise,N3,,General,General
増加,ぞうか,zouka,"increase, addition",N3,,General,General
操作,そうさ,sousa,"operation, management, processing",N3,,General,General
掃除,そうじ,souji,"cleaning, sweeping",N3,,General,General
想像,そうぞう,souzou,"imagination, guess",N3,,General,General
相続,そうぞく,souzoku,"succession, inheritance",N3,,General,General
相談,そうだん,soudan,"consultation, discussion",N3,,General,General
装置,そうち,souchi,"equipment, installation, apparatus",N3,,General,General
相当,そうとう,soutou,"suitable, fair, tolerable, proper",N3,,General,General
速度,そくど,sokudo,"speed, velocity, rate",N3,,General,General
,そこ,soko,"bottom, sole",N3,,General,General
底,そこ,soko,"bottom, sole",N3,,General,General
,そこで,sokode,"so (conj), accordingly, now, then, thereupon",N3,,General,General
組織,そしき,soshiki,"(1) organization, (2) structure, construction, (3) tissue, (4) system",N3,,General,General
,そして,soshite,and,N3,,General,General
注ぐ,そそぐ,sosogu,"to pour (into), to irrigate, to pay, to fill, to feed (e.g. a fire)",N3,,General,General
育つ,そだつ,sodatsu,"to raise (child), to be brought up, to grow (up)",N3,,General,General
,そっくり,sokkuri,"all, altogether, entirely, be just like, the splitting image of",N3,,General,General
,そっと,sotto,face of the earth,N3,,General,General
袖,そで,sode,sleeve,N3,,General,General
備える,そなえる,sonaeru,"to furnish, to provide for, to equip, to install",N3,,General,General
,その,sono,"the, that",N3,,General,General
,そのうち,sonouchi,"eventually, sooner or later, of the previously mentioned",N3,,General,General
,そのまま,sonomama,"without change, as it is (i.e. now)",N3,,General,General
側,そば,soba,"side, edge, third person",N3,,General,General
,ソファー,ソファー,"sofa, couch",N3,,General,General
粗末,そまつ,somatsu,"crude, rough, plain, humble",N3,,General,General
それ,（接。感）,（接感）,"it, that",N3,,General,General
,それぞれ,sorezore,"each, every, either, respectively, severally",N3,,General,General
,それでも,soredemo,"but (still), and yet, nevertheless, even so, notwithstanding",N3,,General,General
,それと,soreto,,N3,,General,General
,それとも,soretomo,"or, or else",N3,,General,General
損,そん,son,"loss, disadvantage",N3,,General,General
損害,そんがい,songai,"damage, injury, loss",N3,,General,General
尊敬,そんけい,sonkei,"respect, esteem, reverence, honour",N3,,General,General
存在,そんざい,sonzai,"existence, being",N3,,General,General
尊重,そんちょう,sonchou,"respect, esteem, regard",N3,,General,General
田,た,ta,rice field,N3,,General,General
他,た,ta,other (esp. places and things),N3,,General,General
対,たい,tai,"pair, couple, set",N3,,General,General
大,だい,dai,,N3,,General,General
台,だい,dai,"stand, rack, table, support",N3,,General,General
題,だい,dai,"title, subject, theme, topic",N3,,General,General
体育,たいいく,taiiku,"physical education, gymnastics, athletics",N3,,General,General
体温,たいおん,taion,temperature (body),N3,,General,General
大会,たいかい,taikai,"convention, tournament, mass meeting, rally",N3,,General,General
大気,たいき,taiki,atmosphere,N3,,General,General
代金,だいきん,daikin,"price, payment, cost, charge",N3,,General,General
退屈,たいくつ,taikutsu,"tedium, boredom",N3,,General,General
滞在,たいざい,taizai,"stay, sojourn",N3,,General,General
大使,たいし,taishi,ambassador,N3,,General,General
大した,たいした,taishita,"considerable, great, important, significant, a big deal",N3,,General,General
対象,たいしょう,taishou,"target, object (of worship,  study,  etc), subject (of taxation,  etc)",N3,,General,General
大臣,だいじん,daijin,cabinet minister,N3,,General,General
対する,たいする,taisuru,"to face, to confront, to oppose",N3,,General,General
大戦,たいせん,taisen,"great war, great battle",N3,,General,General
大抵,たいてい,taitei,"usually, generally",N3,,General,General
態度,たいど,taido,"attitude, manner",N3,,General,General
大統領,だいとうりょう,daitouryou,"president, chief executive",N3,,General,General
大半,たいはん,taihan,"majority, mostly, generally",N3,,General,General
代表,だいひょう,daihyou,"representative, representation, delegation, type, example, model",N3,,General,General
大部分,だいぶぶん,daibubun,"most part, greater part, majority",N3,,General,General
,タイプライター,タイプライター,typewriter,N3,,General,General
大変,たいへん,taihen,"awful, dreadful, terrible, very",N3,,General,General
逮捕,たいほ,taiho,"arrest, apprehension, capture",N3,,General,General
,ダイヤ,ダイヤ,"(1) dyer, (2) diagram, (3) (railway) schedule, (4) diamond",N3,,General,General
太陽,たいよう,taiyou,"sun, solar",N3,,General,General
平ら,たいら,taira,"flatness, level, smooth, calm, plain",N3,,General,General
代理,だいり,dairi,"representation, agency, proxy, deputy, agent",N3,,General,General
大陸,たいりく,tairiku,continent,N3,,General,General
倒す,たおす,taosu,"to throw down, to beat, to bring down, to blow down",N3,,General,General
,タオル,タオル,(hand) towel,N3,,General,General
,だが,daga,,N3,,General,General
互い,たがい,tagai,"mutual, reciprocal",N3,,General,General
宝,たから,takara,treasure,N3,,General,General
,だから,dakara,"so, therefore",N3,,General,General
宅,たく,taku,"house, home, husband",N3,,General,General
,だけど,dakedo,however,N3,,General,General
確かめる,たしかめる,tashikameru,to ascertain,N3,,General,General
多少,たしょう,tashou,"more or less, somewhat, a little, some",N3,,General,General
助ける,たすける,tasukeru,"to help, to save, to rescue",N3,,General,General
,ただ,tada,"free of charge, mere, only",N3,,General,General
唯,ただ,tada,"free of charge, mere, sole, only, usual, common",N3,,General,General
戦い,たたかい,tatakai,"battle, fight, struggle, conflict",N3,,General,General
戦う,たたかう,tatakau,"to fight, to battle, to combat",N3,,General,General
叩く,たたく,tataku,"to strike, to clap, to dust, to beat",N3,,General,General
直ちに,ただちに,tadachini,"at once, immediately, directly, in person",N3,,General,General
立ち上がる,たちあがる,tachiagaru,to stand up,N3,,General,General
立場,たちば,tachiba,"standpoint, position, situation",N3,,General,General
経つ,たつ,tatsu,"to pass, to lapse",N3,,General,General
達する,たっする,tassuru,"to reach, to get to",N3,,General,General
唯,たった,tatta,"free of charge, mere, sole, only, usual, common",N3,,General,General
,だって,datte,"but, because, even, also, too",N3,,General,General
,たっぷり,tappuri,"full, in plenty, ample",N3,,General,General
縦,たて,tate,"length, height",N3,,General,General
,たとえ,tatoe,"simile, metaphor, allegory",N3,,General,General
谷,たに,tani,valley,N3,,General,General
他人,たにん,tanin,"another person, unrelated person, outsider, stranger",N3,,General,General
種,たね,tane,"(1) seed, (2) material, (3) cause, source",N3,,General,General
束,たば,taba,"handbreadth, bundle",N3,,General,General
度,たび,tabi,counter for occurrences,N3,,General,General
旅,たび,tabi,"travel, trip, journey",N3,,General,General
,たびたび,tabitabi,"often, repeatedly, frequently",N3,,General,General
多分,たぶん,tabun,"perhaps, probably",N3,,General,General
玉,たま,tama,"ball, sphere, coin",N3,,General,General
球,たま,tama,"globe, sphere, ball",N3,,General,General
弾,たま,tama,"bullet, shot, shell",N3,,General,General
偶,たま,tama,"even number, couple, man and wife, friend",N3,,General,General
偶々,たまたま,tamatama,"casually, unexpectedly, accidentally, by chance",N3,,General,General
,たまらない,tamaranai,"intolerable, unbearable, unendurable",N3,,General,General
黙る,だまる,damaru,to be silent,N3,,General,General
駄目,だめ,dame,"useless, no good, hopeless",N3,,General,General
試し,ためし,tameshi,"trial, test",N3,,General,General
試す,ためす,tamesu,"to attempt, to test",N3,,General,General
便り,たより,tayori,"news, tidings, information, correspondence, letter",N3,,General,General
頼る,たよる,tayoru,"to rely on, to have recourse to, to depend on",N3,,General,General
誰か,だれか,dareka,"someone, somebody",N3,,General,General
段,だん,dan,"step, stair, flight of steps, grade, rank, level",N3,,General,General
単位,たんい,tani,"unit, denomination, credit (in school)",N3,,General,General
単語,たんご,tango,"word, vocabulary, (usually) single-character word",N3,,General,General
男子,だんし,danshi,"youth, young man",N3,,General,General
単純,たんじゅん,tanjun,simplicity,N3,,General,General
誕生,たんじょう,tanjou,birth,N3,,General,General
,ダンス,ダンス,dance,N3,,General,General
団体,だんたい,dantai,"organization, association",N3,,General,General
担当,たんとう,tantou,(in) charge,N3,,General,General
単なる,たんなる,tannaru,"mere, simple, sheer",N3,,General,General
単に,たんに,tanni,"simply, merely, only, solely",N3,,General,General
地,ち,chi,earth,N3,,General,General
地位,ちい,chii,"(social) position, status",N3,,General,General
地域,ちいき,chiiki,"area, region",N3,,General,General
,チーズ,チーズ,cheese,N3,,General,General
,チーム,チーム,team,N3,,General,General
知恵,ちえ,chie,"wisdom, wit, sagacity, sense, intelligence, advice",N3,,General,General
地下,ちか,chika,"basement, underground",N3,,General,General
違い,ちがい,chigai,"difference, discrepancy",N3,,General,General
違いない,ちがいない,chigainai,"(phrase) sure, no mistaking it, for certain",N3,,General,General
近頃,ちかごろ,chikagoro,"lately, recently, nowadays",N3,,General,General
地球,ちきゅう,chikyuu,the earth,N3,,General,General
地区,ちく,chiku,"district, section, sector",N3,,General,General
遅刻,ちこく,chikoku,"lateness, late coming",N3,,General,General
知事,ちじ,chiji,prefectural governor,N3,,General,General
知識,ちしき,chishiki,"knowledge, information",N3,,General,General
父親,ちちおや,chichioya,father,N3,,General,General
知能,ちのう,chinou,"intelligence, brains",N3,,General,General
地平線,ちへいせん,chiheisen,horizon,N3,,General,General
地方,ちほう,chihou,"area, locality, district, region, the coast",N3,,General,General
茶,ちゃ,cha,tea,N3,,General,General
,チャンス,チャンス,"chance, opportunity",N3,,General,General
,ちゃんと,chanto,"perfectly, properly, exactly",N3,,General,General
中,ちゅう,chuu,"inside, middle, among",N3,,General,General
注,ちゅう,chuu,"annotation, explanatory note",N3,,General,General
中央,ちゅうおう,chuuou,"centre, central, center, middle",N3,,General,General
中学,ちゅうがく,chuugaku,"middle school, junior high school",N3,,General,General
中古,ちゅうこ,chuuko,"(1) used, second-hand, old",N3,,General,General
中止,ちゅうし,chuushi,"suspension, stoppage, discontinuance, interruption",N3,,General,General
駐車,ちゅうしゃ,chuusha,parking (e.g. car),N3,,General,General
昼食,ちゅうしょく,chuushoku,"lunch, midday meal",N3,,General,General
中心,ちゅうしん,chuushin,"center, core, heart, pivot, emphasis, balance",N3,,General,General
注目,ちゅうもく,chuumoku,"notice, attention, observation",N3,,General,General
注文,ちゅうもん,chuumon,"order, request",N3,,General,General
長期,ちょうき,chouki,long time period,N3,,General,General
調査,ちょうさ,chousa,"investigation, examination, inquiry, survey",N3,,General,General
調子,ちょうし,choushi,"tune, tone, key",N3,,General,General
頂上,ちょうじょう,choujou,"top, summit, peak",N3,,General,General
,ちょうだい,choudai,"(1) please do for me (preceded by -te), (2) reception, being given, get",N3,,General,General
貯金,ちょきん,chokin,(bank) savings,N3,,General,General
直接,ちょくせつ,chokusetsu,"direct, immediate, personal, firsthand",N3,,General,General
著者,ちょしゃ,chosha,"author, writer",N3,,General,General
遂に,ついに,tsuini,"finally, at last",N3,,General,General
通過,つうか,tsuuka,"passage through, passing",N3,,General,General
通学,つうがく,tsuugaku,commuting to school,N3,,General,General
通行,つうこう,tsuukou,"passage, passing",N3,,General,General
通じる,つうじる,tsuujiru,"to run to, to lead to, to communicate, to understand",N3,,General,General
通信,つうしん,tsuushin,"correspondence, communication, news, signal",N3,,General,General
捕まる,つかまる,tsukamaru,"to be caught, to be arrested",N3,,General,General
掴む,つかむ,tsukamu,"to seize, to catch, to grasp",N3,,General,General
疲れ,つかれ,tsukare,"tiredness, fatigue",N3,,General,General
月,つき,tsuki,"moon, month",N3,,General,General
付き合い,つきあい,tsukiai,"association, socializing, fellowship",N3,,General,General
次々,つぎつぎ,tsugitsugi,"in succession, one by one",N3,,General,General
就く,つく,tsuku,"to settle in (place), to take (seat,  position), to study (under teacher)",N3,,General,General
注ぐ,つぐ,tsugu,"to pour (into), to irrigate, to pay",N3,,General,General
付ける,つける,tsukeru,"to attach, to join, to add, to append",N3,,General,General
土,つち,tsuchi,"earth, soil",N3,,General,General
続き,つづき,tsuzuki,"sequel, continuation",N3,,General,General
包み,つつみ,tsutsumi,"bundle, package, parcel, bale",N3,,General,General
勤め,つとめ,tsutome,"(1) service, duty, business, responsibility, task, (2) Buddhist religious services",N3,,General,General
務め,つとめ,tsutome,"(1) service, duty, (2) Buddhist religious services",N3,,General,General
繋ぐ,つなぐ,tsunagu,"to tie, to fasten, to connect, to transfer (phone call)",N3,,General,General
常に,つねに,tsuneni,"always, constantly",N3,,General,General
翼,つばさ,tsubasa,wings,N3,,General,General
,つまり,tsumari,"in short, in brief, in other words",N3,,General,General
罪,つみ,tsumi,"crime, fault, indiscretion",N3,,General,General
詰める,つめる,tsumeru,"to pack, to shorten, to work out (details)",N3,,General,General
積もる,つもる,tsumoru,to pile up,N3,,General,General
梅雨,つゆ,tsuyu,"rainy season, rain during the rainy season",N3,,General,General
辛い,つらい,tsurai,"painful, heart-breaking",N3,,General,General
釣,つり,tsuri,,N3,,General,General
連れ,つれ,tsure,"companion, company",N3,,General,General
,で,de,"outflow, coming (going) out, graduate (of)",N3,,General,General
出会い,であい,deai,"meeting, rendezvous, encounter",N3,,General,General
出会う,であう,deau,"to meet by chance, to come across, to happen to encounter",N3,,General,General
提案,ていあん,teian,"proposal, proposition, suggestion",N3,,General,General
定期,ていき,teiki,fixed term,N3,,General,General
抵抗,ていこう,teikou,"electrical resistance, resistance, opposition",N3,,General,General
提出,ていしゅつ,teishutsu,"presentation, submission, filing",N3,,General,General
程度,ていど,teido,"degree, amount, grade, standard, of the order of (following a number)",N3,,General,General
停留所,ていりゅうじょ,teiryuujo,bus or tram stop,N3,,General,General
,デート,デート,"date, go on a date",N3,,General,General
敵,てき,teki,"enemy, rival",N3,,General,General
出来事,できごと,dekigoto,"incident, affair, happening, event",N3,,General,General
適する,てきする,tekisuru,"to fit, to suit",N3,,General,General
適切,てきせつ,tekisetsu,"pertinent, appropriate, adequate, relevance",N3,,General,General
適度,てきど,tekido,moderate,N3,,General,General
適用,てきよう,tekiyou,applying,N3,,General,General
できる,（可能。出現。発生）,（可能出現発生）,"to be able to, to be ready, to occur",N3,,General,General
出来るだけ,できるだけ,dekirudake,if at all possible,N3,,General,General
,できれば,dekireba,,N3,,General,General
手品,てじな,tejina,"sleight of hand, conjuring trick, magic, juggling",N3,,General,General
,ですから,desukara,therefore,N3,,General,General
鉄,てつ,tetsu,iron,N3,,General,General
哲学,てつがく,tetsugaku,philosophy,N3,,General,General
手伝い,てつだい,tetsudai,"help, helper, assistant",N3,,General,General
徹底,てってい,tettei,"thoroughness, completeness",N3,,General,General
鉄道,てつどう,tetsudou,railroad,N3,,General,General
徹夜,てつや,tetsuya,"all night, all night vigil, sleepless night",N3,,General,General
,では,deha,"chance of going out, opportunity (to succeed), moment of departure, beginning of work",N3,,General,General
手間,てま,tema,"time, labour",N3,,General,General
,でも,demo,"but, however",N3,,General,General
,デモ,デモ,"(abbr) demo, demonstration",N3,,General,General
典型,てんけい,tenkei,"type, pattern, archetypal",N3,,General,General
天候,てんこう,tenkou,weather,N3,,General,General
電子,でんし,denshi,electron,N3,,General,General
,テント,テント,tent,N3,,General,General
伝統,でんとう,dentou,"tradition, convention",N3,,General,General
天然,てんねん,tennen,"nature, spontaneity",N3,,General,General
度,ど,do,counter for occurrences,N3,,General,General
問い,とい,toi,"question, query",N3,,General,General
党,とう,tou,party (political),N3,,General,General
塔,とう,tou,"tower, pagoda",N3,,General,General
どう,（接。副）,（接副）,"child, servant, foolishness",N3,,General,General
答案,とうあん,touan,"examination paper, examination script",N3,,General,General
同一,どういつ,douitsu,"identity, sameness, similarity",N3,,General,General
,どうか,douka,copper coin,N3,,General,General
当時,とうじ,touji,"at that time, in those days",N3,,General,General
動詞,どうし,doushi,verb,N3,,General,General
同時,どうじ,douji,"simultaneous(ly), concurrent, same time, synchronous",N3,,General,General
,どうしても,doushitemo,"by all means, at any cost, no matter what",N3,,General,General
到着,とうちゃく,touchaku,arrival,N3,,General,General
道徳,どうとく,doutoku,morals,N3,,General,General
投票,とうひょう,touhyou,"voting, poll",N3,,General,General
同様,どうよう,douyou,"identical, equal to, same (kind), like",N3,,General,General
同僚,どうりょう,douryou,"coworker, colleague, associate",N3,,General,General
道路,どうろ,douro,"road, highway",N3,,General,General
十,とお,too,"10, ten",N3,,General,General
通す,とおす,toosu,"to let pass, to overlook, to continue",N3,,General,General
通り,とおり,toori,"in accordance with ~, following ~, ~ Street, ~ Avenue",N3,,General,General
通り過ぎる,とおりすぎる,toorisugiru,"to pass, to pass through",N3,,General,General
都会,とかい,tokai,city,N3,,General,General
時,とき,toki,"(1) time, hour, (2) occasion, moment",N3,,General,General
解く,とく,toku,to unfasten,N3,,General,General
毒,どく,doku,"poison, toxicant",N3,,General,General
得意,とくい,tokui,"pride, triumph, prosperity",N3,,General,General
読書,どくしょ,dokusho,reading,N3,,General,General
独身,どくしん,dokushin,"bachelorhood, single, unmarried, celibate",N3,,General,General
特徴,とくちょう,tokuchou,"feature, characteristic",N3,,General,General
独特,どくとく,dokutoku,"peculiarity, uniqueness, characteristic",N3,,General,General
独立,どくりつ,dokuritsu,"independence (e.g. Ind. Day), self-support",N3,,General,General
解ける,とける,tokeru,"to come untied, to come apart",N3,,General,General
,どこか,dokoka,"somewhere, anywhere",N3,,General,General
,ところが,tokoroga,"however, while, even if",N3,,General,General
,ところで,tokorode,"by the way, even if, no matter what",N3,,General,General
登山,とざん,tozan,mountain-climbing,N3,,General,General
都市,とし,toshi,"town, city, municipal, urban",N3,,General,General
年月,としつき,toshitsuki,months and years,N3,,General,General
図書,としょ,tosho,books,N3,,General,General
年寄,としより,toshiyori,"old people, the aged",N3,,General,General
閉じる,とじる,tojiru,"to close (e.g. book,  eyes), to shut",N3,,General,General
途端,とたん,totan,"just (now,  at the moment,  etc.)",N3,,General,General
土地,とち,tochi,"plot of land, lot, soil",N3,,General,General
突然,とつぜん,totsuzen,"abruptly, suddenly, unexpectedly, all at once",N3,,General,General
,トップ,トップ,top,N3,,General,General
届く,とどく,todoku,to reach,N3,,General,General
,とにかく,tonikaku,"anyhow, at any rate, anyway, somehow or other, generally speaking, in any case",N3,,General,General
飛ばす,とばす,tobasu,"to skip over, to omit",N3,,General,General
飛び出す,とびだす,tobidasu,"to jump out, to rush out, to fly out",N3,,General,General
留める,とめる,tomeru,"to fasten, to turn off, to detain",N3,,General,General
友,とも,tomo,"friend, companion, pal",N3,,General,General
共に,ともに,tomoni,"sharing with, participate in",N3,,General,General
土曜,どよう,doyou,Saturday,N3,,General,General
虎,とら,tora,tiger,N3,,General,General
,ドライブ,ドライブ,"drive, trip by car, driving",N3,,General,General
,トラック,トラック,"(1) truck, (2) (running) track",N3,,General,General
,ドラマ,ドラマ,drama,N3,,General,General
,トランプ,トランプ,playing cards (lit: trump),N3,,General,General
取り上げる,とりあげる,toriageru,"to take up, to pick up, to disqualify, to confiscate, to deprive",N3,,General,General
努力,どりょく,doryoku,"great effort, exertion, endeavour, effort",N3,,General,General
,どれ,dore,"well, now, let me see, which (of three or more)",N3,,General,General
,ドレス,ドレス,dress,N3,,General,General
取れる,とれる,toreru,"to come off, to be taken off, to be removed",N3,,General,General
泥,どろ,doro,mud,N3,,General,General
とん,（1000,（1000,ton,N3,,General,General
,とんでもない,tondemonai,"unexpected, offensive, What a thing to say!, No way!",N3,,General,General
,どんな,donna,"what, what kind of",N3,,General,General
,どんなに,donnani,"how, how much",N3,,General,General
,トンネル,トンネル,tunnel,N3,,General,General
名,な,na,"name, reputation",N3,,General,General
内容,ないよう,naiyou,"subject, contents, matter, substance, detail, import",N3,,General,General
,なお,nao,"straight, mischief, ordinary, common",N3,,General,General
仲,なか,naka,"relation, relationship",N3,,General,General
流す,ながす,nagasu,"to drain, to float, to shed (blood,  tears), to cruise (e.g. taxi)",N3,,General,General
,なかなか,nakanaka,"very, considerably, easily",N3,,General,General
半ば,なかば,nakaba,"middle, half, semi, halfway, partly",N3,,General,General
仲間,なかま,nakama,"company, fellow, colleague, associate",N3,,General,General
眺め,ながめ,nagame,"scene, view, prospect, outlook",N3,,General,General
眺める,ながめる,nagameru,"to view, to gaze at",N3,,General,General
流れ,ながれ,nagare,"stream, current",N3,,General,General
流れる,ながれる,nagareru,"to stream, to flow, to run (ink), to be washed away",N3,,General,General
無し,なし,nashi,without,N3,,General,General
,なぜなら,nazenara,because,N3,,General,General
謎,なぞ,nazo,"riddle, puzzle, enigma",N3,,General,General
納得,なっとく,nattoku,"consent, assent, understanding",N3,,General,General
等,など,nado,"et cetera, etc., and the like",N3,,General,General
七,なな,nana,seven,N3,,General,General
何,なに,nani,what,N3,,General,General
何,なん,nan,what,N3,,General,General
何か,なにか,nanika,something,N3,,General,General
,なにも,nanimo,nothing,N3,,General,General
鍋,なべ,nabe,"saucepan, pot",N3,,General,General
生,なま,nama,"(1) draft (beer), (2) raw, unprocessed",N3,,General,General
怠ける,なまける,namakeru,"to be idle, to neglect",N3,,General,General
波,なみ,nami,wave,N3,,General,General
涙,なみだ,namida,tear,N3,,General,General
悩む,なやむ,nayamu,"to be worried, to be troubled",N3,,General,General
為る,なる,naru,"to change, to be of use, to reach to",N3,,General,General
成る,なる,naru,to become,N3,,General,General
縄,なわ,nawa,"rope, hemp",N3,,General,General
何で,なんで,nande,"Why?, What for?",N3,,General,General
何でも,なんでも,nandemo,"by all means, everything",N3,,General,General
何とか,なんとか,nantoka,"somehow, anyhow, one way or another",N3,,General,General
似合う,にあう,niau,"to suit, to match, to become, to be like",N3,,General,General
匂い,におい,nioi,"odour, scent, smell, stench",N3,,General,General
苦手,にがて,nigate,"poor (at), weak (in), dislike (of)",N3,,General,General
握る,にぎる,nigiru,"to grasp, to seize, to mould sushi",N3,,General,General
日,にち,nichi,"sun, sunshine, day",N3,,General,General
日常,にちじょう,nichijou,"ordinary, regular, everyday, usual",N3,,General,General
日曜,にちよう,nichiyou,Sunday,N3,,General,General
日光,にっこう,nikkou,sunlight,N3,,General,General
日中,にっちゅう,nicchuu,"daytime, broad daylight",N3,,General,General
,にっこり,nikkori,"smile sweetly, smile, grin",N3,,General,General
日本,にっぽん,nippon,Japan,N3,,General,General
日本,にほん,nihon,Japan,N3,,General,General
入院,にゅういん,nyuuin,hospitalization,N3,,General,General
入学,にゅうがく,nyuugaku,"entry to school or university, matriculation",N3,,General,General
入場,にゅうじょう,nyuujou,"entrance, admission, entering",N3,,General,General
人気,にんき,ninki,sign of life,N3,,General,General
人間,にんげん,ningen,"human being, man, person",N3,,General,General
抜く,ぬく,nuku,"to extract, to omit, to surpass, to draw out, to unplug",N3,,General,General
抜ける,ぬける,nukeru,"to come out, to fall out, to be omitted",N3,,General,General
布,ぬの,nuno,cloth,N3,,General,General
濡れる,ぬれる,nureru,to get wet,N3,,General,General
ね,（感）,（感）,"value, price, cost, worth, merit",N3,,General,General
根,ね,ne,root,N3,,General,General
値,ね,ne,"value, price, cost",N3,,General,General
願い,ねがい,negai,"desire, wish, request",N3,,General,General
願う,ねがう,negau,"to desire, to wish, to request",N3,,General,General
鼠,ねずみ,nezumi,"(1) mouse, rat, (2) dark gray, slate color",N3,,General,General
値段,ねだん,nedan,"price, cost",N3,,General,General
熱心,ねっしん,nesshin,"zeal, enthusiasm",N3,,General,General
熱帯,ねったい,nettai,tropics,N3,,General,General
熱中,ねっちゅう,necchuu,"nuts!, enthusiasm, zeal, mania",N3,,General,General
年間,ねんかん,nenkan,year,N3,,General,General
年月,ねんげつ,nengetsu,months and years,N3,,General,General
年中,ねんじゅう,nenjuu,"whole year, always, everyday",N3,,General,General
年代,ねんだい,nendai,"age, era, period, date",N3,,General,General
年齢,ねんれい,nenrei,"age, years",N3,,General,General
野,の,no,field,N3,,General,General
能,のう,nou,"being skilled in, nicely, properly",N3,,General,General
農家,のうか,nouka,"farmer, farm family",N3,,General,General
農業,のうぎょう,nougyou,agriculture,N3,,General,General
農民,のうみん,noumin,"farmers, peasants",N3,,General,General
能力,のうりょく,nouryoku,"ability, faculty",N3,,General,General
ノー,（no）,（no）,,N3,,General,General
軒,のき,noki,eaves,N3,,General,General
残す,のこす,nokosu,"to leave (behind,  over), to bequeath, to save, to reserve",N3,,General,General
残り,のこり,nokori,"remnant, residue, remaining, left-over",N3,,General,General
乗せる,のせる,noseru,"to place on (something), to take on board, to give a ride",N3,,General,General
除く,のぞく,nozoku,"to remove, to exclude, to except",N3,,General,General
望み,のぞみ,nozomi,"wish, desire, (a) hope",N3,,General,General
望む,のぞむ,nozomu,"to desire, to wish for, to see, to command (a view of)",N3,,General,General
後,のち,nochi,"afterwards, since then, in the future",N3,,General,General
,ノック,ノック,"(1) knock, (2) fungo (baseball)",N3,,General,General
喉,のど,nodo,throat,N3,,General,General
伸ばす,のばす,nobasu,"to lengthen, to stretch, to reach out, to grow (beard)",N3,,General,General
伸びる,のびる,nobiru,"to stretch, to extend, to make progress, to grow (beard,  body height)",N3,,General,General
述べる,のべる,noberu,"to state, to express, to mention",N3,,General,General
昇る,のぼる,noboru,"to arise, to ascend, to go up",N3,,General,General
,のんびり,nonbiri,"carefree, at leisure",N3,,General,General
場,ば,ba,"place, field (physics)",N3,,General,General
はあ,（感）,（感）,,N3,,General,General
,パーセント,パーセント,percent,N3,,General,General
はい,（感）,（感）,"wear, put on (sword)",N3,,General,General
灰,はい,hai,ash,N3,,General,General
梅雨,ばいう,baiu,"rainy season, rain during the rainy season",N3,,General,General
,バイオリン,バイオリン,violin,N3,,General,General
,ハイキング,ハイキング,hiking,N3,,General,General
配達,はいたつ,haitatsu,"delivery, distribution",N3,,General,General
,パイプ,パイプ,"(1) pipe, tube, (2) channels,  official or otherwise",N3,,General,General
俳優,はいゆう,haiyuu,"actor, actress, player, performer",N3,,General,General
,パイロット,パイロット,pilot,N3,,General,General
墓,はか,haka,"grave, tomb",N3,,General,General
馬鹿,ばか,baka,"fool, idiot, trivial matter, folly",N3,,General,General
博士,はかせ,hakase,"doctorate, PhD",N3,,General,General
計る,はかる,hakaru,"to measure, to weigh, to survey",N3,,General,General
履く,はく,haku,"to wear, to put on (lower body)",N3,,General,General
吐く,はく,haku,"(1) to breathe, (2) to tell (lies), (3) to vomit, to disgorge",N3,,General,General
拍手,はくしゅ,hakushu,"clapping hands, applause",N3,,General,General
莫大,ばくだい,bakudai,"enormous, vast",N3,,General,General
爆発,ばくはつ,bakuhatsu,"explosion, detonation, eruption",N3,,General,General
博物館,はくぶつかん,hakubutsukan,museum,N3,,General,General
激しい,はげしい,hageshii,"violent, vehement, intense",N3,,General,General
,はさみ,hasami,scissors,N3,,General,General
破産,はさん,hasan,(personal) bankruptcy,N3,,General,General
端,はし,hashi,"end (e.g. of street), edge, tip, margin, point",N3,,General,General
始まり,はじまり,hajimari,"origin, beginning",N3,,General,General
,パス,パス,"path, pass (in games)",N3,,General,General
外す,はずす,hazusu,"to unfasten, to remove",N3,,General,General
,パスポート,パスポート,passport,N3,,General,General
旗,はた,hata,flag,N3,,General,General
肌,はだ,hada,skin,N3,,General,General
裸,はだか,hadaka,"naked, nude",N3,,General,General
畑,はたけ,hatake,field,N3,,General,General
二十,はたち,hatachi,"20 years old, 20th year",N3,,General,General
働き,はたらき,hataraki,"work, labor",N3,,General,General
,バッグ,バッグ,"bag, bug",N3,,General,General
発見,はっけん,hakken,"discovery, detection, finding",N3,,General,General
発行,はっこう,hakkou,issue (publications),N3,,General,General
発車,はっしゃ,hassha,departure of a vehicle,N3,,General,General
罰する,ばっする,bassuru,"to punish, to penalize",N3,,General,General
発達,はったつ,hattatsu,"development, growth",N3,,General,General
,ばったり,battari,"with a clash (thud), with a bang, plump, flop",N3,,General,General
発展,はってん,hatten,"development, growth",N3,,General,General
発表,はっぴょう,happyou,"announcement, publication",N3,,General,General
発明,はつめい,hatsumei,invention,N3,,General,General
話し合う,はなしあう,hanashiau,"to discuss, to talk together",N3,,General,General
離す,はなす,hanasu,"to part, divide, separate",N3,,General,General
放す,はなす,hanasu,"to separate, to set free",N3,,General,General
離れる,はなれる,hanareru,"to be separated from, to leave, to go away, to be a long way off",N3,,General,General
羽,はね,hane,"counter for birds, counter for rabbits",N3,,General,General
幅,はば,haba,"width, breadth",N3,,General,General
母親,ははおや,hahaoya,mother,N3,,General,General
省く,はぶく,habuku,"to omit, to eliminate, to curtail, to economize",N3,,General,General
場面,ばめん,bamen,"scene, setting (e.g. of novel)",N3,,General,General
腹,はら,hara,"abdomen, belly, stomach",N3,,General,General
原,はら,hara,"field, plain, prairie, tundra, moor, wilderness",N3,,General,General
針,はり,hari,"needle, hand (e.g. clock)",N3,,General,General
張る,はる,haru,"to stick, to paste",N3,,General,General
番,ばん,ban,,N3,,General,General
,バン,バン,"bun, van (caravan), VAN (value-added network)",N3,,General,General
範囲,はんい,hani,"extent, scope, sphere, range",N3,,General,General
反抗,はんこう,hankou,"opposition, resistance",N3,,General,General
犯罪,はんざい,hanzai,crime,N3,,General,General
,ハンサム,ハンサム,handsome,N3,,General,General
判断,はんだん,handan,"judgement, decision",N3,,General,General
犯人,はんにん,hannin,"offender, criminal",N3,,General,General
販売,はんばい,hanbai,"sale, selling, marketing",N3,,General,General
灯,ひ,hi,light,N3,,General,General
,ビール,ビール,beer,N3,,General,General
被害,ひがい,higai,damage,N3,,General,General
比較,ひかく,hikaku,comparison,N3,,General,General
轢く,ひく,hiku,"to run somebody over (with vehicle), to knock someone down",N3,,General,General
,ピクニック,ピクニック,picnic,N3,,General,General
悲劇,ひげき,higeki,tragedy,N3,,General,General
飛行,ひこう,hikou,aviation,N3,,General,General
膝,ひざ,hiza,"knee, lap",N3,,General,General
非常,ひじょう,hijou,"emergency, extraordinary, unusual",N3,,General,General
美人,びじん,bijin,beautiful person (woman),N3,,General,General
額,ひたい,hitai,"forehead, brow",N3,,General,General
,びっくり,bikkuri,"be surprised, be amazed, be frightened, astonishment",N3,,General,General
日付,ひづけ,hizuke,"date, dating",N3,,General,General
必死,ひっし,hisshi,"inevitable death, desperation, frantic, inevitable result",N3,,General,General
,ぴったり,pittari,"exactly, neatly, sharp",N3,,General,General
引っ張る,ひっぱる,hipparu,"(1) to pull, to draw, to stretch, to drag, (2) to pull the ball (baseball)",N3,,General,General
否定,ひてい,hitei,"negation, denial, repudiation",N3,,General,General
,ビデオ,ビデオ,video,N3,,General,General
一言,ひとこと,hitokoto,single word,N3,,General,General
人込み,ひとごみ,hitogomi,crowd of people,N3,,General,General
等しい,ひとしい,hitoshii,equal,N3,,General,General
独り,ひとり,hitori,"alone, unmarried",N3,,General,General
一人一人,ひとりひとり,hitorihitori,"one by one, each, one at a time",N3,,General,General
批判,ひはん,hihan,"criticism, judgement, comment",N3,,General,General
批評,ひひょう,hihyou,"criticism, review, commentary",N3,,General,General
秘密,ひみつ,himitsu,"secret, secrecy",N3,,General,General
微妙,びみょう,bimyou,"delicate, subtle",N3,,General,General
紐,ひも,himo,"(1) string, cord, (2) pimp",N3,,General,General
費用,ひよう,hiyou,"cost, expense",N3,,General,General
表,ひょう,hyou,"table (e.g. Tab 1), chart, list",N3,,General,General
秒,びょう,byou,second (60th min),N3,,General,General
評価,ひょうか,hyouka,"valuation, estimation, assessment, evaluation",N3,,General,General
表現,ひょうげん,hyougen,"expression, presentation, representation (math)",N3,,General,General
表情,ひょうじょう,hyoujou,facial expression,N3,,General,General
平等,びょうどう,byoudou,"equality (a), impartiality, evenness",N3,,General,General
評判,ひょうばん,hyouban,"fame, reputation, popularity, arrant",N3,,General,General
表面,ひょうめん,hyoumen,"surface, outside, face, appearance",N3,,General,General
広がる,ひろがる,hirogaru,"to spread (out), to extend, to stretch, to reach to, to get around",N3,,General,General
品,ひん,hin,"thing, article, goods, dignity, article (goods), counter for meal courses",N3,,General,General
瓶,びん,bin,bottle,N3,,General,General
便,びん,bin,"way, means",N3,,General,General
,ピン,ピン,pin,N3,,General,General
不,ふ,fu,"un, non, negative prefix",N3,,General,General
不,ぶ,bu,"un, non, negative prefix",N3,,General,General
無,ぶ,bu,"nothing, naught, nil, zero",N3,,General,General
分,ぶ,bu,"dividing, part",N3,,General,General
不安,ふあん,fuan,"anxiety, uneasiness, insecurity, suspense",N3,,General,General
風景,ふうけい,fuukei,scenery,N3,,General,General
夫婦,ふうふ,fuufu,"married couple, husband and wife",N3,,General,General
笛,ふえ,fue,"flute, pipe",N3,,General,General
不可,ふか,fuka,"wrong, bad, improper, unjustifiable, inadvisable",N3,,General,General
武器,ぶき,buki,"weapon, arms, ordinance",N3,,General,General
服装,ふくそう,fukusou,garments,N3,,General,General
含む,ふくむ,fukumu,"to hold in the mouth, to bear in mind",N3,,General,General
袋,ふくろ,fukuro,"bag, sack",N3,,General,General
不幸,ふこう,fukou,"unhappiness, sorrow, misfortune, disaster, accident, death",N3,,General,General
節,ふし,fushi,"tune, tone, knot, knob, point",N3,,General,General
無事,ぶじ,buji,"safety, peace, quietness",N3,,General,General
不思議,ふしぎ,fushigi,"mystery, curiosity",N3,,General,General
不自由,ふじゆう,fujiyuu,"discomfort, disability, inconvenience, destitution",N3,,General,General
夫人,ふじん,fujin,"wife, Mrs, madam",N3,,General,General
婦人,ふじん,fujin,"woman, female",N3,,General,General
不正,ふせい,fusei,"injustice, unfairness",N3,,General,General
防ぐ,ふせぐ,fusegu,"to defend (against), to protect, to prevent",N3,,General,General
不足,ふそく,fusoku,"insufficiency, shortage, deficiency, lack, dearth",N3,,General,General
舞台,ぶたい,butai,stage (theatre),N3,,General,General
双子,ふたご,futago,"twins, a twin",N3,,General,General
再び,ふたたび,futatabi,"again, once more, a second time",N3,,General,General
普段,ふだん,fudan,"usually, habitually, ordinarily, always",N3,,General,General
縁,ふち,fuchi,"a means,  e.g. of living",N3,,General,General
打つ,ぶつ,butsu,"to hit, to strike",N3,,General,General
物価,ぶっか,bukka,"prices of commodities, prices (in general)",N3,,General,General
物質,ぶっしつ,busshitsu,"material, substance",N3,,General,General
物理,ぶつり,butsuri,physics,N3,,General,General
筆,ふで,fude,writing brush,N3,,General,General
ふと,（副）,（副）,"suddenly, casually, accidentally, incidentally, unexpectedly, unintentionally",N3,,General,General
船,ふね,fune,"ship, boat, watercraft, shipping, vessel, steamship",N3,,General,General
部分,ぶぶん,bubun,"portion, section, part",N3,,General,General
不平,ふへい,fuhei,"complaint, discontent, dissatisfaction",N3,,General,General
不満,ふまん,fuman,"dissatisfaction, displeasure, discontent, complaints, unhappiness",N3,,General,General
,プラス,プラス,plus,N3,,General,General
,プラン,プラン,plan,N3,,General,General
不利,ふり,furi,"disadvantage, handicap, unfavorable, drawback",N3,,General,General
振る,ふる,furu,"(1) to wave, to shake, to swing, (2) to sprinkle, (3) to cast (actor), to allocate (work)",N3,,General,General
震える,ふるえる,furueru,"to shiver, to shake, to quake",N3,,General,General
,ブレーキ,ブレーキ,a brake,N3,,General,General
触れる,ふれる,fureru,"to touch, to be touched, to touch on a subject, to feel, to violate (law,  copyright,  etc.), to perceive, t",N3,,General,General
風呂,ふろ,furo,bath,N3,,General,General
,プロ,プロ,professional,N3,,General,General
分,ぶん,bun,"dividing, part, segment",N3,,General,General
文,ぶん,bun,sentence,N3,,General,General
雰囲気,ふんいき,funiki,"atmosphere (e.g. musical), mood, ambience",N3,,General,General
分析,ぶんせき,bunseki,analysis,N3,,General,General
文明,ぶんめい,bunmei,"civilization, culture",N3,,General,General
分野,ぶんや,bunya,"field, sphere, realm, division, branch",N3,,General,General
塀,へい,hei,"wall, fence",N3,,General,General
平均,へいきん,heikin,"equilibrium, balance, average, mean",N3,,General,General
平和,へいわ,heiwa,"peace, harmony",N3,,General,General
別に,べつに,betsuni,"(not) particularly, nothing",N3,,General,General
減らす,へらす,herasu,"to abate, to decrease, to diminish, to shorten",N3,,General,General
減る,へる,heru,"to decrease (in size or number), to diminish, to abate",N3,,General,General
,ベルト,ベルト,Belt for western clothes,N3,,General,General
変化,へんか,henka,"goblin, ghost, apparition, bugbear",N3,,General,General
,ペンキ,ペンキ,(n) paint (nl: pek),N3,,General,General
勉強,べんきょう,benkyou,"study, diligence, discount, reduction",N3,,General,General
変更,へんこう,henkou,"change, modification, alteration",N3,,General,General
,ベンチ,ベンチ,bench,N3,,General,General
弁当,べんとう,bentou,box lunch,N3,,General,General
方,ほう,hou,side,N3,,General,General
法,ほう,hou,Act (law: the X Act),N3,,General,General
棒,ぼう,bou,"pole, rod, stick",N3,,General,General
冒険,ぼうけん,bouken,"risk, venture, adventure",N3,,General,General
方向,ほうこう,houkou,"direction, course, way",N3,,General,General
報告,ほうこく,houkoku,"report, information",N3,,General,General
宝石,ほうせき,houseki,"gem, jewel",N3,,General,General
放送,ほうそう,housou,"broadcast, broadcasting",N3,,General,General
豊富,ほうふ,houfu,"abundance, wealth, plenty, bounty",N3,,General,General
方法,ほうほう,houhou,"method, manner, way, means, technique",N3,,General,General
方々,ほうぼう,houbou,"persons, this and that, here and there, everywhere",N3,,General,General
訪問,ほうもん,houmon,"call, visit",N3,,General,General
吠える,ほえる,hoeru,"to bark, to bay, to howl, to bellow, to roar, to cry",N3,,General,General
,ボーイ,ボーイ,boy,N3,,General,General
,ボート,ボート,rowing boat,N3,,General,General
,ホーム,ホーム,"(1) platform, (2) home",N3,,General,General
,ボール,ボール,"ball, bowl",N3,,General,General
他,ほか,hoka,other (esp. places and things),N3,,General,General
外,ほか,hoka,"other place, the rest",N3,,General,General
誇り,ほこり,hokori,pride,N3,,General,General
埃,ほこり,hokori,dust,N3,,General,General
保証,ほしょう,hoshou,"guarantee, security, assurance, pledge, warranty",N3,,General,General
保存,ほぞん,hozon,"preservation, conservation, storage, maintenance",N3,,General,General
程,ほど,hodo,"degree, extent, bounds, limit",N3,,General,General
歩道,ほどう,hodou,"footpath, walkway, sidewalk",N3,,General,General
仏,ほとけ,hotoke,"Buddha, merciful person, Buddhist image, the dead",N3,,General,General
骨,ほね,hone,bone,N3,,General,General
炎,ほのお,honoo,flame,N3,,General,General
頬,ほほ,hoho,cheek (of face),N3,,General,General
頬,ほお,hoo,cheek (of face),N3,,General,General
,ほぼ,hobo,"almost, roughly, approximately",N3,,General,General
微笑む,ほほえむ,hohoemu,to smile,N3,,General,General
褒める,ほめる,homeru,"to praise, to admire, to speak well",N3,,General,General
濠,ほり,hori,moat,N3,,General,General
本当,ほんと,honto,"truth, reality",N3,,General,General
本当,ほんとう,hontou,"truth, reality",N3,,General,General
本人,ほんにん,honnin,the person himself,N3,,General,General
本物,ほんもの,honmono,genuine article,N3,,General,General
,ぼんやり,bonyari,"absent-minded, block-head, dim, faint, vague",N3,,General,General
間,ま,ma,"space, room, time, pause",N3,,General,General
,まあ,maa,(female) you might say,N3,,General,General
,マーケット,マーケット,market,N3,,General,General
,マイク,マイク,mike,N3,,General,General
迷子,まいご,maigo,lost (stray) child,N3,,General,General
任せる,まかせる,makaseru,"to entrust to another, to leave to",N3,,General,General
幕,まく,maku,"curtain, bunting, act (in play)",N3,,General,General
負け,まけ,make,"defeat, loss, losing (a game)",N3,,General,General
孫,まご,mago,grandchild,N3,,General,General
,まさか,masaka,by no means,N3,,General,General
,まさに,masani,"correctly, surely",N3,,General,General
真面目,まじめ,majime,"diligent, serious, honest",N3,,General,General
増す,ます,masu,"to increase, to grow",N3,,General,General
先ず,まず,mazu,"first (of all), to start with, about, almost, hardly (with neg. verb)",N3,,General,General
貧しい,まずしい,mazushii,"poor, needy",N3,,General,General
,マスター,マスター,"proprietor, manager, barowner, master (e.g. arts,  science)",N3,,General,General
,ますます,masumasu,"increasingly, more and more",N3,,General,General
又,また,mata,"again, and",N3,,General,General
未だ,まだ,mada,"yet, still, more, besides",N3,,General,General
街,まち,machi,"(1) town, (2) street, road",N3,,General,General
間違い,まちがい,machigai,mistake,N3,,General,General
松,まつ,matsu,"(1) pine tree, (2) highest (of a three-tier ranking system)",N3,,General,General
真っ赤,まっか,makka,"deep red, flushed (of face)",N3,,General,General
真っ直ぐ,まっすぐ,massugu,"straight (ahead), direct, upright",N3,,General,General
全く,まったく,mattaku,"really, truly, entirely, completely",N3,,General,General
祭,まつり,matsuri,"festival, feast",N3,,General,General
学ぶ,まなぶ,manabu,"to study (in depth), to learn, to take lessons in",N3,,General,General
真似,まね,mane,"mimicry, imitation, behavior, pretense",N3,,General,General
招く,まねく,maneku,to invite,N3,,General,General
,ママ,ママ,Mama,N3,,General,General
豆,まめ,mame,"beans, peas",N3,,General,General
守る,まもる,mamoru,"to protect, to obey, to guard, to abide (by the rules)",N3,,General,General
丸,まる,maru,"circle, full (month), perfection, purity, suffix for ship names",N3,,General,General
円,まる,maru,"circle, money",N3,,General,General
丸い,まるい,marui,"round, circular, spherical",N3,,General,General
,まるで,marude,"quite, entirely, completely",N3,,General,General
回す,まわす,mawasu,"to turn, to revolve",N3,,General,General
回り,まわり,mawari,"circumference, surroundings, circulation",N3,,General,General
万一,まんいち,manichi,"by some chance, by some possibility, if by any chance, 10E4:1 odds",N3,,General,General
満足,まんぞく,manzoku,satisfaction,N3,,General,General
身,み,mi,"body, main part, oneself, sword",N3,,General,General
実,み,mi,"fruit, nut, seed, content, good result",N3,,General,General
見送り,みおくり,miokuri,"seeing one off, farewell, escort",N3,,General,General
味方,みかた,mikata,"friend, ally, supporter",N3,,General,General
見事,みごと,migoto,"splendid, magnificent, beautiful, admirable",N3,,General,General
,ミス,ミス,"miss (mistake,  error,  failure), Miss",N3,,General,General
満ちる,みちる,michiru,"to be full, to rise (tide), to mature, to expire",N3,,General,General
密,みつ,mitsu,,N3,,General,General
認める,みとめる,mitomeru,"to recognize, to appreciate, to approve, to admit, to notice",N3,,General,General
皆,みんな,minna,"all, everyone, everybody",N3,,General,General
見舞い,みまい,mimai,"enquiry, expression of sympathy, expression of concern",N3,,General,General
土産,みやげ,miyage,"present, souvenir",N3,,General,General
都,みやこ,miyako,capital,N3,,General,General
妙,みょう,myou,"strange, unusual",N3,,General,General
明後日,みょうごにち,myougonichi,day after tomorrow,N3,,General,General
未来,みらい,mirai,"future (life,  tense)",N3,,General,General
魅力,みりょく,miryoku,"charm, fascination, glamour",N3,,General,General
見る,みる,miru,"to see, to watch",N3,,General,General
,ミルク,ミルク,milk,N3,,General,General
無,む,mu,"nothing, naught, nil, zero",N3,,General,General
向かい,むかい,mukai,"facing, opposite, across the street, other side",N3,,General,General
迎え,むかえ,mukae,"meeting, person sent to pick up an arrival",N3,,General,General
向く,むく,muku,to face,N3,,General,General
向ける,むける,mukeru,"to turn towards, to point",N3,,General,General
無視,むし,mushi,"disregard, ignore",N3,,General,General
虫歯,むしば,mushiba,"cavity, tooth decay, decayed tooth, caries",N3,,General,General
寧ろ,むしろ,mushiro,"rather, better, instead",N3,,General,General
結ぶ,むすぶ,musubu,"to tie, to bind, to link",N3,,General,General
無駄,むだ,muda,"futility, uselessness",N3,,General,General
夢中,むちゅう,muchuu,"daze, (in a) trance, ecstasy, delirium, engrossment",N3,,General,General
胸,むね,mune,"breast, chest",N3,,General,General
無料,むりょう,muryou,"free, no charge",N3,,General,General
芽,め,me,sprout,N3,,General,General
明確,めいかく,meikaku,"clear up, clarify, define",N3,,General,General
命じる,めいじる,meijiru,"to order, to command, to appoint",N3,,General,General
名人,めいじん,meijin,"master, expert",N3,,General,General
命令,めいれい,meirei,"order, command, decree, directive, (software) instruction",N3,,General,General
迷惑,めいわく,meiwaku,"trouble, bother, annoyance",N3,,General,General
飯,めし,meshi,"(sl) meals, food",N3,,General,General
滅多に,めったに,mettani,"rarely (with neg. verb), seldom",N3,,General,General
,メモ,メモ,memorandum,N3,,General,General
面,めん,men,"face, mug, surface, facial features, mask, face guard, side or facet, corner, page",N3,,General,General
綿,めん,men,"cotton, padding",N3,,General,General
免許,めんきょ,menkyo,"license, permit, licence, certificate",N3,,General,General
面倒,めんどう,mendou,"trouble, difficulty, care, attention",N3,,General,General
,メンバー,メンバー,member,N3,,General,General
申し込む,もうしこむ,moushikomu,"to apply for, to make an application",N3,,General,General
申し訳,もうしわけ,moushiwake,"apology, excuse",N3,,General,General
毛布,もうふ,moufu,blanket,N3,,General,General
燃える,もえる,moeru,to burn,N3,,General,General
目的,もくてき,mokuteki,"purpose, goal, aim, objective, intention",N3,,General,General
目標,もくひょう,mokuhyou,"mark, objective, target",N3,,General,General
木曜,もくよう,mokuyou,Thursday,N3,,General,General
文字,もじ,moji,"letter (of alphabet), character",N3,,General,General
文字,もんじ,monji,"letter (of alphabet), character",N3,,General,General
,もしも,moshimo,if,N3,,General,General
持ち上げる,もちあげる,mochiageru,"to raise, to lift up, to flatter",N3,,General,General
用いる,もちいる,mochiiru,"to use, to make use of",N3,,General,General
勿論,もちろん,mochiron,"of course, certainly, naturally",N3,,General,General
最も,もっとも,mottomo,"most, extremely",N3,,General,General
尤も,もっとも,mottomo,"quite right, plausible, natural, but then, although",N3,,General,General
元,もと,moto,"(1) origin, original, (2) former",N3,,General,General
基,もと,moto,basis,N3,,General,General
素,もと,moto,prime,N3,,General,General
戻す,もどす,modosu,"to restore, to put back, to return",N3,,General,General
基づく,もとづく,motozuku,"to be grounded on, to be based on, to be due to, to originate from",N3,,General,General
求める,もとめる,motomeru,"to seek, to request, to demand, to want, to wish for, to search for, to pursue (pleasure), to hunt (a job),",N3,,General,General
者,もの,mono,person,N3,,General,General
物音,ものおと,monooto,sounds,N3,,General,General
物語,ものがたり,monogatari,"tale, story, legend",N3,,General,General
物事,ものごと,monogoto,"things, everything",N3,,General,General
模様,もよう,moyou,"pattern, figure, design",N3,,General,General
貰う,もらう,morau,to receive,N3,,General,General
文句,もんく,monku,"phrase, complaint",N3,,General,General
,やがて,yagate,"before long, soon, at length",N3,,General,General
役,やく,yaku,"use, service, role, position",N3,,General,General
約,やく,yaku,"approximately, about, some",N3,,General,General
訳,やく,yaku,"meaning, reason, circumstances, can be deduced, situation",N3,,General,General
役割,やくわり,yakuwari,"part, assigning (allotment of) parts, role, duties",N3,,General,General
家賃,やちん,yachin,rent,N3,,General,General
厄介,やっかい,yakkai,"trouble, burden, care, bother",N3,,General,General
宿,やど,yado,"inn, lodging",N3,,General,General
雇う,やとう,yatou,"to employ, to hire",N3,,General,General
屋根,やね,yane,roof,N3,,General,General
,やはり,yahari,"also, as I thought, still, in spite of, absolutely, of course",N3,,General,General
破る,やぶる,yaburu,"to tear, to violate, to defeat, to smash, to destroy",N3,,General,General
辞める,やめる,yameru,to retire,N3,,General,General
,やや,yaya,"a little, partially, somewhat, a short time, a while",N3,,General,General
唯一,ゆいいつ,yuiitsu,"only, sole, unique",N3,,General,General
勇気,ゆうき,yuuki,"courage, bravery, valour, nerve, boldness",N3,,General,General
有効,ゆうこう,yuukou,"validity, availability, effectiveness",N3,,General,General
優秀,ゆうしゅう,yuushuu,"superiority, excellence",N3,,General,General
優勝,ゆうしょう,yuushou,"overall victory, championship",N3,,General,General
友情,ゆうじょう,yuujou,"friendship, fellowship",N3,,General,General
友人,ゆうじん,yuujin,friend,N3,,General,General
有能,ゆうのう,yuunou,"able, capable, efficient, skill",N3,,General,General
郵便,ゆうびん,yuubin,"mail, postal service",N3,,General,General
夕べ,ゆうべ,yuube,evening,N3,,General,General
,ユーモア,ユーモア,humor,N3,,General,General
有利,ゆうり,yuuri,"advantageous, better, profitable, lucrative",N3,,General,General
床,ゆか,yuka,floor,N3,,General,General
愉快,ゆかい,yukai,"pleasant, happy",N3,,General,General
輸出,ゆしゅつ,yushutsu,export,N3,,General,General
譲る,ゆずる,yuzuru,"to turn over, to assign, to hand over",N3,,General,General
豊か,ゆたか,yutaka,"abundant, wealthy, plentiful, rich",N3,,General,General
,ゆっくり,yukkuri,"slowly, at ease",N3,,General,General
輸入,ゆにゅう,yunyuu,"importation, import, introduction",N3,,General,General
許す,ゆるす,yurusu,"to permit, to allow, to approve",N3,,General,General
夜,よ,yo,"evening, night",N3,,General,General
夜明け,よあけ,yoake,"dawn, daybreak",N3,,General,General
様,よう,you,"way, manner, kind",N3,,General,General
酔う,よう,you,"to get drunk, to become intoxicated",N3,,General,General
容易,ようい,youi,"easy, simple, plain",N3,,General,General
陽気,ようき,youki,"season, weather, cheerfulness",N3,,General,General
要求,ようきゅう,youkyuu,"request, demand, requisition",N3,,General,General
用心,ようじん,youjin,"care, precaution, guarding, caution",N3,,General,General
様子,ようす,yousu,"aspect, state, appearance",N3,,General,General
要するに,ようするに,yousuruni,"in a word, after all, the point is .., in short ..",N3,,General,General
要素,ようそ,youso,element,N3,,General,General
要点,ようてん,youten,"gist, main point",N3,,General,General
曜日,ようび,youbi,day of the week,N3,,General,General
,ヨーロッパ,ヨーロッパ,Europe,N3,,General,General
予期,よき,yoki,"expectation, assume will happen, forecast",N3,,General,General
横切る,よこぎる,yokogiru,"to cross (e.g. arms), to traverse",N3,,General,General
予算,よさん,yosan,"estimate, budget",N3,,General,General
止す,よす,yosu,"to cease, to abolish, to resign, to give up",N3,,General,General
予測,よそく,yosoku,"prediction, estimation",N3,,General,General
,ヨット,ヨット,yacht,N3,,General,General
夜中,よなか,yonaka,"midnight, dead of night",N3,,General,General
世の中,よのなか,yononaka,"society, the world, the times",N3,,General,General
余分,よぶん,yobun,"extra, excess, surplus",N3,,General,General
予報,よほう,yohou,"forecast, prediction",N3,,General,General
予防,よぼう,yobou,"prevention, precaution, protection against",N3,,General,General
読み,よみ,yomi,reading,N3,,General,General
嫁,よめ,yome,"bride, daughter-in-law",N3,,General,General
余裕,よゆう,yoyuu,"surplus, composure, margin, room, time, allowance, scope, rope",N3,,General,General
,より,yori,"twist, ply",N3,,General,General
,よると,yoruto,according to,N3,,General,General
喜び,よろこび,yorokobi,"(a) joy, (a) delight, rapture, pleasure, gratification, rejoicing, congratulations, felicitations",N3,,General,General
宜しい,よろしい,yoroshii,"(hon) good, OK, all right, fine, very well, will do, may, can",N3,,General,General
よろしく,（感）,（感）,"well, properly, suitably, best regards, please remember me",N3,,General,General
四,よん,yon,four,N3,,General,General
来,らい,rai,", for (10 days), next (year)",N3,,General,General
,ライター,ライター,"lighter, rider, writer",N3,,General,General
楽,らく,raku,"comfort, ease",N3,,General,General
,ラケット,ラケット,"paddle, racket",N3,,General,General
利益,りえき,rieki,"profits, gains, (political,  economic) interest",N3,,General,General
理解,りかい,rikai,"understanding, comprehension",N3,,General,General
陸,りく,riku,six (used in legal documents),N3,,General,General
利口,りこう,rikou,"clever, shrewd, bright, sharp, wise, intelligent",N3,,General,General
離婚,りこん,rikon,divorce,N3,,General,General
理想,りそう,risou,ideal,N3,,General,General
率,りつ,ritsu,"rate, ratio, proportion, percentage",N3,,General,General
立派,りっぱ,rippa,"splendid, fine, handsome, elegant, imposing, prominent, legal, legitimate",N3,,General,General
留学,りゅうがく,ryuugaku,studying abroad,N3,,General,General
流行,りゅうこう,ryuukou,"fashionable, fad, in vogue, prevailing",N3,,General,General
量,りょう,ryou,"quantity, amount, volume, portion (of food)",N3,,General,General
両替,りょうがえ,ryougae,"change, money exchange",N3,,General,General
料金,りょうきん,ryoukin,"fee, charge, fare",N3,,General,General
例,れい,rei,"instance, example, case",N3,,General,General
礼,れい,rei,expression of gratitude,N3,,General,General
礼儀,れいぎ,reigi,"manners, courtesy, etiquette",N3,,General,General
冷静,れいせい,reisei,"calm, composure, coolness, serenity",N3,,General,General
列,れつ,retsu,"queue, line, row",N3,,General,General
列車,れっしゃ,ressha,train (ordinary),N3,,General,General
,レポート,レポート,"report, paper",N3,,General,General
練習,れんしゅう,renshuu,practice,N3,,General,General
連想,れんそう,rensou,"association (of ideas), suggestion",N3,,General,General
連続,れんぞく,renzoku,"serial, consecutive, continuity, continuing",N3,,General,General
老人,ろうじん,roujin,"the aged, old person",N3,,General,General
労働,ろうどう,roudou,"manual labor, toil, work",N3,,General,General
,ロケット,ロケット,"locket, rocket",N3,,General,General
論じる,ろんじる,ronjiru,"to argue, to discuss, to debate",N3,,General,General
論争,ろんそう,ronsou,"controversy, dispute",N3,,General,General
論文,ろんぶん,ronbun,"thesis, essay, treatise, paper",N3,,General,General
輪,わ,wa,"ring, hoop, circle",N3,,General,General
,ワイン,ワイン,wine,N3,,General,General
,わがまま,wagamama,"selfishness, egoism, wilfulness, disobedience, whim",N3,,General,General
別れ,わかれ,wakare,"parting, separation, farewell",N3,,General,General
脇,わき,waki,side,N3,,General,General
分ける,わける,wakeru,"to divide, to separate",N3,,General,General
,わざと,wazato,on purpose,N3,,General,General
僅か,わずか,wazuka,"only, merely, a little, small quantity",N3,,General,General
綿,わた,wata,"cotton, padding",N3,,General,General
話題,わだい,wadai,"topic, subject",N3,,General,General
笑い,わらい,warai,"laugh, laughter, smile",N3,,General,General
割る,わる,waru,"to divide, to cut, to break, to halve",N3,,General,General
悪口,わるくち,warukuchi,"abuse, insult, slander, evil speaking",N3,,General,General
我々,われわれ,wareware,we,N3,,General,General
湾,わん,wan,"bay, gulf, inlet",N3,,General,General
,あいかわらず,aikawarazu,"as ever, as usual, the same",N2,,General,General
,アイデア/アイディア,アイデア/アイディア,idea,N2,,General,General
,あいまい,aimai,"vague, ambiguous",N2,,General,General
遭う,あう,au,"to meet, to encounter (undesirable nuance)",N2,,General,General
扇ぐ,あおぐ,aogu,"to fan, to flap",N2,,General,General
青白い,あおじろい,aojiroi,"pale, pallid",N2,,General,General
,あかんぼう,akanbou,baby,N2,,General,General
明き,あき,aki,"room, time to spare, emptiness",N2,,General,General
,あきれる,akireru,"to be amazed, to be shocked",N2,,General,General
,アクセント,アクセント,accent,N2,,General,General
,あくび,akubi,yawn,N2,,General,General
飽くまで,あくまで,akumade,"to the end, to the last, stubbornly",N2,,General,General
明け方,あけがた,akegata,dawn,N2,,General,General
揚げる,あげる,ageru,"to lift, to fry",N2,,General,General
挙げる,あげる,ageru,"to raise, to fly",N2,,General,General
,あげる (=やる),ageru=yaru,to do for,N2,,General,General
憧れる,あこがれる,akogareru,"to long for, to yearn after, to admire",N2,,General,General
足跡,あしあと,ashiato,footprints,N2,,General,General
味わう,あじわう,ajiwau,"to taste, to savor, to relish",N2,,General,General
預かる,あずかる,azukaru,"to keep in custody, to receive on deposit, to take charge of",N2,,General,General
暖まる,あたたまる,atatamaru,"to warm up, to get warm",N2,,General,General
暖める,あたためる,atatameru,"to warm, to heat",N2,,General,General
,あたりまえ,atarimae,"usual, common, ordinary",N2,,General,General
,あひら,ahira,,N2,,General,General
,あちらこちら,achirakochira,here and there,N2,,General,General
厚かましい,あつかましい,atsukamashii,"impudent, shameless, brazen",N2,,General,General
圧縮,あっしゅく,asshuku,"compression, condensation, pressure",N2,,General,General
宛名,あてな,atena,"address, direction",N2,,General,General
,あてはまる,atehamaru,"to be applicable, to come under (a category), to fulfill",N2,,General,General
,あてはめる,atehameru,"to apply, to adapt",N2,,General,General
暴れる,あばれる,abareru,"to act violently, to rage, to struggle, to be riotous",N2,,General,General
脂,あぶら,abura,"fat, tallow, lard",N2,,General,General
,あぶる,aburu,to scorch,N2,,General,General
,あふれる,afureru,"to flood, to overflow, to brim over",N2,,General,General
雨戸,あまど,amado,sliding storm door,N2,,General,General
甘やかす,あまやかす,amayakasu,"to pamper, to spoil",N2,,General,General
余る,あまる,amaru,"to remain, to be left over, to be in excess, to be too many",N2,,General,General
編物,あみもの,amimono,"knitting, web",N2,,General,General
編む,あむ,amu,to knit,N2,,General,General
危うい,あやうい,ayaui,"dangerous, critical, grave",N2,,General,General
怪しい,あやしい,ayashii,"suspicious, dubious, doubtful",N2,,General,General
荒い,あらい,arai,"rough, rude, wild",N2,,General,General
粗い,あらい,arai,"coarse, rough",N2,,General,General
,あらすじ,arasuji,"outline, summary",N2,,General,General
争う,あらそう,arasou,"to dispute, to argue, to be at variance, to compete",N2,,General,General
改めて,あらためて,aratamete,"another time, again, over again, anew, formally",N2,,General,General
改める,あらためる,aratameru,"to change, to alter, to reform, to revise",N2,,General,General
著す,あらわす,arawasu,"to write, to publish",N2,,General,General
有難い,ありがたい,arigatai,"grateful, thankful, welcome, appreciated, evoking gratitude",N2,,General,General
在る,ある,aru,"to live, to be",N2,,General,General
,あれこれ,arekore,"one thing or another, this and that, this or that",N2,,General,General
,あわただしい,awatadashii,"busy, hurried, confused, flurried",N2,,General,General
,あわてる,awateru,to become confused,N2,,General,General
安易,あんい,ani,easy-going,N2,,General,General
案外,あんがい,angai,unexpectedly,N2,,General,General
,アンテナ,アンテナ,antenna,N2,,General,General
言い出す,いいだす,iidasu,"to start talking, to speak, to tell, to propose, to suggest, to break the ice",N2,,General,General
言い付ける,いいつける,iitsukeru,"to tell, to tell on (someone), to order",N2,,General,General
意義,いぎ,igi,"meaning, significance",N2,,General,General
生き生き,いきいき,ikiiki,"vividly, lively",N2,,General,General
,いきなり,ikinari,"(uk) abruptly, suddenly, all of a sudden, without warning",N2,,General,General
育児,いくじ,ikuji,"childcare, nursing, upbringing",N2,,General,General
幾分,いくぶん,ikubun,somewhat,N2,,General,General
生け花,いけばな,ikebana,(1) flower arrangement,N2,,General,General
以後,いご,igo,"after this, from now on, hereafter, thereafter",N2,,General,General
以降,いこう,ikou,"on and after, hereafter, thereafter",N2,,General,General
,イコール,イコール,equal,N2,,General,General
勇ましい,いさましい,isamashii,"brave, valiant, gallant, courageous",N2,,General,General
衣食住,いしょくじゅう,ishokujuu,"necessities of life (food,  clothing,  etc.)",N2,,General,General
意地悪,いじわる,ijiwaru,"malicious, ill-tempered, unkind",N2,,General,General
,いちいち,ichiichi,"one by one, separately",N2,,General,General
一応,いちおう,ichiou,"once, tentatively, in outline, for the time being",N2,,General,General
一段と,いちだんと,ichidanto,"greater, more, further, still more",N2,,General,General
一流,いちりゅう,ichiryuu,"first class, top grade, foremost, top-notch",N2,,General,General
佚,いつ,itsu,"be lost, peace, hide, mistake, beautiful, in turn",N2,,General,General
一昨日,いっさくじつ,issakujitsu,day before yesterday,N2,,General,General
一昨年,いっさくねん,issakunen,year before last,N2,,General,General
一斉,いっせい,issei,"simultaneous, all at once",N2,,General,General
一旦,いったん,ittan,"once, for a moment, one morning, temporarily",N2,,General,General
一定,いってい,ittei,"fixed, settled, definite",N2,,General,General
,いっていらっしゃい,itteirasshai,,N2,,General,General
,いってらっしゃい,itterasshai,,N2,,General,General
,いってまいります,ittemairimasu,,N2,,General,General
,いつのまにか,itsunomanika,"before one knows, unnoticed, unawares",N2,,General,General
移転,いてん,iten,"moving, transfer, demise",N2,,General,General
井戸,いど,ido,water well,N2,,General,General
緯度,いど,ido,latitude (nav.),N2,,General,General
従姉妹,いとこ,itoko,cousin (female),N2,,General,General
威張る,いばる,ibaru,"to be proud, to swagger",N2,,General,General
嫌がる,いやがる,iyagaru,"to hate, to dislike",N2,,General,General
,いよいよ,iyoiyo,"more and more, all the more, increasingly, at last, beyond doubt",N2,,General,General
煎る,いる,iru,"to parch, to fry",N2,,General,General
炒る,いる,iru,,N2,,General,General
入れ物,いれもの,iremono,"container, case, receptacle",N2,,General,General
,インキ,インキ,ink,N2,,General,General
,インタビュー,インタビュー,interview,N2,,General,General
引力,いんりょく,inryoku,gravity,N2,,General,General
,ウーマン,ウーマン,woman,N2,,General,General
,ウール,ウール,wool,N2,,General,General
,ウエートレス,ウエートレス,waitress,N2,,General,General
植木,うえき,ueki,"garden shrubs, trees, potted plant",N2,,General,General
飢える,うえる,ueru,to starve,N2,,General,General
浮ぶ,うかぶ,ukabu,"to float, to rise to surface, to come to mind",N2,,General,General
浮かべる,うかべる,ukaberu,"to float, to express, to look (sad,  glad)",N2,,General,General
浮く,うく,uku,"to float, to become merry, to become loose",N2,,General,General
承る,うけたまわる,uketamawaru,"(hum) to hear, to be told, to know",N2,,General,General
受取,うけとり,uketori,receipt,N2,,General,General
受け持つ,うけもつ,ukemotsu,to take (be in) charge of,N2,,General,General
薄暗い,うすぐらい,usugurai,"dim, gloomy",N2,,General,General
薄める,うすめる,usumeru,"to dilute, to water down",N2,,General,General
打合せ,うちあわせ,uchiawase,"business meeting, previous arrangement, appointment",N2,,General,General
打ち消す,うちけす,uchikesu,"to deny, to negate, to contradict",N2,,General,General
討つ,うつ,utsu,"to attack, to avenge",N2,,General,General
,うっかり,ukkari,"carelessly, thoughtlessly, inadvertently",N2,,General,General
映す,うつす,utsusu,"to project, to reflect, to cast (shadow)",N2,,General,General
写る,うつる,utsuru,"to be photographed, to be projected",N2,,General,General
映る,うつる,utsuru,"to be reflected, to harmonize with, to come out (photo)",N2,,General,General
,うどん,udon,noodles (Japanese),N2,,General,General
有無,うむ,umu,"yes or no, existence, flag indicator (comp), presence or absence marker",N2,,General,General
埋める,うめる,umeru,"to bury, to fill up, to fill (a seat,  a vacant position)",N2,,General,General
敬う,うやまう,uyamau,"to show respect, to honour",N2,,General,General
裏返す,うらがえす,uragaesu,"to turn inside out, to turn (something) over",N2,,General,General
裏口,うらぐち,uraguchi,"backdoor, rear entrance",N2,,General,General
占う,うらなう,uranau,"to forecast, to predict",N2,,General,General
恨み,うらみ,urami,resentment,N2,,General,General
恨む,うらむ,uramu,"to curse, to feel bitter",N2,,General,General
羨ましい,うらやましい,urayamashii,"envious, enviable",N2,,General,General
羨む,うらやむ,urayamu,to envy,N2,,General,General
売上,うりあげ,uriage,"amount sold, proceeds",N2,,General,General
売り切れ,うりきれ,urikire,sold-out,N2,,General,General
売り切れる,うりきれる,urikireru,to be sold out,N2,,General,General
売行き,うれゆき,ureyuki,sales,N2,,General,General
,うろうろ,urouro,"loiteringly, aimless wandering",N2,,General,General
運河,うんが,unga,"canal, waterway",N2,,General,General
,うんと,unto,"a great deal, very much",N2,,General,General
英文,えいぶん,eibun,sentence in English,N2,,General,General
英和,えいわ,eiwa,English-Japanese (e.g. dictionary),N2,,General,General
,ええと,eeto,"let me see, well, er....",N2,,General,General
液体,えきたい,ekitai,"liquid, fluid",N2,,General,General
,エチケット,エチケット,etiquette,N2,,General,General
絵の具,えのぐ,enogu,"colors, paints",N2,,General,General
,エプロン,エプロン,apron,N2,,General,General
偉い,えらい,erai,"great, celebrated, eminent, terrible, awful, famous, remarkable, excellent",N2,,General,General
宴会,えんかい,enkai,"party, banquet",N2,,General,General
園芸,えんげい,engei,"horticulture, gardening",N2,,General,General
演劇,えんげき,engeki,play (theatrical),N2,,General,General
円周,えんしゅう,enshuu,circumference,N2,,General,General
遠足,えんそく,ensoku,"trip, hike, picnic",N2,,General,General
延長,えんちょう,enchou,"extension, elongation, prolongation, lengthening",N2,,General,General
煙突,えんとつ,entotsu,chimney,N2,,General,General
追い掛ける,おいかける,oikakeru,"to chase or run after someone, to run down, to pursue",N2,,General,General
追い越す,おいこす,oikosu,"to pass (e.g. car), to outdistance, to outstrip",N2,,General,General
,オイル,オイル,"oil, engine oil, kerosene",N2,,General,General
応援,おうえん,ouen,"aid, assistance, help, reinforcement",N2,,General,General
王女,おうじょ,oujo,princess,N2,,General,General
応ずる,おうずる,ouzuru,"to answer, to respond, to meet, to satisfy, to accept",N2,,General,General
応接,おうせつ,ousetsu,reception,N2,,General,General
応対,おうたい,outai,"receiving, dealing with",N2,,General,General
往復,おうふく,oufuku,"(col) round trip, coming and going, return ticket",N2,,General,General
欧米,おうべい,oubei,"Europe and America, the West",N2,,General,General
応用,おうよう,ouyou,"application, put to practical use",N2,,General,General
,オーケストラ,オーケストラ,orchestra,N2,,General,General
,おおざっぱ,oozappa,"rough (not precise), broad, sketchy",N2,,General,General
大通り,おおどおり,oodoori,main street,N2,,General,General
,オートメーション,オートメーション,automation,N2,,General,General
,オーバーコート,オーバーコート,,N2,,General,General
大凡,おおよそ,ooyoso,"about, roughly, as a rule, approximately",N2,,General,General
お帰り,おかえり,okaeri,"return, welcome",N2,,General,General
,おかけください,okakekudasai,,N2,,General,General
,おかげさまで,okagesamade,"Thanks to god, thanks to you",N2,,General,General
,おかず,okazu,"side dish, accompaniment for rice dishes",N2,,General,General
拝む,おがむ,ogamu,"to worship, to beg, to make a supplication",N2,,General,General
お代わり,おかわり,okawari,"second helping, another cup",N2,,General,General
補う,おぎなう,oginau,to compensate for,N2,,General,General
,おきのどくに,okinodokuni,,N2,,General,General
屋外,おくがい,okugai,outdoors,N2,,General,General
,おくさん,okusan,"(hon) wife, your wife, madam",N2,,General,General
送り仮名,おくりがな,okurigana,part of word written in kana,N2,,General,General
,おげんきで,ogenkide,,N2,,General,General
怠る,おこたる,okotaru,"to neglect, to be off guard, to be feeling better",N2,,General,General
押える,おさえる,osaeru,"to stop, to restrain, to seize, to repress, to suppress, to press down",N2,,General,General
,おさきに,osakini,"before, ahead, previously",N2,,General,General
納める,おさめる,osameru,"to obtain, to reap, to pay, to supply, to accept",N2,,General,General
治める,おさめる,osameru,"(1) to govern, to manage, (2) to subdue",N2,,General,General
惜しい,おしい,oshii,"regrettable, disappointing, precious",N2,,General,General
御辞儀,おじぎ,ojigi,bow,N2,,General,General
伯父さん,おじさん,ojisan,"middle-aged gentleman, uncle",N2,,General,General
小父さん,おじさん,ojisan,"middle-aged gentleman, uncle",N2,,General,General
叔父さん,おじさん,ojisan,"middle-aged gentleman, uncle",N2,,General,General
,おしゃれ,oshare,"smartly dressed, someone smartly dressed, fashion-conscious",N2,,General,General
,おじゃまします,ojamashimasu,Excuse me for disturbing you,N2,,General,General
教わる,おそわる,osowaru,to be taught,N2,,General,General
,おだいじに,odaijini,Take care of yourself,N2,,General,General
落着く,おちつく,ochitsuku,"to calm down, to settle down",N2,,General,General
御手洗,おてあらい,otearai,font of purifying water placed at entrance of shrine,N2,,General,General
お出掛け,おでかけ,odekake,,N2,,General,General
お手伝いさん,おてつだいさん,otetsudaisan,maid,N2,,General,General
,おどかす,odokasu,"to threaten, to coerce",N2,,General,General
落し物,おとしもの,otoshimono,lost property,N2,,General,General
,おととい,ototoi,day before yesterday,N2,,General,General
,おととし,ototoshi,year before last,N2,,General,General
,おとなしい,otonashii,"obedient, docile, quiet",N2,,General,General
驚かす,おどろかす,odorokasu,"to surprise, to frighten, to create a stir",N2,,General,General
,おねがいします,onegaishimasu,please,N2,,General,General
各々,おのおの,onoono,"each, every, either, respectively, severally",N2,,General,General
伯母さん,おばさん,obasan,(hon) aunt,N2,,General,General
叔母さん,おばさん,obasan,"(1) aunt, (2) middle-aged lady",N2,,General,General
,おはよう,ohayou,(abbr) Good morning,N2,,General,General
お参り,おまいり,omairi,"worship, shrine visit",N2,,General,General
,おまたせしました,omataseshimashita,Sorry to have kept you waiting,N2,,General,General
,おまちください,omachikudasai,Please wait a moment,N2,,General,General
,おまちどおさま,omachidoosama,Sorry to have kept you waiting,N2,,General,General
,おめでたい,omedetai,"happy event, matter for congratulation, auspicious event, pregnancy",N2,,General,General
思い掛けない,おもいがけない,omoigakenai,"unexpected, casual",N2,,General,General
思い込む,おもいこむ,omoikomu,"to be under impression that, to be convinced that",N2,,General,General
思いっ切り,おもいっきり,omoikkiri,,N2,,General,General
思い付く,おもいつく,omoitsuku,"to think of, to hit upon",N2,,General,General
重たい,おもたい,omotai,"heavy, massive, serious",N2,,General,General
,おやすみ,oyasumi,"(1) holiday, absence, rest, (2) (exp) Good night",N2,,General,General
,おやつ,oyatsu,"(1) between meal snack, afternoon refreshment",N2,,General,General
親指,おやゆび,oyayubi,thumb,N2,,General,General
,オルガン,オルガン,organ,N2,,General,General
卸す,おろす,orosu,"to sell wholesale, grated (vegetables)",N2,,General,General
恩恵,おんけい,onkei,"grace, favor, blessing, benefit",N2,,General,General
温室,おんしつ,onshitsu,greenhouse,N2,,General,General
温泉,おんせん,onsen,"spa, hot spring, onsen",N2,,General,General
温帯,おんたい,ontai,temperate zone,N2,,General,General
御中,おんちゅう,onchuu,"and Company, Messrs.",N2,,General,General
女の人,おんなのひと,onnanohito,woman,N2,,General,General
蚊,か,ka,mosquito,N2,,General,General
,カーブ,カーブ,"(1) curve, (2) curve ball (baseball)",N2,,General,General
貝,かい,kai,"shell, shellfish",N2,,General,General
開会,かいかい,kaikai,opening of a meeting,N2,,General,General
会館,かいかん,kaikan,"meeting hall, assembly hall",N2,,General,General
改札,かいさつ,kaisatsu,examination of tickets,N2,,General,General
解散,かいさん,kaisan,"breakup, dissolution",N2,,General,General
海水浴,かいすいよく,kaisuiyoku,"sea bathing, seawater bath",N2,,General,General
回数,かいすう,kaisuu,"number of times, frequency",N2,,General,General
回数券,かいすうけん,kaisuuken,book of tickets,N2,,General,General
改正,かいせい,kaisei,"revision, amendment, alteration",N2,,General,General
快晴,かいせい,kaisei,good weather,N2,,General,General
解説,かいせつ,kaisetsu,"explanation, commentary",N2,,General,General
改造,かいぞう,kaizou,"(1) remodeling, (2) modding (comp)",N2,,General,General
開通,かいつう,kaitsuu,"opening, open",N2,,General,General
回転,かいてん,kaiten,"rotation, revolution, turning",N2,,General,General
解答,かいとう,kaitou,"answer, solution",N2,,General,General
回答,かいとう,kaitou,"reply, answer",N2,,General,General
外部,がいぶ,gaibu,"the outside, external",N2,,General,General
解放,かいほう,kaihou,"release, liberation, emancipation",N2,,General,General
開放,かいほう,kaihou,"open, throw open, liberalization",N2,,General,General
海洋,かいよう,kaiyou,ocean,N2,,General,General
概論,がいろん,gairon,"intro, outline, general remarks",N2,,General,General
帰す,かえす,kaesu,to send back,N2,,General,General
却って,かえって,kaette,"on the contrary, rather, all the more, instead",N2,,General,General
代える,かえる,kaeru,"to exchange, to interchange, to substitute, to replace",N2,,General,General
反る,かえる,kaeru,"to warp, to be warped, to curve",N2,,General,General
家屋,かおく,kaoku,"house, building",N2,,General,General
係わる,かかわる,kakawaru,"to concern oneself in, to have to do with, to affect, to influence, to stick to (opinions)",N2,,General,General
書留,かきとめ,kakitome,"writing down, putting on record, recording, making a note of, registration (of mail)",N2,,General,General
書取,かきとり,kakitori,dictation,N2,,General,General
垣根,かきね,kakine,hedge,N2,,General,General
掻く,かく,kaku,"to scratch, to perspire",N2,,General,General
嗅ぐ,かぐ,kagu,"to sniff, to smell",N2,,General,General
架空,かくう,kakuu,"aerial, overhead, fiction, fanciful",N2,,General,General
各自,かくじ,kakuji,"individual, each",N2,,General,General
拡充,かくじゅう,kakujuu,expansion,N2,,General,General
学術,がくじゅつ,gakujutsu,"science, learning, scholarship",N2,,General,General
各地,かくち,kakuchi,"every place, various places",N2,,General,General
拡張,かくちょう,kakuchou,"expansion, extension, enlargement, escape (ESC)",N2,,General,General
角度,かくど,kakudo,angle,N2,,General,General
学年,がくねん,gakunen,"year in school, grade in school",N2,,General,General
学部,がくぶ,gakubu,"department of a university, undergraduate",N2,,General,General
格別,かくべつ,kakubetsu,exceptional,N2,,General,General
確率,かくりつ,kakuritsu,probability,N2,,General,General
学力,がくりょく,gakuryoku,"scholarship, knowledge, literary ability",N2,,General,General
掛け算,かけざん,kakezan,multiplication,N2,,General,General
可決,かけつ,kaketsu,"approval, adoption (e.g. motion,  bill), passage",N2,,General,General
火口,かこう,kakou,"a burner, origin of a fire",N2,,General,General
下降,かこう,kakou,"downward, descent, fall, drop, subsidence",N2,,General,General
重なる,かさなる,kasanaru,"to be piled up, lie on top of one another, overlap each other",N2,,General,General
重ねる,かさねる,kasaneru,"to pile up, to put something on another, to heap up, to add, to repeat",N2,,General,General
飾り,かざり,kazari,decoration,N2,,General,General
火山,かざん,kazan,volcano,N2,,General,General
,かしこまりました,kashikomarimashita,certainly!,N2,,General,General
貸し出し,かしだし,kashidashi,"lending, loaning",N2,,General,General
過失,かしつ,kashitsu,"error, blunder, accident",N2,,General,General
果実,かじつ,kajitsu,"fruit, nut, berry.",N2,,General,General
貸間,かしま,kashima,room to let,N2,,General,General
貸家,かしや,kashiya,house for rent,N2,,General,General
個所,かしょ,kasho,"passage, place, point, part",N2,,General,General
過剰,かじょう,kajou,"excess, over-",N2,,General,General
,かじる,kajiru,"to chew, to bite (at), to gnaw, to nibble",N2,,General,General
課税,かぜい,kazei,taxation,N2,,General,General
下線,かせん,kasen,"underline, underscore",N2,,General,General
,カセット,カセット,cassette (tape),N2,,General,General
加速,かそく,kasoku,acceleration,N2,,General,General
加速度,かそくど,kasokudo,acceleration,N2,,General,General
固い,かたい,katai,"stubborn, firm (not viscous or easily moved)",N2,,General,General
堅い,かたい,katai,"hard (esp. wood), steadfast, honorable, stuffy writing",N2,,General,General
片仮名,かたかな,katakana,katakana,N2,,General,General
片付く,かたづく,katazuku,"to put in order, to dispose of, to solve",N2,,General,General
塊,かたまり,katamari,"lump, mass, clod, cluster",N2,,General,General
固まる,かたまる,katamaru,"to harden, to solidify, to become firm, to become certain",N2,,General,General
片道,かたみち,katamichi,one-way (trip),N2,,General,General
傾く,かたむく,katamuku,"to incline toward, to slant, to lurch",N2,,General,General
片寄る,かたよる,katayoru,"to be one-sided, to incline, to be partial",N2,,General,General
学科,がっか,gakka,"study subject, course of study",N2,,General,General
学会,がっかい,gakkai,"scientific society, academic meeting",N2,,General,General
楽器,がっき,gakki,musical instrument,N2,,General,General
学級,がっきゅう,gakkyuu,grade in school,N2,,General,General
担ぐ,かつぐ,katsugu,"to shoulder, to carry on shoulder",N2,,General,General
括弧,かっこ,kakko,"parenthesis, brackets",N2,,General,General
活字,かつじ,katsuji,printing type,N2,,General,General
活躍,かつやく,katsuyaku,activity,N2,,General,General
活力,かつりょく,katsuryoku,"vitality, energy",N2,,General,General
仮定,かてい,katei,"assumption, supposition, hypothesis",N2,,General,General
過程,かてい,katei,process,N2,,General,General
課程,かてい,katei,"course, curriculum",N2,,General,General
仮名,かな,kana,"(n) alias, pseudonym, pen name",N2,,General,General
仮名遣い,かなづかい,kanazukai,"kana orthography, syllabary spelling",N2,,General,General
鐘,かね,kane,"bell, chime",N2,,General,General
加熱,かねつ,kanetsu,heating,N2,,General,General
兼ねる,かねる,kaneru,"to hold (position), to serve, to be unable",N2,,General,General
,カバー,カバー,cover (ex. book),N2,,General,General
過半数,かはんすう,kahansuu,majority,N2,,General,General
被せる,かぶせる,kabuseru,to cover (with something),N2,,General,General
釜,かま,kama,"iron pot, kettle",N2,,General,General
紙屑,かみくず,kamikuzu,wastepaper,N2,,General,General
神様,かみさま,kamisama,god,N2,,General,General
剃刀,かみそり,kamisori,razor,N2,,General,General
,ガム,ガム,chewing gum,N2,,General,General
貨物,かもつ,kamotsu,"cargo, freight",N2,,General,General
,かゆい,kayui,"itchy, itching",N2,,General,General
歌謡,かよう,kayou,"song, ballad",N2,,General,General
殻,から,kara,"shell, husk, hull, chaff",N2,,General,General
,カラー,カラー,"collar, color, colour",N2,,General,General
,からかう,karakau,"to ridicule, to tease, to banter with, to make fun of",N2,,General,General
空っぽ,からっぽ,karappo,"empty, vacant, hollow",N2,,General,General
,かるた,karuta,(n) playing cards (pt: carta),N2,,General,General
枯れる,かれる,kareru,"to wither, to die (plant), to be blasted (plant)",N2,,General,General
,カロリー,カロリー,calorie,N2,,General,General
,かわいがる,kawaigaru,"to love, to be affectionate",N2,,General,General
乾かす,かわかす,kawakasu,"to dry (clothes,  etc.), to desiccate",N2,,General,General
渇く,かわく,kawaku,to be thirsty,N2,,General,General
為替,かわせ,kawase,"money order, exchange",N2,,General,General
瓦,かわら,kawara,roof tile,N2,,General,General
代る,かわる,kawaru,"(v5r, vi) to take the place of, to relieve, to be substituted for",N2,,General,General
間隔,かんかく,kankaku,"space, interval, SPC",N2,,General,General
換気,かんき,kanki,ventilation,N2,,General,General
感激,かんげき,kangeki,"deep emotion, impression, inspiration",N2,,General,General
関西,かんさい,kansai,,N2,,General,General
鑑賞,かんしょう,kanshou,appreciation,N2,,General,General
感ずる,かんずる,kanzuru,"to feel, to sense",N2,,General,General
間接,かんせつ,kansetsu,"indirection, indirectness",N2,,General,General
乾燥,かんそう,kansou,"dry, arid, insipid, dehydrated",N2,,General,General
感想,かんそう,kansou,"impressions, thoughts",N2,,General,General
観測,かんそく,kansoku,observation,N2,,General,General
寒帯,かんたい,kantai,frigid zone,N2,,General,General
官庁,かんちょう,kanchou,"government office, authorities",N2,,General,General
勘違い,かんちがい,kanchigai,"misunderstanding, wrong guess",N2,,General,General
缶詰,かんづめ,kanzume,"packing (in cans), canning, canned goods, tin can",N2,,General,General
乾電池,かんでんち,kandenchi,"dry cell, battery",N2,,General,General
関東,かんとう,kantou,"eastern half of Japan,  including Tokyo",N2,,General,General
観念,かんねん,kannen,"(1) idea, notion, conception, (2) sense (e.g. of duty)",N2,,General,General
乾杯,かんぱい,kanpai,toast (drink),N2,,General,General
看板,かんばん,kanban,"sign, signboard, doorplate, poster",N2,,General,General
看病,かんびょう,kanbyou,nursing (a patient),N2,,General,General
冠,かんむり,kanmuri,"crown, diadem, first, best",N2,,General,General
漢和,かんわ,kanwa,Chinese Character-Japanese (e.g. dictionary),N2,,General,General
気圧,きあつ,kiatsu,atmospheric pressure,N2,,General,General
器械,きかい,kikai,instrument,N2,,General,General
着替え,きがえ,kigae,"changing clothes, change of clothes",N2,,General,General
機関車,きかんしゃ,kikansha,"locomotive, engine",N2,,General,General
飢饉,ききん,kikin,famine,N2,,General,General
器具,きぐ,kigu,utensil,N2,,General,General
期限,きげん,kigen,"term, period",N2,,General,General
記号,きごう,kigou,"symbol, code",N2,,General,General
刻む,きざむ,kizamu,"to mince, to carve, to engrave",N2,,General,General
儀式,ぎしき,gishiki,"ceremony, rite, ritual, service",N2,,General,General
基準,きじゅん,kijun,"standard, basis, criteria, norm",N2,,General,General
規準,きじゅん,kijun,"standard, basis, criteria, norm",N2,,General,General
起床,きしょう,kishou,"rising, getting out of bed",N2,,General,General
着せる,きせる,kiseru,to put on clothes,N2,,General,General
基礎,きそ,kiso,"foundation, basis",N2,,General,General
気体,きたい,kitai,"vapour, gas",N2,,General,General
基地,きち,kichi,base,N2,,General,General
,きっかけ,kikkake,"chance, start, cue, excuse",N2,,General,General
,ぎっしり,gisshiri,"tightly, fully",N2,,General,General
基盤,きばん,kiban,"foundation, basis",N2,,General,General
客席,きゃくせき,kyakuseki,guest seating,N2,,General,General
客間,きゃくま,kyakuma,"parlor, guest room",N2,,General,General
,ギャング,ギャング,gang,N2,,General,General
,キャンパス,キャンパス,campus,N2,,General,General
休業,きゅうぎょう,kyuugyou,"closed (e.g. store), business suspended, shutdown, holiday",N2,,General,General
休講,きゅうこう,kyuukou,lecture cancelled,N2,,General,General
休息,きゅうそく,kyuusoku,"rest, relief, relaxation",N2,,General,General
給与,きゅうよ,kyuuyo,"allowance, grant, supply",N2,,General,General
休養,きゅうよう,kyuuyou,"rest, break, recreation",N2,,General,General
清い,きよい,kiyoi,"clear, pure, noble",N2,,General,General
強化,きょうか,kyouka,"strengthen, intensify, reinforce, solidify",N2,,General,General
境界,きょうかい,kyoukai,boundary,N2,,General,General
行事,ぎょうじ,gyouji,"event, function",N2,,General,General
恐縮,きょうしゅく,kyoushuku,"shame, very kind of you, sorry to trouble",N2,,General,General
教養,きょうよう,kyouyou,"culture, education, refinement, cultivation",N2,,General,General
行列,ぎょうれつ,gyouretsu,"(1) line, procession, (2) matrix (math)",N2,,General,General
漁業,ぎょぎょう,gyogyou,fishing (industry),N2,,General,General
曲線,きょくせん,kyokusen,curve,N2,,General,General
規律,きりつ,kiritsu,"order, rules, law",N2,,General,General
斬る,きる,kiru,"(v5r) to behead, to murder",N2,,General,General
気を付ける,きをつける,kiotsukeru,"to be careful, to pay attention, to take care",N2,,General,General
金魚,きんぎょ,kingyo,goldfish,N2,,General,General
区域,くいき,kuiki,"limits, boundary, domain, zone, sphere, territory",N2,,General,General
偶数,ぐうすう,guusuu,even number,N2,,General,General
空想,くうそう,kuusou,"daydream, fantasy, fancy, vision",N2,,General,General
空中,くうちゅう,kuuchuu,"sky, air",N2,,General,General
,クーラー,クーラー,"cooler, air conditioner",N2,,General,General
釘,くぎ,kugi,nail,N2,,General,General
区切る,くぎる,kugiru,"to punctuate, to cut off, to mark off, to stop, to put an end to",N2,,General,General
櫛,くし,kushi,comb,N2,,General,General
,くしゃみ,kushami,sneeze,N2,,General,General
苦情,くじょう,kujou,"complaint, troubles, objection",N2,,General,General
苦心,くしん,kushin,"pain, trouble",N2,,General,General
屑,くず,kuzu,"waste, scrap",N2,,General,General
崩す,くずす,kuzusu,"to destroy, to pull down, to make change (money)",N2,,General,General
薬指,くすりゆび,kusuriyubi,ring finger,N2,,General,General
崩れる,くずれる,kuzureru,"to collapse, to crumble",N2,,General,General
砕く,くだく,kudaku,"to break, to smash",N2,,General,General
砕ける,くだける,kudakeru,"to break, to be broken",N2,,General,General
,くたびれる,kutabireru,"to get tired, to wear out",N2,,General,General
,くだらない,kudaranai,"good-for-nothing, stupid, trivial, worthless",N2,,General,General
下る,くだる,kudaru,"to get down, to descend",N2,,General,General
唇,くちびる,kuchibiru,lips,N2,,General,General
口紅,くちべに,kuchibeni,lipstick,N2,,General,General
,くっつく,kuttsuku,"to adhere to, to keep close to",N2,,General,General
,くっつける,kuttsukeru,to attach,N2,,General,General
,くどい,kudoi,"verbose, importunate, heavy (taste)",N2,,General,General
句読点,くとうてん,kutouten,punctuation marks,N2,,General,General
配る,くばる,kubaru,"to distribute, to deliver",N2,,General,General
工夫,くふう,kufuu,"labourer, worker",N2,,General,General
区分,くぶん,kubun,"division, section, classification",N2,,General,General
組合せ,くみあわせ,kumiawase,combination,N2,,General,General
組み立てる,くみたてる,kumitateru,"to assemble, to set up, to construct",N2,,General,General
汲む,くむ,kumu,"(1) to draw (water), to dip, to scoop, to pump",N2,,General,General
酌む,くむ,kumu,to serve sake,N2,,General,General
悔しい,くやしい,kuyashii,"regrettable, mortifying, vexing",N2,,General,General
悔やむ,くやむ,kuyamu,to mourn,N2,,General,General
,クリーニング,クリーニング,"cleaning, dry cleaning, laundry service",N2,,General,General
,くるむ,kurumu,"to be engulfed in, to be enveloped by, to wrap up",N2,,General,General
,くれぐれも,kureguremo,"repeatedly, sincerely, earnestly",N2,,General,General
咥える,くわえる,kuwaeru,,N2,,General,General
郡,ぐん,gun,"country, district",N2,,General,General
稽古,けいこ,keiko,"practice, training, study",N2,,General,General
敬語,けいご,keigo,"honorific, term of respect",N2,,General,General
蛍光灯,けいこうとう,keikoutou,"fluorescent lamp, person who is slow to react",N2,,General,General
形式,けいしき,keishiki,"form, formality, format, math expression",N2,,General,General
継続,けいぞく,keizoku,continuation,N2,,General,General
毛糸,けいと,keito,knitting wool,N2,,General,General
経度,けいど,keido,longitude,N2,,General,General
系統,けいとう,keitou,"system, family line, geological formation",N2,,General,General
芸能,げいのう,geinou,"public entertainment, accomplishments, attainments",N2,,General,General
競馬,けいば,keiba,horse racing,N2,,General,General
警備,けいび,keibi,"defense, guard, policing, security",N2,,General,General
形容詞,けいようし,keiyoushi,true adjective,N2,,General,General
形容動詞,けいようどうし,keiyoudoushi,"adjectival noun, quasi-adjective",N2,,General,General
外科,げか,geka,surgical department,N2,,General,General
毛皮,けがわ,kegawa,"fur, skin, pelt",N2,,General,General
激増,げきぞう,gekizou,sudden increase,N2,,General,General
下車,げしゃ,gesha,"alighting, getting off",N2,,General,General
下旬,げじゅん,gejun,month (last third of),N2,,General,General
下水,げすい,gesui,"drainage, sewage, ditch, gutter, sewerage",N2,,General,General
削る,けずる,kezuru,"to cut down little by little, to take a percentage",N2,,General,General
桁,けた,keta,"column, beam, digit",N2,,General,General
下駄,げた,geta,"geta (Japanese footwear), wooden clogs",N2,,General,General
血圧,けつあつ,ketsuatsu,blood pressure,N2,,General,General
血液,けつえき,ketsueki,blood,N2,,General,General
月給,げっきゅう,gekkyuu,monthly salary,N2,,General,General
傑作,けっさく,kessaku,"masterpiece, best work, boner, blunder",N2,,General,General
月末,げつまつ,getsumatsu,end of the month,N2,,General,General
気配,けはい,kehai,"indication, market trend, worry",N2,,General,General
下品,げひん,gehin,"vulgarity, meanness, indecency, coarseness",N2,,General,General
煙い,けむい,kemui,smoky,N2,,General,General
蹴る,ける,keru,to kick,N2,,General,General
,けれど/けれども,keredo/keredomo,"but, however",N2,,General,General
険しい,けわしい,kewashii,"inaccessible place, sharp eyes",N2,,General,General
見学,けんがく,kengaku,"inspection, study by observation, field trip",N2,,General,General
謙虚,けんきょ,kenkyo,"modesty, humility",N2,,General,General
原稿,げんこう,genkou,"manuscript, copy",N2,,General,General
原産,げんさん,gensan,"place of origin, habitat",N2,,General,General
原始,げんし,genshi,"origin, primeval",N2,,General,General
研修,けんしゅう,kenshuu,training,N2,,General,General
厳重,げんじゅう,genjuu,"strict, rigour, severe, firm",N2,,General,General
謙遜,けんそん,kenson,"humble, humility, modesty",N2,,General,General
県庁,けんちょう,kenchou,prefectural office,N2,,General,General
限度,げんど,gendo,"limit, bounds",N2,,General,General
現に,げんに,genni,"actually, really",N2,,General,General
顕微鏡,けんびきょう,kenbikyou,microscope,N2,,General,General
原理,げんり,genri,"principle, theory, fundamental truth",N2,,General,General
原料,げんりょう,genryou,raw materials,N2,,General,General
碁,ご,go,Go (board game of capturing territory),N2,,General,General
恋しい,こいしい,koishii,"(1) dear, beloved, darling, (2) yearned for",N2,,General,General
請う,こう,kou,"to ask, to request",N2,,General,General
工員,こういん,kouin,factory worker,N2,,General,General
強引,ごういん,gouin,"overbearing, coercive, pushy, forcible, high-handed",N2,,General,General
公害,こうがい,kougai,"public nuisance, pollution",N2,,General,General
高級,こうきゅう,koukyuu,"high class, high grade",N2,,General,General
公共,こうきょう,koukyou,"public, community, public service, society, communal",N2,,General,General
工芸,こうげい,kougei,industrial arts,N2,,General,General
孝行,こうこう,koukou,filial piety,N2,,General,General
交差,こうさ,kousa,cross,N2,,General,General
講師,こうし,koushi,lecturer,N2,,General,General
工事,こうじ,kouji,construction work,N2,,General,General
公式,こうしき,koushiki,"formula, formality, official",N2,,General,General
口実,こうじつ,koujitsu,excuse,N2,,General,General
,こうして,koushite,thus,N2,,General,General
校舎,こうしゃ,kousha,school building,N2,,General,General
公衆,こうしゅう,koushuu,the public,N2,,General,General
香水,こうすい,kousui,perfume,N2,,General,General
公正,こうせい,kousei,"justice, fairness, impartiality",N2,,General,General
功績,こうせき,kouseki,"achievements, merit, meritorious service, meritorious deed",N2,,General,General
光線,こうせん,kousen,"beam, light ray",N2,,General,General
高層,こうそう,kousou,upper,N2,,General,General
構造,こうぞう,kouzou,"structure, construction",N2,,General,General
交替,こうたい,koutai,"alternation, change, relief, relay, shift",N2,,General,General
耕地,こうち,kouchi,arable land,N2,,General,General
交通機関,こうつうきかん,koutsuukikan,transportation facilities,N2,,General,General
校庭,こうてい,koutei,campus,N2,,General,General
肯定,こうてい,koutei,"positive, affirmation",N2,,General,General
高度,こうど,koudo,"altitude, height, advanced",N2,,General,General
高等,こうとう,koutou,"high class, high grade",N2,,General,General
合同,ごうどう,goudou,"combination, incorporation, union, amalgamation",N2,,General,General
後輩,こうはい,kouhai,junior (at work or school),N2,,General,General
公表,こうひょう,kouhyou,"official announcement, proclamation",N2,,General,General
鉱物,こうぶつ,koubutsu,mineral,N2,,General,General
公務,こうむ,koumu,"official business, public business",N2,,General,General
項目,こうもく,koumoku,item,N2,,General,General
紅葉,こうよう,kouyou,(1) (Japanese) maple,N2,,General,General
合理,ごうり,gouri,rational,N2,,General,General
交流,こうりゅう,kouryuu,"alternating current, intercourse, (cultural) exchange, intermingling",N2,,General,General
合流,ごうりゅう,gouryuu,"confluence, union, linking up, merge",N2,,General,General
効力,こうりょく,kouryoku,"effect, efficacy, validity, potency",N2,,General,General
超える,こえる,koeru,"to exceed, to cross over, to cross",N2,,General,General
,コース,コース,course,N2,,General,General
,コーラス,コーラス,chorus,N2,,General,General
焦がす,こがす,kogasu,"to burn, to scorch, to singe, to char",N2,,General,General
国王,こくおう,kokuou,king,N2,,General,General
国籍,こくせき,kokuseki,nationality,N2,,General,General
国立,こくりつ,kokuritsu,national,N2,,General,General
,ごくろうさま,gokurousama,Thank you very much for your....,N2,,General,General
焦げる,こげる,kogeru,"to burn, to be burned",N2,,General,General
凍える,こごえる,kogoeru,"to freeze, to be chilled, to be frozen",N2,,General,General
心当たり,こころあたり,kokoroatari,"having some knowledge of, happening to know",N2,,General,General
心得る,こころえる,kokoroeru,"to be informed, to have thorough knowledge",N2,,General,General
腰掛け,こしかけ,koshikake,"seat, bench",N2,,General,General
腰掛ける,こしかける,koshikakeru,to sit (down),N2,,General,General
五十音,ごじゅうおん,gojuuon,the Japanese syllabary,N2,,General,General
胡椒,こしょう,koshou,pepper,N2,,General,General
,こしらえる,koshiraeru,"to make, to manufacture",N2,,General,General
超す,こす,kosu,"to cross, to pass, to tide over",N2,,General,General
擦る,こする,kosuru,"to rub, to chafe, to file, to frost (glass), to strike (match)",N2,,General,General
,ごぞんじですか,gozonjidesuka,,N2,,General,General
個体,こたい,kotai,an individual,N2,,General,General
御馳走,ごちそう,gochisou,"feast, treating (someone)",N2,,General,General
,ごちそうさま,gochisousama,feast,N2,,General,General
,こちらこそ,kochirakoso,it is I who should say so,N2,,General,General
小遣い,こづかい,kozukai,"personal expenses, pocket money, spending money, incidental expenses, allowance",N2,,General,General
,コック,コック,"(1) cook (nl:), (2) tap, spigot, faucet, cock",N2,,General,General
,こっそり,kossori,"stealthily, secretly",N2,,General,General
古典,こてん,koten,"old book, classics, classic",N2,,General,General
琴,こと,koto,Koto (Japanese harp),N2,,General,General
言付ける,ことづける,kotozukeru,"to send word, to send a message",N2,,General,General
言葉遣い,ことばづかい,kotobazukai,"speech, expression, wording",N2,,General,General
,こないだ,konaida,"the other day, lately, recently",N2,,General,General
御無沙汰,ごぶさた,gobusata,not writing or contacting for a while,N2,,General,General
,こぼす,kobosu,to spill,N2,,General,General
,こぼれる,koboreru,"to overflow, to spill",N2,,General,General
塵芥,ごみ,gomi,"trash, rubbish",N2,,General,General
,ゴム,ゴム,"gum, rubber, eraser",N2,,General,General
御免,ごめん,gomen,"your pardon, declining (something), dismissal, permission",N2,,General,General
,ごめんください,gomenkudasai,May I come in?,N2,,General,General
小指,こゆび,koyubi,little finger,N2,,General,General
,こらえる,koraeru,"to bear, to stand, to endure, to put up with",N2,,General,General
娯楽,ごらく,goraku,"pleasure, amusement",N2,,General,General
御覧,ごらん,goran,"(hon) look, inspection, try",N2,,General,General
,コレクション,コレクション,"(1) collection, (2) correction",N2,,General,General
転がす,ころがす,korogasu,to roll,N2,,General,General
転がる,ころがる,korogaru,"to roll, to tumble",N2,,General,General
紺,こん,kon,"navy blue, deep blue",N2,,General,General
,コンクール,コンクール,contest (fr: concours),N2,,General,General
,コンクリート,コンクリート,concrete,N2,,General,General
混合,こんごう,kongou,"mixing, mixture",N2,,General,General
,コンセント,コンセント,"(1) consent, (2) concentric",N2,,General,General
献立,こんだて,kondate,"menu, program, schedule",N2,,General,General
,こんばんは,konbanha,good evening,N2,,General,General
,サークル,サークル,"circle, sports club (i.e. at a company)",N2,,General,General
在学,ざいがく,zaigaku,(enrolled) in school,N2,,General,General
再三,さいさん,saisan,"again and again, repeatedly",N2,,General,General
祭日,さいじつ,saijitsu,"national holiday, festival day",N2,,General,General
催促,さいそく,saisoku,"request, demand, claim, urge (action), press for",N2,,General,General
採点,さいてん,saiten,"marking, grading, looking over",N2,,General,General
災難,さいなん,sainan,"calamity, misfortune",N2,,General,General
裁縫,さいほう,saihou,sewing,N2,,General,General
材木,ざいもく,zaimoku,"lumber, timber",N2,,General,General
,サイレン,サイレン,siren,N2,,General,General
逆さ,さかさ,sakasa,"reverse, inversion, upside down",N2,,General,General
逆様,さかさま,sakasama,"inversion, upside down",N2,,General,General
捜す,さがす,sagasu,"to search, to seek, to look for",N2,,General,General
遡る,さかのぼる,sakanoboru,"to go back, to go upstream, to make retroactive",N2,,General,General
酒場,さかば,sakaba,"bar, bar-room",N2,,General,General
,さきおととい,sakiototoi,two days before yesterday,N2,,General,General
先程,さきほど,sakihodo,some time ago,N2,,General,General
裂く,さく,saku,"to tear, to split",N2,,General,General
索引,さくいん,sakuin,"index, indices",N2,,General,General
作者,さくしゃ,sakusha,"author, authoress",N2,,General,General
削除,さくじょ,sakujo,"elimination, cancellation, deletion, erasure",N2,,General,General
作成,さくせい,sakusei,"frame, draw up, make, producing",N2,,General,General
作製,さくせい,sakusei,manufacture,N2,,General,General
探る,さぐる,saguru,"to search, to look for, to sound out",N2,,General,General
囁く,ささやく,sasayaku,"to whisper, to murmur",N2,,General,General
刺さる,ささる,sasaru,"to stick, to be stuck",N2,,General,General
匙,さじ,saji,spoon,N2,,General,General
座敷,ざしき,zashiki,tatami room,N2,,General,General
差し支え,さしつかえ,sashitsukae,"hindrance, impediment",N2,,General,General
差し引き,さしひき,sashihiki,"deduction, subtraction, balance, ebb and flow, rise and fall",N2,,General,General
刺身,さしみ,sashimi,sliced raw fish,N2,,General,General
刺す,さす,sasu,"to pierce, to stab, to prick, to thrust",N2,,General,General
挿す,さす,sasu,"to insert, to put in, to graft, to wear in belt",N2,,General,General
注す,さす,sasu,"to pour (drink), to serve (drinks)",N2,,General,General
射す,さす,sasu,"to shine, to strike",N2,,General,General
流石,さすが,sasuga,"clever, adept, good, expectations, as one would expect",N2,,General,General
撮影,さつえい,satsuei,photographing,N2,,General,General
雑音,ざつおん,zatsuon,"noise (jarring,  grating)",N2,,General,General
,さっさと,sassato,quickly,N2,,General,General
早速,さっそく,sassoku,"at once, immediately, without delay, promptly",N2,,General,General
錆,さび,sabi,rust (colour),N2,,General,General
錆びる,さびる,sabiru,"to rust, to become rusty",N2,,General,General
座布団,ざぶとん,zabuton,cushion (Japanese),N2,,General,General
冷ます,さます,samasu,"to cool, to dampen, to let cool",N2,,General,General
妨げる,さまたげる,samatageru,"to disturb, to prevent",N2,,General,General
冷める,さめる,sameru,"to become cool, to wear off, to abate, to subside",N2,,General,General
,さようなら,sayounara,good-bye,N2,,General,General
再来月,さらいげつ,saraigetsu,month after next,N2,,General,General
再来週,さらいしゅう,saraishuu,week after next,N2,,General,General
再来年,さらいねん,sarainen,year after next,N2,,General,General
,サラリーマン,サラリーマン,"salary man, company employee",N2,,General,General
騒がしい,さわがしい,sawagashii,noisy,N2,,General,General
,さわやか,sawayaka,"fresh, refreshing, invigorating",N2,,General,General
三角,さんかく,sankaku,"triangle, triangular",N2,,General,General
算数,さんすう,sansuu,arithmetic,N2,,General,General
酸性,さんせい,sansei,acidity,N2,,General,General
産地,さんち,sanchi,producing area,N2,,General,General
,サンプル,サンプル,sample,N2,,General,General
山林,さんりん,sanrin,"mountain forest, mountains and forest",N2,,General,General
仕上がる,しあがる,shiagaru,to be finished,N2,,General,General
,しあさって,shiasatte,two days after tomorrow,N2,,General,General
,シーズン,シーズン,season (sporting),N2,,General,General
,シーツ,シーツ,sheet,N2,,General,General
寺院,じいん,jiin,temple,N2,,General,General
しいんと,（する）,（suru）,"silent (as the grave), (deathly) quiet",N2,,General,General
自衛,じえい,jiei,self-defense,N2,,General,General
塩辛い,しおからい,shiokarai,salty (taste),N2,,General,General
司会,しかい,shikai,chairmanship,N2,,General,General
四角,しかく,shikaku,square,N2,,General,General
四角い,しかくい,shikakui,square,N2,,General,General
時間割,じかんわり,jikanwari,"timetable, schedule",N2,,General,General
四季,しき,shiki,four seasons,N2,,General,General
敷地,しきち,shikichi,site,N2,,General,General
至急,しきゅう,shikyuu,"urgent, pressing",N2,,General,General
敷く,しく,shiku,"to spread out, to lay out",N2,,General,General
茂る,しげる,shigeru,"to grow thick, to luxuriate, to be luxurious",N2,,General,General
持参,じさん,jisan,"bringing, taking, carrying",N2,,General,General
磁石,じしゃく,jishaku,magnet,N2,,General,General
四捨五入,ししゃごにゅう,shishagonyuu,rounding up (fractions),N2,,General,General
始終,しじゅう,shijuu,"continuously, from beginning to end",N2,,General,General
自習,じしゅう,jishuu,self-study,N2,,General,General
静まる,しずまる,shizumaru,"to quieten down, to calm down, to subside",N2,,General,General
姿勢,しせい,shisei,"attitude, posture",N2,,General,General
自然科学,しぜんかがく,shizenkagaku,natural science,N2,,General,General
時速,じそく,jisoku,speed (per hour),N2,,General,General
子孫,しそん,shison,"descendants, posterity, offspring",N2,,General,General
死体,したい,shitai,corpse,N2,,General,General
下書き,したがき,shitagaki,"rough copy, draft",N2,,General,General
下町,したまち,shitamachi,"Shitamachi, lower parts of town",N2,,General,General
自治,じち,jichi,"self-government, autonomy",N2,,General,General
実感,じっかん,jikkan,"feelings (actual,  true)",N2,,General,General
湿気,しっけ,shikke,"moisture, humidity, dampness",N2,,General,General
湿気,しっき,shikki,"moisture, humidity, dampness",N2,,General,General
,しつこい,shitsukoi,"insistent, obstinate",N2,,General,General
実習,じっしゅう,jisshuu,"practice, training",N2,,General,General
実績,じっせき,jisseki,"achievements, actual results",N2,,General,General
湿度,しつど,shitsudo,level of humidity,N2,,General,General
執筆,しっぴつ,shippitsu,writing,N2,,General,General
実物,じつぶつ,jitsubutsu,"real thing, original",N2,,General,General
,しっぽ,shippo,tail (animal),N2,,General,General
実用,じつよう,jitsuyou,"practical use, utility",N2,,General,General
実力,じつりょく,jitsuryoku,"merit, efficiency, arms, force",N2,,General,General
実例,じつれい,jitsurei,"example, illustration",N2,,General,General
失恋,しつれん,shitsuren,"disappointed love, broken heart, unrequited love, be lovelorn",N2,,General,General
指定,してい,shitei,"designation, specification, assignment, pointing at",N2,,General,General
私鉄,してつ,shitetsu,private railway,N2,,General,General
児童,じどう,jidou,"children, juvenile",N2,,General,General
縛る,しばる,shibaru,"to tie, to bind",N2,,General,General
地盤,じばん,jiban,(the) ground,N2,,General,General
,しびれる,shibireru,"to become numb, to go to sleep (i.e.,  a limb)",N2,,General,General
紙幣,しへい,shihei,"paper money, notes, bills",N2,,General,General
,しぼむ,shibomu,"to wither, to fade (away), to shrivel, to wilt",N2,,General,General
絞る,しぼる,shiboru,"to press, to wring, to squeeze",N2,,General,General
縞,しま,shima,stripe,N2,,General,General
地味,じみ,jimi,"plain, simple",N2,,General,General
,しみじみ,shimijimi,"keenly, deeply, heartily",N2,,General,General
氏名,しめい,shimei,"full name, identity",N2,,General,General
締切,しめきり,shimekiri,"closing, cut-off, end, deadline, Closed, No Entrance",N2,,General,General
締め切る,しめきる,shimekiru,to shut up,N2,,General,General
湿る,しめる,shimeru,"to be wet, to become wet, to be damp",N2,,General,General
,ジャーナリスト,ジャーナリスト,journalist,N2,,General,General
社会科学,しゃかいかがく,shakaikagaku,social science,N2,,General,General
,しゃがむ,shagamu,to squat,N2,,General,General
蛇口,じゃぐち,jaguchi,"faucet, tap",N2,,General,General
弱点,じゃくてん,jakuten,"weak point, weakness",N2,,General,General
車庫,しゃこ,shako,"garage, car shed",N2,,General,General
車掌,しゃしょう,shashou,(train) conductor,N2,,General,General
写生,しゃせい,shasei,"sketching, drawing from nature",N2,,General,General
社説,しゃせつ,shasetsu,"editorial, leading article",N2,,General,General
,しゃっくり,shakkuri,"hiccough, hiccup",N2,,General,General
,シャッター,シャッター,shutter,N2,,General,General
,しゃぶる,shaburu,"to suck, to chew",N2,,General,General
車輪,しゃりん,sharin,(car) wheel,N2,,General,General
洒落,しゃれ,share,"joke, pun, witticism",N2,,General,General
,じゃんけん,janken,(n) rock-scissors-paper game,N2,,General,General
集会,しゅうかい,shuukai,"meeting, assembly",N2,,General,General
住居,じゅうきょ,juukyo,"dwelling, house, residence, address",N2,,General,General
集金,しゅうきん,shuukin,money collection,N2,,General,General
集合,しゅうごう,shuugou,"gathering, assembly, meeting, set (math)",N2,,General,General
習字,しゅうじ,shuuji,penmanship,N2,,General,General
修繕,しゅうぜん,shuuzen,"repair, mending",N2,,General,General
重体,じゅうたい,juutai,"seriously ill, serious condition, critical state",N2,,General,General
じゅうたん,（カーペット）,（カーペット）,carpet,N2,,General,General
終点,しゅうてん,shuuten,"terminus, last stop (e.g train)",N2,,General,General
重点,じゅうてん,juuten,"important point, lay stress on, colon, emphasis",N2,,General,General
就任,しゅうにん,shuunin,"inauguration, assumption of office",N2,,General,General
周辺,しゅうへん,shuuhen,"circumference, outskirts, environs, (computer) peripheral",N2,,General,General
重役,じゅうやく,juuyaku,"director, high executive",N2,,General,General
終了,しゅうりょう,shuuryou,"end, close, termination",N2,,General,General
重量,じゅうりょう,juuryou,"(1) weight, (2) heavyweight boxer",N2,,General,General
重力,じゅうりょく,juuryoku,gravity,N2,,General,General
熟語,じゅくご,jukugo,"idiom, idiomatic phrase, kanji compound",N2,,General,General
祝日,しゅくじつ,shukujitsu,national holiday,N2,,General,General
縮小,しゅくしょう,shukushou,"reduction, curtailment",N2,,General,General
受験,じゅけん,juken,taking an examination,N2,,General,General
主語,しゅご,shugo,(gram) subject,N2,,General,General
出勤,しゅっきん,shukkin,"going to work, at work",N2,,General,General
述語,じゅつご,jutsugo,predicate,N2,,General,General
出張,しゅっちょう,shucchou,"official tour, business trip",N2,,General,General
寿命,じゅみょう,jumyou,life span,N2,,General,General
主役,しゅやく,shuyaku,"leading part, leading actor (actress)",N2,,General,General
受話器,じゅわき,juwaki,(telephone) receiver,N2,,General,General
循環,じゅんかん,junkan,"circulation, rotation, cycle",N2,,General,General
巡査,じゅんさ,junsa,"police, policeman",N2,,General,General
順々,じゅんじゅん,junjun,"in order, in turn",N2,,General,General
順序,じゅんじょ,junjo,"order, sequence, procedure",N2,,General,General
純情,じゅんじょう,junjou,"pure heart, naivete, self-sacrificing devotion",N2,,General,General
純粋,じゅんすい,junsui,"pure, true, genuine, unmixed",N2,,General,General
消化,しょうか,shouka,digestion,N2,,General,General
小学生,しょうがくせい,shougakusei,grade school student,N2,,General,General
,しょうがない,shouganai,,N2,,General,General
将棋,しょうぎ,shougi,Japanese chess,N2,,General,General
蒸気,じょうき,jouki,"steam, vapour",N2,,General,General
定規,じょうぎ,jougi,(measuring) ruler,N2,,General,General
上級,じょうきゅう,joukyuu,"advanced level, high grade, senior",N2,,General,General
商業,しょうぎょう,shougyou,"commerce, trade, business",N2,,General,General
消極的,しょうきょくてき,shoukyokuteki,passive,N2,,General,General
賞金,しょうきん,shoukin,"prize, monetary award",N2,,General,General
上下,じょうげ,jouge,"high and low, up and down, unloading and loading, praising and blaming",N2,,General,General
障子,しょうじ,shouji,paper sliding door,N2,,General,General
商社,しょうしゃ,shousha,"trading company, firm",N2,,General,General
乗車,じょうしゃ,jousha,"taking a train, entraining",N2,,General,General
上旬,じょうじゅん,joujun,first 10 days of month,N2,,General,General
生ずる,しょうずる,shouzuru,"to cause, to arise, to be generated",N2,,General,General
小数,しょうすう,shousuu,"fraction (part of), decimal",N2,,General,General
商店,しょうてん,shouten,"shop, business firm",N2,,General,General
焦点,しょうてん,shouten,"focus, point",N2,,General,General
消毒,しょうどく,shoudoku,"disinfection, sterilization",N2,,General,General
勝敗,しょうはい,shouhai,"victory or defeat, issue (of battle)",N2,,General,General
蒸発,じょうはつ,jouhatsu,"evaporation, unexplained disappearance",N2,,General,General
賞品,しょうひん,shouhin,"prize, trophy",N2,,General,General
勝負,しょうぶ,shoubu,"victory or defeat, match, contest, game, bout",N2,,General,General
小便,しょうべん,shouben,"(col) urine, piss",N2,,General,General
消防署,しょうぼうしょ,shoubousho,fire station,N2,,General,General
正味,しょうみ,shoumi,net (weight),N2,,General,General
正面,しょうめん,shoumen,"the front, honesty",N2,,General,General
消耗,しょうもう,shoumou,"exhaustion, consumption",N2,,General,General
醤油,しょうゆ,shouyu,soy sauce,N2,,General,General
省略,しょうりゃく,shouryaku,"omission, abbreviation, abridgment",N2,,General,General
初級,しょきゅう,shokyuu,elementary level,N2,,General,General
助教授,じょきょうじゅ,jokyouju,assistant professor,N2,,General,General
食塩,しょくえん,shokuen,table salt,N2,,General,General
職人,しょくにん,shokunin,"worker, mechanic, artisan, craftsman",N2,,General,General
初旬,しょじゅん,shojun,first 10 days of the month,N2,,General,General
書籍,しょせき,shoseki,"book, publication",N2,,General,General
食器,しょっき,shokki,tableware,N2,,General,General
,ショップ,ショップ,a shop,N2,,General,General
書店,しょてん,shoten,bookshop,N2,,General,General
書道,しょどう,shodou,calligraphy,N2,,General,General
白髪,しらが,shiraga,"white or grey hair, trendy hair bleaching",N2,,General,General
知合い,しりあい,shiriai,acquaintance,N2,,General,General
,シリーズ,シリーズ,series,N2,,General,General
私立,しりつ,shiritsu,private (establishment),N2,,General,General
資料,しりょう,shiryou,"materials, data",N2,,General,General
汁,しる,shiru,"juice, sap, soup, broth",N2,,General,General
素人,しろうと,shirouto,"amateur, novice",N2,,General,General
芯,しん,shin,"core, heart, wick, marrow",N2,,General,General
新幹線,しんかんせん,shinkansen,"bullet train (very high speed), shinkansen",N2,,General,General
真空,しんくう,shinkuu,"vacuum, hollow, empty",N2,,General,General
信ずる,しんずる,shinzuru,"to believe, to believe in, to place trust in",N2,,General,General
心身,しんしん,shinshin,mind and body,N2,,General,General
申請,しんせい,shinsei,"application, request, petition",N2,,General,General
人造,じんぞう,jinzou,"man-made, synthetic, artificial",N2,,General,General
寝台,しんだい,shindai,"bed, couch",N2,,General,General
診断,しんだん,shindan,diagnosis,N2,,General,General
侵入,しんにゅう,shinnyuu,"penetration, invasion, raid, aggression, trespass",N2,,General,General
人文科学,じんぶんかがく,jinbunkagaku,"social sciences, humanities",N2,,General,General
人命,じんめい,jinmei,(human) life,N2,,General,General
深夜,しんや,shinya,late at night,N2,,General,General
森林,しんりん,shinrin,"forest, woods",N2,,General,General
親類,しんるい,shinrui,"relation, kin",N2,,General,General
針路,しんろ,shinro,"course, direction, compass bearing",N2,,General,General
神話,しんわ,shinwa,"myth, legend",N2,,General,General
酢,す,su,vinegar,N2,,General,General
水産,すいさん,suisan,"marine products, fisheries",N2,,General,General
炊事,すいじ,suiji,"cooking, culinary arts",N2,,General,General
水蒸気,すいじょうき,suijouki,"water vapour, steam",N2,,General,General
水素,すいそ,suiso,hydrogen,N2,,General,General
垂直,すいちょく,suichoku,"vertical, perpendicular",N2,,General,General
推定,すいてい,suitei,"presumption, assumption, estimation",N2,,General,General
水滴,すいてき,suiteki,drop of water,N2,,General,General
水筒,すいとう,suitou,"canteen, flask, water bottle",N2,,General,General
随筆,ずいひつ,zuihitsu,"essays, miscellaneous writings",N2,,General,General
水分,すいぶん,suibun,moisture,N2,,General,General
水平,すいへい,suihei,"water level, horizon",N2,,General,General
水平線,すいへいせん,suiheisen,horizon,N2,,General,General
水曜,すいよう,suiyou,Wednesday,N2,,General,General
,ずうずうしい,zuuzuushii,"impudent, shameless",N2,,General,General
,ずうっと,zuutto,,N2,,General,General
末っ子,すえっこ,suekko,youngest child,N2,,General,General
,スカーフ,スカーフ,scarf,N2,,General,General
図鑑,ずかん,zukan,picture book,N2,,General,General
杉,すぎ,sugi,Japanese cedar,N2,,General,General
好き嫌い,すききらい,sukikirai,"likes and dislikes, taste",N2,,General,General
好き好き,すきずき,sukizuki,matter of taste,N2,,General,General
透き通る,すきとおる,sukitooru,to be(come) transparent,N2,,General,General
隙間,すきま,sukima,"crevice, crack, gap, opening",N2,,General,General
,スクール,スクール,school,N2,,General,General
,すくなくとも,sukunakutomo,at least,N2,,General,General
図形,ずけい,zukei,figure,N2,,General,General
,スケジュール,スケジュール,schedule,N2,,General,General
鈴,すず,suzu,bell,N2,,General,General
涼む,すずむ,suzumu,"to cool oneself, to cool off, to enjoy evening cool",N2,,General,General
,スタート,スタート,start,N2,,General,General
,スチュワーデス,スチュワーデス,stewardess,N2,,General,General
,すっきり,sukkiri,"shapely, clear, neat",N2,,General,General
,すっぱい,suppai,"sour, acid",N2,,General,General
,ステージ,ステージ,"(1) stage, (2) performance",N2,,General,General
棄てる,すてる,suteru,,N2,,General,General
,ストッキング,ストッキング,stockings,N2,,General,General
,ストップ,ストップ,stop,N2,,General,General
素直,すなお,sunao,"obedient, meek, docile, unaffected",N2,,General,General
頭脳,ずのう,zunou,"head, brains, intellect",N2,,General,General
,スピーカー,スピーカー,speaker,N2,,General,General
図表,ずひょう,zuhyou,"chart, diagram, graph",N2,,General,General
,スマート,スマート,"smart, stylish, slim",N2,,General,General
住まい,すまい,sumai,"dwelling, house, residence, address",N2,,General,General
,すまない,sumanai,sorry (phrase),N2,,General,General
墨,すみ,sumi,ink,N2,,General,General
澄む,すむ,sumu,"to clear (e.g. weather), to become transparent",N2,,General,General
清む,すむ,sumu,,N2,,General,General
相撲,すもう,sumou,sumo wrestling,N2,,General,General
,スライド,スライド,slide,N2,,General,General
,ずらす,zurasu,"to put off, to delay",N2,,General,General
,ずらり,zurari,,N2,,General,General
掏摸,すり,suri,pickpocket,N2,,General,General
刷る,する,suru,to print,N2,,General,General
狡い,ずるい,zurui,"sly, cunning",N2,,General,General
,すれちがう,surechigau,"to pass by one another, to disagree",N2,,General,General
滑れる,ずれる,zureru,,N2,,General,General
寸法,すんぽう,sunpou,"measurement, size, dimension",N2,,General,General
姓,せい,sei,"surname, family name",N2,,General,General
税関,ぜいかん,zeikan,customs house,N2,,General,General
製作,せいさく,seisaku,"manufacture, production",N2,,General,General
制作,せいさく,seisaku,"work (film,  book)",N2,,General,General
性質,せいしつ,seishitsu,"nature, property, disposition",N2,,General,General
清書,せいしょ,seisho,clean copy,N2,,General,General
青少年,せいしょうねん,seishounen,"youth, young person",N2,,General,General
整数,せいすう,seisuu,integer,N2,,General,General
清掃,せいそう,seisou,cleaning,N2,,General,General
生存,せいぞん,seizon,"existence, being, survival",N2,,General,General
生長,せいちょう,seichou,"growth, increment",N2,,General,General
政党,せいとう,seitou,(member of) political party,N2,,General,General
生年月日,せいねんがっぴ,seinengappi,birth date,N2,,General,General
性能,せいのう,seinou,"ability, efficiency",N2,,General,General
整備,せいび,seibi,"adjustment, completion, consolidation",N2,,General,General
成分,せいぶん,seibun,"ingredient, component, composition",N2,,General,General
性別,せいべつ,seibetsu,"distinction by sex, sex, gender",N2,,General,General
正方形,せいほうけい,seihoukei,square,N2,,General,General
正門,せいもん,seimon,"main gate, main entrance",N2,,General,General
成立,せいりつ,seiritsu,"coming into existence, arrangements, establishment, completion",N2,,General,General
西暦,せいれき,seireki,"Christian Era, anno domini (A.D.)",N2,,General,General
背負う,せおう,seou,"to be burdened with, to carry on back or shoulder",N2,,General,General
赤道,せきどう,sekidou,equator,N2,,General,General
折角,せっかく,sekkaku,"with trouble, at great pains, long-awaited",N2,,General,General
接近,せっきん,sekkin,"getting closer, drawing nearer, approaching",N2,,General,General
石鹸,せっけん,sekken,soap,N2,,General,General
接する,せっする,sessuru,"to come in contact with, to connect, to attend, to receive",N2,,General,General
,せっせと,sesseto,,N2,,General,General
接続,せつぞく,setsuzoku,"(1) connection, union, join, link, (2) changing trains",N2,,General,General
瀬戸物,せともの,setomono,"earthenware, crockery, china",N2,,General,General
,ぜひとも,zehitomo,by all means (with sense of not taking no for an answer),N2,,General,General
迫る,せまる,semaru,"to draw near, to press",N2,,General,General
,ゼミ,ゼミ,(n) seminar,N2,,General,General
,せめて,semete,"offense, method of attack",N2,,General,General
攻める,せめる,semeru,"to attack, to assault",N2,,General,General
,セメント,セメント,cement,N2,,General,General
栓,せん,sen,"stopper, cork, stopcock",N2,,General,General
前後,ぜんご,zengo,"around, throughout, front and back, before and behind, before and after",N2,,General,General
洗剤,せんざい,senzai,"detergent, washing material",N2,,General,General
全集,ぜんしゅう,zenshuu,complete works,N2,,General,General
全身,ぜんしん,zenshin,"the whole body, full-length (portrait)",N2,,General,General
扇子,せんす,sensu,folding fan,N2,,General,General
専制,せんせい,sensei,"despotism, autocracy",N2,,General,General
先々月,せんせんげつ,sensengetsu,month before last,N2,,General,General
先々週,せんせんしゅう,sensenshuu,,N2,,General,General
先祖,せんぞ,senzo,ancestor,N2,,General,General
先端,せんたん,sentan,"pointed end, tip, fine point",N2,,General,General
,センチ,センチ,"centimeter, centi-, 10^-2",N2,,General,General
宣伝,せんでん,senden,"propaganda, publicity",N2,,General,General
先頭,せんとう,sentou,"head, lead, vanguard, first",N2,,General,General
全般,ぜんぱん,zenpan,"(the) whole, universal, wholly, general",N2,,General,General
扇風機,せんぷうき,senpuuki,electric fan,N2,,General,General
線路,せんろ,senro,"line, track, roadbed",N2,,General,General
相違,そうい,soui,"difference, discrepancy, variation",N2,,General,General
,そういえば,souieba,which reminds me ..,N2,,General,General
雑巾,ぞうきん,zoukin,"house-cloth, dust cloth",N2,,General,General
増減,ぞうげん,zougen,"increase and decrease, fluctuation",N2,,General,General
倉庫,そうこ,souko,"storehouse, warehouse, godown",N2,,General,General
相互,そうご,sougo,"mutual, reciprocal",N2,,General,General
創作,そうさく,sousaku,"production, literary creation, work",N2,,General,General
葬式,そうしき,soushiki,funeral,N2,,General,General
,そうして,soushite,"and, like that",N2,,General,General
造船,ぞうせん,zousen,shipbuilding,N2,,General,General
騒々しい,そうぞうしい,souzoushii,"noisy, boisterous",N2,,General,General
増大,ぞうだい,zoudai,enlargement,N2,,General,General
,そうっと,soutto,,N2,,General,General
送別,そうべつ,soubetsu,"farewell, send-off",N2,,General,General
草履,ぞうり,zouri,"zoori (Japanese footwear), sandals",N2,,General,General
総理大臣,そうりだいじん,souridaijin,Prime Minister,N2,,General,General
送料,そうりょう,souryou,"postage, carriage",N2,,General,General
属する,ぞくする,zokusuru,"to belong to, to come under, to be affiliated with, to be subject to",N2,,General,General
続々,ぞくぞく,zokuzoku,"successively, one after another",N2,,General,General
速達,そくたつ,sokutatsu,"express, special delivery",N2,,General,General
測定,そくてい,sokutei,measurement,N2,,General,General
測量,そくりょう,sokuryou,"measurement, surveying",N2,,General,General
速力,そくりょく,sokuryoku,speed,N2,,General,General
素質,そしつ,soshitsu,"character, qualities, genius",N2,,General,General
祖先,そせん,sosen,ancestor,N2,,General,General
,そそっかしい,sosokkashii,"careless, thoughtless",N2,,General,General
卒直,そっちょく,socchoku,"frankness, candour, openheartedness",N2,,General,General
具える,そなえる,sonaeru,to be furnished with,N2,,General,General
,そのうえ,sonoue,"in addition, furthermore",N2,,General,General
,そのころ,sonokoro,,N2,,General,General
,そのため,sonotame,"hence, for that reason",N2,,General,General
,そのほか,sonohoka,otherwise,N2,,General,General
蕎麦,そば,soba,soba (buckwheat noodles),N2,,General,General
剃る,そる,soru,to shave,N2,,General,General
,それなのに,sorenanoni,,N2,,General,General
逸れる,それる,soreru,"to stray (turn) from subject, to get lost, to go astray",N2,,General,General
揃う,そろう,sorou,"to become complete, to be equal, to be all present, to gather",N2,,General,General
揃える,そろえる,soroeru,"to put things in order, to arrange, to make uniform, to get something ready",N2,,General,General
算盤,そろばん,soroban,abacus,N2,,General,General
存じる,ぞんじる,zonjiru,(hum) to know,N2,,General,General
存ずる,ぞんずる,zonzuru,,N2,,General,General
損得,そんとく,sontoku,"loss and gain, advantage and disadvantage",N2,,General,General
田ぼ,たんぼ,tanbo,"paddy field, farm",N2,,General,General
だいいち,（副）,（副）,"first, foremost, # 1",N2,,General,General
退院,たいいん,taiin,leaving hospital,N2,,General,General
大学院,だいがくいん,daigakuin,graduate school,N2,,General,General
大工,だいく,daiku,carpenter,N2,,General,General
体系,たいけい,taikei,"system, organization",N2,,General,General
太鼓,たいこ,taiko,"drum, tambourine",N2,,General,General
対策,たいさく,taisaku,"counter-plan, counter-measure",N2,,General,General
大して,たいして,taishite,"(not so) much, (not) very",N2,,General,General
対照,たいしょう,taishou,"contrast, antithesis, comparison",N2,,General,General
大小,だいしょう,daishou,size,N2,,General,General
体制,たいせい,taisei,"order, system, structure, set-up, organization",N2,,General,General
体積,たいせき,taiseki,"capacity, volume",N2,,General,General
大層,たいそう,taisou,"very much, exaggerated, very fine",N2,,General,General
体操,たいそう,taisou,"gymnastics, physical exercises, calisthenics",N2,,General,General
大分,だいぶん,daibun,"considerably, greatly, a lot",N2,,General,General
大木,たいぼく,taiboku,large tree,N2,,General,General
題名,だいめい,daimei,title,N2,,General,General
代名詞,だいめいし,daimeishi,pronoun,N2,,General,General
,タイア,タイア,"tire, tyre",N2,,General,General
,ダイヤグラム,ダイヤグラム,diagram,N2,,General,General
,ダイヤモンド,ダイヤモンド,diamond,N2,,General,General
,ダイヤル,ダイヤル,dial,N2,,General,General
Ͼ立,たいりつ,tairitsu,"confrontation, opposition, antagonism",N2,,General,General
田植え,たうえ,taue,rice planting,N2,,General,General
絶えず,たえず,taezu,constantly,N2,,General,General
楕円,だえん,daen,ellipse,N2,,General,General
高める,たかめる,takameru,"to raise, to lift, to boost",N2,,General,General
耕す,たがやす,tagayasu,"to till, to plow, to cultivate",N2,,General,General
滝,たき,taki,waterfall,N2,,General,General
炊く,たく,taku,"to boil, to cook",N2,,General,General
焚く,たく,taku,"to burn, to kindle, to build a fire",N2,,General,General
蓄える,たくわえる,takuwaeru,"to store, to lay in stock",N2,,General,General
竹,たけ,take,"bamboo, middle (of a three-tier ranking system)",N2,,General,General
助かる,たすかる,tasukaru,"to be saved, to be rescued, to survive, to be helpful",N2,,General,General
只,ただ,tada,"free of charge, mere, sole, only, usual, common",N2,,General,General
但し,ただし,tadashi,"but, however, provided that",N2,,General,General
畳む,たたむ,tatamu,to fold (clothes),N2,,General,General
立ち止まる,たちどまる,tachidomaru,"to stop, to halt, to stand still",N2,,General,General
,たちまち,tachimachi,"at once, in a moment, suddenly, all at once",N2,,General,General
建つ,たつ,tatsu,"to erect, to be erected, to be built",N2,,General,General
発つ,たつ,tatsu,"to depart (on a plane,  train,  etc.)",N2,,General,General
脱線,だっせん,dassen,"derailment, digression",N2,,General,General
妥当,だとう,datou,"valid, proper, right, appropriate",N2,,General,General
例える,たとえる,tatoeru,"to compare, to liken, to speak figuratively, to illustrate, to use a simile",N2,,General,General
頼もしい,たのもしい,tanomoshii,"reliable, trustworthy, hopeful, promising",N2,,General,General
足袋,たび,tabi,"tabi, Japanese socks (with split toe)",N2,,General,General
,ダブル,ダブル,double,N2,,General,General
,だます,damasu,"to trick, to cheat, to deceive",N2,,General,General
溜まる,たまる,tamaru,"to collect, to gather, to save",N2,,General,General
,ダム,ダム,dumb,N2,,General,General
溜息,ためいき,tameiki,a sigh,N2,,General,General
,ためらう,tamerau,to hesitate,N2,,General,General
溜める,ためる,tameru,"to amass, to accumulate",N2,,General,General
,だらしない,darashinai,"slovenly, loose, a slut",N2,,General,General
足る,たる,taru,"to be sufficient, to be enough",N2,,General,General
段階,だんかい,dankai,"gradation, grade, stage",N2,,General,General
短期,たんき,tanki,short term,N2,,General,General
炭鉱,たんこう,tankou,"coal mine, coal pit",N2,,General,General
短所,たんしょ,tansho,"(1) defect, demerit, weak point, (2) disadvantage",N2,,General,General
,たんす,tansu,chest of drawers,N2,,General,General
淡水,たんすい,tansui,fresh water,N2,,General,General
断水,だんすい,dansui,water outage,N2,,General,General
単数,たんすう,tansuu,singular (number),N2,,General,General
団地,だんち,danchi,multi-unit apartments,N2,,General,General
断定,だんてい,dantei,"conclusion, decision",N2,,General,General
短編,たんぺん,tanpen,"short (e.g. story,  film)",N2,,General,General
誓う,ちかう,chikau,"to swear, to vow, to take an oath, to pledge",N2,,General,General
地下水,ちかすい,chikasui,underground water,N2,,General,General
近々,ちかぢか,chikajika,"nearness, before long",N2,,General,General
近付ける,ちかづける,chikazukeru,"to bring near, to put close, to let come near, to associate with",N2,,General,General
近寄る,ちかよる,chikayoru,"to approach, to draw near",N2,,General,General
力強い,ちからづよい,chikarazuyoi,"reassuring, emboldened",N2,,General,General
,ちぎる,chigiru,"to cut up fine, to pick (fruit)",N2,,General,General
地質,ちしつ,chishitsu,geological features,N2,,General,General
知人,ちじん,chijin,"friend, acquaintance",N2,,General,General
地帯,ちたい,chitai,"area, zone",N2,,General,General
縮む,ちぢむ,chijimu,"to shrink, to be contracted",N2,,General,General
縮める,ちぢめる,chijimeru,"to shorten, to reduce, to boil down, to shrink",N2,,General,General
縮れる,ちぢれる,chijireru,"to be wavy, to be curled",N2,,General,General
,チップ,チップ,"(1) gratuity, tip, (2) chip",N2,,General,General
地点,ちてん,chiten,"site, point on a map",N2,,General,General
地名,ちめい,chimei,place name,N2,,General,General
茶色い,ちゃいろい,chairoi,,N2,,General,General
着々,ちゃくちゃく,chakuchaku,steadily,N2,,General,General
茶碗,ちゃわん,chawan,"rice bowl, tea cup, teacup",N2,,General,General
中間,ちゅうかん,chuukan,"middle, midway, interim",N2,,General,General
中旬,ちゅうじゅん,chuujun,second third of a month,N2,,General,General
抽象,ちゅうしょう,chuushou,abstract,N2,,General,General
中世,ちゅうせい,chuusei,"Middle Ages, mediaeval times",N2,,General,General
中性,ちゅうせい,chuusei,"neuter gender, neutral (chem.), indifference, sterility",N2,,General,General
中途,ちゅうと,chuuto,"in the middle, half-way",N2,,General,General
中年,ちゅうねん,chuunen,middle-aged,N2,,General,General
超過,ちょうか,chouka,"excess, being more than",N2,,General,General
彫刻,ちょうこく,choukoku,"carving, engraving, sculpture",N2,,General,General
長所,ちょうしょ,chousho,"(1) strong point, merit, (2) advantage",N2,,General,General
長女,ちょうじょ,choujo,eldest daughter,N2,,General,General
調整,ちょうせい,chousei,"regulation, adjustment, tuning",N2,,General,General
調節,ちょうせつ,chousetsu,"regulation, adjustment, control",N2,,General,General
長短,ちょうたん,choutan,"length, long and short, +-",N2,,General,General
頂点,ちょうてん,chouten,"top, summit",N2,,General,General
長男,ちょうなん,chounan,eldest son,N2,,General,General
長方形,ちょうほうけい,chouhoukei,"rectangle, oblong",N2,,General,General
調味料,ちょうみりょう,choumiryou,"condiment, seasoning",N2,,General,General
,チョーク,チョーク,"chock, chalk",N2,,General,General
直後,ちょくご,chokugo,immediately following,N2,,General,General
直線,ちょくせん,chokusen,straight line,N2,,General,General
直前,ちょくぜん,chokuzen,just before,N2,,General,General
直通,ちょくつう,chokutsuu,direct communication,N2,,General,General
直流,ちょくりゅう,chokuryuu,direct current,N2,,General,General
貯蔵,ちょぞう,chozou,"storage, preservation",N2,,General,General
直角,ちょっかく,chokkaku,right angle,N2,,General,General
直径,ちょっけい,chokkei,diameter,N2,,General,General
散らかす,ちらかす,chirakasu,"to scatter around, to leave untidy",N2,,General,General
散らかる,ちらかる,chirakaru,"to be in disorder, to lie scattered around",N2,,General,General
散らす,ちらす,chirasu,"to scatter, to disperse, to distribute",N2,,General,General
塵紙,ちりがみ,chirigami,"tissue paper, toilet paper",N2,,General,General
散る,ちる,chiru,"to fall, to scatter (e.g. blossoms)",N2,,General,General
追加,ついか,tsuika,"addition, supplement, appendix",N2,,General,General
,ついで,tsuide,"opportunity, occasion",N2,,General,General
通貨,つうか,tsuuka,currency,N2,,General,General
通勤,つうきん,tsuukin,commuting to work,N2,,General,General
通ずる,つうずる,tsuuzuru,,N2,,General,General
通知,つうち,tsuuchi,"notice, notification",N2,,General,General
通帳,つうちょう,tsuuchou,passbook,N2,,General,General
通訳,つうやく,tsuuyaku,interpretation,N2,,General,General
通用,つうよう,tsuuyou,"popular use, circulation",N2,,General,General
通路,つうろ,tsuuro,"passage, pathway",N2,,General,General
付合う,つきあう,tsukiau,"to associate with, to keep company with, to get on with",N2,,General,General
突き当たり,つきあたり,tsukiatari,end (e.g. of street),N2,,General,General
突き当たる,つきあたる,tsukiataru,"to run into, to collide with",N2,,General,General
月日,つきひ,tsukihi,"time, years, days",N2,,General,General
点く,つく,tsuku,"to catch fire, (electricity) comes on",N2,,General,General
突く,つく,tsuku,"(1) to thrust, to strike, (2) to poke",N2,,General,General
次ぐ,つぐ,tsugu,"to rank next to, to come after",N2,,General,General
作る/造る,つくる,tsukuru,"to make, to create",N2,,General,General
着ける,つける,tsukeru,"(1) to attach, to join, to add, to append",N2,,General,General
点ける,つける,tsukeru,"to turn on, to switch on, to light up",N2,,General,General
浸ける,つける,tsukeru,"to dip in, to soak",N2,,General,General
伝わる,つたわる,tsutawaru,"to be handed down, to be introduced, to be transmitted",N2,,General,General
突っ込む,つっこむ,tsukkomu,"to plunge into, to go into deeply",N2,,General,General
務める,つとめる,tsutomeru,"(1) to serve, to fill a post, to serve under, to work (for)",N2,,General,General
努める,つとめる,tsutomeru,"(1) to serve, to fill a post, to serve under, to work (for)",N2,,General,General
綱,つな,tsuna,rope,N2,,General,General
繋がり,つながり,tsunagari,"connection, link, relationship",N2,,General,General
繋がる,つながる,tsunagaru,"to be tied together, to be connected to, to be related to",N2,,General,General
繋げる,つなげる,tsunageru,to connect,N2,,General,General
粒,つぶ,tsubu,grain,N2,,General,General
潰す,つぶす,tsubusu,"to smash, to waste",N2,,General,General
潰れる,つぶれる,tsubureru,"to be smashed, to go bankrupt",N2,,General,General
,つまずく,tsumazuku,"to stumble, to trip",N2,,General,General
詰まる,つまる,tsumaru,"to be blocked, to be packed",N2,,General,General
積む,つむ,tsumu,"to pile up, to stack",N2,,General,General
爪,つめ,tsume,"fingernail or toenail, claw, talon, hoof",N2,,General,General
艶,つや,tsuya,"gloss, glaze",N2,,General,General
強気,つよき,tsuyoki,"firm, strong",N2,,General,General
釣り合う,つりあう,tsuriau,"to balance, to be in harmony, to suit",N2,,General,General
吊る,つる,tsuru,to hang,N2,,General,General
吊す,つるす,tsurusu,to hang,N2,,General,General
出合い,であい,deai,an encounter,N2,,General,General
手洗い,てあらい,tearai,"restroom, lavatory, hand-washing",N2,,General,General
定員,ていいん,teiin,"fixed number of regular personnel, capacity (of boat,  etc.)",N2,,General,General
定価,ていか,teika,established price,N2,,General,General
低下,ていか,teika,"fall, decline, lowering, deterioration",N2,,General,General
定期券,ていきけん,teikiken,"commuter pass, season ticket",N2,,General,General
定休日,ていきゅうび,teikyuubi,regular holiday,N2,,General,General
停止,ていし,teishi,"suspension, interruption, stoppage, ban",N2,,General,General
停車,ていしゃ,teisha,stopping (e.g. train),N2,,General,General
停電,ていでん,teiden,failure of electricity,N2,,General,General
出入り,でいり,deiri,"in and out, coming and going, free association, income and expenditure, debits and credit",N2,,General,General
出入口,でいりぐち,deiriguchi,exit and entrance,N2,,General,General
手入れ,ていれ,teire,"repairs, maintenance",N2,,General,General
,テーマ,テーマ,"(n) theme, project, topic (de: Thema)",N2,,General,General
出掛ける,でかける,dekakeru,"to depart, to set out, to start, to be going out",N2,,General,General
出来上がり,できあがり,dekiagari,"be finished, ready, made for, cut out",N2,,General,General
出来上がる,できあがる,dekiagaru,"(1) to be finished, to be ready, by definition, (2) to be very drunk",N2,,General,General
的確,てきかく,tekikaku,"precise, accurate",N2,,General,General
適確,てきかく,tekikaku,"precise, accurate",N2,,General,General
手首,てくび,tekubi,wrist,N2,,General,General
凸凹,でこぼこ,dekoboko,"unevenness, roughness, ruggedness",N2,,General,General
手頃,てごろ,tegoro,"moderate, handy",N2,,General,General
,でたらめ,detarame,"(1) irresponsible utterance, nonsense, nonsensical, (2) random",N2,,General,General
手帳,てちょう,techou,notebook,N2,,General,General
鉄橋,てっきょう,tekkyou,"railway bridge, iron bridge",N2,,General,General
手続き,てつづき,tetsuzuki,"procedure, (legal) process, formalities",N2,,General,General
鉄砲,てっぽう,teppou,gun,N2,,General,General
,テニスコート,テニスコート,tennis court,N2,,General,General
手拭い,てぬぐい,tenugui,(hand) towel,N2,,General,General
手前,てまえ,temae,"before, this side, we, you",N2,,General,General
出迎え,でむかえ,demukae,"meeting, reception",N2,,General,General
出迎える,でむかえる,demukaeru,"to meet, to greet",N2,,General,General
照らす,てらす,terasu,"to shine on, to illuminate",N2,,General,General
照る,てる,teru,to shine,N2,,General,General
展開,てんかい,tenkai,"develop, expansion (opposite of compression)",N2,,General,General
伝記,でんき,denki,"biography, life story",N2,,General,General
電球,でんきゅう,denkyuu,light bulb,N2,,General,General
点数,てんすう,tensuu,"marks, points, score, runs",N2,,General,General
伝染,でんせん,densen,contagion,N2,,General,General
電池,でんち,denchi,battery,N2,,General,General
点々,てんてん,tenten,"here and there, little by little",N2,,General,General
転々,てんてん,tenten,,N2,,General,General
電柱,でんちゅう,denchuu,"telephone pole, telegraph pole, lightpole",N2,,General,General
天皇,てんのう,tennou,Emperor of Japan,N2,,General,General
電波,でんぱ,denpa,electro-magnetic wave,N2,,General,General
,テンポ,テンポ,tempo,N2,,General,General
電流,でんりゅう,denryuu,electric current,N2,,General,General
電力,でんりょく,denryoku,electric power,N2,,General,General
問い合わせ,といあわせ,toiawase,"enquiry, ENQ",N2,,General,General
銅,どう,dou,copper,N2,,General,General
統一,とういつ,touitsu,"unity, consolidation, uniformity",N2,,General,General
同格,どうかく,doukaku,"the same rank, equality, apposition",N2,,General,General
峠,とうげ,touge,"ridge, (mountain) pass, difficult part",N2,,General,General
統計,とうけい,toukei,"scattering, a scatter, dispersion",N2,,General,General
動作,どうさ,dousa,"action, movements, motions, bearing, behaviour, manners",N2,,General,General
東西,とうざい,touzai,"East and West, whole country",N2,,General,General
当日,とうじつ,toujitsu,"appointed day, very day",N2,,General,General
投書,とうしょ,tousho,"letter to the editor, letter from a reader, contribution",N2,,General,General
登場,とうじょう,toujou,entry (on stage),N2,,General,General
,どうせ,douse,"anyhow, in any case, at any rate",N2,,General,General
,どうぞよろしく,douzoyoroshiku,pleased to meet you,N2,,General,General
灯台,とうだい,toudai,lighthouse,N2,,General,General
盗難,とうなん,tounan,"theft, robbery",N2,,General,General
当番,とうばん,touban,being on duty,N2,,General,General
等分,とうぶん,toubun,division into equal parts,N2,,General,General
透明,とうめい,toumei,"transparency, cleanness",N2,,General,General
灯油,とうゆ,touyu,"lamp oil, kerosene",N2,,General,General
東洋,とうよう,touyou,Orient,N2,,General,General
童話,どうわ,douwa,fairy tale,N2,,General,General
通り掛かる,とおりかかる,toorikakaru,to happen to pass by,N2,,General,General
溶かす,とかす,tokasu,"to melt, to dissolve",N2,,General,General
尖る,とがる,togaru,"to taper to a point, to become sharp, to be sour, to look displeased",N2,,General,General
,どきどき,dokidoki,"throb, beat (fast)",N2,,General,General
溶く,とく,toku,to dissolve (paint),N2,,General,General
退く,どく,doku,"(1) to retreat, to recede, to withdraw",N2,,General,General
特殊,とくしゅ,tokushu,"special, unique",N2,,General,General
特色,とくしょく,tokushoku,"characteristic, feature",N2,,General,General
特長,とくちょう,tokuchou,"forte, merit",N2,,General,General
特定,とくてい,tokutei,"specific, special, particular",N2,,General,General
特売,とくばい,tokubai,special sale,N2,,General,General
溶け込む,とけこむ,tokekomu,to melt into,N2,,General,General
溶ける,とける,tokeru,"to melt, to thaw, to fuse, to dissolve",N2,,General,General
退ける,どける,dokeru,"to remove, to take away, to dislodge, to put something out of the way",N2,,General,General
床の間,とこのま,tokonoma,alcove,N2,,General,General
床屋,とこや,tokoya,barber,N2,,General,General
所々,ところどころ,tokorodokoro,"here and there, some parts (of something)",N2,,General,General
都心,としん,toshin,heart (of city),N2,,General,General
戸棚,とだな,todana,"cupboard, locker, closet, wardrobe",N2,,General,General
,とっくに,tokkuni,"long ago, already, a long time ago",N2,,General,General
,どっと,dotto,suddenly,N2,,General,General
整う,ととのう,totonou,"to be prepared, to be in order, to be put in order, to be arranged",N2,,General,General
留まる,とどまる,todomaru,"(1) to be fixed, (2) to abide, to stay (in the one place)",N2,,General,General
,どなる,donaru,"to shout, to yell",N2,,General,General
飛び込む,とびこむ,tobikomu,"to jump in, to leap in, to plunge into, to dive",N2,,General,General
跳ぶ,とぶ,tobu,"to jump, to fly, to leap",N2,,General,General
留まる,とまる,tomaru,"(1) to be fixed, (2) to abide, to stay (in the one place)",N2,,General,General
泊める,とめる,tomeru,"to give shelter to, to lodge",N2,,General,General
,ともかく,tomokaku,"anyhow, anyway, somehow or other, generally speaking, in any case",N2,,General,General
捕える,とらえる,toraeru,"to seize, to grasp, to capture, to arrest",N2,,General,General
取り入れる,とりいれる,toriireru,"to harvest, to take in, to adopt",N2,,General,General
取り消す,とりけす,torikesu,to cancel,N2,,General,General
取り出す,とりだす,toridasu,"to take out, to produce, to pick out",N2,,General,General
採る,とる,toru,"(1) to adopt (measure,  proposal), (2) to pick (fruit)",N2,,General,General
捕る,とる,toru,"to take, to catch (fish), to capture",N2,,General,General
,トレーニング,トレーニング,training,N2,,General,General
丼,どんぶり,donburi,"porcelain bowl, bowl of rice with food on top",N2,,General,General
内科,ないか,naika,"internist clinic, internal medicine",N2,,General,General
内線,ないせん,naisen,"phone extension, indoor wiring, inner line",N2,,General,General
,ナイロン,ナイロン,nylon,N2,,General,General
治す,なおす,naosu,"to cure, to heal, to fix, to correct, to repair",N2,,General,General
永い,ながい,nagai,"long, lengthy",N2,,General,General
仲直り,なかなおり,nakanaori,"reconciliation, make peace with",N2,,General,General
長引く,ながびく,nagabiku,"to be prolonged, to drag on",N2,,General,General
中身,なかみ,nakami,"contents, interior, substance, filling, (sword) blade",N2,,General,General
中味,なかみ,nakami,"contents, interior, substance, filling, (sword) blade",N2,,General,General
中指,なかゆび,nakayubi,middle finger,N2,,General,General
仲良し,なかよし,nakayoshi,"intimate friend, bosom buddy, chum",N2,,General,General
慰める,なぐさめる,nagusameru,"to comfort, to console",N2,,General,General
亡くす,なくす,nakusu,"to lose someone,  wife,  child,  etc",N2,,General,General
,なぐる,naguru,"to strike, to hit",N2,,General,General
為す,なす,nasu,"to accomplish, to do",N2,,General,General
謎謎,なぞなぞ,nazonazo,"riddle, puzzle, enigma",N2,,General,General
傾らか,なだらか,nadaraka,,N2,,General,General
懐かしい,なつかしい,natsukashii,"dear, desired, missed",N2,,General,General
撫でる,なでる,naderu,"to brush gently, to stroke",N2,,General,General
斜め,ななめ,naname,obliqueness,N2,,General,General
,なにしろ,nanishiro,"at any rate, anyhow, anyway, in any case",N2,,General,General
何々,なになに,naninani,"such and such, What?",N2,,General,General
何分,なにぶん,nanibun,"what minute?, how many minutes?",N2,,General,General
生意気,なまいき,namaiki,"impertinent, saucy, cheeky, conceit, audacious, brazen",N2,,General,General
並木,なみき,namiki,"roadside tree, row of trees",N2,,General,General
倣う,ならう,narau,"to imitate, to follow, to emulate",N2,,General,General
鳴らす,ならす,narasu,"to ring, to sound, to chime, to beat, to snort (nose)",N2,,General,General
生る,なる,naru,to bear fruit,N2,,General,General
馴れる,なれる,nareru,"to become domesticated, to become tame",N2,,General,General
南極,なんきょく,nankyoku,"south pole, Antarctic",N2,,General,General
,なんとなく,nantonaku,"somehow or other, for some reason or another",N2,,General,General
,なんとも,nantomo,"nothing (with neg. verb), quite, not a bit",N2,,General,General
,ナンバー,ナンバー,number,N2,,General,General
南米,なんべい,nanbei,South America,N2,,General,General
南北,なんぼく,nanboku,south and north,N2,,General,General
煮える,にえる,nieru,"to boil, to cook, to be cooked",N2,,General,General
匂う,におう,niou,"to be fragrant, to smell, to stink",N2,,General,General
逃がす,にがす,nigasu,"to let loose, to set free, to let escape",N2,,General,General
憎い,にくい,nikui,"hateful, abominable, poor-looking, detestable",N2,,General,General
憎む,にくむ,nikumu,"to hate, to detest",N2,,General,General
憎らしい,にくらしい,nikurashii,"odious, hateful",N2,,General,General
,にこにこ,nikoniko,,N2,,General,General
濁る,にごる,nigoru,"to become muddy, to get impure",N2,,General,General
虹,にじ,niji,rainbow,N2,,General,General
日時,にちじ,nichiji,date and time,N2,,General,General
日用品,にちようひん,nichiyouhin,daily necessities,N2,,General,General
日課,にっか,nikka,"daily lesson, daily work, daily routine",N2,,General,General
日程,にってい,nittei,agenda,N2,,General,General
鈍い,にぶい,nibui,"dull (e.g. a knife), thickheaded, slow (opposite of fast), stupid",N2,,General,General
入社,にゅうしゃ,nyuusha,entry to a company,N2,,General,General
女房,にょうぼう,nyoubou,wife,N2,,General,General
睨む,にらむ,niramu,"to glare at, to scowl at, to keep an eye on",N2,,General,General
煮る,にる,niru,"to boil, to cook",N2,,General,General
俄,にわか,niwaka,"sudden, abrupt, unexpected, improvised, offhand",N2,,General,General
縫う,ぬう,nuu,to sew,N2,,General,General
濡らす,ぬらす,nurasu,"to wet, to soak, to dip",N2,,General,General
,ねじ,neji,(a) screw,N2,,General,General
捩る,ねじる,nejiru,to twist,N2,,General,General
,ネックレス,ネックレス,necklace,N2,,General,General
熱する,ねっする,nessuru,to heat,N2,,General,General
寝間着,ねまき,nemaki,"sleep-wear, nightclothes, pyjamas, nightgown, nightdress",N2,,General,General
寝巻,ねまき,nemaki,"sleep-wear, nightclothes, pyjamas, nightgown, nightdress",N2,,General,General
狙い,ねらい,nerai,aim,N2,,General,General
狙う,ねらう,nerau,to aim at,N2,,General,General
年度,ねんど,nendo,"year, fiscal year, school year, term",N2,,General,General
農産物,のうさんぶつ,nousanbutsu,agricultural produce,N2,,General,General
農村,のうそん,nouson,"agricultural community, farm village, rural",N2,,General,General
濃度,のうど,noudo,"concentration, brightness",N2,,General,General
農薬,のうやく,nouyaku,agricultural chemicals,N2,,General,General
能率,のうりつ,nouritsu,efficiency,N2,,General,General
,のこぎり,nokogiri,saw,N2,,General,General
残らず,のこらず,nokorazu,"all, entirely, completely, without exception",N2,,General,General
載せる,のせる,noseru,"to place on (something), to take on board, to give a ride",N2,,General,General
覗く,のぞく,nozoku,"to peep in, to look in, to peek in, to stick out",N2,,General,General
延ばす,のばす,nobasu,"to lengthen, to stretch, to reach out, to grow (beard)",N2,,General,General
延びる,のびる,nobiru,to be prolonged,N2,,General,General
上り,のぼり,nobori,"up-train (going to Tokyo), ascent",N2,,General,General
上る,のぼる,noboru,"to ascend, to go up, to climb",N2,,General,General
糊,のり,nori,"paste, starch",N2,,General,General
乗換,のりかえ,norikae,"(n) transfer (trains,  buses,  etc.)",N2,,General,General
載る,のる,noru,"to appear (in print), to be recorded",N2,,General,General
鈍い,のろい,noroi,"dull (e.g. a knife), thickheaded, slow (opposite of fast), stupid",N2,,General,General
,のろのろ,noronoro,"slowly, sluggishly",N2,,General,General
呑気,のんき,nonki,"carefree, optimistic, careless, reckless, heedless",N2,,General,General
灰色,はいいろ,haiiro,"grey, gray, ashen",N2,,General,General
俳句,はいく,haiku,haiku poetry,N2,,General,General
拝見,はいけん,haiken,"(hum) (pol) seeing, look at",N2,,General,General
売店,ばいてん,baiten,"shop, stand",N2,,General,General
,バイバイ,バイバイ,,N2,,General,General
売買,ばいばい,baibai,"trade, buying and selling",N2,,General,General
這う,はう,hau,"to creep, to crawl",N2,,General,General
生える,はえる,haeru,"(1) to grow, to spring up, (2) to cut (teeth)",N2,,General,General
剥す,はがす,hagasu,"(v5s) to tear off, to peel off, to rip off",N2,,General,General
,ばからしい,bakarashii,absurd,N2,,General,General
秤,はかり,hakari,"scales, weighing machine",N2,,General,General
量る,はかる,hakaru,"to measure, to weigh, to survey",N2,,General,General
測る,はかる,hakaru,"to measure, to weigh, to survey",N2,,General,General
吐き気,はきけ,hakike,"nausea, sickness in the stomach",N2,,General,General
,はきはき,hakihaki,lucidly,N2,,General,General
掃く,はく,haku,"to sweep, to brush, to gather up",N2,,General,General
歯車,はぐるま,haguruma,"gear, cog-wheel",N2,,General,General
,バケツ,バケツ,"bucket, pail",N2,,General,General
挟まる,はさまる,hasamaru,"to get between, to be caught in",N2,,General,General
挟む,はさむ,hasamu,"to interpose, to hold between, to insert",N2,,General,General
箸,はし,hashi,chopsticks,N2,,General,General
梯子,はしご,hashigo,"ladder, stairs",N2,,General,General
始めに,はじめに,hajimeni,"to begin with, first of all",N2,,General,General
初めに,はじめに,hajimeni,,N2,,General,General
,はじめまして,hajimemashite,"How do you do?, I am glad to meet you",N2,,General,General
斜,はす,hasu,,N2,,General,General
外れる,はずれる,hazureru,"to be disconnected, to get out of place, to be off, to be out (e.g. of gear)",N2,,General,General
,パターン,パターン,pattern,N2,,General,General
肌着,はだぎ,hadagi,underwear,N2,,General,General
果して,はたして,hatashite,"as was expected, really",N2,,General,General
鉢,はち,hachi,"a bowl, a pot",N2,,General,General
×,ばつ,batsu,,N2,,General,General
発揮,はっき,hakki,"exhibition, demonstration, utilization, display",N2,,General,General
,バック,バック,back,N2,,General,General
発射,はっしゃ,hassha,"firing, shooting, discharge, catapult",N2,,General,General
発想,はっそう,hassou,"expression (music), conceptualization",N2,,General,General
発電,はつでん,hatsuden,generation (e.g. power),N2,,General,General
発売,はつばい,hatsubai,sale,N2,,General,General
派手,はで,hade,"showy, loud, gay, flashy, gaudy",N2,,General,General
話合い,はなしあい,hanashiai,"discussion, conference",N2,,General,General
話し掛ける,はなしかける,hanashikakeru,"to accost a person, to talk (to someone)",N2,,General,General
話中,はなしちゅう,hanashichuu,"while talking, the line is busy",N2,,General,General
甚だしい,はなはだしい,hanahadashii,"extreme, excessive, terrible",N2,,General,General
花火,はなび,hanabi,fireworks,N2,,General,General
花嫁,はなよめ,hanayome,bride,N2,,General,General
放れる,はなれる,hanareru,"to leave, to get free, to cut oneself off",N2,,General,General
羽根,はね,hane,shuttlecock,N2,,General,General
,ばね,bane,"spring (e.g. coil,  leaf)",N2,,General,General
跳ねる,はねる,haneru,"to jump, to leap",N2,,General,General
破片,はへん,hahen,"fragment, splinter, broken piece",N2,,General,General
歯磨き,はみがき,hamigaki,"dentifrice, toothpaste",N2,,General,General
,はめる,hameru,"(col) to get in, to insert, to put on, to make love",N2,,General,General
早口,はやくち,hayakuchi,fast-talking,N2,,General,General
流行る,はやる,hayaru,"to flourish, to thrive, to be popular, to come into fashion",N2,,General,General
払い込む,はらいこむ,haraikomu,"to deposit, to pay in",N2,,General,General
払い戻す,はらいもどす,haraimodosu,"to repay, to pay back",N2,,General,General
,バランス,バランス,balance,N2,,General,General
針金,はりがね,harigane,wire,N2,,General,General
張り切る,はりきる,harikiru,"to be in high spirits, to be full of vigor",N2,,General,General
反映,はんえい,hanei,"reflection, influence",N2,,General,General
半径,はんけい,hankei,radius,N2,,General,General
判子,はんこ,hanko,seal (used for signature),N2,,General,General
万歳,ばんざい,banzai,"hurrah,  cheers",N2,,General,General
判事,はんじ,hanji,"judge, judiciary",N2,,General,General
反省,はんせい,hansei,"reflection, reconsideration, introspection, meditation, contemplation",N2,,General,General
番地,ばんち,banchi,"house number, address",N2,,General,General
,パンツ,パンツ,underpants,N2,,General,General
,バンド,バンド,band,N2,,General,General
半島,はんとう,hantou,peninsula,N2,,General,General
,ハンドル,ハンドル,"handle, steering wheel",N2,,General,General
日当たり,ひあたり,hiatari,"exposure to the sun, sunny place",N2,,General,General
日帰り,ひがえり,higaeri,day trip,N2,,General,General
比較的,ひかくてき,hikakuteki,"comparatively, relatively",N2,,General,General
日陰,ひかげ,hikage,shadow,N2,,General,General
,ぴかぴか,pikapika,"glitter, sparkle",N2,,General,General
引受る,ひきうける,hikiukeru,"to undertake, to take up, to take over",N2,,General,General
引返す,ひきかえす,hikikaesu,"to repeat, to send back, to bring back",N2,,General,General
引算,ひきざん,hikizan,subtraction,N2,,General,General
引出す,ひきだす,hikidasu,"to pull out, to take out, to draw out, to withdraw",N2,,General,General
引き止める,ひきとめる,hikitomeru,"to detain, to check, to restrain",N2,,General,General
卑怯,ひきょう,hikyou,"cowardice, meanness, unfairness",N2,,General,General
引分け,ひきわけ,hikiwake,"a draw (in competition), tie game",N2,,General,General
髭,ひげ,hige,"moustache, beard, whiskers",N2,,General,General
陽射,ひざし,hizashi,"sunlight, rays of the sun",N2,,General,General
肘,ひじ,hiji,elbow,N2,,General,General
,ピストル,ピストル,pistol,N2,,General,General
,ビタミン,ビタミン,vitamin,N2,,General,General
,ぴたり,pitari,,N2,,General,General
引っ掛かる,ひっかかる,hikkakaru,"to be caught in, to be stuck in, to be cheated",N2,,General,General
筆記,ひっき,hikki,"(taking) notes, copying",N2,,General,General
引っ繰り返す,ひっくりかえす,hikkurikaesu,"to turn over, to overturn, to knock over, to upset, to turn inside out",N2,,General,General
引っ繰り返る,ひっくりかえる,hikkurikaeru,"to be overturned, to be upset, to topple over, to be reversed",N2,,General,General
引越し,ひっこし,hikkoshi,"moving (dwelling etc.), changing residence",N2,,General,General
引っ込む,ひっこむ,hikkomu,"to draw back, to sink, to cave in",N2,,General,General
筆者,ひっしゃ,hissha,"writer, author",N2,,General,General
必需品,ひつじゅひん,hitsujuhin,"necessities, necessary article, requisite, essential",N2,,General,General
人差指,ひとさしゆび,hitosashiyubi,index finger,N2,,General,General
一通り,ひととおり,hitotoori,"ordinary, usual, in general, briefly",N2,,General,General
人通り,ひとどおり,hitodoori,pedestrian traffic,N2,,General,General
,ひとまず,hitomazu,"for the present, once, in outline",N2,,General,General
瞳,ひとみ,hitomi,pupil (of eye),N2,,General,General
一休み,ひとやすみ,hitoyasumi,a rest,N2,,General,General
独り言,ひとりごと,hitorigoto,"a soliloquy, a monologue, speaking to oneself",N2,,General,General
,ひとりでに,hitorideni,"by itself, automatically, naturally",N2,,General,General
,ビニール,ビニール,vinyl,N2,,General,General
皮肉,ひにく,hiniku,"cynicism, sarcasm",N2,,General,General
日日,ひにち,hinichi,"every day, daily, day after day",N2,,General,General
捻る,ひねる,hineru,"to turn (a switch) on or off, to twist, to puzzle over",N2,,General,General
日の入り,ひのいり,hinoiri,sunset,N2,,General,General
日の出,ひので,hinode,sunrise,N2,,General,General
響き,ひびき,hibiki,"echo, sound, reverberation, noise",N2,,General,General
響く,ひびく,hibiku,to resound,N2,,General,General
皮膚,ひふ,hifu,skin,N2,,General,General
冷やす,ひやす,hiyasu,"to cool, to refrigerate",N2,,General,General
,ひゃっかじてん,hyakkajiten,encyclopedia,N2,,General,General
美容,びよう,biyou,beauty of figure or form,N2,,General,General
表紙,ひょうし,hyoushi,"front cover, binding",N2,,General,General
標識,ひょうしき,hyoushiki,"sign, mark",N2,,General,General
標準,ひょうじゅん,hyoujun,"standard, level",N2,,General,General
標本,ひょうほん,hyouhon,"example, specimen",N2,,General,General
評論,ひょうろん,hyouron,"criticism, critique",N2,,General,General
平仮名,ひらがな,hiragana,"hiragana, 47 syllables, the cursive syllabary",N2,,General,General
,ビルディング,ビルディング,building,N2,,General,General
昼寝,ひるね,hirune,"nap (at home), siesta",N2,,General,General
広げる,ひろげる,hirogeru,"to spread, to extend, to expand, to enlarge",N2,,General,General
広さ,ひろさ,hirosa,extent,N2,,General,General
広場,ひろば,hiroba,plaza,N2,,General,General
広々,ひろびろ,hirobiro,"extensive, spacious",N2,,General,General
広める,ひろめる,hiromeru,"to broaden, to propagate",N2,,General,General
,ピンク,ピンク,pink,N2,,General,General
便箋,びんせん,binsen,"writing paper, stationery",N2,,General,General
瓶詰,びんづめ,binzume,"bottling, bottled",N2,,General,General
,ファスナー,ファスナー,"fastener, zipper",N2,,General,General
風船,ふうせん,fuusen,balloon,N2,,General,General
不運,ふうん,fuun,"unlucky, misfortune, bad luck, fate",N2,,General,General
殖える,ふえる,fueru,"to increase, to multiply",N2,,General,General
深まる,ふかまる,fukamaru,"to deepen, to heighten, to intensify",N2,,General,General
不規則,ふきそく,fukisoku,"irregularity, unsteadiness, disorderly",N2,,General,General
普及,ふきゅう,fukyuu,"diffusion, spread",N2,,General,General
付近,ふきん,fukin,"neighbourhood, vicinity, environs",N2,,General,General
拭く,ふく,fuku,"to wipe, to dry",N2,,General,General
副詞,ふくし,fukushi,adverb,N2,,General,General
複写,ふくしゃ,fukusha,"copy, duplicate",N2,,General,General
複数,ふくすう,fukusuu,"plural, multiple",N2,,General,General
含める,ふくめる,fukumeru,"to include, to instruct, to make one understand",N2,,General,General
膨らます,ふくらます,fukuramasu,"to swell, to expand, to inflate, to bulge",N2,,General,General
膨らむ,ふくらむ,fukuramu,"to expand, to swell (out), to get big, to become inflated",N2,,General,General
不潔,ふけつ,fuketsu,"unclean, dirty, filthy, impure",N2,,General,General
更ける,ふける,fukeru,"to get late, to advance, to wear on",N2,,General,General
符号,ふごう,fugou,"sign, mark, symbol",N2,,General,General
夫妻,ふさい,fusai,"man and wife, married couple",N2,,General,General
塞がる,ふさがる,fusagaru,"to be plugged up, to be shut up",N2,,General,General
塞ぐ,ふさぐ,fusagu,"to stop up, to close up, to block (up)",N2,,General,General
,ふざける,fuzakeru,"to romp, to gambol, to frolic, to joke",N2,,General,General
無沙汰,ぶさた,busata,neglecting to stay in contact,N2,,General,General
武士,ぶし,bushi,"warrior, samurai",N2,,General,General
部首,ぶしゅ,bushu,radical (of a kanji character),N2,,General,General
襖,ふすま,fusuma,sliding screen,N2,,General,General
附属,ふぞく,fuzoku,"attached, belonging, affiliated",N2,,General,General
蓋,ふた,futa,"cover, lid, cap",N2,,General,General
不通,ふつう,futsuu,"suspension, interruption, stoppage, tie-up, cessation",N2,,General,General
,ぶつかる,butsukaru,"to strike, to collide with",N2,,General,General
,ぶつける,butsukeru,"to knock, to run into, to nail on, to strike hard, to hit and attack",N2,,General,General
物騒,ぶっそう,bussou,"dangerous, disturbed, insecure",N2,,General,General
,ぶつぶつ,butsubutsu,"grumbling, complaining in a small voice",N2,,General,General
船便,ふなびん,funabin,surface mail (ship),N2,,General,General
部品,ぶひん,buhin,"parts, accessories",N2,,General,General
吹雪,ふぶき,fubuki,snow storm,N2,,General,General
父母,ふぼ,fubo,"father and mother, parents",N2,,General,General
踏切,ふみきり,fumikiri,"railway crossing, level crossing, starting line, scratch, crossover",N2,,General,General
麓,ふもと,fumoto,"the foot, the bottom, the base (of a mountain)",N2,,General,General
増やす,ふやす,fuyasu,"to increase, to add to, to augment",N2,,General,General
殖やす,ふやす,fuyasu,"to increase, to add to, to augment",N2,,General,General
,フライパン,フライパン,"fry pan, frying pan",N2,,General,General
,ブラウス,ブラウス,blouse,N2,,General,General
,ぶらさげる,burasageru,"to hang, to suspend, to dangle, to swing",N2,,General,General
,ブラシ,ブラシ,"brushy, brush",N2,,General,General
,プラスチック,プラスチック,plastic,N2,,General,General
,プラットホーム,プラットホーム,platform,N2,,General,General
,フリー,フリー,free,N2,,General,General
振り仮名,ふりがな,furigana,", pronunciation key",N2,,General,General
,プリント,プリント,"print, handout",N2,,General,General
振舞う,ふるまう,furumau,"to behave, to conduct oneself, to entertain (vt)",N2,,General,General
,ブローチ,ブローチ,brooch,N2,,General,General
,プログラム,プログラム,program,N2,,General,General
風呂敷,ふろしき,furoshiki,"wrapping cloth, cloth wrapper",N2,,General,General
,ふわふわ,fuwafuwa,"light, soft",N2,,General,General
噴火,ふんか,funka,eruption,N2,,General,General
分解,ぶんかい,bunkai,"analysis, disassembly",N2,,General,General
文芸,ぶんげい,bungei,"literature, art and literature, belles-lettres",N2,,General,General
文献,ぶんけん,bunken,"literature, books (reference)",N2,,General,General
噴水,ふんすい,funsui,water fountain,N2,,General,General
分数,ぶんすう,bunsuu,fraction (in math),N2,,General,General
文体,ぶんたい,buntai,literary style,N2,,General,General
分布,ぶんぷ,bunpu,distribution,N2,,General,General
文房具,ぶんぼうぐ,bunbougu,stationery,N2,,General,General
文脈,ぶんみゃく,bunmyaku,context,N2,,General,General
分量,ぶんりょう,bunryou,"amount, quantity",N2,,General,General
分類,ぶんるい,bunrui,classification,N2,,General,General
閉会,へいかい,heikai,closure,N2,,General,General
平気,へいき,heiki,"coolness, calmness, composure, unconcern",N2,,General,General
並行,へいこう,heikou,"(going) side by side, concurrent, abreast, at the same time",N2,,General,General
平日,へいじつ,heijitsu,"weekday, ordinary days",N2,,General,General
兵隊,へいたい,heitai,"soldier, sailor",N2,,General,General
平凡,へいぼん,heibon,"common, commonplace, ordinary, mediocre",N2,,General,General
平野,へいや,heiya,"plain, open field",N2,,General,General
凹む,へこむ,hekomu,"to be dented, to be indented, to yield to, to give, to sink, to collapse, to cave in, to be snubbed",N2,,General,General
,へそ,heso,"navel, belly-button",N2,,General,General
隔てる,へだてる,hedateru,to be shut out,N2,,General,General
別荘,べっそう,bessou,"holiday house, villa",N2,,General,General
別々,べつべつ,betsubetsu,"separately, individually",N2,,General,General
,ベテラン,ベテラン,veteran,N2,,General,General
,ヘリコプター,ヘリコプター,helicopter,N2,,General,General
,へる,heru,"to decrease (in size or number), to diminish, to abate",N2,,General,General
,ぺん,pen,pen,N2,,General,General
編集,へんしゅう,henshuu,"editing, compilation, editorial (e.g. committee)",N2,,General,General
便所,べんじょ,benjo,"toilet, lavatory, rest room, latrine, comfort station",N2,,General,General
,ペンチ,ペンチ,(abbr) pliers (lit: pinchers),N2,,General,General
望遠鏡,ぼうえんきょう,bouenkyou,telescope,N2,,General,General
方角,ほうがく,hougaku,"direction, way, compass point",N2,,General,General
箒,ほうき,houki,(n) broom,N2,,General,General
方言,ほうげん,hougen,dialect,N2,,General,General
坊さん,ぼうさん,bousan,"Buddhist priest, monk",N2,,General,General
防止,ぼうし,boushi,"prevention, check",N2,,General,General
方針,ほうしん,houshin,"objective, plan, policy",N2,,General,General
包装,ほうそう,housou,"packing, wrapping",N2,,General,General
法則,ほうそく,housoku,"law, rule",N2,,General,General
包帯,ほうたい,houtai,"bandage, dressing",N2,,General,General
膨大,ぼうだい,boudai,"huge, bulky, enormous, extensive, swelling, expansion",N2,,General,General
庖丁,ほうちょう,houchou,"kitchen knife, carving knife",N2,,General,General
方程式,ほうていしき,houteishiki,equation,N2,,General,General
防犯,ぼうはん,bouhan,prevention of crime,N2,,General,General
方面,ほうめん,houmen,"direction, district, field (e.g.,  of study)",N2,,General,General
坊や,ぼうや,bouya,boy,N2,,General,General
放る,ほうる,houru,to let go,N2,,General,General
,ボーナス,ボーナス,bonus,N2,,General,General
朗らか,ほがらか,hogaraka,"brightness, cheerfulness, melodious",N2,,General,General
牧場,ぼくじょう,bokujou,"(1) farm (livestock), (2) pasture land, meadow, grazing land",N2,,General,General
牧畜,ぼくちく,bokuchiku,stock-farming,N2,,General,General
保健,ほけん,hoken,"health preservation, hygiene, sanitation",N2,,General,General
募集,ぼしゅう,boshuu,"recruiting, taking applications",N2,,General,General
干す,ほす,hosu,"to air, to dry, to desiccate, to drain (off), to drink up",N2,,General,General
,ポスター,ポスター,poster,N2,,General,General
北極,ほっきょく,hokkyoku,North Pole,N2,,General,General
坊っちゃん,ぼっちゃん,bocchan,son (of others),N2,,General,General
,ほどく,hodoku,to unfasten,N2,,General,General
堀,ほり,hori,"moat, canal",N2,,General,General
掘る,ほる,horu,"to dig, to excavate",N2,,General,General
彫る,ほる,horu,"to carve, to engrave, to sculpture, to chisel",N2,,General,General
,ぼろ,boro,"rag, scrap, tattered clothes, fault (esp. in a pretense)",N2,,General,General
盆,ぼん,bon,"Lantern Festival, Festival of the Dead, tray",N2,,General,General
盆地,ぼんち,bonchi,basin (e.g. between mountains),N2,,General,General
本部,ほんぶ,honbu,headquarters,N2,,General,General
本来,ほんらい,honrai,"essentially, naturally, by nature",N2,,General,General
,まあまあ,maamaa,so-so,N2,,General,General
枚数,まいすう,maisuu,the number of flat things,N2,,General,General
毎度,まいど,maido,"each time, common service-sector greeting",N2,,General,General
,マイナス,マイナス,minus,N2,,General,General
巻く,まく,maku,"to wind, to coil, to roll",N2,,General,General
蒔く,まく,maku,to sow (seeds),N2,,General,General
撒く,まく,maku,"to scatter, to sprinkle, to sow",N2,,General,General
枕,まくら,makura,"pillow, bolster",N2,,General,General
曲げる,まげる,mageru,"to bend, to crook, to lean",N2,,General,General
,まごまご,magomago,confused,N2,,General,General
摩擦,まさつ,masatsu,"friction, rubbing, rubdown, chafe",N2,,General,General
混ざる,まざる,mazaru,"to be mixed, to be blended with, to associate with, to mingle with, to join",N2,,General,General
交ざる,まざる,mazaru,"to be mixed, to be blended with, to associate with, to mingle with, to join",N2,,General,General
混じる,まじる,majiru,"to be mixed, to be blended with, to associate with",N2,,General,General
交じる,まじる,majiru,"to be mixed, to be blended with, to associate with",N2,,General,General
,マスク,マスク,mask,N2,,General,General
混ぜる,まぜる,mazeru,"to mix, to stir",N2,,General,General
交ぜる,まぜる,mazeru,"to be mixed, to be blended with",N2,,General,General
,またぐ,matagu,to straddle,N2,,General,General
又は,または,mataha,"or, otherwise",N2,,General,General
待合室,まちあいしつ,machiaishitsu,waiting room,N2,,General,General
待ち合わせる,まちあわせる,machiawaseru,"to rendezvous, to meet at a prearranged place and time",N2,,General,General
街角,まちかど,machikado,street corner,N2,,General,General
真っ暗,まっくら,makkura,"total darkness, shortsightedness, pitch dark",N2,,General,General
真っ黒,まっくろ,makkuro,pitch black,N2,,General,General
真っ青,まっさお,massao,"deep blue, ghastly pale",N2,,General,General
真っ先,まっさき,massaki,"the head, the foremost, beginning",N2,,General,General
真っ白,まっしろ,masshiro,pure white,N2,,General,General
祭る,まつる,matsuru,"to deify, to enshrine",N2,,General,General
窓口,まどぐち,madoguchi,ticket window,N2,,General,General
纏まる,まとまる,matomaru,"to be collected, to be settled, to be in order",N2,,General,General
纏める,まとめる,matomeru,"to put in order, to collect, to bring to a conclusion",N2,,General,General
真似る,まねる,maneru,"to mimic, to imitate",N2,,General,General
,まぶしい,mabushii,"dazzling, radiant",N2,,General,General
,まぶた,mabuta,eyelids,N2,,General,General
,マフラー,マフラー,"muffler, scarf",N2,,General,General
間も無く,まもなく,mamonaku,"soon, before long, in a short time",N2,,General,General
,マラソン,マラソン,marathon,N2,,General,General
円い,まるい,marui,"round, circular, spherical",N2,,General,General
稀,まれ,mare,"rare, seldom",N2,,General,General
回り道,まわりみち,mawarimichi,detour,N2,,General,General
満員,まんいん,manin,"full house, no vacancy, sold out",N2,,General,General
,マンション,マンション,"large apartment, apartment house",N2,,General,General
満点,まんてん,manten,perfect score,N2,,General,General
見送る,みおくる,miokuru,"(1) to see off, to farewell, (2) to escort, (3) to let pass",N2,,General,General
見下ろす,みおろす,miorosu,"to overlook, to command a view of, to look down on something",N2,,General,General
見掛け,みかけ,mikake,outward appearance,N2,,General,General
三日月,みかづき,mikazuki,"new moon, crescent moon",N2,,General,General
岬,みさき,misaki,cape (on coast),N2,,General,General
,みじめ,mijime,"(arch) sad, pitiful, wretched",N2,,General,General
,ミシン,ミシン,sewing machine,N2,,General,General
店屋,みせや,miseya,"store, shop",N2,,General,General
見出し,みだし,midashi,"heading, caption, subtitle, index",N2,,General,General
道順,みちじゅん,michijun,"itinerary, route",N2,,General,General
見付かる,みつかる,mitsukaru,"to be found, to be discovered",N2,,General,General
見付ける,みつける,mitsukeru,"to be familiar, to discover, to detect",N2,,General,General
,みっともない,mittomonai,"shameful, indecent",N2,,General,General
見直す,みなおす,minaosu,"to look again, to get a better opinion of",N2,,General,General
見慣れる,みなれる,minareru,"to become used to seeing, to be familiar with",N2,,General,General
醜い,みにくい,minikui,ugly,N2,,General,General
実る,みのる,minoru,"to bear fruit, to ripen",N2,,General,General
身分,みぶん,mibun,"social position, social status",N2,,General,General
見本,みほん,mihon,sample,N2,,General,General
見舞う,みまう,mimau,"to ask after (health), to visit",N2,,General,General
未満,みまん,miman,"less than, insufficient",N2,,General,General
名字,みょうじ,myouji,"surname, family name",N2,,General,General
ミリ,（メートル）,（メートル）,"milli-, 10^-3",N2,,General,General
診る,みる,miru,to examine (medical),N2,,General,General
民間,みんかん,minkan,"private, civilian, civil, popular, folk, unofficial",N2,,General,General
民謡,みんよう,minyou,"folk song, popular song",N2,,General,General
向う,むかう,mukau,"(v5u) to face, to go towards",N2,,General,General
剥く,むく,muku,"to peel, to skin, to pare, to hull",N2,,General,General
無限,むげん,mugen,infinite,N2,,General,General
無地,むじ,muji,"plain, unfigured",N2,,General,General
蒸し暑い,むしあつい,mushiatsui,"humid, sultry",N2,,General,General
矛盾,むじゅん,mujun,"contradiction, inconsistency",N2,,General,General
蒸す,むす,musu,"to steam, to poultice, to be sultry",N2,,General,General
無数,むすう,musuu,"countless number, infinite number",N2,,General,General
紫,むらさき,murasaki,"purple colour, violet",N2,,General,General
群れ,むれ,mure,"group, crowd, flock, herd",N2,,General,General
姪,めい,mei,niece,N2,,General,General
名作,めいさく,meisaku,masterpiece,N2,,General,General
名刺,めいし,meishi,business card,N2,,General,General
名詞,めいし,meishi,noun,N2,,General,General
名所,めいしょ,meisho,famous place,N2,,General,General
命ずる,めいずる,meizuru,"to command, to appoint",N2,,General,General
迷信,めいしん,meishin,superstition,N2,,General,General
名物,めいぶつ,meibutsu,"famous product, special product, speciality",N2,,General,General
銘々,めいめい,meimei,"each, individual",N2,,General,General
目上,めうえ,meue,"superior(s), senior",N2,,General,General
,メーター,メーター,meter (clock),N2,,General,General
恵まれる,めぐまれる,megumareru,"to be blessed with, to be rich in",N2,,General,General
巡る,めぐる,meguru,to go around,N2,,General,General
目指す,めざす,mezasu,"to aim at, to have an eye on",N2,,General,General
目覚し,めざまし,mezamashi,(abbr) alarm-clock,N2,,General,General
目下,めした,meshita,"at present, now",N2,,General,General
目印,めじるし,mejirushi,"mark, sign, landmark",N2,,General,General
目立つ,めだつ,medatsu,"to be conspicuous, to stand out",N2,,General,General
,めちゃくちゃ,mechakucha,"absurd, unreasonable, excessive, messed up, spoiled, wreaked",N2,,General,General
,めっきり,mekkiri,remarkably,N2,,General,General
,めでたい,medetai,"happy, simple soul, propitious, joyous",N2,,General,General
,メニュー,メニュー,menu,N2,,General,General
,めまい,memai,"dizziness, giddiness",N2,,General,General
目安,めやす,meyasu,"criterion, aim",N2,,General,General
免税,めんぜい,menzei,"tax exemption, duty exemption",N2,,General,General
面積,めんせき,menseki,area,N2,,General,General
面接,めんせつ,mensetsu,interview,N2,,General,General
面倒臭い,めんどうくさい,mendoukusai,"bother to do, tiresome",N2,,General,General
儲かる,もうかる,moukaru,"to be profitable, to yield a profit",N2,,General,General
儲ける,もうける,moukeru,"to get, to earn, to gain, to have (bear,  beget) a child",N2,,General,General
申し訳ない,もうしわけない,moushiwakenai,inexcusable,N2,,General,General
,モーター,モーター,motor,N2,,General,General
木材,もくざい,mokuzai,"lumber, timber, wood",N2,,General,General
目次,もくじ,mokuji,table of contents,N2,,General,General
潜る,もぐる,moguru,"(1) to drive, to pass through, (2) to evade, to hide, (3) to dive (into or under water), to go undergroun",N2,,General,General
,もしかしたら,moshikashitara,"perhaps, maybe, by some chance",N2,,General,General
,もしかすると,moshikasuruto,"perhaps, maybe, by some chance",N2,,General,General
,もたれる,motareru,"to lean against, to lean on, to recline on, to lie heavy (on the stomach)",N2,,General,General
,モダン,モダン,modern,N2,,General,General
餅,もち,mochi,sticky rice cake,N2,,General,General
,もったいない,mottainai,"too good, more than one deserves, wasteful, sacrilegious, unworthy of",N2,,General,General
,モデル,モデル,model,N2,,General,General
元々,もともと,motomoto,"originally, by nature, from the start",N2,,General,General
物置,ものおき,monooki,storage room,N2,,General,General
物語る,ものがたる,monogataru,"to tell, to indicate",N2,,General,General
物差し,ものさし,monosashi,"ruler, measure",N2,,General,General
物凄い,ものすごい,monosugoi,"earth-shattering, staggering, to a very great extent",N2,,General,General
,モノレール,モノレール,monorail,N2,,General,General
紅葉,もみじ,momiji,(1) (Japanese) maple,N2,,General,General
揉む,もむ,momu,"to rub, to crumple (up), to wrinkle",N2,,General,General
燃やす,もやす,moyasu,to burn,N2,,General,General
催し,もよおし,moyooshi,"event, festivities, function",N2,,General,General
盛る,もる,moru,"(1) to serve (food,  etc.), (2) to fill up, (3) to prescribe",N2,,General,General
問答,もんどう,mondou,"questions and answers, dialogue",N2,,General,General
,やかましい,yakamashii,"(1) noisy, (2) strict, fussy",N2,,General,General
夜間,やかん,yakan,"at night, nighttime",N2,,General,General
薬缶,やかん,yakan,kettle,N2,,General,General
役者,やくしゃ,yakusha,"actor, actress",N2,,General,General
役所,やくしょ,yakusho,"government office, public office",N2,,General,General
訳す,やくす,yakusu,to translate,N2,,General,General
役人,やくにん,yakunin,government official,N2,,General,General
薬品,やくひん,yakuhin,"medicine(s), chemical(s)",N2,,General,General
役目,やくめ,yakume,"duty, business",N2,,General,General
火傷,やけど,yakedo,"burn, scald",N2,,General,General
夜行,やこう,yakou,"walking around at night, night train, night travel",N2,,General,General
矢印,やじるし,yajirushi,directing arrow,N2,,General,General
,やたらに,yatarani,"randomly, recklessly, blindly",N2,,General,General
薬局,やっきょく,yakkyoku,"pharmacy, drugstore",N2,,General,General
,やっつける,yattsukeru,"to attack (an enemy), to beat, to do away with, to finish off",N2,,General,General
家主,やぬし,yanushi,landlord,N2,,General,General
,やっぱり,yappari,"also, as I thought, still, in spite of, absolutely, of course",N2,,General,General
破く,やぶく,yabuku,,N2,,General,General
破れる,やぶれる,yabureru,"to get torn, to wear out",N2,,General,General
,やむをえない,yamuoenai,"cannot be helped, unavoidable",N2,,General,General
軟らかい,やわらかい,yawarakai,"soft, tender, limp",N2,,General,General
遊園地,ゆうえんち,yuuenchi,amusement park,N2,,General,General
夕刊,ゆうかん,yuukan,evening paper,N2,,General,General
友好,ゆうこう,yuukou,friendship,N2,,General,General
郵送,ゆうそう,yuusou,mailing,N2,,General,General
夕立,ゆうだち,yuudachi,(sudden) evening shower (rain),N2,,General,General
夕日,ゆうひ,yuuhi,"(in) the evening sun, setting sun",N2,,General,General
悠々,ゆうゆう,yuuyuu,"quiet, calm, leisurely",N2,,General,General
有料,ゆうりょう,yuuryou,"admission-paid, toll",N2,,General,General
浴衣,ゆかた,yukata,"bathrobe, informal summer kimono, yukata",N2,,General,General
湯気,ゆげ,yuge,"steam, vapour",N2,,General,General
輸血,ゆけつ,yuketsu,blood transfusion,N2,,General,General
輸送,ゆそう,yusou,"transport, transportation",N2,,General,General
油断,ゆだん,yudan,"negligence, unpreparedness",N2,,General,General
,ゆでる,yuderu,to boil,N2,,General,General
湯飲み,ゆのみ,yunomi,teacup,N2,,General,General
緩い,ゆるい,yurui,"loose, lenient, slow",N2,,General,General
溶岩,ようがん,yougan,lava,N2,,General,General
容器,ようき,youki,"container, vessel",N2,,General,General
用語,ようご,yougo,"term, terminology",N2,,General,General
要旨,ようし,youshi,"gist, essentials, summary, fundamentals",N2,,General,General
幼児,ようじ,youji,"infant, baby, child",N2,,General,General
容積,ようせき,youseki,"capacity, volume",N2,,General,General
幼稚,ようち,youchi,"infancy, childish, infantile",N2,,General,General
幼稚園,ようちえん,youchien,kindergarten,N2,,General,General
用途,ようと,youto,"use, usefulness",N2,,General,General
洋品店,ようひんてん,youhinten,shop which handles Western-style apparel and accessories,N2,,General,General
養分,ようぶん,youbun,"nourishment, nutrient",N2,,General,General
羊毛,ようもう,youmou,wool,N2,,General,General
漸く,ようやく,youyaku,"gradually, finally, hardly",N2,,General,General
要領,ようりょう,youryou,"point, gist, essentials, outline",N2,,General,General
欲張り,よくばり,yokubari,"avarice, covetousness, greed",N2,,General,General
余計,よけい,yokei,"too much, unnecessary, abundance, surplus, excess, superfluity",N2,,General,General
,よこす,yokosu,"(1) to send, to forward, (2) to hand over (e.g. money)",N2,,General,General
汚す,よごす,yogosu,"(1) to disgrace, to dishonour, (2) to pollute, to contaminate, to soil, to make dirty, to stain",N2,,General,General
寄せる,よせる,yoseru,"to collect, to gather, to add, to put aside",N2,,General,General
余所,よそ,yoso,"another place, somewhere else, strange parts",N2,,General,General
四つ角,よつかど,yotsukado,"four corners, crossroads",N2,,General,General
酔っ払い,よっぱらい,yopparai,drunkard,N2,,General,General
予備,よび,yobi,"preparation, preliminaries, reserve, spare",N2,,General,General
呼び掛ける,よびかける,yobikakeru,"to call out to, to accost, to address (crowd), to appeal",N2,,General,General
呼び出す,よびだす,yobidasu,"to summon, to call (e.g. phone)",N2,,General,General
蘇る,よみがえる,yomigaeru,"to be resurrected, to be revived, to be resuscitated, to be rehabilitated",N2,,General,General
因る,よる,yoru,to come from,N2,,General,General
慶び,よろこび,yorokobi,"(n) (a) joy, (a) delight, rapture, pleasure, gratification, rejoicing, congratulations, felicitations",N2,,General,General
慶ぶ,よろこぶ,yorokobu,,N2,,General,General
来日,らいにち,rainichi,"arrival in Japan, coming to Japan, visit to Japan",N2,,General,General
落第,らくだい,rakudai,"failure, dropping out of a class",N2,,General,General
,ラッシュアワー,ラッシュアワー,rush hour,N2,,General,General
欄,らん,ran,column of text (e.g. as in a newspaper),N2,,General,General
,ランチ,ランチ,"launch, lunch",N2,,General,General
,ランニング,ランニング,"(1) running, (2) tank top",N2,,General,General
乱暴,らんぼう,ranbou,"rude, violent, rough, lawless, unreasonable, reckless",N2,,General,General
理科,りか,rika,science,N2,,General,General
利害,りがい,rigai,"advantages and disadvantages, interest",N2,,General,General
,リズム,リズム,rhythm,N2,,General,General
,リットル,リットル,litre,N2,,General,General
,リボン,リボン,ribbon,N2,,General,General
略す,りゃくす,ryakusu,to abbreviate,N2,,General,General
流域,りゅういき,ryuuiki,(river) basin,N2,,General,General
寮,りょう,ryou,"hostel, dormitory",N2,,General,General
両側,りょうがわ,ryougawa,both sides,N2,,General,General
漁師,りょうし,ryoushi,fisherman,N2,,General,General
領事,りょうじ,ryouji,consul,N2,,General,General
領収,りょうしゅう,ryoushuu,"receipt, voucher",N2,,General,General
臨時,りんじ,rinji,"temporary, special, extraordinary",N2,,General,General
留守番,るすばん,rusuban,"care-taking, caretaker, house-watching",N2,,General,General
例外,れいがい,reigai,exception,N2,,General,General
零点,れいてん,reiten,"zero, no marks",N2,,General,General
冷凍,れいとう,reitou,"freezing, cold storage, refrigeration",N2,,General,General
,レインコート,レインコート,raincoat,N2,,General,General
,レクリェーション,レクリェーション,recreation,N2,,General,General
,レジャー,レジャー,leisure,N2,,General,General
列島,れっとう,rettou,chain of islands,N2,,General,General
,レベル,レベル,level,N2,,General,General
,リポート,リポート,"report, paper",N2,,General,General
煉瓦,れんが,renga,brick,N2,,General,General
連合,れんごう,rengou,"union, alliance",N2,,General,General
,レンズ,レンズ,lens,N2,,General,General
蝋燭,ろうそく,rousoku,candle,N2,,General,General
ローマ字,ローマじ,ローマji,"romanization, Roman letters",N2,,General,General
録音,ろくおん,rokuon,(audio) recording,N2,,General,General
,ロッカー,ロッカー,locker,N2,,General,General
,ロビー,ロビー,lobby,N2,,General,General
論ずる,ろんずる,ronzuru,"to argue, to discuss, to debate",N2,,General,General
和英,わえい,waei,Japanese-English,N2,,General,General
分る,わかる,wakaru,to be understood,N2,,General,General
分かれる,わかれる,wakareru,"to branch off, to diverge from, to fork, to split, to dispense, to scatter, to divide into",N2,,General,General
若々しい,わかわかしい,wakawakashii,"youthful, young",N2,,General,General
湧く,わく,waku,"to boil, to grow hot, to get excited, to gush forth",N2,,General,General
詫びる,わびる,wabiru,to apologize,N2,,General,General
和服,わふく,wafuku,Japanese clothes,N2,,General,General
,わりあいに,wariaini,comparatively,N2,,General,General
割算,わりざん,warizan,division (math),N2,,General,General
割と,わりと,warito,"relatively,  comparitively",N2,,General,General
割引,わりびき,waribiki,"discount, reduction, rebate",N2,,General,General
椀,わん,wan,"Japanese soup bowl, wooden bowl",N2,,General,General
碗,わん,wan,bowl,N2,,General,General
,ワンピース,ワンピース,one-piece dress,N2,,General,General
嗚呼,ああ,aa,"Ah!, Oh!, Alas!",N1,,General,General
相,あい,ai,"together, mutually, fellow",N1,,General,General
相変わらず,あいかわらず,aikawarazu,"as ever, as usual, the same",N1,,General,General
愛想,あいそ,aiso,"civility, courtesy, compliments, sociability, graces",N1,,General,General
相対,あいたい,aitai,"confrontation, facing, between ourselves, no third party, tete-a-tete",N1,,General,General
間柄,あいだがら,aidagara,relation(ship),N1,,General,General
愛憎,あいにく,ainiku,likes and dislikes,N1,,General,General
合間,あいま,aima,interval,N1,,General,General
曖昧,あいまい,aimai,"vague, ambiguous",N1,,General,General
敢えて,あえて,aete,"dare (to do), challenge (to do)",N1,,General,General
仰ぐ,あおぐ,aogu,"to look up (to), to respect, to depend on, to ask for, to seek, to revere, to drink, to take",N1,,General,General
垢,あか,aka,"dirt, filth",N1,,General,General
亜科,あか,aka,"suborder, subfamily",N1,,General,General
銅,あかがね,akagane,copper,N1,,General,General
証,あかし,akashi,"proof, evidence",N1,,General,General
赤字,あかじ,akaji,"deficit, go in the red",N1,,General,General
明かす,あかす,akasu,"to pass, spend, to reveal, to divulge",N1,,General,General
赤ちゃん,あかちゃん,akachan,"baby, infant",N1,,General,General
明白,あからさま,akarasama,"obvious, overt, plainly, frankly",N1,,General,General
赤らむ,あからむ,akaramu,"to become red, to redden, to blush",N1,,General,General
明るい,あかるい,akarui,"bright, cheerful",N1,,General,General
上がり,あがり,agari,"1. slope, advance income, crop yield, ascent, rise, advance, death, spinning, completion, stop, finish, after",N1,,General,General
上がる,あがる,agaru,"to enter, to go up, to rise, to climb up, to advance, to appreciate, to be promoted, to improve, to call on,",N1,,General,General
商人,あきうど,akiudo,"trader, shopkeeper, merchant",N1,,General,General
空間,あきま,akima,"vacancy, room for rent or lease",N1,,General,General
諦め,あきらめ,akirame,"resignation, acceptance, consolation",N1,,General,General
呆れる,あきれる,akireru,"to be amazed, to be shocked",N1,,General,General
悪,あく,aku,"evil, wickedness",N1,,General,General
灰,あく,aku,puckery juice,N1,,General,General
,あくどい,akudoi,"1. gaudy, showy, excessive, 2. vicious",N1,,General,General
悪日,あくび,akubi,unlucky day,N1,,General,General
明くる,あくる,akuru,"next, following",N1,,General,General
憧れ,あこがれ,akogare,"yearning, longing, aspiration",N1,,General,General
顎,あご,ago,chin,N1,,General,General
麻,あさ,asa,"flax, linen, hemp",N1,,General,General
明後日,あさって,asatte,day after tomorrow,N1,,General,General
朝寝坊,あさねぼう,asanebou,"oversleeping, late riser",N1,,General,General
浅ましい,あさましい,asamashii,"wretched, miserable, shameful, mean, despicable, abject",N1,,General,General
字,あざ,aza,section of village,N1,,General,General
欺く,あざむく,azamuku,to deceive,N1,,General,General
鮮やか,あざやか,azayaka,"vivid, clear, brilliant",N1,,General,General
あざ笑う,あざわらう,azawarau,"to sneer at, to ridicule",N1,,General,General
味わい,あじわい,ajiwai,"flavour, meaning, significance",N1,,General,General
東,あずま,azuma,"east, Eastern Japan",N1,,General,General
焦る,あせる,aseru,"to be in a hurry, to be impatient",N1,,General,General
彼処,あそこ,asoko,"1. (uk) there, over there, that place, 2. (X) (col) genitals",N1,,General,General
値,あたい,atai,"value, price, cost, worth, merit",N1,,General,General
値する,あたいする,ataisuru,"to be worth, to deserve, to merit",N1,,General,General
私,あたし,atashi,I (fem),N1,,General,General
当たり,あたり,atari,"hit, success, reaching the mark, per ..., vicinity, neighborhood",N1,,General,General
当たり前,あたりまえ,atarimae,"usual, common, ordinary, natural, reasonable, obvious",N1,,General,General
他人,あだびと,adabito,"another person, unrelated person, outsider, stranger",N1,,General,General
彼方此方,あちこち,achikochi,here and there,N1,,General,General
彼方,あちら,achira,"1. there, yonder, that",N1,,General,General
彼方此方,あちらこちら,achirakochira,here and there,N1,,General,General
悪化,あっか,akka,"deterioration, growing worse, aggravation, degeneration, corruption",N1,,General,General
呆気ない,あっけない,akkenai,"not enough, too quick (short long etc.)",N1,,General,General
悪口,あっこう,akkou,"abuse, insult, slander, evil speaking",N1,,General,General
,あっさり,assari,"easily, readily, quickly",N1,,General,General
圧迫,あっぱく,appaku,"pressure, coercion, oppression",N1,,General,General
扱い,あつかい,atsukai,"treatment, service",N1,,General,General
集まる,あつまる,atsumaru,"to gather, to collect, to assemble",N1,,General,General
誂える,あつらえる,atsuraeru,"to give an order, to place an order",N1,,General,General
圧力,あつりょく,atsuryoku,"stress, pressure",N1,,General,General
当て,あて,ate,"object, aim, end, hopes, expectations",N1,,General,General
宛,あて,ate,addressed to,N1,,General,General
当て字,あてじ,ateji,"phonetic-equivalent character, substitute character",N1,,General,General
当てはまる,あてはまる,atehamaru,to apply (a rule),N1,,General,General
当てはめる,あてはめる,atehameru,"to apply, to adapt",N1,,General,General
宛てる,あてる,ateru,to address,N1,,General,General
跡継ぎ,あとつぎ,atotsugi,"heir, successor",N1,,General,General
後回し,あとまわし,atomawashi,"putting off, postponing",N1,,General,General
貴女,あなた,anata,"you, lady",N1,,General,General
彼の,あの,ano,that over there,N1,,General,General
溢れる,あふれる,afureru,"to flood, to overflow, to brim over",N1,,General,General
油絵,あぶらえ,aburae,oil painting,N1,,General,General
炙る,あぶる,aburu,to scorch,N1,,General,General
,あべこべ,abekobe,"contrary, opposite, inverse",N1,,General,General
甘える,あまえる,amaeru,"to behave like a spoiled child, to fawn on",N1,,General,General
甘口,あまくち,amakuchi,"sweet flavour, mildness, flattery, stupidity",N1,,General,General
雨具,あまぐ,amagu,rain gear,N1,,General,General
天,あまつ,amatsu,"heavenly, imperial",N1,,General,General
網,あみ,ami,"net, network",N1,,General,General
天地,あめつち,ametsuchi,"heaven and earth, the universe, nature, top and bottom, realm, sphere, world",N1,,General,General
操る,あやつる,ayatsuru,"to manipulate, to operate, to pull strings",N1,,General,General
,あやふや,ayafuya,"uncertain, vague, ambiguous",N1,,General,General
危ぶむ,あやぶむ,ayabumu,"to fear, to have misgivings, to be doubtful, to mistrust",N1,,General,General
過ち,あやまち,ayamachi,"fault, error, indiscretion",N1,,General,General
誤る,あやまる,ayamaru,to make a mistake,N1,,General,General
歩み,あゆみ,ayumi,walking,N1,,General,General
歩む,あゆむ,ayumu,"to walk, to go on foot",N1,,General,General
,あら,ara,"oh, ah, saw-edged perch (Niphon spinosus)",N1,,General,General
予め,あらかじめ,arakajime,"beforehand, in advance, previously",N1,,General,General
荒らす,あらす,arasu,"to lay waste, to devastate, to damage, to invade, to break into",N1,,General,General
粗筋,あらすじ,arasuji,"outline, summary",N1,,General,General
争い,あらそい,arasoi,"dispute, strife, quarrel, dissension, conflict, rivalry, contest",N1,,General,General
改まる,あらたまる,aratamaru,to be renewed,N1,,General,General
荒っぽい,あらっぽい,arappoi,"rough, rude",N1,,General,General
凡ゆる,あらゆる,arayuru,"all, every",N1,,General,General
,あられ,arare,"kind of cookie, cartoon character",N1,,General,General
現われ,あらわれ,araware,"embodiment, materialization",N1,,General,General
現われる,あらわれる,arawareru,"to appear, to come in sight, to become visible, to come out, to embody, to materialize, to express oneself",N1,,General,General
有難う,ありがとう,arigatou,Thank you,N1,,General,General
有様,ありさま,arisama,"state, condition, circumstances, the way things are or should be, truth",N1,,General,General
有りのまま,ありのまま,arinomama,"the truth, fact, as it is, frankly",N1,,General,General
或る,ある,aru,"a certain..., some...",N1,,General,General
或いは,あるいは,aruiha,"or, possibly",N1,,General,General
彼此,あれこれ,arekore,"one thing or another, this and that, this or that",N1,,General,General
合わす,あわす,awasu,"to join together, to face, to unite, to be opposite, to combine, to connect, to add up, to mix, to match, to",N1,,General,General
合わせ,あわせ,awase,"joint together, opposite, facing",N1,,General,General
慌ただしい,あわただしい,awatadashii,"busy, hurried, confused, flurried",N1,,General,General
慌てる,あわてる,awateru,to become confused (disconcerted disorganized),N1,,General,General
暗殺,あんさつ,ansatsu,assassination,N1,,General,General
暗算,あんざん,anzan,mental arithmetic,N1,,General,General
暗示,あんじ,anji,"hint, suggestion",N1,,General,General
案じる,あんじる,anjiru,"to be anxious, to ponder",N1,,General,General
安静,あんせい,ansei,rest,N1,,General,General
案の定,あんのじょう,annojou,"sure enough, as usual",N1,,General,General
余り,あんまり,anmari,"not very (this form only used as adverb), not much, remainder, rest, remnant, surplus, balance, excess, rema",N1,,General,General
依,い,i,depending on,N1,,General,General
良い,いい,ii,good,N1,,General,General
伊井,いい,ii,"that one, Italy",N1,,General,General
否,いいえ,iie,"no, nay, yes, well",N1,,General,General
いい加減,いいかげん,iikagen,"moderate, right, random, not thorough, vague, irresponsible, halfhearted",N1,,General,General
言い訳,いいわけ,iiwake,"excuse, explanation",N1,,General,General
家出,いえで,iede,"running away from home, leaving home",N1,,General,General
家主,いえぬし,ienushi,landlord,N1,,General,General
如何,いかが,ikaga,"how, in what way",N1,,General,General
生かす,いかす,ikasu,"to revive, to resuscitate, to make use of",N1,,General,General
雷,いかずち,ikazuchi,thunder,N1,,General,General
如何に,いかに,ikani,"how?, in what way?, how much?, however, whatever",N1,,General,General
如何にも,いかにも,ikanimo,"indeed, really, phrase meaning agreement",N1,,General,General
怒り,いかり,ikari,"anger, hatred",N1,,General,General
怒る,いかる,ikaru,"to get angry, to be angry",N1,,General,General
歪む,いがむ,igamu,"to warp, to swerve, to deflect, to be crooked, to be distorted, to be bent, to incline, to slant, to be perv",N1,,General,General
粋,いき,iki,"chic, style, purity, essence",N1,,General,General
域外,いきがい,ikigai,outside the area,N1,,General,General
意気込む,いきごむ,ikigomu,to be enthusiastic about,N1,,General,General
経緯,いきさつ,ikisatsu,"1. details, whole story, sequence of events, particulars, how it started, how things got this way, 2. c",N1,,General,General
行き違い,いきちがい,ikichigai,"misunderstanding, estrangement, disagreement, crossing without meeting, going astray",N1,,General,General
行き成り,いきなり,ikinari,suddenly,N1,,General,General
異議,いぎ,igi,"objection, dissent, protest",N1,,General,General
,いく,iku,"to come, to orgasm",N1,,General,General
軍,いくさ,ikusa,"war, battle, campaign, fight",N1,,General,General
戦,いくさ,ikusa,"war, battle, campaign, fight",N1,,General,General
育成,いくせい,ikusei,"rearing, training, nurture, cultivation, promotion",N1,,General,General
幾多,いくた,ikuta,"many, numerous",N1,,General,General
活ける,いける,ikeru,to arrange (flowers),N1,,General,General
異見,いけん,iken,"different opinion, objection",N1,,General,General
意向,いこう,ikou,"intention, idea, inclination",N1,,General,General
移行,いこう,ikou,switching over to,N1,,General,General
,いざ,iza,"now, come (now), well, crucial moment",N1,,General,General
碑,いしぶみ,ishibumi,stone monument bearing an inscription,N1,,General,General
衣装,いしょう,ishou,"clothing, costume, outfit, garment, dress",N1,,General,General
意地,いじ,iji,"disposition, spirit, willpower, obstinacy, backbone, appetite",N1,,General,General
苛める,いじめる,ijimeru,"to tease, to torment, to persecute, to chastise",N1,,General,General
移住,いじゅう,ijuu,"migration, immigration",N1,,General,General
弄る,いじる,ijiru,"to touch, to tamper with",N1,,General,General
何れ,いずれ,izure,"where, which, who, anyway, anyhow, at any rate",N1,,General,General
異性,いせい,isei,the opposite sex,N1,,General,General
遺跡,いせき,iseki,historic ruins (remains relics),N1,,General,General
依然,いぜん,izen,"still, as yet",N1,,General,General
依存,いそん,ison,"dependence, dependent, reliance",N1,,General,General
委託,いたく,itaku,"consign (goods (for sale) to a firm), entrust (person with something), commit",N1,,General,General
悪戯,いたずら,itazura,"tease, prank, trick, practical joke, mischief",N1,,General,General
頂,いただき,itadaki,"(top of) head, summit, spire",N1,,General,General
戴きます,いただきます,itadakimasu,expression of gratitude before meals,N1,,General,General
至って,いたって,itatte,"very much, exceedingly, extremely",N1,,General,General
痛む,いたむ,itamu,"to hurt, to feel a pain, to be injured",N1,,General,General
痛める,いためる,itameru,"to hurt, to injure, to cause pain, to worry, to bother, to afflict, to be grieved over",N1,,General,General
炒める,いためる,itameru,to stir-fry,N1,,General,General
労る,いたわる,itawaru,"to pity, to sympathize with, to console, to care for, to be kind to",N1,,General,General
市,いち,ichi,"market, fair",N1,,General,General
位地,いち,ichi,"place, situation, position, location",N1,,General,General
一々,いちいち,ichiichi,"one by one, separately",N1,,General,General
一概に,いちがいに,ichigaini,"unconditionally, as a rule",N1,,General,General
一見,いちげん,ichigen,"unfamiliar, never before met",N1,,General,General
一言,いちげん,ichigen,single word,N1,,General,General
一日,いちじつ,ichijitsu,"1. one day, 2. first of month",N1,,General,General
一定,いちじょう,ichijou,"fixed, settled, definite, uniform, regularized, defined, standardized, certain, prescribed",N1,,General,General
著しい,いちじるしい,ichijirushii,"remarkable, considerable",N1,,General,General
一同,いちどう,ichidou,"all present, all concerned, all of us",N1,,General,General
一人,いちにん,ichinin,one person,N1,,General,General
一部,いちぶ,ichibu,"1. one copy e.g. of a document, 2. a part, partly, some",N1,,General,General
一部分,いちぶぶん,ichibubun,a part,N1,,General,General
一別,いちべつ,ichibetsu,parting,N1,,General,General
一面,いちめん,ichimen,"one side, one phase, front page, the other hand, the whole surface",N1,,General,General
一目,いちもく,ichimoku,"a glance, a look, a glimpse",N1,,General,General
一様,いちよう,ichiyou,"uniformity, evenness, similarity, equality, impartiality",N1,,General,General
一律,いちりつ,ichiritsu,"evenness, uniformity, monotony, equality",N1,,General,General
一連,いちれん,ichiren,"a series, a chain, a ream (of paper)",N1,,General,General
一括,いっかつ,ikkatsu,"all together, batch, one lump, one bundle, summing up",N1,,General,General
一気,いっき,ikki,drink!(said repeatedly as a party cheer),N1,,General,General
一挙に,いっきょに,ikkyoni,"at a stroke, with a single swoop",N1,,General,General
一切,いっさい,issai,"all, everything, without exception, the whole, entirely, absolutely",N1,,General,General
一心,いっしん,isshin,"one mind, wholeheartedness, the whole heart",N1,,General,General
,いっそ,isso,"rather, sooner, might as well",N1,,General,General
一帯,いったい,ittai,"a region, a zone, the whole place",N1,,General,General
一敗,いっぱい,ippai,one defeat,N1,,General,General
一変,いっぺん,ippen,"complete change, about-face",N1,,General,General
何時,いつ,itsu,"when, how soon",N1,,General,General
何時か,いつか,itsuka,"sometime, someday, one day, some time or other, the other day, in due course, in time",N1,,General,General
何時でも,いつでも,itsudemo,"(at) any time, always, at all times, never (neg), whenever",N1,,General,General
何時の間にか,いつのまにか,itsunomanika,"before one knows, unnoticed, unawares",N1,,General,General
何時までも,いつまでも,itsumademo,"forever, for good, eternally, as long as one likes, indefinitely",N1,,General,General
何時も,いつも,itsumo,"always, usually, every time, never (with neg. verb)",N1,,General,General
意図,いと,ito,"intention, aim, design",N1,,General,General
営む,いとなむ,itonamu,"to carry on (e.g. in ceremony), to run a business",N1,,General,General
暇,いとま,itoma,"free time, leisure, leave, spare time, farewell",N1,,General,General
異動,いどう,idou,a change,N1,,General,General
挑む,いどむ,idomu,"to challenge, to contend for, to make love to",N1,,General,General
稲光,いなびかり,inabikari,(flash of) lightning,N1,,General,General
古,いにしえ,inishie,"antiquity, ancient times",N1,,General,General
祈り,いのり,inori,"prayer, supplication",N1,,General,General
鼾,いびき,ibiki,snoring,N1,,General,General
今更,いまさら,imasara,"now, at this late hour",N1,,General,General
未だ,いまだ,imada,"as yet, hitherto, not yet (neg)",N1,,General,General
移民,いみん,imin,"emigration, immigration, emigrant, immigrant",N1,,General,General
厭々,いやいや,iyaiya,"unwillingly, grudgingly, shaking head in refusal (to children)",N1,,General,General
卑しい,いやしい,iyashii,"greedy, vulgar, shabby, humble, base, mean, vile",N1,,General,General
,いやに,iyani,"awfully, terribly",N1,,General,General
厭やらしい,いやらしい,iyarashii,"detestable, disagreeable",N1,,General,General
愈々,いよいよ,iyoiyo,"more and more, all the more, increasingly, at last, beyond doubt",N1,,General,General
意欲,いよく,iyoku,"will, desire, ambition",N1,,General,General
苛々,いらいら,iraira,"getting nervous, irritation",N1,,General,General
入口,いりくち,irikuchi,"entrance, gate, approach, mouth",N1,,General,General
衣料,いりょう,iryou,clothing,N1,,General,General
威力,いりょく,iryoku,"power, might, authority, influence",N1,,General,General
入る,いる,iru,"to get in, to go in, to come in, to flow into, to set, to set in",N1,,General,General
衣類,いるい,irui,"clothes, clothing, garments",N1,,General,General
色々,いろいろ,iroiro,various,N1,,General,General
異論,いろん,iron,"different opinion, objection",N1,,General,General
所謂,いわゆる,iwayuru,"the so-called, so to speak",N1,,General,General
印,いん,in,"seal, stamp, mark, print",N1,,General,General
員,いん,in,member,N1,,General,General
印鑑,いんかん,inkan,"stamp, seal",N1,,General,General
陰気,いんき,inki,"gloom, melancholy",N1,,General,General
隠居,いんきょ,inkyo,"retirement, retired person",N1,,General,General
上下,うえした,ueshita,"high and low, up and down, unloading and loading, praising and blaming",N1,,General,General
浮かぶ,うかぶ,ukabu,"to float, to rise to surface, to come to mind",N1,,General,General
受かる,うかる,ukaru,to pass (examination),N1,,General,General
含嗽,うがい,ugai,"gargle, rinse mouth",N1,,General,General
受け入れ,うけいれ,ukeire,"receiving, acceptance",N1,,General,General
受け入れる,うけいれる,ukeireru,"to accept, to receive",N1,,General,General
受け継ぐ,うけつぐ,uketsugu,"to inherit, to succeed, to take over",N1,,General,General
受け付ける,うけつける,uketsukeru,"to be accepted, to receive (an application)",N1,,General,General
受け止める,うけとめる,uketomeru,"to catch, to stop the blow, to react to, to take",N1,,General,General
受け取り,うけとり,uketori,receipt,N1,,General,General
受身,うけみ,ukemi,"passive, passive voice",N1,,General,General
動き,うごき,ugoki,"movement, activity, trend, development, change",N1,,General,General
潮,うしお,ushio,tide,N1,,General,General
氏,うじ,uji,family name,N1,,General,General
渦,うず,uzu,swirl,N1,,General,General
埋まる,うずまる,uzumaru,"to be buried, to be surrounded, to overflow, to be filled",N1,,General,General
嘘つき,うそつき,usotsuki,"liar (sometimes said with not much seriousness), fibber",N1,,General,General
打ち合わせ,うちあわせ,uchiawase,"business meeting, previous arrangement, appointment",N1,,General,General
打ち合わせる,うちあわせる,uchiawaseru,"to knock together, to arrange",N1,,General,General
打ち切る,うちきる,uchikiru,"to stop, to abort, to discontinue, to close",N1,,General,General
打ち消し,うちけし,uchikeshi,"negation, denial, negative",N1,,General,General
打ち込む,うちこむ,uchikomu,"to drive in (e.g. nail stake), to devote oneself to, to shoot into, to smash, to throw into, to cast int",N1,,General,General
団扇,うちわ,uchiwa,fan,N1,,General,General
内訳,うちわけ,uchiwake,"the items, breakdown, classification",N1,,General,General
訴え,うったえ,uttae,"lawsuit, complaint",N1,,General,General
鬱陶しい,うっとうしい,uttoushii,"gloomy, depressing",N1,,General,General
写し,うつし,utsushi,"copy, duplicate, facsimile, transcript",N1,,General,General
空ろ,うつろ,utsuro,"blank, cavity, hollow, empty (space)",N1,,General,General
器,うつわ,utsuwa,"bowl, vessel, container",N1,,General,General
雨天,うてん,uten,rainy weather,N1,,General,General
腕前,うでまえ,udemae,"ability, skill, facility",N1,,General,General
饂飩,うどん,udon,noodles (Japanese),N1,,General,General
促す,うながす,unagasu,"to urge, to press, to suggest, to demand, to stimulate, to quicken, to incite, to invite (attention to)",N1,,General,General
唸る,うなる,unaru,"to groan, to moan, to roar, to howl, to growl, to hum, to buzz, to sough",N1,,General,General
自惚れ,うぬぼれ,unubore,"pretension, conceit, hubris",N1,,General,General
甘い,うまい,umai,delicious,N1,,General,General
生まれつき,うまれつき,umaretsuki,"by nature, by birth, native",N1,,General,General
海路,うみじ,umiji,sea route,N1,,General,General
産む,うむ,umu,"to give birth, to deliver, to produce",N1,,General,General
埋め込む,うめこむ,umekomu,to bury,N1,,General,General
梅干,うめぼし,umeboshi,dried plum,N1,,General,General
末,うら,ura,"top end, tip",N1,,General,General
裏返し,うらがえし,uragaeshi,"inside out, upside down",N1,,General,General
売り出し,うりだし,uridashi,(bargain) sale,N1,,General,General
売り出す,うりだす,uridasu,"to put on sale, to market, to become popular",N1,,General,General
潤う,うるおう,uruou,"to be moist, to be damp, to get wet, to profit by, to be watered, to receive benefits, to favor, to charm, t",N1,,General,General
五月蝿い,うるさい,urusai,"noisy, loud, fussy",N1,,General,General
売れ行き,うれゆき,ureyuki,sales,N1,,General,General
浮気,うわき,uwaki,"flighty, fickle, wanton, unfaithful",N1,,General,General
上手,うわて,uwate,"1. upper part, upper stream, left side (of a stage), 2. skillful (only in comparisons), dexterity (on",N1,,General,General
上回る,うわまわる,uwamawaru,to exceed,N1,,General,General
植わる,うわる,uwaru,to be planted,N1,,General,General
運営,うんえい,unei,"management, administration, operation",N1,,General,General
,うんざり,unzari,"tedious, boring, being fed up with",N1,,General,General
運送,うんそう,unsou,"shipping, marine transportation",N1,,General,General
運賃,うんちん,unchin,"freight rates, shipping expenses, fare",N1,,General,General
云々,うんぬん,unnun,"and so on, and so forth, comment",N1,,General,General
運搬,うんぱん,unpan,"transport, carriage",N1,,General,General
運命,うんめい,unmei,fate,N1,,General,General
運輸,うんゆ,unyu,transportation,N1,,General,General
運用,うんよう,unyou,"making use of, application, investment, practical use",N1,,General,General
会,え,e,understanding,N1,,General,General
重,え,e,"-fold, -ply",N1,,General,General
,えい,ei,ray (fish),N1,,General,General
映写,えいしゃ,eisha,projection,N1,,General,General
英字,えいじ,eiji,English letter (character),N1,,General,General
衛生,えいせい,eisei,"health, hygiene, sanitation, medical",N1,,General,General
映像,えいぞう,eizou,"reflection, image",N1,,General,General
英雄,えいゆう,eiyuu,"hero, great man",N1,,General,General
液,えき,eki,"liquid, fluid",N1,,General,General
役,えき,eki,"war, campaign, battle",N1,,General,General
閲覧,えつらん,etsuran,"inspection, reading",N1,,General,General
獲物,えもの,emono,"game, spoils, trophy",N1,,General,General
襟,えり,eri,"neck, collar, lapel, neckband",N1,,General,General
縁,えん,en,"chance, fate, destiny, relation, bonds, connection, karma",N1,,General,General
塩,えん,en,salt,N1,,General,General
艶,えん,en,"charming, fascinating, voluptuous",N1,,General,General
園,えん,en,garden (esp. man-made),N1,,General,General
円滑,えんかつ,enkatsu,"harmony, smoothness",N1,,General,General
縁側,えんがわ,engawa,"veranda, porch, balcony, open corridor",N1,,General,General
沿岸,えんがん,engan,"coast, shore",N1,,General,General
婉曲,えんきょく,enkyoku,"euphemistic, circumlocution, roundabout, indirect, insinuating",N1,,General,General
演習,えんしゅう,enshuu,"practice, exercises, manoeuvers",N1,,General,General
演出,えんしゅつ,enshutsu,"production (e.g. play), direction",N1,,General,General
演じる,えんじる,enjiru,"to perform (a play), to play (a part), to act (a part), to commit (a blunder)",N1,,General,General
演ずる,えんずる,enzuru,"to perform, to play",N1,,General,General
沿線,えんせん,ensen,along railway line,N1,,General,General
縁談,えんだん,endan,"marriage proposal, engagement",N1,,General,General
遠方,えんぽう,enpou,"long way, distant place",N1,,General,General
円満,えんまん,enman,"perfection, harmony, peace, smoothness, completeness, satisfaction, integrity",N1,,General,General
尾,お,o,"tail, ridge",N1,,General,General
於,お,o,"at, in, on",N1,,General,General
甥,おい,oi,nephew,N1,,General,General
追い込む,おいこむ,oikomu,"to herd, to corner, to drive",N1,,General,General
美味しい,おいしい,oishii,"delicious, tasty",N1,,General,General
追い出す,おいだす,oidasu,"to expel, to drive out",N1,,General,General
於いて,おいて,oite,"at, in, on",N1,,General,General
お出でになる,おいでになる,oideninaru,to be,N1,,General,General
老いる,おいる,oiru,"to age, to grow old",N1,,General,General
負う,おう,ou,"to bear, to owe",N1,,General,General
応急,おうきゅう,oukyuu,emergency,N1,,General,General
黄金,おうごん,ougon,gold,N1,,General,General
黄色,おうしょく,oushoku,yellow,N1,,General,General
応募,おうぼ,oubo,"subscription, application",N1,,General,General
,おおい,ooi,hey!,N1,,General,General
大方,おおかた,ookata,"perhaps, almost all, majority",N1,,General,General
大柄,おおがら,oogara,"large build, large pattern",N1,,General,General
大げさ,おおげさ,oogesa,"grandiose, exaggerated",N1,,General,General
大事,おおごと,oogoto,"important, valuable, serious matter",N1,,General,General
大ざっぱ,おおざっぱ,oozappa,"rough (as in not precise), broad, sketchy",N1,,General,General
大筋,おおすじ,oosuji,"outline, summary",N1,,General,General
大空,おおぞら,oozora,"heaven, firmament, the sky",N1,,General,General
大幅,おおはば,oohaba,"full width, large scale, drastic",N1,,General,General
大水,おおみず,oomizu,flood,N1,,General,General
公,おおやけ,ooyake,"official, public, formal, open, governmental",N1,,General,General
お蔭,おかげ,okage,"(your) backing, assistance",N1,,General,General
お蔭様で,おかげさまで,okagesamade,"Thanks to god, thanks to you",N1,,General,General
可笑しい,おかしい,okashii,"strange, funny, amusing, ridiculous",N1,,General,General
犯す,おかす,okasu,"to commit, to perpetrate, to violate, to rape",N1,,General,General
侵す,おかす,okasu,"to invade, to raid, to trespass, to violate, to intrude on",N1,,General,General
お菜,おかず,okazu,"side dish, accompaniment for rice dishes",N1,,General,General
臆病,おくびょう,okubyou,"cowardice, timidity",N1,,General,General
遅らす,おくらす,okurasu,"to retard, to delay",N1,,General,General
遅れ,おくれ,okure,"delay, lag",N1,,General,General
起こす,おこす,okosu,"to raise, to cause, to wake someone",N1,,General,General
行い,おこない,okonai,"deed, conduct, behavior, action, asceticism",N1,,General,General
厳か,おごそか,ogosoka,"austere, majestic, dignified, stately, awful, impressive",N1,,General,General
傲る,おごる,ogoru,to be proud,N1,,General,General
長,おさ,osa,"chief, head",N1,,General,General
押さえる,おさえる,osaeru,"to stop, to restrain, to seize, to repress, to suppress, to press down",N1,,General,General
お先に,おさきに,osakini,"before, ahead, previously",N1,,General,General
収まる,おさまる,osamaru,"to be obtained, to end, to settle into, to fit into, to be settled, to be paid, to be delivered",N1,,General,General
納まる,おさまる,osamaru,"to be obtained, to end, to settle into, to fit into, to be settled, to be paid, to be delivered",N1,,General,General
治まる,おさまる,osamaru,"to be at peace, to clamp down, to lessen (storm terror anger)",N1,,General,General
お産,おさん,osan,(giving) birth,N1,,General,General
教え,おしえ,oshie,"teachings, precept, lesson, doctrine",N1,,General,General
押し込む,おしこむ,oshikomu,"to push into, to crowd into",N1,,General,General
惜しむ,おしむ,oshimu,"to be frugal, to value, to regret",N1,,General,General
お喋り,おしゃべり,oshaberi,"chattering, talk, idle talk, chat, chitchat, gossip, chatty, talkative, chatterbox, blabbermouth",N1,,General,General
お洒落,おしゃれ,oshare,"smartly dressed, someone smartly dressed, fashion-conscious",N1,,General,General
押し寄せる,おしよせる,oshiyoseru,"to push aside, to advance on",N1,,General,General
お祖父さん,おじいさん,ojiisan,"grandfather, male senior-citizen",N1,,General,General
お邪魔します,おじゃまします,ojamashimasu,Excuse me for disturbing (interrupting) you,N1,,General,General
雄,おす,osu,male (animal),N1,,General,General
お世辞,おせじ,oseji,"flattery, compliment",N1,,General,General
襲う,おそう,osou,to attack,N1,,General,General
遅くとも,おそくとも,osokutomo,at the latest,N1,,General,General
恐らく,おそらく,osoraku,perhaps,N1,,General,General
恐れ,おそれ,osore,"fear, horror",N1,,General,General
恐れ入る,おそれいる,osoreiru,"to be filled with awe, to feel small, to be amazed, to be surprised, to be disconcerted, to be sorry, to b",N1,,General,General
お大事に,おだいじに,odaijini,Take care of yourself,N1,,General,General
煽てる,おだてる,odateru,"to stir up, to instigate, to flatter",N1,,General,General
落ち込む,おちこむ,ochikomu,"to fall into, to feel down (sad)",N1,,General,General
落ち着き,おちつき,ochitsuki,"calm, composure",N1,,General,General
落ち葉,おちば,ochiba,"fallen leaves, leaf litter, defoliation, shedding leaves",N1,,General,General
落ちる,おちる,ochiru,"to fail (e.g. exam), to fall down, to drop",N1,,General,General
,おっかない,okkanai,"frightening, huge",N1,,General,General
仰っしゃる,おっしゃる,ossharu,"to say, to speak, to tell, to talk",N1,,General,General
乙,おつ,otsu,"1. strange, quaint, stylish, chic, spicy, queer, witty, tasty, romantic, 2. 2nd in rank, second sign of the",N1,,General,General
お使い,おつかい,otsukai,errand,N1,,General,General
お手上げ,おてあげ,oteage,"all over, given in, given up hope, bring to knees",N1,,General,General
御手洗い,おてあらい,otearai,"toilet, restroom, lavatory, bathroom (US)",N1,,General,General
弟,おと,oto,younger brother,N1,,General,General
落とす,おとす,otosu,"to drop, to lose, to let fall",N1,,General,General
訪れる,おとずれる,otozureru,to visit,N1,,General,General
大人しい,おとなしい,otonashii,"obedient, docile, quiet",N1,,General,General
少女,おとめ,otome,"daughter, young lady, virgin, maiden, little girl",N1,,General,General
お供,おとも,otomo,"attendant, companion",N1,,General,General
衰える,おとろえる,otoroeru,"to become weak, to decline, to wear, to abate, to decay, to wither, to waste away",N1,,General,General
,おどおど,odoodo,"coweringly, hesitantly",N1,,General,General
脅かす,おどかす,odokasu,"to threaten, to coerce",N1,,General,General
脅す,おどす,odosu,"to threaten, to menace",N1,,General,General
驚き,おどろき,odoroki,"surprise, astonishment, wonder",N1,,General,General
同い年,おないどし,onaidoshi,of the same age,N1,,General,General
女子,おなご,onago,"woman, girl",N1,,General,General
お願いします,おねがいします,onegaishimasu,please,N1,,General,General
各,おのおの,onoono,"each, every, either, respectively, severally",N1,,General,General
自ずから,おのずから,onozukara,"naturally, as a matter of course",N1,,General,General
お早う,おはよう,ohayou,Good morning,N1,,General,General
お祖母さん,おばあさん,obaasan,"grandmother, female senior-citizen",N1,,General,General
怯える,おびえる,obieru,"to become frightened, to have a nightmare",N1,,General,General
夥しい,おびただしい,obitadashii,"abundantly, innumerably",N1,,General,General
帯びる,おびる,obiru,"to wear, to carry, to be entrusted, to have, to take on, to have a trace of, to be tinged with",N1,,General,General
覚え,おぼえ,oboe,"memory, sense, experience",N1,,General,General
御負け,おまけ,omake,"1. a discount, a prize, 2. something additional, bonus, an extra, 3. an exaggeration",N1,,General,General
お巡りさん,おまわりさん,omawarisan,policeman (friendly term),N1,,General,General
お宮,おみや,omiya,Shinto shrine,N1,,General,General
お襁褓,おむつ,omutsu,"diaper, nappy",N1,,General,General
お目出度う,おめでとう,omedetou,"(ateji) (int) (uk) Congratulations!, an auspicious occasion!",N1,,General,General
面,おも,omo,face,N1,,General,General
思い付き,おもいつき,omoitsuki,"plan, idea, suggestion",N1,,General,General
面白い,おもしろい,omoshiroi,"interesting, amusing",N1,,General,General
玩具,おもちゃ,omocha,toy,N1,,General,General
重なる,おもなる,omonaru,"main, principal, important",N1,,General,General
趣,おもむき,omomuki,"meaning, tenor, gist, effect, appearance, taste, grace, charm, refinement",N1,,General,General
赴く,おもむく,omomuku,"to go, to proceed, to repair to, to become",N1,,General,General
重役,おもやく,omoyaku,"heavy responsibilities, director",N1,,General,General
重んじる,おもんじる,omonjiru,"to respect, to honor, to esteem, to prize",N1,,General,General
重んずる,おもんずる,omonzuru,"to honor, to respect, to esteem, to prize",N1,,General,General
お休み,おやすみ,oyasumi,"holiday, absence, rest, Good night",N1,,General,General
お八,おやつ,oyatsu,"1. (uk) between meal snack, afternoon refreshment, afternoon tea, 2. mid-day snack",N1,,General,General
凡そ,およそ,oyoso,"about, roughly, as a rule, approximately",N1,,General,General
及び,および,oyobi,"and, as well as",N1,,General,General
及ぶ,およぶ,oyobu,"to reach, to come up to, to amount to, to befall, to happen to, to extend, to match, to equal",N1,,General,General
織,おり,ori,"weave, weaving, woven item",N1,,General,General
檻,おり,ori,"cage, pen, jail cell",N1,,General,General
折り返す,おりかえす,orikaesu,"to turn up, to fold back",N1,,General,General
織物,おりもの,orimono,"textile, fabric",N1,,General,General
織る,おる,oru,to weave,N1,,General,General
俺,おれ,ore,I (ego) (boastful first-person pronoun),N1,,General,General
愚か,おろか,oroka,"foolish, stupid",N1,,General,General
疎か,おろそか,orosoka,"neglect, negligence, carelessness",N1,,General,General
終わる,おわる,owaru,"to finish, to close",N1,,General,General
音色,おんいろ,oniro,"tone color, tone quality, timbre, synthesizer patch",N1,,General,General
温和,おんわ,onwa,"gentle, mild, moderate",N1,,General,General
仮,か,ka,"tentative, provisional",N1,,General,General
科,か,ka,"department, section",N1,,General,General
個,か,ka,article counter,N1,,General,General
下位,かい,kai,"low rank, subordinate, lower order (e.g. byte)",N1,,General,General
階,かい,kai,"-floor (counter), stories",N1,,General,General
改悪,かいあく,kaiaku,"deterioration, changing for the worse",N1,,General,General
海運,かいうん,kaiun,"maritime, marine transportation",N1,,General,General
改革,かいかく,kaikaku,"reform, reformation, innovation",N1,,General,General
貝殻,かいがら,kaigara,shell,N1,,General,General
階級,かいきゅう,kaikyuu,"class, rank, grade",N1,,General,General
海峡,かいきょう,kaikyou,channel,N1,,General,General
会見,かいけん,kaiken,"interview, audience",N1,,General,General
介護,かいご,kaigo,nursing,N1,,General,General
開催,かいさい,kaisai,"holding a meeting, open an exhibition",N1,,General,General
回収,かいしゅう,kaishuu,"collection, recovery",N1,,General,General
改修,かいしゅう,kaishuu,"repair, improvement",N1,,General,General
怪獣,かいじゅう,kaijuu,monster,N1,,General,General
解除,かいじょ,kaijo,"cancellation, rescinding, release, calling off",N1,,General,General
回送,かいそう,kaisou,forwarding,N1,,General,General
階層,かいそう,kaisou,"class, level, stratum, hierarchy",N1,,General,General
開拓,かいたく,kaitaku,"reclamation (of wasteland), cultivation, pioneer",N1,,General,General
会談,かいだん,kaidan,"conversation, conference, discussion, interview",N1,,General,General
改定,かいてい,kaitei,reform,N1,,General,General
改訂,かいてい,kaitei,revision,N1,,General,General
街道,かいどう,kaidou,highway,N1,,General,General
介入,かいにゅう,kainyuu,intervention,N1,,General,General
開発,かいはつ,kaihatsu,"development, exploitation",N1,,General,General
海抜,かいばつ,kaibatsu,height above sea level,N1,,General,General
介抱,かいほう,kaihou,"nursing, looking after",N1,,General,General
解剖,かいぼう,kaibou,"dissection, autopsy",N1,,General,General
回覧,かいらん,kairan,circulation,N1,,General,General
海流,かいりゅう,kairyuu,ocean current,N1,,General,General
改良,かいりょう,kairyou,"improvement, reform",N1,,General,General
回路,かいろ,kairo,circuit (electric),N1,,General,General
顧みる,かえりみる,kaerimiru,"to look back, to turn around, to review",N1,,General,General
省みる,かえりみる,kaerimiru,to reflect,N1,,General,General
返る,かえる,kaeru,"to return, to come back, to go back",N1,,General,General
顔付き,かおつき,kaotsuki,"(outward) looks, features, face, countenance, expression",N1,,General,General
掲げる,かかげる,kakageru,"to publish, to print, to carry (an article), to put up, to hang out, to hoist, to fly (a sail), to float (a",N1,,General,General
踵,かかと,kakato,(shoe) heel,N1,,General,General
係り,かかり,kakari,"official, duty, person in charge",N1,,General,General
課外,かがい,kagai,extracurricular,N1,,General,General
書き取り,かきとり,kakitori,dictation,N1,,General,General
書き取る,かきとる,kakitoru,"to write down, to take dictation, to take notes",N1,,General,General
掻き回す,かきまわす,kakimawasu,"to stir up, to churn, to ransack, to disturb",N1,,General,General
欠く,かく,kaku,"to lack, to break, to crack, to chip",N1,,General,General
角,かく,kaku,"1. angle, 2. bishop (shogi)",N1,,General,General
核,かく,kaku,"nucleus, kernel",N1,,General,General
格,かく,kaku,"status, character, case",N1,,General,General
佳句,かく,kaku,beautiful passage of literature,N1,,General,General
画,かく,kaku,stroke,N1,,General,General
格差,かくさ,kakusa,"qualitative difference, disparity",N1,,General,General
拡散,かくさん,kakusan,"scattering, diffusion",N1,,General,General
各種,かくしゅ,kakushu,"every kind, all sorts",N1,,General,General
隔週,かくしゅう,kakushuu,every other week,N1,,General,General
確信,かくしん,kakushin,"conviction, confidence",N1,,General,General
革新,かくしん,kakushin,"reform, innovation",N1,,General,General
確定,かくてい,kakutei,"definition (math), decision, settlement",N1,,General,General
獲得,かくとく,kakutoku,"acquisition, possession",N1,,General,General
確保,かくほ,kakuho,"guarantee, ensure, maintain, insure, secure",N1,,General,General
革命,かくめい,kakumei,revolution,N1,,General,General
確立,かくりつ,kakuritsu,establishment,N1,,General,General
賭け,かけ,kake,"betting, gambling, a gamble",N1,,General,General
掛け,かけ,kake,credit,N1,,General,General
駆け足,かけあし,kakeashi,"running fast, double time",N1,,General,General
家計,かけい,kakei,"household economy, family finances",N1,,General,General
駆けっこ,かけっこ,kakekko,(foot) race,N1,,General,General
駆ける,かける,kakeru,"to run (race esp. horse), to gallop, to canter",N1,,General,General
賭ける,かける,kakeru,"to wager, to bet, to risk, to stake, to gamble",N1,,General,General
ヶ月,かげつ,kagetsu,#NAME?,N1,,General,General
加工,かこう,kakou,"manufacturing, processing, treatment",N1,,General,General
化合,かごう,kagou,chemical combination,N1,,General,General
嵩張る,かさばる,kasabaru,"to be bulky, to be unwieldy, to grow voluminous",N1,,General,General
嵩む,かさむ,kasamu,"to pile up, to increase",N1,,General,General
風車,かざぐるま,kazaguruma,"1. windmill, 2. pinwheel",N1,,General,General
畏まりました,かしこまりました,kashikomarimashita,certainly!,N1,,General,General
華奢,かしゃ,kasha,"luxury, pomp, delicate, slender, gorgeous",N1,,General,General
箇所,かしょ,kasho,"passage, place, point, part",N1,,General,General
火傷,かしょう,kashou,"burn, scald",N1,,General,General
箇条書き,かじょうがき,kajougaki,"itemized form, itemization",N1,,General,General
噛る,かじる,kajiru,"to chew, to bite (at), to gnaw, to nibble, to munch, to crunch, to have a smattering of",N1,,General,General
微か,かすか,kasuka,"faint, dim, weak, indistinct, hazy, poor, wretched",N1,,General,General
霞む,かすむ,kasumu,"to grow hazy, to be misty",N1,,General,General
化する,かする,kasuru,"to change into, to convert into, to transform, to be reduced, to influence, to improve (someone)",N1,,General,General
擦る,かする,kasuru,"to touch lightly, to take a percentage (from)",N1,,General,General
火星,かせい,kasei,Mars (planet),N1,,General,General
化石,かせき,kaseki,"fossil, petrifaction, fossilization",N1,,General,General
河川,かせん,kasen,rivers,N1,,General,General
化繊,かせん,kasen,synthetic fibres,N1,,General,General
過疎,かそ,kaso,depopulation,N1,,General,General
過多,かた,kata,"excess, superabundance",N1,,General,General
難い,かたい,katai,"difficult, hard",N1,,General,General
片思い,かたおもい,kataomoi,unrequited love,N1,,General,General
敵,かたき,kataki,"enemy, rival",N1,,General,General
気質,かたぎ,katagi,"spirit, character, trait, temperament, disposition",N1,,General,General
片言,かたこと,katakoto,"a smattering, talk like a baby, speak haltingly",N1,,General,General
片付け,かたづけ,katazuke,"tidying up, finishing",N1,,General,General
傾く,かたぶく,katabuku,"to incline toward, to slant, to lurch, to heel over, to be disposed to, to trend toward, to be prone to, to",N1,,General,General
傾ける,かたむける,katamukeru,"to incline, to list, to bend, to lean, to tip, to tilt, to slant, to concentrate on, to ruin (a country), to",N1,,General,General
固める,かためる,katameru,"to harden, to freeze, to fortify",N1,,General,General
偏る,かたよる,katayoru,"to be one-sided, to incline, to be partial, to be prejudiced, to lean, to be biased",N1,,General,General
傍ら,かたわら,katawara,"beside(s), while, nearby",N1,,General,General
課題,かだい,kadai,"subject, theme, task",N1,,General,General
花壇,かだん,kadan,flower bed,N1,,General,General
家畜,かちく,kachiku,"domestic animals, livestock, cattle",N1,,General,General
画期,かっき,kakki,epoch-making,N1,,General,General
活発,かっぱつ,kappatsu,"vigor, active",N1,,General,General
且つ,かつ,katsu,"yet, and",N1,,General,General
割,かつ,katsu,"divide, cut, halve, separate, split, rip, break, crack, smash, dilute",N1,,General,General
嘗て,かつて,katsute,"once, ever",N1,,General,General
日付,かづけ,kazuke,"date, dating",N1,,General,General
門,かど,kado,gate,N1,,General,General
叶う,かなう,kanau,to come true (wish),N1,,General,General
叶える,かなえる,kanaeru,to grant (request wish),N1,,General,General
金槌,かなづち,kanazuchi,"1. (iron) hammer, 2. punishment",N1,,General,General
鉄棒,かなぼう,kanabou,"iron rod, crowbar, horizontal bar (gymnastics)",N1,,General,General
可成,かなり,kanari,"considerably, fairly, quite",N1,,General,General
加入,かにゅう,kanyuu,"becoming a member, joining, entry, admission, subscription, affiliation, adherence, signing",N1,,General,General
金庫,かねぐら,kanegura,"safe, vault, treasury, provider of funds",N1,,General,General
予言,かねごと,kanegoto,"prediction, promise, prognostication",N1,,General,General
兼ねて,かねて,kanete,simultaneously,N1,,General,General
下番,かばん,kaban,going off duty,N1,,General,General
下品,かひん,kahin,inferior article,N1,,General,General
華美,かび,kabi,"pomp, splendor, gaudiness",N1,,General,General
花粉,かふん,kafun,pollen,N1,,General,General
株式,かぶしき,kabushiki,stock (company),N1,,General,General
気触れる,かぶれる,kabureru,"to react to, to be influenced by, to go overboard for",N1,,General,General
貨幣,かへい,kahei,"money, currency, coinage",N1,,General,General
構え,かまえ,kamae,"posture, pose, style",N1,,General,General
構える,かまえる,kamaeru,to set up,N1,,General,General
加味,かみ,kami,"seasoning, flavoring",N1,,General,General
噛み切る,かみきる,kamikiru,"to bite off, to gnaw through",N1,,General,General
過密,かみつ,kamitsu,crowded,N1,,General,General
瓶,かめ,kame,earthenware pot,N1,,General,General
かも知れない,かもしれない,kamoshirenai,"may, might, perhaps, may be, possibly",N1,,General,General
粥,かゆ,kayu,(rice) gruel,N1,,General,General
痒い,かゆい,kayui,"itchy, itching",N1,,General,General
揶揄う,からかう,karakau,"to ridicule, to tease, to banter with, to make fun of",N1,,General,General
身体,からだ,karada,the body,N1,,General,General
体付き,からだつき,karadatsuki,"body build, figure",N1,,General,General
絡む,からむ,karamu,"to entangle, to entwine",N1,,General,General
借り,かり,kari,"borrowing, debt, loan",N1,,General,General
下吏,かり,kari,lower official,N1,,General,General
加留多,かるた,karuta,(pt:) (n) playing cards (pt: carta),N1,,General,General
涸れる,かれる,kareru,"to dry up, to run out",N1,,General,General
過労,かろう,karou,"overwork, strain",N1,,General,General
辛うじて,かろうじて,karoujite,"barely, narrowly, just manage to do st",N1,,General,General
側,かわ,kawa,"side, row, surroundings, part, (watch) case",N1,,General,General
可愛い,かわいい,kawaii,"pretty, cute, lovely, charming, dear, darling, pet",N1,,General,General
可愛がる,かわいがる,kawaigaru,"to love, to be affectionate",N1,,General,General
可哀想,かわいそう,kawaisou,"poor, pitiable, pathetic",N1,,General,General
可愛らしい,かわいらしい,kawairashii,"lovely, sweet",N1,,General,General
交わす,かわす,kawasu,"to exchange (messages), to dodge, to parry, to avoid, to turn aside",N1,,General,General
代わる,かわる,kawaru,"to take the place of, to relieve, to be substituted for, to be exchanged, to change places with, to take",N1,,General,General
代わる代わる,かわるがわる,kawarugawaru,alternately,N1,,General,General
乾,かん,kan,"heaven, emperor",N1,,General,General
管,かん,kan,"pipe, tube",N1,,General,General
幹,かん,kan,(tree) trunk,N1,,General,General
冠,かん,kan,"crown, diadem, first, best, peerless, cap, naming, designating, initiating on coming of age, top character ra",N1,,General,General
観,かん,kan,"look, appearance, spectacle",N1,,General,General
館,かん,kan,"house, hall, building, hotel, inn, guesthouse",N1,,General,General
簡易,かんい,kani,"simplicity, easiness, quasi-",N1,,General,General
感慨,かんがい,kangai,"strong feelings, deep emotion",N1,,General,General
寒気,かんき,kanki,"cold, frost, chill",N1,,General,General
簡潔,かんけつ,kanketsu,"brevity, conciseness, simplicity",N1,,General,General
還元,かんげん,kangen,"resolution, reduction, return to origins",N1,,General,General
刊行,かんこう,kankou,"publication, issue",N1,,General,General
慣行,かんこう,kankou,"customary practice, habit, traditional event",N1,,General,General
勧告,かんこく,kankoku,"advice, counsel, remonstrance, recommendation",N1,,General,General
看護,かんご,kango,"nursing, (army) nurse",N1,,General,General
漢語,かんご,kango,"Chinese word, Sino-Japanese word",N1,,General,General
換算,かんさん,kansan,"conversion, change, exchange",N1,,General,General
監視,かんし,kanshi,"observation, guarding, inspection, surveillance",N1,,General,General
慣習,かんしゅう,kanshuu,usual (historical) custom,N1,,General,General
観衆,かんしゅう,kanshuu,"spectators, onlookers, members of the audience",N1,,General,General
干渉,かんしょう,kanshou,"interference, intervention",N1,,General,General
感触,かんしょく,kanshoku,"sense of touch, feeling, sensation",N1,,General,General
肝心,かんじん,kanjin,"essential, fundamental, crucial, vital, main",N1,,General,General
歓声,かんせい,kansei,"cheer, shout of joy",N1,,General,General
感染,かんせん,kansen,"infection, contagion",N1,,General,General
幹線,かんせん,kansen,"main line, trunk line",N1,,General,General
関税,かんぜい,kanzei,"customs, duty, tariff",N1,,General,General
簡素,かんそ,kanso,"simplicity, plain",N1,,General,General
観点,かんてん,kanten,point of view,N1,,General,General
感度,かんど,kando,"sensitivity, severity (quake)",N1,,General,General
幹部,かんぶ,kanbu,"management, (executive) staff, leaders",N1,,General,General
勘弁,かんべん,kanben,"pardon, forgiveness, forbearance",N1,,General,General
完璧,かんぺき,kanpeki,"perfection, completeness, flawless",N1,,General,General
感無量,かんむりょう,kanmuryou,"deep feeling, inexpressible feeling, filled with emotion",N1,,General,General
勧誘,かんゆう,kanyuu,"invitation, solicitation, canvassing, inducement, persuasion, encouragement",N1,,General,General
関与,かんよ,kanyo,"participation, taking part in, participating in, being concerned in",N1,,General,General
慣用,かんよう,kanyou,"common, customary",N1,,General,General
寛容,かんよう,kanyou,"forbearance, tolerance, generosity",N1,,General,General
観覧,かんらん,kanran,viewing,N1,,General,General
官僚,かんりょう,kanryou,"bureaucrat, bureaucracy",N1,,General,General
慣例,かんれい,kanrei,"custom, precedent, of convention",N1,,General,General
還暦,かんれき,kanreki,60th birthday,N1,,General,General
貫禄,かんろく,kanroku,"presence, dignity",N1,,General,General
緩和,かんわ,kanwa,"relief, mitigation",N1,,General,General
蓋,がい,gai,"cover, lid, cap",N1,,General,General
街,がい,gai,"~street, ~quarters",N1,,General,General
外貨,がいか,gaika,"imported goods, foreign money",N1,,General,General
外観,がいかん,gaikan,"appearance, exterior, facade",N1,,General,General
外相,がいしょう,gaishou,Foreign Minister,N1,,General,General
害する,がいする,gaisuru,"to injure, to damage, to harm, to kill, to hinder",N1,,General,General
概説,がいせつ,gaisetsu,"general statement, outline",N1,,General,General
該当,がいとう,gaitou,"corresponding, answering to, coming under",N1,,General,General
街頭,がいとう,gaitou,in the street,N1,,General,General
概念,がいねん,gainen,"general idea, concept, notion",N1,,General,General
外来,がいらい,gairai,"imported, outpatient clinic",N1,,General,General
概略,がいりゃく,gairyaku,"outline, summary, gist, in brief",N1,,General,General
学芸,がくげい,gakugei,"arts and sciences, liberal arts",N1,,General,General
学士,がくし,gakushi,university graduate,N1,,General,General
学説,がくせつ,gakusetsu,theory,N1,,General,General
楽譜,がくふ,gakufu,score (music),N1,,General,General
学歴,がくれき,gakureki,academic background,N1,,General,General
崖,がけ,gake,cliff,N1,,General,General
雅致,がち,gachi,"artistry, good taste, elegance, grace",N1,,General,General
,がっくり,gakkuri,heartbroken,N1,,General,General
合唱,がっしょう,gasshou,"chorus, singing in a chorus",N1,,General,General
,がっしり,gasshiri,"firmly, solidly, tough",N1,,General,General
合致,がっち,gacchi,"agreement, concurrence, conforming to",N1,,General,General
,がっちり,gacchiri,"solidly built, tightly, shrewd, calculating",N1,,General,General
月日,がっぴ,gappi,(the) date,N1,,General,General
合併,がっぺい,gappei,"combination, union, amalgamation, consolidation, merger, coalition, fusion, annexation, affiliation, incorpor",N1,,General,General
,がる,garu,feel,N1,,General,General
側,がわ,gawa,"side, row, surroundings, part, (watch) case",N1,,General,General
癌,がん,gan,cancer,N1,,General,General
眼科,がんか,ganka,ophthalmology,N1,,General,General
眼球,がんきゅう,gankyuu,eyeball,N1,,General,General
眼鏡,がんきょう,gankyou,"spectacles, glasses",N1,,General,General
頑固,がんこ,ganko,"stubbornness, obstinacy",N1,,General,General
願書,がんしょ,gansho,written application or petition,N1,,General,General
頑丈,がんじょう,ganjou,"solid, firm, stout, burly, strong, sturdy",N1,,General,General
岩石,がんせき,ganseki,rock,N1,,General,General
元年,がんねん,gannen,first year (of a specific reign),N1,,General,General
贋物,がんぶつ,ganbutsu,"imitation, counterfeit, forgery, sham",N1,,General,General
元来,がんらい,ganrai,"originally, primarily, essentially, logically, naturally",N1,,General,General
生,き,ki,"pure, undiluted, raw, crude",N1,,General,General
期,き,ki,"period, time",N1,,General,General
企画,きかく,kikaku,"planning, project",N1,,General,General
規格,きかく,kikaku,"standard, norm",N1,,General,General
着飾る,きかざる,kikazaru,to dress up,N1,,General,General
器官,きかん,kikan,"organ (of body), instrument",N1,,General,General
季刊,きかん,kikan,quarterly (e.g. magazine),N1,,General,General
危害,きがい,kigai,"injury, harm, danger",N1,,General,General
気兼ね,きがね,kigane,"hesitance, diffidence, feeling constraint, fear of troubling someone, having scruples about doing someth",N1,,General,General
気軽,きがる,kigaru,"cheerful, buoyant, lighthearted",N1,,General,General
危機,きき,kiki,crisis,N1,,General,General
聞き取り,ききとり,kikitori,listening comprehension,N1,,General,General
効き目,ききめ,kikime,"effect, virtue, efficacy, impression",N1,,General,General
帰京,ききょう,kikyou,returning to Tokyo,N1,,General,General
基金,ききん,kikin,"fund, foundation",N1,,General,General
棄権,きけん,kiken,"abstain from voting, renunciation of a right",N1,,General,General
喜劇,きげき,kigeki,"comedy, funny show",N1,,General,General
起源,きげん,kigen,"origin, beginning, rise",N1,,General,General
機構,きこう,kikou,"mechanism, organization",N1,,General,General
既婚,きこん,kikon,"marriage, married",N1,,General,General
記載,きさい,kisai,"mention, entry",N1,,General,General
気障,きざ,kiza,"affectation, conceit, snobbery",N1,,General,General
兆し,きざし,kizashi,"signs, omen, symptoms",N1,,General,General
兆,きざし,kizashi,"signs, omen, symptoms",N1,,General,General
軋む,きしむ,kishimu,"to jar, to creak, to grate",N1,,General,General
気象,きしょう,kishou,"weather, climate",N1,,General,General
期日,きじつ,kijitsu,"fixed date, settlement date",N1,,General,General
記述,きじゅつ,kijutsu,"describing, descriptor",N1,,General,General
奇数,きすう,kisuu,odd number,N1,,General,General
築く,きずく,kizuku,"to build, to pile up, to amass",N1,,General,General
傷付く,きずつく,kizutsuku,"to be hurt, to be wounded, to get injured",N1,,General,General
規制,きせい,kisei,regulation,N1,,General,General
汽船,きせん,kisen,steamship,N1,,General,General
寄贈,きそう,kisou,"donation, presentation",N1,,General,General
貴族,きぞく,kizoku,"noble, aristocrat",N1,,General,General
鍛える,きたえる,kitaeru,"to forge, to drill, to temper, to train, to discipline",N1,,General,General
来る,きたる,kitaru,"to come, to arrive, to be due to, to be next, to be forthcoming",N1,,General,General
気立て,きだて,kidate,"disposition, nature",N1,,General,General
,きちっと,kichitto,"exactly, perfectly",N1,,General,General
几帳面,きちょうめん,kichoumen,"methodical, punctual, steady",N1,,General,General
切っ掛け,きっかけ,kikkake,"chance, start, cue, excuse, motive, impetus, occasion",N1,,General,General
,きっかり,kikkari,"exactly, precisely",N1,,General,General
喫茶,きっさ,kissa,"tea drinking, tea house",N1,,General,General
,きっちり,kicchiri,"precisely, tightly",N1,,General,General
屹度,きっと,kitto,"1. (uk) surely, undoubtedly, certainly, without fail, 2. sternly, severely",N1,,General,General
,きっぱり,kippari,"clearly, plainly, distinctly",N1,,General,General
規定,きてい,kitei,"regulation, provisions",N1,,General,General
起点,きてん,kiten,starting point,N1,,General,General
軌道,きどう,kidou,"orbit, railroad track",N1,,General,General
甲,きのえ,kinoe,"1st in rank, first sign of the Chinese calendar, shell, instep, grade A",N1,,General,General
気配,きはい,kihai,"indication, market trend, worry",N1,,General,General
規範,きはん,kihan,"model, standard, pattern, norm, criterion, example",N1,,General,General
気品,きひん,kihin,aroma,N1,,General,General
気風,きふう,kifuu,"character, traits, ethos",N1,,General,General
起伏,きふく,kifuku,undulation,N1,,General,General
規模,きぼ,kibo,"scale, scope, plan, structure",N1,,General,General
気まぐれ,きまぐれ,kimagure,"whim, caprice, whimsy, fickle, moody, uneven temper",N1,,General,General
生真面目,きまじめ,kimajime,"too serious, person who is too serious, honesty, sincerity",N1,,General,General
期末,きまつ,kimatsu,end of term,N1,,General,General
決まり悪い,きまりわるい,kimariwarui,"feeling awkward, being ashamed",N1,,General,General
決まる,きまる,kimaru,"to be decided, to be settled, to look good in (clothes)",N1,,General,General
記名,きめい,kimei,"signature, register",N1,,General,General
脚色,きゃくしょく,kyakushoku,dramatization (e.g. film),N1,,General,General
脚本,きゃくほん,kyakuhon,scenario,N1,,General,General
客観,きゃっかん,kyakkan,objective,N1,,General,General
規約,きやく,kiyaku,"agreement, rules, code",N1,,General,General
救援,きゅうえん,kyuuen,"relief, rescue, reinforcement",N1,,General,General
休学,きゅうがく,kyuugaku,"temporary absence from school, suspension",N1,,General,General
究極,きゅうきょく,kyuukyoku,"ultimate, final, eventual",N1,,General,General
窮屈,きゅうくつ,kyuukutsu,"narrow, tight, stiff, rigid, uneasy, formal, constrained",N1,,General,General
球根,きゅうこん,kyuukon,(plant) bulb,N1,,General,General
救済,きゅうさい,kyuusai,"relief, aid, rescue, salvation, help",N1,,General,General
給食,きゅうしょく,kyuushoku,"school lunch, providing a meal",N1,,General,General
給仕,きゅうじ,kyuuji,"office boy (girl), page, waiter",N1,,General,General
休戦,きゅうせん,kyuusen,"truce, armistice",N1,,General,General
旧知,きゅうち,kyuuchi,"old friend, old friendship",N1,,General,General
宮殿,きゅうでん,kyuuden,palace,N1,,General,General
窮乏,きゅうぼう,kyuubou,poverty,N1,,General,General
丘陵,きゅうりょう,kyuuryou,hill,N1,,General,General
共,きょう,kyou,"both, neither (neg), all, and, as well as, including, with, together with, plural ending",N1,,General,General
供,きょう,kyou,"offer, present, submit, serve (a meal), supply",N1,,General,General
驚異,きょうい,kyoui,"wonder, miracle",N1,,General,General
教員,きょういん,kyouin,teaching staff,N1,,General,General
教科,きょうか,kyouka,"subject, curriculum",N1,,General,General
協会,きょうかい,kyoukai,"association, society, organization",N1,,General,General
共感,きょうかん,kyoukan,"sympathy, response",N1,,General,General
共学,きょうがく,kyougaku,coeducation,N1,,General,General
協議,きょうぎ,kyougi,"conference, consultation, discussion, negotiation",N1,,General,General
教訓,きょうくん,kyoukun,"lesson, precept, moral instruction",N1,,General,General
境遇,きょうぐう,kyouguu,"environment, circumstances",N1,,General,General
強行,きょうこう,kyoukou,"forcing, enforcement",N1,,General,General
強硬,きょうこう,kyoukou,"firm, vigorous, unbending, unyielding, strong, stubborn",N1,,General,General
凶作,きょうさく,kyousaku,"bad harvest, poor crop",N1,,General,General
共産,きょうさん,kyousan,communism,N1,,General,General
教材,きょうざい,kyouzai,teaching materials,N1,,General,General
教習,きょうしゅう,kyoushuu,"training, instruction",N1,,General,General
郷愁,きょうしゅう,kyoushuu,"nostalgia, homesickness",N1,,General,General
教職,きょうしょく,kyoushoku,"teaching certificate, the teaching profession",N1,,General,General
享受,きょうじゅ,kyouju,"reception, acceptance, enjoyment, being given",N1,,General,General
興じる,きょうじる,kyoujiru,"to amuse oneself, to make merry",N1,,General,General
強制,きょうせい,kyousei,"obligation, coercion, compulsion, enforcement",N1,,General,General
共存,きょうそん,kyouson,coexistence,N1,,General,General
姉妹,きょうだい,kyoudai,sisters,N1,,General,General
協調,きょうちょう,kyouchou,"co-operation, conciliation, harmony, firm (market) tone",N1,,General,General
協定,きょうてい,kyoutei,"arrangement, pact, agreement",N1,,General,General
脅迫,きょうはく,kyouhaku,"threat, menace, coercion, terrorism",N1,,General,General
共鳴,きょうめい,kyoumei,"resonance, sympathy",N1,,General,General
郷里,きょうり,kyouri,"birth-place, home town",N1,,General,General
強烈,きょうれつ,kyouretsu,"strong, intense, severe",N1,,General,General
共和,きょうわ,kyouwa,"republicanism, cooperation",N1,,General,General
曲,きょく,kyoku,"tune, piece of music",N1,,General,General
局限,きょくげん,kyokugen,"limit, localize",N1,,General,General
極端,きょくたん,kyokutan,"extreme, extremity",N1,,General,General
居住,きょじゅう,kyojuu,residence,N1,,General,General
拒絶,きょぜつ,kyozetsu,"refusal, rejection",N1,,General,General
拒否,きょひ,kyohi,"denial, veto, rejection, refusal",N1,,General,General
許容,きょよう,kyoyou,"permission, pardon",N1,,General,General
距離,きょり,kyori,"distance, range",N1,,General,General
寄与,きよ,kiyo,"contribution, service",N1,,General,General
清らか,きよらか,kiyoraka,"clean, pure, chaste",N1,,General,General
気楽,きらく,kiraku,"at ease, comfortable",N1,,General,General
煌びやか,きらびやか,kirabiyaka,"gorgeous, gaudy, dazzling, gay",N1,,General,General
切り,きり,kiri,"limits, end, bounds, period, place to leave off, closing sentence, all there is, only, since",N1,,General,General
桐,きり,kiri,paulownia tree,N1,,General,General
切り替える,きりかえる,kirikaeru,"to change, to exchange, to convert, to renew, to throw a switch, to replace, to switch over",N1,,General,General
気流,きりゅう,kiryuu,atmospheric current,N1,,General,General
奇麗,きれい,kirei,"pretty, clean, nice, tidy, beautiful, fair",N1,,General,General
切れ目,きれめ,kireme,"break, pause, gap, end, rift, interruption, cut, section, notch, incision, end (of a task)",N1,,General,General
際,きわ,kiwa,"edge, brink, verge, side",N1,,General,General
木綿,きわた,kiwata,cotton,N1,,General,General
極めて,きわめて,kiwamete,"exceedingly, extremely",N1,,General,General
僅,きん,kin,"a little, small quantity",N1,,General,General
近眼,きんがん,kingan,"nearsightedness, shortsightedness, myopia",N1,,General,General
緊急,きんきゅう,kinkyuu,"urgent, pressing, emergency",N1,,General,General
近々,きんきん,kinkin,"nearness, before long",N1,,General,General
近郊,きんこう,kinkou,"suburbs, outskirts",N1,,General,General
均衡,きんこう,kinkou,"equilibrium, balance",N1,,General,General
近視,きんし,kinshi,shortsightedness,N1,,General,General
禁じる,きんじる,kinjiru,to prohibit,N1,,General,General
禁ずる,きんずる,kinzuru,"to forbid, to suppress",N1,,General,General
勤勉,きんべん,kinben,"industry, diligence",N1,,General,General
勤務,きんむ,kinmu,"service, duty, work",N1,,General,General
禁物,きんもつ,kinmotsu,"taboo, forbidden thing",N1,,General,General
勤労,きんろう,kinrou,"labor, exertion, diligent service",N1,,General,General
議案,ぎあん,gian,legislative bill,N1,,General,General
戯曲,ぎきょく,gikyoku,"play, drama",N1,,General,General
議決,ぎけつ,giketsu,"resolution, decision, vote",N1,,General,General
議事堂,ぎじどう,gijidou,Diet building,N1,,General,General
犠牲,ぎせい,gisei,sacrifice,N1,,General,General
偽造,ぎぞう,gizou,"forgery, falsification, fabrication, counterfeiting",N1,,General,General
議題,ぎだい,gidai,"topic of discussion, agenda",N1,,General,General
技能,ぎのう,ginou,"technical skill, ability, capacity",N1,,General,General
逆転,ぎゃくてん,gyakuten,"(sudden) change, reversal, turn-around, coming from behind (baseball)",N1,,General,General
行,ぎょう,gyou,"line, row, verse",N1,,General,General
業者,ぎょうしゃ,gyousha,"trader, merchant",N1,,General,General
行政,ぎょうせい,gyousei,administration,N1,,General,General
業績,ぎょうせき,gyouseki,"achievement, performance, results, work, contribution",N1,,General,General
業務,ぎょうむ,gyoumu,"business, affairs, duties, work",N1,,General,General
玉,ぎょく,gyoku,king (shogi),N1,,General,General
漁船,ぎょせん,gyosen,fishing boat,N1,,General,General
漁村,ぎょそん,gyoson,fishing village,N1,,General,General
義理,ぎり,giri,"duty, sense of duty, honor, decency, courtesy, debt of gratitude, social obligation",N1,,General,General
疑惑,ぎわく,giwaku,"doubt, misgivings, distrust, suspicion",N1,,General,General
吟味,ぎんみ,ginmi,"testing, scrutiny, careful investigation",N1,,General,General
区,く,ku,"ward, district, section",N1,,General,General
食い違う,くいちがう,kuichigau,"to cross each other, to run counter to, to differ, to clash, to go awry",N1,,General,General
空腹,くうふく,kuufuku,hunger,N1,,General,General
区画,くかく,kukaku,"division, section, compartment, boundary, area, block",N1,,General,General
区間,くかん,kukan,section (of track etc),N1,,General,General
茎,くき,kuki,stalk,N1,,General,General
区切り,くぎり,kugiri,"an end, a stop, punctuation",N1,,General,General
潜る,くぐる,kuguru,"1. to drive, to pass through, 2. to evade, to hide, 3. to dive (into or under water), to go undergro",N1,,General,General
種々,くさぐさ,kusagusa,variety,N1,,General,General
嚏,くしゃみ,kushami,sneeze,N1,,General,General
旧事,くじ,kuji,"past events, bygones",N1,,General,General
籤引,くじびき,kujibiki,"lottery, drawn lot",N1,,General,General
擽ぐったい,くすぐったい,kusuguttai,ticklish,N1,,General,General
草臥れる,くたびれる,kutabireru,"to get tired, to wear out",N1,,General,General
下らない,くだらない,kudaranai,"good-for-nothing, stupid, trivial, worthless",N1,,General,General
件,くだん,kudan,"example, precedent, the usual, the said, the above-mentioned, (man) in question",N1,,General,General
口ずさむ,くちずさむ,kuchizusamu,"to hum something, to sing to oneself",N1,,General,General
嘴,くちばし,kuchibashi,"beak, bill",N1,,General,General
朽ちる,くちる,kuchiru,to rot,N1,,General,General
,くっきり,kukkiri,"distinctly, clearly, boldly",N1,,General,General
屈折,くっせつ,kussetsu,"bending, indentation, refraction",N1,,General,General
くっ付く,くっつく,kuttsuku,"to adhere to, to keep close to",N1,,General,General
くっ付ける,くっつける,kuttsukeru,to attach,N1,,General,General
覆す,くつがえす,kutsugaesu,"to overturn, to upset, to overthrow, to undermine",N1,,General,General
諄い,くどい,kudoi,"verbose, importunate, heavy (taste)",N1,,General,General
国境,くにざかい,kunizakai,national or state border,N1,,General,General
首飾り,くびかざり,kubikazari,necklace,N1,,General,General
首輪,くびわ,kubiwa,"necklace, choker",N1,,General,General
組み合わせ,くみあわせ,kumiawase,combination,N1,,General,General
組み合わせる,くみあわせる,kumiawaseru,"to join together, to combine, to join up",N1,,General,General
組み込む,くみこむ,kumikomu,"to insert, to include, to cut in (printing)",N1,,General,General
蔵,くら,kura,"warehouse, cellar, magazine, granary, godown, depository, treasury, elevator",N1,,General,General
苦しめる,くるしめる,kurushimeru,"to torment, to harass, to inflict pain",N1,,General,General
包む,くるむ,kurumu,"to be engulfed in, to be enveloped by, to wrap up, to tuck in, to pack, to do up, to cover with, to dress i",N1,,General,General
呉れ呉れも,くれぐれも,kureguremo,"repeatedly, sincerely, earnestly",N1,,General,General
呉れる,くれる,kureru,"to give, to let one have, to do for one, to be given",N1,,General,General
玄人,くろうと,kurouto,"expert, professional, geisha, prostitute",N1,,General,General
黒字,くろじ,kuroji,balance (figure) in the black,N1,,General,General
君主,くんしゅ,kunshu,"ruler, monarch",N1,,General,General
愚痴,ぐち,guchi,"idle complaint, grumble",N1,,General,General
,ぐっと,gutto,"firmly, fast, much, more",N1,,General,General
,ぐらい,gurai,approximately,N1,,General,General
群,ぐん,gun,group (math),N1,,General,General
軍艦,ぐんかん,gunkan,"warship, battleship",N1,,General,General
群集,ぐんしゅう,gunshuu,"(social) group, crowd, throng, mob, multitude",N1,,General,General
軍事,ぐんじ,gunji,military affairs,N1,,General,General
軍備,ぐんび,gunbi,"armaments, military preparations",N1,,General,General
軍服,ぐんぷく,gunpuku,military or naval uniform,N1,,General,General
刑,けい,kei,"penalty, sentence, punishment",N1,,General,General
頃,けい,kei,"time, about, toward, approximately (time)",N1,,General,General
傾,けい,kei,"lean, incline",N1,,General,General
系,けい,kei,"system, lineage, group",N1,,General,General
経過,けいか,keika,"passage, expiration, progress",N1,,General,General
軽快,けいかい,keikai,"rhythmical (e.g. melody), casual (e.g. dress), light, nimble",N1,,General,General
警戒,けいかい,keikai,"warning, admonition, vigilance",N1,,General,General
計器,けいき,keiki,"meter, gauge",N1,,General,General
契機,けいき,keiki,"opportunity, chance",N1,,General,General
敬具,けいぐ,keigu,Sincerely yours,N1,,General,General
軽減,けいげん,keigen,abatement,N1,,General,General
掲載,けいさい,keisai,appearance (e.g. article in paper),N1,,General,General
傾斜,けいしゃ,keisha,"inclination, slant, slope, bevel, list, dip",N1,,General,General
形成,けいせい,keisei,formation,N1,,General,General
形勢,けいせい,keisei,"condition, situation, prospects",N1,,General,General
軽率,けいそつ,keisotsu,"rash, thoughtless, careless, hasty",N1,,General,General
携帯,けいたい,keitai,carrying something,N1,,General,General
形態,けいたい,keitai,"form, shape, figure",N1,,General,General
刑罰,けいばつ,keibatsu,"judgement, penalty, punishment",N1,,General,General
経費,けいひ,keihi,"expenses, cost, outlay",N1,,General,General
警部,けいぶ,keibu,police inspector,N1,,General,General
軽蔑,けいべつ,keibetsu,"scorn, disdain",N1,,General,General
経歴,けいれき,keireki,"personal history, career",N1,,General,General
経路,けいろ,keiro,"course, route, channel",N1,,General,General
汚す,けがす,kegasu,"to disgrace, to dishonour",N1,,General,General
汚らわしい,けがらわしい,kegarawashii,"filthy, unfair",N1,,General,General
汚れ,けがれ,kegare,"uncleanness, impurity, disgrace",N1,,General,General
汚れる,けがれる,kegareru,"to get dirty, to become dirty",N1,,General,General
獣,けだもの,kedamono,"beast, brute",N1,,General,General
吝嗇,けち,kechi,"stinginess, miser, miserliness, skinflint, tightwad, niggard, pinching pennies",N1,,General,General
結核,けっかく,kekkaku,"tuberculosis, tubercule",N1,,General,General
血管,けっかん,kekkan,blood vessel,N1,,General,General
決行,けっこう,kekkou,"doing (with resolve), carrying out (i.e. a plan)",N1,,General,General
決算,けっさん,kessan,"balance sheet, settlement of accounts",N1,,General,General
決勝,けっしょう,kesshou,"decision of a contest, finals (in sports)",N1,,General,General
結晶,けっしょう,kesshou,"crystal, crystallization",N1,,General,General
結成,けっせい,kessei,formation,N1,,General,General
結束,けっそく,kessoku,"union, unity",N1,,General,General
傑,けつ,ketsu,excellence,N1,,General,General
決意,けつい,ketsui,"decision, determination",N1,,General,General
決議,けつぎ,ketsugi,"resolution, vote, decision",N1,,General,General
結合,けつごう,ketsugou,"combination, union",N1,,General,General
決断,けつだん,ketsudan,"decision, determination",N1,,General,General
欠乏,けつぼう,ketsubou,"want, shortage, famine",N1,,General,General
蹴飛ばす,けとばす,ketobasu,"to kick away, to kick off, to kick (someone), to refuse, to reject",N1,,General,General
貶す,けなす,kenasu,to speak ill of,N1,,General,General
煙たい,けむたい,kemutai,"smoky, feeling awkward",N1,,General,General
煙る,けむる,kemuru,to smoke (e.g. fire),N1,,General,General
家来,けらい,kerai,"retainer, retinue, servant",N1,,General,General
,けれど,keredo,"but, however",N1,,General,General
圏,けん,ken,"sphere, circle, range",N1,,General,General
権,けん,ken,"authority, the right (to do something)",N1,,General,General
権威,けんい,keni,"authority, power, influence",N1,,General,General
兼業,けんぎょう,kengyou,"side line, second business",N1,,General,General
権限,けんげん,kengen,"power, authority, jurisdiction",N1,,General,General
健在,けんざい,kenzai,"in good health, well",N1,,General,General
懸賞,けんしょう,kenshou,"offering prizes, winning, reward",N1,,General,General
検事,けんじ,kenji,public prosecutor,N1,,General,General
健全,けんぜん,kenzen,"health, soundness, wholesome",N1,,General,General
見地,けんち,kenchi,point of view,N1,,General,General
賢明,けんめい,kenmei,"wisdom, intelligence, prudence",N1,,General,General
倹約,けんやく,kenyaku,"thrift, economy, frugality",N1,,General,General
兼用,けんよう,kenyou,"multi-use, combined use, combination, serving two purposes",N1,,General,General
権力,けんりょく,kenryoku,"power, authority, influence",N1,,General,General
劇団,げきだん,gekidan,"troupe, theatrical company",N1,,General,General
激励,げきれい,gekirei,encouragement,N1,,General,General
月謝,げっしゃ,gessha,monthly tuition fee,N1,,General,General
,げっそり,gessori,"being disheartened, losing weight",N1,,General,General
月賦,げっぷ,geppu,monthly installment,N1,,General,General
下痢,げり,geri,diarrhoea,N1,,General,General
原,げん,gen,"original, primitive, primary, fundamental, raw",N1,,General,General
原形,げんけい,genkei,"original form, base form",N1,,General,General
現行,げんこう,genkou,"present, current, in operation",N1,,General,General
原作,げんさく,gensaku,original work,N1,,General,General
原子,げんし,genshi,atom,N1,,General,General
元首,げんしゅ,genshu,"ruler, sovereign",N1,,General,General
原書,げんしょ,gensho,original document,N1,,General,General
減少,げんしょう,genshou,"decrease, reduction, decline",N1,,General,General
現場,げんじょう,genjou,"actual spot, scene, scene of the crime",N1,,General,General
元素,げんそ,genso,chemical element,N1,,General,General
原則,げんそく,gensoku,"principle, general rule",N1,,General,General
現像,げんぞう,genzou,developing (film),N1,,General,General
現地,げんち,genchi,"actual place, local",N1,,General,General
限定,げんてい,gentei,"limit, restriction",N1,,General,General
原点,げんてん,genten,"origin (coordinates), starting point",N1,,General,General
原典,げんてん,genten,original (text),N1,,General,General
減点,げんてん,genten,"subtract, give a demerit",N1,,General,General
原爆,げんばく,genbaku,atomic bomb,N1,,General,General
原文,げんぶん,genbun,"the text, original",N1,,General,General
厳密,げんみつ,genmitsu,"strict, close",N1,,General,General
原油,げんゆ,genyu,crude oil,N1,,General,General
言論,げんろん,genron,discussion,N1,,General,General
故,こ,ko,the late (deceased),N1,,General,General
戸,こ,ko,counter for houses,N1,,General,General
児,こ,ko,"child, the young of animals",N1,,General,General
巨,こ,ko,"big, large, great",N1,,General,General
恋する,こいする,koisuru,"to fall in love with, to love",N1,,General,General
溝,こう,kou,"10^38, hundred undecillion (American), hundred sextillion (British)",N1,,General,General
校,こう,kou,"-school, proof",N1,,General,General
好意,こうい,koui,"good will, favor, courtesy",N1,,General,General
行為,こうい,koui,"act, deed, conduct",N1,,General,General
行員,こういん,kouin,bank clerk,N1,,General,General
交易,こうえき,koueki,"trade, commerce",N1,,General,General
公演,こうえん,kouen,public performance,N1,,General,General
後悔,こうかい,koukai,"regret, repentance",N1,,General,General
公開,こうかい,koukai,presenting to the public,N1,,General,General
航海,こうかい,koukai,"sail, voyage",N1,,General,General
工学,こうがく,kougaku,engineering,N1,,General,General
皇居,こうきょ,koukyo,Imperial Palace,N1,,General,General
好況,こうきょう,koukyou,"prosperous conditions, healthy economy",N1,,General,General
抗議,こうぎ,kougi,"protest, objection",N1,,General,General
鉱業,こうぎょう,kougyou,mining industry,N1,,General,General
興業,こうぎょう,kougyou,industrial enterprise,N1,,General,General
高原,こうげん,kougen,"tableland, plateau",N1,,General,General
煌々と,こうこうと,koukouto,"brilliantly, brightly",N1,,General,General
考古学,こうこがく,koukogaku,archaeology,N1,,General,General
交互,こうご,kougo,"mutual, reciprocal, alternate",N1,,General,General
工作,こうさく,kousaku,"work, construction, handicraft, maneuvering",N1,,General,General
耕作,こうさく,kousaku,"cultivation, farming",N1,,General,General
鉱山,こうざん,kouzan,mine (ore),N1,,General,General
講習,こうしゅう,koushuu,"short course, training",N1,,General,General
交渉,こうしょう,koushou,"negotiations, discussions, connection",N1,,General,General
高尚,こうしょう,koushou,"high, noble, refined, advanced",N1,,General,General
行進,こうしん,koushin,"march, parade",N1,,General,General
香辛料,こうしんりょう,koushinryou,spices,N1,,General,General
口述,こうじゅつ,koujutsu,verbal statement,N1,,General,General
控除,こうじょ,koujo,"subsidy, deduction",N1,,General,General
向上,こうじょう,koujou,"elevation, rise, improvement, advancement, progress",N1,,General,General
降水,こうすい,kousui,"rainfall, precipitation",N1,,General,General
洪水,こうずい,kouzui,flood,N1,,General,General
公然,こうぜん,kouzen,"open (e.g. secret), public, official",N1,,General,General
抗争,こうそう,kousou,"dispute, resistance",N1,,General,General
構想,こうそう,kousou,"plan, plot, idea, conception",N1,,General,General
拘束,こうそく,kousoku,"restriction, restraint",N1,,General,General
後退,こうたい,koutai,"retreat, backspace (BS)",N1,,General,General
光沢,こうたく,koutaku,"brilliance, polish, lustre, glossy finish (of photographs)",N1,,General,General
公団,こうだん,koudan,public corporation,N1,,General,General
好調,こうちょう,kouchou,"favourable, promising, satisfactory, in good shape",N1,,General,General
口頭,こうとう,koutou,oral,N1,,General,General
講読,こうどく,koudoku,"reading, translation",N1,,General,General
購読,こうどく,koudoku,subscription (e.g. magazine),N1,,General,General
購入,こうにゅう,kounyuu,"purchase, buy",N1,,General,General
公認,こうにん,kounin,"official recognition, authorization, licence, accreditation",N1,,General,General
光熱費,こうねつひ,kounetsuhi,cost of fuel and light,N1,,General,General
荒廃,こうはい,kouhai,ruin,N1,,General,General
購買,こうばい,koubai,"purchase, buy",N1,,General,General
好評,こうひょう,kouhyou,"popularity, favorable reputation",N1,,General,General
交付,こうふ,koufu,"delivering, furnishing (with copies)",N1,,General,General
降伏,こうふく,koufuku,"capitulation, surrender, submission",N1,,General,General
興奮,こうふん,koufun,"excitement, stimulation, agitation, arousal",N1,,General,General
公募,こうぼ,koubo,"public appeal, public contribution",N1,,General,General
巧妙,こうみょう,koumyou,"ingenious, skillful, clever, deft",N1,,General,General
公用,こうよう,kouyou,"government business, public use, public expense",N1,,General,General
小売,こうり,kouri,retail,N1,,General,General
効率,こうりつ,kouritsu,efficiency,N1,,General,General
公立,こうりつ,kouritsu,public (institution),N1,,General,General
小柄,こがら,kogara,short (build),N1,,General,General
小切手,こぎって,kogitte,"cheque, check",N1,,General,General
国産,こくさん,kokusan,domestic products,N1,,General,General
国定,こくてい,kokutei,"state-sponsored, national",N1,,General,General
国土,こくど,kokudo,realm,N1,,General,General
告白,こくはく,kokuhaku,"confession, acknowledgement",N1,,General,General
国防,こくぼう,kokubou,national defence,N1,,General,General
国有,こくゆう,kokuyuu,national ownership,N1,,General,General
国連,こくれん,kokuren,"U.N., United Nations",N1,,General,General
漕ぐ,こぐ,kogu,"to row, to scull, to pedal",N1,,General,General
焦げ茶,こげちゃ,kogecha,black tea,N1,,General,General
個々,ここ,koko,"individual, one by one",N1,,General,General
箇箇,ここ,koko,"individual, separate",N1,,General,General
心地,ここち,kokochi,"feeling, sensation, mood",N1,,General,General
心得,こころえ,kokoroe,"knowledge, information",N1,,General,General
心掛け,こころがけ,kokorogake,"readiness, intention, aim",N1,,General,General
心掛ける,こころがける,kokorogakeru,"to bear in mind, to aim to do",N1,,General,General
志,こころざし,kokorozashi,"will, intention, motive",N1,,General,General
志す,こころざす,kokorozasu,"to plan, to intend, to aspire to, to set aims (sights on)",N1,,General,General
心強い,こころづよい,kokorozuyoi,"heartening, reassuring",N1,,General,General
心細い,こころぼそい,kokorobosoi,"helpless, forlorn, hopeless, unpromising, lonely, discouraging, disheartening",N1,,General,General
試み,こころみ,kokoromi,"trial, experiment",N1,,General,General
試みる,こころみる,kokoromiru,"to try, to test",N1,,General,General
快い,こころよい,kokoroyoi,"pleasant, agreeable",N1,,General,General
凝らす,こごらす,kogorasu,"to freeze, to congeal",N1,,General,General
凝る,こごる,kogoru,"to congeal, to freeze",N1,,General,General
拵える,こしらえる,koshiraeru,"to make, to manufacture",N1,,General,General
孤児,こじ,koji,orphan,N1,,General,General
拗れる,こじれる,kojireru,"to get complicated, to grow worse",N1,,General,General
故人,こじん,kojin,"the deceased, old friend",N1,,General,General
梢,こずえ,kozue,treetop,N1,,General,General
個性,こせい,kosei,"individuality, personality, idiosyncrasy",N1,,General,General
戸籍,こせき,koseki,"census, family register",N1,,General,General
小銭,こぜに,kozeni,"coins, small change",N1,,General,General
固体,こたい,kotai,solid (body),N1,,General,General
答え,こたえ,kotae,"answer, response",N1,,General,General
堪える,こたえる,kotaeru,"to bear, to stand, to endure, to put up with, to support, to withstand, to resist, to brave, to be fit for, t",N1,,General,General
火燵,こたつ,kotatsu,"table with heater, (orig) charcoal brazier in a floor well",N1,,General,General
古代,こだい,kodai,ancient times,N1,,General,General
,こだわる,kodawaru,"to fuss over, to be particular about, to be concerned about",N1,,General,General
誇張,こちょう,kochou,exaggeration,N1,,General,General
滑稽,こっけい,kokkei,"funny, humorous, comical, laughable, ridiculous, joking",N1,,General,General
国交,こっこう,kokkou,diplomatic relations,N1,,General,General
骨董品,こっとうひん,kottouhin,curio,N1,,General,General
骨,こつ,kotsu,"knack, skill",N1,,General,General
固定,こてい,kotei,fixation,N1,,General,General
事柄,ことがら,kotogara,"matter, thing, affair, circumstance",N1,,General,General
悉く,ことごとく,kotogotoku,"altogether, entirely",N1,,General,General
言伝,ことづて,kotozute,"declaration, hearsay",N1,,General,General
殊に,ことに,kotoni,"especially, above all",N1,,General,General
事によると,ことによると,kotoniyoruto,depending on the circumstances,N1,,General,General
孤独,こどく,kodoku,"isolation, loneliness, solitude",N1,,General,General
粉々,こなごな,konagona,in very small pieces,N1,,General,General
此の,この,kono,this,N1,,General,General
この間,このあいだ,konoaida,"the other day, lately, recently",N1,,General,General
この頃,このごろ,konogoro,recently,N1,,General,General
好ましい,このましい,konomashii,"nice, likeable, desirable",N1,,General,General
個別,こべつ,kobetsu,particular case,N1,,General,General
零す,こぼす,kobosu,to spill,N1,,General,General
零れる,こぼれる,koboreru,"to overflow, to spill",N1,,General,General
細やか,こまやか,komayaka,friendly,N1,,General,General
混む,こむ,komu,to be crowded,N1,,General,General
込める,こめる,komeru,"to include, to put into",N1,,General,General
篭る,こもる,komoru,"to seclude oneself, to be confined in, to be implied, to be stuffy",N1,,General,General
固有,こゆう,koyuu,"characteristic, tradition, peculiar, inherent, eigen-",N1,,General,General
雇用,こよう,koyou,"employment (long term), hire",N1,,General,General
暦,こよみ,koyomi,"calendar, almanac",N1,,General,General
堪える,こらえる,koraeru,"to bear, to stand, to endure, to put up with, to support, to withstand, to resist, to brave, to be fit for, t",N1,,General,General
孤立,こりつ,koritsu,"isolation, helplessness",N1,,General,General
懲りる,こりる,koriru,"to learn by experience, to be disgusted with",N1,,General,General
此れ,これ,kore,this,N1,,General,General
此れ等,これら,korera,these,N1,,General,General
魂,こん,kon,"soul, spirit",N1,,General,General
根気,こんき,konki,"patience, perseverance, energy",N1,,General,General
根拠,こんきょ,konkyo,"basis, foundation",N1,,General,General
混血,こんけつ,konketsu,"mixed race, mixed parentage",N1,,General,General
昆虫,こんちゅう,konchuu,"insect, bug",N1,,General,General
根底,こんてい,kontei,"root, basis, foundation",N1,,General,General
混同,こんどう,kondou,"confusion, mixing, merger",N1,,General,General
今日は,こんにちは,konnichiha,"hello, good day (daytime greeting id)",N1,,General,General
今晩は,こんばんは,konbanha,good evening,N1,,General,General
根本,こんぽん,konpon,"origin, source, foundation, root, base, principle",N1,,General,General
御,ご,go,"go-, honourable",N1,,General,General
語彙,ごい,goi,"vocabulary, glossary",N1,,General,General
濠,ごう,gou,moat,N1,,General,General
業,ごう,gou,"Buddhist karma, actions committed in a former life",N1,,General,General
号,ごう,gou,"number, issue",N1,,General,General
合意,ごうい,goui,"agreement, consent, mutual understanding",N1,,General,General
合議,ごうぎ,gougi,"consultation, conference",N1,,General,General
強気,ごうぎ,gougi,"great, grand",N1,,General,General
合成,ごうせい,gousei,"synthesis, composition, synthetic, composite, mixed, combined, compound",N1,,General,General
護衛,ごえい,goei,"guard, convoy, escort",N1,,General,General
語句,ごく,goku,"words, phrases",N1,,General,General
極楽,ごくらく,gokuraku,paradise,N1,,General,General
ご苦労様,ごくろうさま,gokurousama,Thank you very much for your....,N1,,General,General
語源,ごげん,gogen,"word root, word derivation, etymology",N1,,General,General
誤差,ごさ,gosa,error,N1,,General,General
ご座います,ございます,gozaimasu,"to be (polite), to exist",N1,,General,General
ご馳走,ごちそう,gochisou,"feast, treating (someone)",N1,,General,General
ご馳走さま,ごちそうさま,gochisousama,feast,N1,,General,General
毎,ごと,goto,each respectively,N1,,General,General
碁盤,ごばん,goban,Go board,N1,,General,General
ご無沙汰,ごぶさた,gobusata,not writing or contacting for a while,N1,,General,General
誤魔化す,ごまかす,gomakasu,"to deceive, to falsify, to misrepresent",N1,,General,General
御免ください,ごめんください,gomenkudasai,May I come in?,N1,,General,General
御免なさい,ごめんなさい,gomennasai,"I beg your pardon, excuse me",N1,,General,General
御覧なさい,ごらんなさい,gorannasai,"(please) look, (please) try to do",N1,,General,General
佐,さ,sa,help,N1,,General,General
再,さい,sai,"re-, again, repeated",N1,,General,General
差異,さい,sai,"difference, disparity",N1,,General,General
歳,さい,sai,#NAME?,N1,,General,General
再会,さいかい,saikai,"another meeting, meeting again, reunion",N1,,General,General
災害,さいがい,saigai,"calamity, disaster, misfortune",N1,,General,General
細菌,さいきん,saikin,"bacillus, bacterium, germ",N1,,General,General
細工,さいく,saiku,"work, craftsmanship, tactics, trick",N1,,General,General
採掘,さいくつ,saikutsu,mining,N1,,General,General
採決,さいけつ,saiketsu,"vote, roll call",N1,,General,General
再建,さいけん,saiken,"rebuilding, reconstruction, rehabilitation",N1,,General,General
再現,さいげん,saigen,"reappearance, reproduction, return, revival",N1,,General,General
採算,さいさん,saisan,profit,N1,,General,General
採集,さいしゅう,saishuu,"collecting, gathering",N1,,General,General
再生,さいせい,saisei,"playback, regeneration, resuscitation, return to life, rebirth, reincarnation, narrow escape, reclamation, r",N1,,General,General
最善,さいぜん,saizen,the very best,N1,,General,General
採択,さいたく,saitaku,"adoption, selection, choice",N1,,General,General
再発,さいはつ,saihatsu,"return, relapse, reoccurrence",N1,,General,General
栽培,さいばい,saibai,cultivation,N1,,General,General
細胞,さいぼう,saibou,cell (biology),N1,,General,General
採用,さいよう,saiyou,"use, adopt",N1,,General,General
遮る,さえぎる,saegiru,"to interrupt, to intercept, to obstruct",N1,,General,General
囀る,さえずる,saezuru,"to sing, to chirp, to twitter",N1,,General,General
冴える,さえる,saeru,"to be clear, to be serene, to be cold, to be skillful",N1,,General,General
竿,さお,sao,"rod, pole (e.g. for drying laundry)",N1,,General,General
栄える,さかえる,sakaeru,"to prosper, to flourish",N1,,General,General
杯,さかずき,sakazuki,wine cups,N1,,General,General
逆立ち,さかだち,sakadachi,"handstand, headstand",N1,,General,General
逆上る,さかのぼる,sakanoboru,"to go back, to go upstream, to make retroactive",N1,,General,General
盛る,さかる,sakaru,"to prosper, to flourish, to copulate (animals)",N1,,General,General
差額,さがく,sagaku,"balance, difference, margin",N1,,General,General
下がる,さがる,sagaru,"to hang down, to abate, to retire, to fall, to step back",N1,,General,General
一昨昨日,さきおととい,sakiototoi,two days before yesterday,N1,,General,General
先に,さきに,sakini,"before, earlier than, ahead, beyond, away, previously, recently",N1,,General,General
詐欺,さぎ,sagi,"fraud, swindle",N1,,General,General
作,さく,saku,"a work, a harvest",N1,,General,General
策,さく,saku,"plan, policy",N1,,General,General
柵,さく,saku,"fence, paling",N1,,General,General
削減,さくげん,sakugen,"cut, reduction, curtailment",N1,,General,General
錯誤,さくご,sakugo,mistake,N1,,General,General
作戦,さくせん,sakusen,"military or naval operations, tactics, strategy",N1,,General,General
作物,さくぶつ,sakubutsu,literary work,N1,,General,General
叫び,さけび,sakebi,"shout, scream, outcry",N1,,General,General
裂ける,さける,sakeru,"to split, to tear, to burst",N1,,General,General
捧げる,ささげる,sasageru,"to lift up, to give, to offer, to consecrate, to devote, to sacrifice, to dedicate",N1,,General,General
差し掛かる,さしかかる,sashikakaru,"to come near to, to approach",N1,,General,General
指図,さしず,sashizu,"instruction, mandate",N1,,General,General
差し出す,さしだす,sashidasu,"to present, to submit, to tender, to hold out",N1,,General,General
差し支える,さしつかえる,sashitsukaeru,"to interfere, to hinder, to become impeded",N1,,General,General
差し引く,さしひく,sashihiku,to deduct,N1,,General,General
些事,さじ,saji,"something small or petty, trifle",N1,,General,General
授ける,さずける,sazukeru,"to grant, to award, to teach",N1,,General,General
嘸,さぞ,sazo,"I am sure, certainly, no doubt",N1,,General,General
定まる,さだまる,sadamaru,"to become settled, to be fixed",N1,,General,General
定める,さだめる,sadameru,"to decide, to establish, to determine",N1,,General,General
錯覚,さっかく,sakkaku,"optical illusion, hallucination",N1,,General,General
早急,さっきゅう,sakkyuu,urgent,N1,,General,General
察する,さっする,sassuru,"to guess, to sense, to presume, to judge, to sympathize with",N1,,General,General
,さっと,satto,"quickly, suddenly",N1,,General,General
冊,さつ,satsu,counter for books,N1,,General,General
殺人,さつじん,satsujin,murder,N1,,General,General
偖,さて,sate,"well, now, then",N1,,General,General
悟る,さとる,satoru,"to attain enlightenment, to perceive, to understand, to discern",N1,,General,General
真実,さな,sana,"truth, reality",N1,,General,General
裁く,さばく,sabaku,to judge,N1,,General,General
錆び,さび,sabi,rust (colour),N1,,General,General
左程,さほど,sahodo,"(not) very, (not) much",N1,,General,General
様,さま,sama,"Mr. or Mrs., manner, kind, appearance",N1,,General,General
三味線,さみせん,samisen,"three-stringed Japanese guitar, shamisen",N1,,General,General
侍,さむらい,samurai,"Samurai, warrior",N1,,General,General
然も,さも,samo,"with gusto, with satisfaction",N1,,General,General
作用,さよう,sayou,"action, operation, effect, function",N1,,General,General
左様なら,さようなら,sayounara,good-bye,N1,,General,General
拐う,さらう,sarau,"to carry off, to run away with, to kidnap, to abduct",N1,,General,General
爽やか,さわやか,sawayaka,"fresh, refreshing, invigorating, clear, fluent, eloquent",N1,,General,General
障る,さわる,sawaru,"to hinder, to interfere with, to affect, to do one harm, to be harmful to",N1,,General,General
酸,さん,san,acid,N1,,General,General
,さん,san,Mr or Mrs,N1,,General,General
酸化,さんか,sanka,oxidation,N1,,General,General
山岳,さんがく,sangaku,mountains,N1,,General,General
産休,さんきゅう,sankyuu,maternity leave,N1,,General,General
桟橋,さんきょう,sankyou,"wharf, bridge, jetty, pier",N1,,General,General
参議院,さんぎいん,sangiin,House of Councillors,N1,,General,General
産後,さんご,sango,"postpartum, after childbirth",N1,,General,General
産出,さんしゅつ,sanshutsu,"yield, produce",N1,,General,General
参照,さんしょう,sanshou,"reference, consultation, consultation",N1,,General,General
参上,さんじょう,sanjou,"calling on, visiting",N1,,General,General
賛成,さんせい,sansei,"approval, agreement, support, favour",N1,,General,General
賛美,さんび,sanbi,"praise, adoration, glorification",N1,,General,General
産婦人科,さんふじんか,sanfujinka,maternity and gynecology department,N1,,General,General
産物,さんぶつ,sanbutsu,"product, result, fruit",N1,,General,General
山腹,さんぷく,sanpuku,"hillside, mountainside",N1,,General,General
山脈,さんみゃく,sanmyaku,mountain range,N1,,General,General
財,ざい,zai,"fortune, riches",N1,,General,General
財源,ざいげん,zaigen,"source of funds, resources, finances",N1,,General,General
在庫,ざいこ,zaiko,"stockpile, stock",N1,,General,General
財政,ざいせい,zaisei,"economy, financial affairs",N1,,General,General
座談会,ざだんかい,zadankai,"symposium, round-table discussion",N1,,General,General
雑貨,ざっか,zakka,"miscellaneous goods, general goods, sundries",N1,,General,General
雑,ざつ,zatsu,"rough, crude",N1,,General,General
雑談,ざつだん,zatsudan,"chatting, idle talk",N1,,General,General
雑木,ざつぼく,zatsuboku,"various kinds of small trees, assorted trees",N1,,General,General
座標,ざひょう,zahyou,coordinate(s),N1,,General,General
残金,ざんきん,zankin,remaining money,N1,,General,General
残酷,ざんこく,zankoku,"cruelty, harshness",N1,,General,General
残高,ざんだか,zandaka,"(bank) balance, remainder",N1,,General,General
死,し,shi,"death, decease",N1,,General,General
,し,shi,"10^24 (kanji is JIS X 0212 kuten 4906), septillion (American), quadrillion (British)",N1,,General,General
次,し,shi,"order, sequence, times, next, below",N1,,General,General
仕上がり,しあがり,shiagari,"finish, end, completion",N1,,General,General
仕上げ,しあげ,shiage,"end, finishing touches, being finished",N1,,General,General
仕上げる,しあげる,shiageru,"to finish up, to complete",N1,,General,General
明々後日,しあさって,shiasatte,two days after tomorrow,N1,,General,General
飼育,しいく,shiiku,"breeding, raising, rearing",N1,,General,General
強いて,しいて,shiite,by force,N1,,General,General
強いる,しいる,shiiru,"to force, to compel, to coerce",N1,,General,General
仕入れる,しいれる,shiireru,"to lay in stock, to replenish stock, to procure",N1,,General,General
,しいんと,shiinto,"silent (as the grave), (deathly) quiet",N1,,General,General
歯科,しか,shika,dentistry,N1,,General,General
資格,しかく,shikaku,"qualifications, requirements, capabilities",N1,,General,General
視覚,しかく,shikaku,"sense of sight, vision",N1,,General,General
仕掛け,しかけ,shikake,"device, trick, mechanism, gadget, (small) scale, half finished, commencement, set up, challenge",N1,,General,General
仕掛ける,しかける,shikakeru,"to commence, to lay (mines), to set (traps), to wage (war), to challenge",N1,,General,General
然し,しかし,shikashi,"however, but",N1,,General,General
然しながら,しかしながら,shikashinagara,"nevertheless, however",N1,,General,General
而も,しかも,shikamo,"moreover, furthermore, nevertheless, and yet",N1,,General,General
市街,しがい,shigai,"urban areas, the streets, town, city",N1,,General,General
指揮,しき,shiki,"command, direction",N1,,General,General
色彩,しきさい,shikisai,"colour, hue, tints",N1,,General,General
式場,しきじょう,shikijou,"ceremonial hall, place of ceremony (e.g. marriage)",N1,,General,General
為来り,しきたり,shikitari,customs,N1,,General,General
頻りに,しきりに,shikirini,"frequently, repeatedly, incessantly, eagerly",N1,,General,General
仕切る,しきる,shikiru,"to partition, to divide, to mark off, to settle accounts, to toe the mark",N1,,General,General
資金,しきん,shikin,"funds, capital",N1,,General,General
施行,しぎょう,shigyou,"1. execution, enforcing, carrying out",N1,,General,General
,しくじる,shikujiru,"to fail, to fall through, to blunder",N1,,General,General
仕組み,しくみ,shikumi,"devising, plan, plot, contrivance, construction, arrangement",N1,,General,General
死刑,しけい,shikei,"death penalty, capital punishment",N1,,General,General
湿気る,しける,shikeru,"to be damp, to be moist",N1,,General,General
思考,しこう,shikou,thought,N1,,General,General
志向,しこう,shikou,"intention, aim",N1,,General,General
嗜好,しこう,shikou,"taste, liking, preference",N1,,General,General
視察,しさつ,shisatsu,"inspection, observation",N1,,General,General
資産,しさん,shisan,"property, fortune, means, assets",N1,,General,General
刺繍,ししゅう,shishuu,embroidery,N1,,General,General
支持,しじ,shiji,"support, maintenance",N1,,General,General
指示,しじ,shiji,"indication, instruction, directions",N1,,General,General
雫,しずく,shizuku,drop (of water),N1,,General,General
沈める,しずめる,shizumeru,"to sink, to submerge",N1,,General,General
施設,しせつ,shisetsu,"institution, establishment, facility, (army) engineer",N1,,General,General
子息,しそく,shisoku,son,N1,,General,General
慕う,したう,shitau,"to yearn for, to miss, to adore, to love dearly",N1,,General,General
従って,したがって,shitagatte,"therefore, consequently, in accordance with",N1,,General,General
下心,したごころ,shitagokoro,"secret intention, motive",N1,,General,General
親しむ,したしむ,shitashimu,"to be intimate with, to befriend",N1,,General,General
下調べ,したしらべ,shitashirabe,"preliminary investigation, preparation",N1,,General,General
下地,したじ,shitaji,"groundwork, foundation, inclination, aptitude, elementary knowledge of, grounding in, prearrangement, spade",N1,,General,General
認める,したためる,shitatameru,to write up,N1,,General,General
仕立てる,したてる,shitateru,"to tailor, to make, to prepare, to train, to send (a messenger)",N1,,General,General
下取り,したどり,shitadori,"trade in, part exchange",N1,,General,General
下火,したび,shitabi,"burning low, waning, declining",N1,,General,General
失格,しっかく,shikkaku,"disqualification, elimination, incapacity (legal)",N1,,General,General
確り,しっかり,shikkari,"firmly, tightly, reliable, level-headed, steady",N1,,General,General
質素,しっそ,shisso,"simplicity, modesty, frugality",N1,,General,General
失調,しっちょう,shicchou,lack of harmony,N1,,General,General
嫉妬,しっと,shitto,jealousy,N1,,General,General
尻尾,しっぽ,shippo,tail (animal),N1,,General,General
室,しつ,shitsu,room,N1,,General,General
質疑,しつぎ,shitsugi,question,N1,,General,General
躾,しつけ,shitsuke,"home discipline, training, upbringing, breeding",N1,,General,General
仕付ける,しつける,shitsukeru,"to be used to a job, to begin to do, to baste, to tack, to plant",N1,,General,General
指摘,してき,shiteki,"pointing out, identification",N1,,General,General
視点,してん,shiten,"opinion, point of view, visual point",N1,,General,General
萎びる,しなびる,shinabiru,"to wilt, to fade",N1,,General,General
嫋か,しなやか,shinayaka,"supple, flexible, elastic",N1,,General,General
屎尿,しにょう,shinyou,"excreta, raw sewage, human waste, night soil",N1,,General,General
凌ぐ,しのぐ,shinogu,"to outdo, to surpass, to endure, to keep out (rain), to stave off, to tide over, to pull through, to defy, t",N1,,General,General
始発,しはつ,shihatsu,first train,N1,,General,General
芝,しば,shiba,"lawn, sod, turf",N1,,General,General
屡,しばしば,shibashiba,"often, again and again, frequently",N1,,General,General
暫く,しばらく,shibaraku,little while,N1,,General,General
痺れる,しびれる,shibireru,"to become numb, to go to sleep (i.e. a limb)",N1,,General,General
渋い,しぶい,shibui,"1. tasteful (clothing), cool, an aura of refined masculinity, 2. astringent, sullen, bitter (taste), 3",N1,,General,General
私物,しぶつ,shibutsu,"private property, personal effects",N1,,General,General
,しぶとい,shibutoi,"tenacious, stubborn",N1,,General,General
司法,しほう,shihou,administration of justice,N1,,General,General
脂肪,しぼう,shibou,"fat, grease, blubber",N1,,General,General
志望,しぼう,shibou,"wish, desire, ambition",N1,,General,General
萎む,しぼむ,shibomu,"to wither, to fade (away), to shrivel, to wilt",N1,,General,General
仕舞,しまい,shimai,"end, termination, informal (Noh play)",N1,,General,General
仕舞う,しまう,shimau,"to finish, to close, to do something completely, to put away, to put an end to",N1,,General,General
,しまった,shimatta,Damn it!,N1,,General,General
始末,しまつ,shimatsu,"management, dealing, settlement, cleaning up afterwards",N1,,General,General
泌み泌み,しみじみ,shimijimi,"keenly, deeply, heartily",N1,,General,General
染みる,しみる,shimiru,"to pierce, to permeate",N1,,General,General
使命,しめい,shimei,"mission, errand, message",N1,,General,General
締め切り,しめきり,shimekiri,"closing, cut-off, end, deadline, Closed, No Entrance",N1,,General,General
僕,しもべ,shimobe,"manservant, servant (of God)",N1,,General,General
社交,しゃこう,shakou,"social life, social intercourse",N1,,General,General
謝絶,しゃぜつ,shazetsu,refusal,N1,,General,General
社宅,しゃたく,shataku,company owned house,N1,,General,General
吃逆,しゃっくり,shakkuri,"hiccough, hiccup",N1,,General,General
喋る,しゃべる,shaberu,"to talk, to chat, to chatter",N1,,General,General
斜面,しゃめん,shamen,"slope, slanting surface, bevel",N1,,General,General
洒落,しゃらく,sharaku,"frank, open-hearted",N1,,General,General
洒落る,しゃれる,shareru,"to joke, to play on words, to dress stylishly",N1,,General,General
視野,しや,shiya,"field of vision, outlook",N1,,General,General
種,しゅ,shu,"kind, variety, species",N1,,General,General
衆,しゅう,shuu,"masses, great number, the people",N1,,General,General
周,しゅう,shuu,"circuit, lap, circumference, vicinity, Chou (dynasty)",N1,,General,General
収益,しゅうえき,shuueki,"earnings, proceeds, returns",N1,,General,General
修学,しゅうがく,shuugaku,learning,N1,,General,General
周期,しゅうき,shuuki,"cycle, period",N1,,General,General
衆議院,しゅうぎいん,shuugiin,"Lower House, House of Representatives",N1,,General,General
就業,しゅうぎょう,shuugyou,"employment, starting work",N1,,General,General
修行,しゅうぎょう,shuugyou,"pursuit of knowledge, studying, learning, training, ascetic practice, discipline",N1,,General,General
集計,しゅうけい,shuukei,"totalization, aggregate",N1,,General,General
襲撃,しゅうげき,shuugeki,"attack, charge, raid",N1,,General,General
収支,しゅうし,shuushi,income and expenditure,N1,,General,General
終始,しゅうし,shuushi,"beginning and end, from beginning to end, doing a thing from beginning to end",N1,,General,General
修士,しゅうし,shuushi,Masters degree program,N1,,General,General
収集,しゅうしゅう,shuushuu,"gathering up, collection, accumulation",N1,,General,General
修飾,しゅうしょく,shuushoku,"ornamentation, embellishment, decoration, adornment, polish up (writing), modification (gram)",N1,,General,General
終日,しゅうじつ,shuujitsu,all day,N1,,General,General
執着,しゅうじゃく,shuujaku,"attachment, adhesion, tenacity",N1,,General,General
収容,しゅうよう,shuuyou,"accommodation, reception, seating, housing, custody, admission, entering (in a dictionary)",N1,,General,General
修了,しゅうりょう,shuuryou,completion (of a course),N1,,General,General
守衛,しゅえい,shuei,"security guard, doorkeeper",N1,,General,General
主演,しゅえん,shuen,"starring, playing the leading part",N1,,General,General
主観,しゅかん,shukan,"subjectivity, subject, ego",N1,,General,General
祝賀,しゅくが,shukuga,"celebration, congratulations",N1,,General,General
宿命,しゅくめい,shukumei,"fate, destiny, predestination",N1,,General,General
主権,しゅけん,shuken,"sovereignty, supremacy, dominion",N1,,General,General
手芸,しゅげい,shugei,handicrafts,N1,,General,General
主催,しゅさい,shusai,"organization, sponsorship",N1,,General,General
取材,しゅざい,shuzai,"choice of subject, collecting data",N1,,General,General
趣旨,しゅし,shushi,"object, meaning",N1,,General,General
主食,しゅしょく,shushoku,staple food,N1,,General,General
主人公,しゅじんこう,shujinkou,"protagonist, main character, hero(ine) (of a story), head of household",N1,,General,General
主体,しゅたい,shutai,"subject, main constituent",N1,,General,General
主題,しゅだい,shudai,"subject, theme, motif",N1,,General,General
出血,しゅっけつ,shukketsu,"bleeding, haemorrhage",N1,,General,General
出産,しゅっさん,shussan,"(child)birth, delivery, production (of goods)",N1,,General,General
出社,しゅっしゃ,shussha,arrival (in a country at work etc.),N1,,General,General
出生,しゅっしょう,shusshou,birth,N1,,General,General
出世,しゅっせ,shusse,"promotion, successful career, eminence",N1,,General,General
出費,しゅっぴ,shuppi,"expenses, disbursements",N1,,General,General
出品,しゅっぴん,shuppin,"exhibit, display",N1,,General,General
出演,しゅつえん,shutsuen,"performance, stage appearance",N1,,General,General
出題,しゅつだい,shutsudai,proposing a question,N1,,General,General
出動,しゅつどう,shutsudou,"sailing, marching, going out",N1,,General,General
主導,しゅどう,shudou,main leadership,N1,,General,General
主任,しゅにん,shunin,"person in charge, responsible official",N1,,General,General
首脳,しゅのう,shunou,"head, brains",N1,,General,General
守備,しゅび,shubi,defense,N1,,General,General
手法,しゅほう,shuhou,technique,N1,,General,General
私有,しゆう,shiyuu,private ownership,N1,,General,General
諸,しょ,sho,"various, many, several",N1,,General,General
背負う,しょう,shou,"to be burdened with, to carry on back or shoulder",N1,,General,General
象,しょう,shou,phenomenon,N1,,General,General
症,しょう,shou,illness,N1,,General,General
傷,しょう,shou,"wound, injury, hurt, cut, gash, bruise, scratch, scar, weak point",N1,,General,General
商,しょう,shou,quotient,N1,,General,General
消去,しょうきょ,shoukyo,"elimination, erasing, dying out, melting away",N1,,General,General
衝撃,しょうげき,shougeki,"shock, crash, impact, ballistic",N1,,General,General
証言,しょうげん,shougen,"evidence, testimony",N1,,General,General
証拠,しょうこ,shouko,"evidence, proof",N1,,General,General
消耗,しょうこう,shoukou,"exhaustion, consumption",N1,,General,General
照合,しょうごう,shougou,"collation, comparison",N1,,General,General
詳細,しょうさい,shousai,"detail, particulars",N1,,General,General
昇進,しょうしん,shoushin,promotion,N1,,General,General
少数,しょうすう,shousuu,"minority, few",N1,,General,General
称する,しょうする,shousuru,"to pretend, to take the name of, to feign, to purport",N1,,General,General
消息,しょうそく,shousoku,"news, letter, circumstances",N1,,General,General
承諾,しょうだく,shoudaku,"consent, acquiescence, agreement",N1,,General,General
象徴,しょうちょう,shouchou,symbol,N1,,General,General
小児科,しょうにか,shounika,pediatrics,N1,,General,General
証人,しょうにん,shounin,witness,N1,,General,General
照明,しょうめい,shoumei,illumination,N1,,General,General
勝利,しょうり,shouri,"victory, triumph, conquest, success, win",N1,,General,General
奨励,しょうれい,shourei,"encouragement, promotion, message, address",N1,,General,General
職員,しょくいん,shokuin,"staff member, personnel",N1,,General,General
植民地,しょくみんち,shokuminchi,colony,N1,,General,General
職務,しょくむ,shokumu,professional duties,N1,,General,General
諸君,しょくん,shokun,"Gentlemen!, Ladies!",N1,,General,General
所在,しょざい,shozai,whereabouts,N1,,General,General
所々,しょしょ,shosho,"here and there, some parts (of something)",N1,,General,General
所持,しょじ,shoji,"possession, owning",N1,,General,General
所属,しょぞく,shozoku,"attached to, belong to",N1,,General,General
処置,しょち,shochi,treatment,N1,,General,General
,しょっちゅう,shocchuu,"always, constantly",N1,,General,General
所定,しょてい,shotei,"fixed, prescribed",N1,,General,General
所得,しょとく,shotoku,"income, earnings",N1,,General,General
初版,しょはん,shohan,first edition,N1,,General,General
処罰,しょばつ,shobatsu,punishment,N1,,General,General
書評,しょひょう,shohyou,book review,N1,,General,General
処分,しょぶん,shobun,"disposal, dealing, punishment",N1,,General,General
庶民,しょみん,shomin,"masses, common people",N1,,General,General
庶務,しょむ,shomu,general affairs,N1,,General,General
私用,しよう,shiyou,"personal use, private business",N1,,General,General
仕様,しよう,shiyou,"way, method, resource, remedy, (technical) specification",N1,,General,General
使用人,しようにん,shiyounin,"employee, servant",N1,,General,General
調べ,しらべ,shirabe,"preparation, investigation, inspection",N1,,General,General
知り合い,しりあい,shiriai,acquaintance,N1,,General,General
退く,しりぞく,shirizoku,"to retreat, to recede, to withdraw",N1,,General,General
退ける,しりぞける,shirizokeru,"to repel, to drive away",N1,,General,General
記す,しるす,shirusu,"to note, to write down",N1,,General,General
指令,しれい,shirei,"orders, instructions, directive",N1,,General,General
代,しろ,shiro,"price, materials, substitution",N1,,General,General
皺,しわ,shiwa,"wrinkles, creases",N1,,General,General
新,しん,shin,new,N1,,General,General
進化,しんか,shinka,"evolution, progress",N1,,General,General
殿,しんがり,shingari,"rear, rear unit guard",N1,,General,General
審議,しんぎ,shingi,deliberation,N1,,General,General
進行,しんこう,shinkou,advance,N1,,General,General
新興,しんこう,shinkou,"rising, developing, emergent",N1,,General,General
振興,しんこう,shinkou,"promotion, encouragement",N1,,General,General
申告,しんこく,shinkoku,"report, statement, filing a return, notification",N1,,General,General
新婚,しんこん,shinkon,newly-wed,N1,,General,General
審査,しんさ,shinsa,"judging, inspection, examination, investigation",N1,,General,General
紳士,しんし,shinshi,gentleman,N1,,General,General
進出,しんしゅつ,shinshutsu,"advance, step forward",N1,,General,General
信者,しんじゃ,shinja,"believer, adherent, devotee, Christian",N1,,General,General
真珠,しんじゅ,shinju,pearl,N1,,General,General
心中,しんじゅう,shinjuu,"double suicide, lovers suicide",N1,,General,General
心情,しんじょう,shinjou,mentality,N1,,General,General
新人,しんじん,shinjin,"new face, newcomer",N1,,General,General
神聖,しんせい,shinsei,"holiness, sacredness, dignity",N1,,General,General
親善,しんぜん,shinzen,friendship,N1,,General,General
真相,しんそう,shinsou,"truth, real situation",N1,,General,General
新築,しんちく,shinchiku,"new building, new construction",N1,,General,General
進呈,しんてい,shintei,presentation,N1,,General,General
進展,しんてん,shinten,"progress, development",N1,,General,General
神殿,しんでん,shinden,"temple, sacred place",N1,,General,General
進度,しんど,shindo,progress,N1,,General,General
振動,しんどう,shindou,"oscillation, vibration",N1,,General,General
新入生,しんにゅうせい,shinnyuusei,"freshman, first-year student",N1,,General,General
信任,しんにん,shinnin,"trust, confidence, credence",N1,,General,General
審判,しんばん,shinban,"refereeing, trial, judgement, umpire, referee",N1,,General,General
神秘,しんぴ,shinpi,mystery,N1,,General,General
辛抱,しんぼう,shinbou,"patience, endurance",N1,,General,General
真理,しんり,shinri,truth,N1,,General,General
侵略,しんりゃく,shinryaku,"aggression, invasion, raid",N1,,General,General
診療,しんりょう,shinryou,"medical examination and treatment, diagnosis",N1,,General,General
進路,しんろ,shinro,"course, route",N1,,General,General
自覚,じかく,jikaku,self-conscious,N1,,General,General
地方,じかた,jikata,"area, locality, district, region, the coast",N1,,General,General
自我,じが,jiga,"self, the ego",N1,,General,General
磁気,じき,jiki,magnetism,N1,,General,General
磁器,じき,jiki,"porcelain, china",N1,,General,General
事業,じぎょう,jigyou,"project, enterprise, business, industry, operations",N1,,General,General
地形,じぎょう,jigyou,"terrain, geographical features, topography",N1,,General,General
軸,じく,jiku,"axis, stem, shaft, axle",N1,,General,General
自己,じこ,jiko,"self, oneself",N1,,General,General
事項,じこう,jikou,"matter, item, facts",N1,,General,General
時刻表,じこくひょう,jikokuhyou,"table, diagram, chart, timetable, schedule",N1,,General,General
地獄,じごく,jigoku,hell,N1,,General,General
時差,じさ,jisa,time difference,N1,,General,General
自在,じざい,jizai,"freely, at will",N1,,General,General
自主,じしゅ,jishu,"independence, autonomy",N1,,General,General
自首,じしゅ,jishu,"surrender, give oneself up",N1,,General,General
辞職,じしょく,jishoku,resignation,N1,,General,General
自信,じしん,jishin,self-confidence,N1,,General,General
事前,じぜん,jizen,"prior, beforehand, in advance",N1,,General,General
自尊心,じそんしん,jisonshin,"self-respect, conceit",N1,,General,General
持続,じぞく,jizoku,continuation,N1,,General,General
字体,じたい,jitai,"type, font, lettering",N1,,General,General
辞退,じたい,jitai,refusal,N1,,General,General
,じっくり,jikkuri,"deliberately, carefully",N1,,General,General
実質,じっしつ,jisshitsu,"substance, essence",N1,,General,General
実践,じっせん,jissen,"practice, put into practice",N1,,General,General
実態,じったい,jittai,"truth, fact",N1,,General,General
実費,じっぴ,jippi,"actual expense, cost price",N1,,General,General
十分,じっぷん,jippun,10 minutes,N1,,General,General
実,じつ,jitsu,"truth, reality, sincerity, fidelity, kindness, faith, substance, essence",N1,,General,General
実業家,じつぎょうか,jitsugyouka,"industrialist, businessman",N1,,General,General
実情,じつじょう,jitsujou,"real condition, actual circumstances, actual state of affairs",N1,,General,General
自転,じてん,jiten,"rotation, spin",N1,,General,General
自動詞,じどうし,jidoushi,intransitive verb (no direct obj),N1,,General,General
地主,じぬし,jinushi,landlord,N1,,General,General
耳鼻科,じびか,jibika,otolaryngology,N1,,General,General
地元,じもと,jimoto,local,N1,,General,General
弱,じゃく,jaku,"weakness, the weak, little less then",N1,,General,General
若干,じゃっかん,jakkan,"some, few, number of",N1,,General,General
砂利,じゃり,jari,"gravel, ballast, pebbles",N1,,General,General
じゃん拳,じゃんけん,janken,rock-scissors-paper game,N1,,General,General
住,じゅう,juu,"dwelling, living",N1,,General,General
従業員,じゅうぎょういん,juugyouin,"employee, worker",N1,,General,General
従事,じゅうじ,juuji,"engaging, pursuing, following",N1,,General,General
充実,じゅうじつ,juujitsu,"fullness, completion, perfection, substantiality, enrichment",N1,,General,General
十字路,じゅうじろ,juujiro,crossroads,N1,,General,General
絨毯,じゅうたん,juutan,carpet,N1,,General,General
柔軟,じゅうなん,juunan,"flexible, lithe",N1,,General,General
重複,じゅうふく,juufuku,"duplication, repetition, overlapping, redundancy, restoration",N1,,General,General
重宝,じゅうほう,juuhou,"priceless treasure, convenience, usefulness",N1,,General,General
従来,じゅうらい,juurai,"up to now, so far, traditional",N1,,General,General
塾,じゅく,juku,"coaching school, lessons",N1,,General,General
樹木,じゅもく,jumoku,"trees and shrubs, arbour",N1,,General,General
樹立,じゅりつ,juritsu,"establish, create",N1,,General,General
準急,じゅんきゅう,junkyuu,local express (train slower than an express),N1,,General,General
準じる,じゅんじる,junjiru,"to follow, to conform, to apply to",N1,,General,General
準ずる,じゅんずる,junzuru,"to apply correspondingly, to correspond to, to be proportionate to, to conform to",N1,,General,General
助,じょ,jo,"help, rescue, assistant",N1,,General,General
情,じょう,jou,"feelings, emotion, passion",N1,,General,General
畳,じょう,jou,#NAME?,N1,,General,General
尉,じょう,jou,"jailer, old man, rank, company officer",N1,,General,General
嬢,じょう,jou,young woman,N1,,General,General
状,じょう,jou,shape,N1,,General,General
上位,じょうい,joui,"superior (rank not class), higher order (e.g. byte), host computer (of connected device)",N1,,General,General
上演,じょうえん,jouen,performance (e.g. music),N1,,General,General
城下,じょうか,jouka,land near the castle,N1,,General,General
乗客,じょうかく,joukaku,passenger,N1,,General,General
上空,じょうくう,joukuu,"sky, the skies, high-altitude sky, upper air",N1,,General,General
上司,じょうし,joushi,"superior authorities, boss",N1,,General,General
情緒,じょうしょ,jousho,"emotion, feeling",N1,,General,General
上昇,じょうしょう,joushou,"rising, ascending, climbing",N1,,General,General
情勢,じょうせい,jousei,"state of things, condition, situation",N1,,General,General
情熱,じょうねつ,jounetsu,"passion, enthusiasm, zeal",N1,,General,General
丈夫,じょうふ,joufu,"1. hero, gentleman, warrior, manly person, 2. good health, robustness, strong, solid, durable",N1,,General,General
譲歩,じょうほ,jouho,"concession, conciliation, compromise",N1,,General,General
条約,じょうやく,jouyaku,"treaty, pact",N1,,General,General
上陸,じょうりく,jouriku,"landing, disembarkation",N1,,General,General
蒸留,じょうりゅう,jouryuu,distillation,N1,,General,General
除外,じょがい,jogai,"exception, exclusion",N1,,General,General
助言,じょげん,jogen,"advice, suggestion",N1,,General,General
徐行,じょこう,jokou,going slowly,N1,,General,General
女史,じょし,joshi,Ms.,N1,,General,General
助詞,じょし,joshi,"particle, postposition",N1,,General,General
助動詞,じょどうし,jodoushi,auxiliary verb,N1,,General,General
自立,じりつ,jiritsu,"independence, self-reliance",N1,,General,General
人,じん,jin,"man, person, people",N1,,General,General
人格,じんかく,jinkaku,"personality, character, individuality",N1,,General,General
人材,じんざい,jinzai,man of talent,N1,,General,General
迅速,じんそく,jinsoku,"quick, fast, rapid, swift, prompt",N1,,General,General
人体,じんたい,jintai,human body,N1,,General,General
人民,じんみん,jinmin,"people, public",N1,,General,General
人目,じんもく,jinmoku,"glimpse, public gaze",N1,,General,General
水気,すいき,suiki,"1. moisture, dampness, vapor, 2. dropsy, edema",N1,,General,General
水源,すいげん,suigen,"source of river, fountainhead",N1,,General,General
推進,すいしん,suishin,"propulsion, driving force",N1,,General,General
水洗,すいせん,suisen,flushing,N1,,General,General
吹奏,すいそう,suisou,playing wind instruments,N1,,General,General
推測,すいそく,suisoku,"guess, conjecture",N1,,General,General
水田,すいでん,suiden,(water-filled) paddy field,N1,,General,General
推理,すいり,suiri,"reasoning, inference, mystery or detective genre (movie novel etc.)",N1,,General,General
数詞,すうし,suushi,numeral,N1,,General,General
崇拝,すうはい,suuhai,"worship, adoration, admiration, cult",N1,,General,General
据え付ける,すえつける,suetsukeru,"to install, to equip, to mount",N1,,General,General
据える,すえる,sueru,"to set (table), to lay (foundation), to place (gun), to apply (moxa)",N1,,General,General
清々しい,すがすがしい,sugasugashii,"fresh, refreshing",N1,,General,General
過ぎ,すぎ,sugi,"past, after",N1,,General,General
救い,すくい,sukui,"help, aid, relief",N1,,General,General
掬う,すくう,sukuu,"to scoop, to ladle out",N1,,General,General
少なくとも,すくなくとも,sukunakutomo,at least,N1,,General,General
直ぐ,すぐ,sugu,"immediately, soon, easily, right (near), honest, upright",N1,,General,General
健やか,すこやか,sukoyaka,"vigorous, healthy, sound",N1,,General,General
濯ぐ,すすぐ,susugu,"to rinse, to wash out",N1,,General,General
進み,すすみ,susumi,progress,N1,,General,General
勧め,すすめ,susume,"recommendation, advice, encouragement",N1,,General,General
裾,すそ,suso,"(trouser) cuff, (skirt) hem, cut edge of a hairdo, foot of mountain",N1,,General,General
廃れる,すたれる,sutareru,"to go out of use, to become obsolete, to die out, to go out of fashion",N1,,General,General
酸っぱい,すっぱい,suppai,"sour, acid",N1,,General,General
素敵,すてき,suteki,"lovely, dreamy, beautiful, great, fantastic, superb, cool, capital",N1,,General,General
即ち,すなわち,sunawachi,"that is, namely, i.e.",N1,,General,General
,すばしこい,subashikoi,"nimble, smart, quick",N1,,General,General
素早い,すばやい,subayai,"fast, quick, prompt, agile",N1,,General,General
済ます,すます,sumasu,"to finish, to get it over with, to settle, to conclude, to pay back",N1,,General,General
澄ます,すます,sumasu,"to clear, to make clear, to be unruffled, to look unconcerned, to look demure, look prim, put on airs",N1,,General,General
済まない,すまない,sumanai,sorry (phrase),N1,,General,General
済みません,すみません,sumimasen,"sorry, excuse me",N1,,General,General
天皇,すめらぎ,sumeragi,Emperor of Japan,N1,,General,General
刷り,すり,suri,printing,N1,,General,General
剃る,する,suru,to shave,N1,,General,General
擦れ違い,すれちがい,surechigai,chance encounter,N1,,General,General
すれ違う,すれちがう,surechigau,"to pass by one another, to disagree, to miss each other",N1,,General,General
擦れる,すれる,sureru,"to rub, to chafe, to wear, to become sophisticated",N1,,General,General
,すんなり,sunnari,"pass with no objection, slim, slender",N1,,General,General
図々しい,ずうずうしい,zuuzuushii,"impudent, shameless",N1,,General,General
,ずばり,zubari,"decisively, decidedly, once and for all, unreservedly, frankly",N1,,General,General
ずぶ濡れ,ずぶぬれ,zubunure,"soaked, dripping wet",N1,,General,General
,ずらっと,zuratto,"in a line, in a row",N1,,General,General
,ずるずる,zuruzuru,"sound or act of dragging, loose, inconclusive but unwanted situation, trailingly",N1,,General,General
,ずれ,zure,"gap, slippage",N1,,General,General
,ずれる,zureru,"to slide, to slip off",N1,,General,General
制,せい,sei,"system, organization, imperial command, laws, regulation, control, government, suppression, restraint, holdin",N1,,General,General
製,せい,sei,"-made, make",N1,,General,General
生育,せいいく,seiiku,"growth, development, breeding",N1,,General,General
成果,せいか,seika,"results, fruits",N1,,General,General
正解,せいかい,seikai,"correct, right, correct interpretation (answer solution)",N1,,General,General
正規,せいき,seiki,"regular, legal, formal, established, legitimate",N1,,General,General
正義,せいぎ,seigi,"justice, right, righteousness, correct meaning",N1,,General,General
生計,せいけい,seikei,"livelihood, living",N1,,General,General
政権,せいけん,seiken,"administration, political power",N1,,General,General
精巧,せいこう,seikou,"elaborate, delicate, exquisite",N1,,General,General
制裁,せいさい,seisai,"restraint, sanctions, punishment",N1,,General,General
政策,せいさく,seisaku,"political measures, policy",N1,,General,General
清算,せいさん,seisan,"liquidation, settlement",N1,,General,General
星座,せいざ,seiza,constellation,N1,,General,General
生死,せいし,seishi,life and death,N1,,General,General
静止,せいし,seishi,"stillness, repose, standing still",N1,,General,General
青春,せいしゅん,seishun,"youth, springtime of life, adolescent",N1,,General,General
聖書,せいしょ,seisho,"Bible, scriptures",N1,,General,General
誠実,せいじつ,seijitsu,"sincere, honest, faithful",N1,,General,General
成熟,せいじゅく,seijuku,"maturity, ripeness",N1,,General,General
清純,せいじゅん,seijun,"purity, innocence",N1,,General,General
正常,せいじょう,seijou,"normalcy, normality, normal",N1,,General,General
制する,せいする,seisuru,"to control, to command, to get the better of",N1,,General,General
整然,せいぜん,seizen,"orderly, regular, well-organized, trim, accurate",N1,,General,General
盛装,せいそう,seisou,"be dressed up, wear rich clothes",N1,,General,General
盛大,せいだい,seidai,"grand, prosperous, magnificent",N1,,General,General
清濁,せいだく,seidaku,"good and evil, purity and impurity",N1,,General,General
制定,せいてい,seitei,"enactment, establishment, creation",N1,,General,General
静的,せいてき,seiteki,static,N1,,General,General
製鉄,せいてつ,seitetsu,iron manufacture,N1,,General,General
晴天,せいてん,seiten,fine weather,N1,,General,General
正当,せいとう,seitou,"just, justifiable, right, due, proper, equitable, reasonable, legitimate, lawful",N1,,General,General
成年,せいねん,seinen,"majority, adult age",N1,,General,General
制服,せいふく,seifuku,uniform,N1,,General,General
征服,せいふく,seifuku,"conquest, subjugation, overcoming",N1,,General,General
製法,せいほう,seihou,"manufacturing method, recipe, formula",N1,,General,General
精密,せいみつ,seimitsu,"precise, exact, detailed, minute, close",N1,,General,General
声明,せいめい,seimei,"declaration, statement, proclamation",N1,,General,General
姓名,せいめい,seimei,full name,N1,,General,General
制約,せいやく,seiyaku,"limitation, restriction, condition, constraints",N1,,General,General
生理,せいり,seiri,"physiology, menses",N1,,General,General
勢力,せいりょく,seiryoku,"influence, power, might, strength, potency, force, energy",N1,,General,General
整列,せいれつ,seiretsu,"stand in a row, form a line",N1,,General,General
急かす,せかす,sekasu,"to hurry, to urge on",N1,,General,General
伜,せがれ,segare,"son, my son",N1,,General,General
責務,せきむ,sekimu,"duty, obligation",N1,,General,General
世辞,せじ,seji,"flattery, compliment",N1,,General,General
世帯,せたい,setai,household,N1,,General,General
世代,せだい,sedai,"generation, the world, the age",N1,,General,General
切開,せっかい,sekkai,"clearing (land), opening up, cutting through",N1,,General,General
接触,せっしょく,sesshoku,"touch, contact",N1,,General,General
設置,せっち,secchi,"establishment, institution",N1,,General,General
折衷,せっちゅう,secchuu,"compromise, cross, blending, eclecticism",N1,,General,General
設定,せってい,settei,"establishment, creation",N1,,General,General
説得,せっとく,settoku,persuasion,N1,,General,General
節,せつ,setsu,"node, section, occasion, time",N1,,General,General
切実,せつじつ,setsujitsu,"compelling, serious, severe, acute, earnest, pressing, urgent",N1,,General,General
接続詞,せつぞくし,setsuzokushi,conjunction,N1,,General,General
切ない,せつない,setsunai,"painful, trying, oppressive, suffocating",N1,,General,General
設立,せつりつ,setsuritsu,"establishment, foundation, institution",N1,,General,General
攻め,せめ,seme,"attack, offence",N1,,General,General
世論,せろん,seron,public opinion,N1,,General,General
仙,せん,sen,"hermit, wizard",N1,,General,General
前,せん,sen,before,N1,,General,General
繊維,せんい,seni,"fibre, fiber, textile",N1,,General,General
選挙,せんきょ,senkyo,election,N1,,General,General
宣教,せんきょう,senkyou,religious mission,N1,,General,General
宣言,せんげん,sengen,"declaration, proclamation, announcement",N1,,General,General
先行,せんこう,senkou,"preceding, going first",N1,,General,General
選考,せんこう,senkou,"selection, screening",N1,,General,General
戦災,せんさい,sensai,war damage,N1,,General,General
専修,せんしゅう,senshuu,specialization,N1,,General,General
戦術,せんじゅつ,senjutsu,tactics,N1,,General,General
潜水,せんすい,sensui,diving,N1,,General,General
先先月,せんせんげつ,sensengetsu,month before last,N1,,General,General
先先週,せんせんしゅう,sensenshuu,week before last,N1,,General,General
先代,せんだい,sendai,"family predecessor, previous age, previous generation",N1,,General,General
先だって,せんだって,sendatte,"recently, the other day",N1,,General,General
先着,せんちゃく,senchaku,first arrival,N1,,General,General
先天的,せんてんてき,sententeki,"a priori, inborn, innate, inherent, congenital, hereditary",N1,,General,General
戦闘,せんとう,sentou,"battle, fight, combat",N1,,General,General
潜入,せんにゅう,sennyuu,"infiltration, sneaking in",N1,,General,General
船舶,せんぱく,senpaku,ship,N1,,General,General
専用,せんよう,senyou,"exclusive use, personal use",N1,,General,General
占領,せんりょう,senryou,"occupation, capture, possession, have a room to oneself",N1,,General,General
戦力,せんりょく,senryoku,war potential,N1,,General,General
税務署,ぜいむしょ,zeimusho,tax office,N1,,General,General
是正,ぜせい,zesei,"correction, revision",N1,,General,General
絶版,ぜっぱん,zeppan,out of print,N1,,General,General
絶望,ぜつぼう,zetsubou,"despair, hopelessness",N1,,General,General
是非とも,ぜひとも,zehitomo,by all means (with sense of not taking no for an answer),N1,,General,General
膳,ぜん,zen,"(small) table, tray, meal",N1,,General,General
禅,ぜん,zen,Zen (Buddhism),N1,,General,General
全快,ぜんかい,zenkai,complete recovery of health,N1,,General,General
全盛,ぜんせい,zensei,height of prosperity,N1,,General,General
前提,ぜんてい,zentei,"preamble, premise, reason, prerequisite",N1,,General,General
前途,ぜんと,zento,"future prospects, outlook, the journey ahead",N1,,General,General
全滅,ぜんめつ,zenmetsu,annihilation,N1,,General,General
善良,ぜんりょう,zenryou,"goodness, excellence, virtue",N1,,General,General
前例,ぜんれい,zenrei,precedent,N1,,General,General
僧,そう,sou,"monk, priest",N1,,General,General
沿う,そう,sou,"to run along, to follow",N1,,General,General
添う,そう,sou,"to accompany, to become married, to comply with",N1,,General,General
総,そう,sou,"whole, all, general, gross",N1,,General,General
相応,そうおう,souou,"suitability, fitness",N1,,General,General
総会,そうかい,soukai,general meeting,N1,,General,General
創刊,そうかん,soukan,"launching (e.g. newspaper), first issue",N1,,General,General
送金,そうきん,soukin,"remittance, sending money",N1,,General,General
走行,そうこう,soukou,"running a wheeled vehicle (e.g. car), traveling",N1,,General,General
総合,そうごう,sougou,"synthesis, coordination, putting together, integration, composite",N1,,General,General
捜査,そうさ,sousa,"search (esp. in criminal investigations), investigation",N1,,General,General
捜索,そうさく,sousaku,"search (esp. for someone or something missing), investigation",N1,,General,General
然うして,そうして,soushite,"and, like that",N1,,General,General
装飾,そうしょく,soushoku,ornament,N1,,General,General
操縦,そうじゅう,soujuu,"management, handling, control, manipulation",N1,,General,General
創造,そうぞう,souzou,creation,N1,,General,General
壮大,そうだい,soudai,"magnificent, grand, majestic, splendid",N1,,General,General
騒動,そうどう,soudou,"strife, riot, rebellion",N1,,General,General
遭難,そうなん,sounan,"disaster, shipwreck, accident",N1,,General,General
相場,そうば,souba,"market price, speculation, estimation",N1,,General,General
装備,そうび,soubi,equipment,N1,,General,General
創立,そうりつ,souritsu,"establishment, founding, organization",N1,,General,General
添える,そえる,soeru,"to add to, to attach, to append, to accompany, to garnish, to imitate, to annex",N1,,General,General
即座に,そくざに,sokuzani,"immediately, right away",N1,,General,General
促進,そくしん,sokushin,"promotion, acceleration, encouragement, facilitation, spurring on",N1,,General,General
即する,そくする,sokusuru,"to conform to, to agree with, to be adapted to, to be based on",N1,,General,General
束縛,そくばく,sokubaku,"restraint, shackles, restriction, confinement, binding",N1,,General,General
側面,そくめん,sokumen,"side, flank, sidelight, lateral",N1,,General,General
其処,そこ,soko,"that place, there",N1,,General,General
其処で,そこで,sokode,"so (conj), accordingly, now, then, thereupon",N1,,General,General
損なう,そこなう,sokonau,"to harm, to hurt, to injure, to damage, to fail in doing",N1,,General,General
其処ら,そこら,sokora,"everywhere, somewhere, approximately, that area, around there",N1,,General,General
素材,そざい,sozai,"raw materials, subject matter",N1,,General,General
阻止,そし,soshi,"obstruction, check, hindrance, prevention, interdiction",N1,,General,General
然して,そして,soshite,and,N1,,General,General
訴訟,そしょう,soshou,"litigation, lawsuit",N1,,General,General
育ち,そだち,sodachi,"breeding, growth",N1,,General,General
措置,そち,sochi,"measure, step",N1,,General,General
其方,そちら,sochira,"over there, the other",N1,,General,General
素っ気ない,そっけない,sokkenai,"cold, short, curt, blunt",N1,,General,General
率直,そっちょく,socchoku,"frankness, candour, openheartedness",N1,,General,General
外方,そっぽ,soppo,look (or turn) the other way,N1,,General,General
備え付ける,そなえつける,sonaetsukeru,"to provide, to furnish, to equip, to install",N1,,General,General
備わる,そなわる,sonawaru,"to be furnished with, to be endowed with, to possess, to be among, to be one of, to be possessed of",N1,,General,General
園,その,sono,"garden, park, plantation",N1,,General,General
その上,そのうえ,sonoue,"in addition, furthermore",N1,,General,General
その内,そのうち,sonouchi,"eventually, sooner or later, of the previously mentioned",N1,,General,General
その為,そのため,sonotame,"hence, for that reason",N1,,General,General
その外,そのほか,sonohoka,"besides, in addition, the rest",N1,,General,General
其の儘,そのまま,sonomama,"without change, as it is (i.e. now)",N1,,General,General
聳える,そびえる,sobieru,"to rise, to tower, to soar",N1,,General,General
素朴,そぼく,soboku,"simplicity, artlessness, naivete",N1,,General,General
染まる,そまる,somaru,to dye,N1,,General,General
背く,そむく,somuku,"to run counter to, to go against, to disobey, to infringe",N1,,General,General
染める,そめる,someru,"to dye, to colour",N1,,General,General
逸らす,そらす,sorasu,"to turn away, to avert",N1,,General,General
反り,そり,sori,"warp, curvature, curve, arch",N1,,General,General
其れ,それ,sore,"it, that",N1,,General,General
其れから,それから,sorekara,"and then, after that",N1,,General,General
各々,それぞれ,sorezore,"each, every, either, respectively, severally",N1,,General,General
其れで,それで,sorede,"and (conj), thereupon, because of that",N1,,General,General
其れでは,それでは,soredeha,"in that situation, well then ...",N1,,General,General
其れでも,それでも,soredemo,"but (still), and yet, nevertheless, even so, notwithstanding",N1,,General,General
其れ共,それとも,soretomo,"or, or else",N1,,General,General
其れに,それに,soreni,"besides, moreover",N1,,General,General
其れ程,それほど,sorehodo,"to that degree, extent",N1,,General,General
其れ故,それゆえ,soreyue,"therefore, for that reason, so",N1,,General,General
揃い,そろい,soroi,"set, suit, uniform",N1,,General,General
徐々,そろそろ,sorosoro,"gradually, steadily, quietly, slowly, soon",N1,,General,General
損失,そんしつ,sonshitsu,loss,N1,,General,General
存続,そんぞく,sonzoku,"duration, continuance",N1,,General,General
沿い,ぞい,zoi,along,N1,,General,General
像,ぞう,zou,"statue, image, figure, picture, portrait",N1,,General,General
増強,ぞうきょう,zoukyou,"augment, reinforce, increase",N1,,General,General
蔵相,ぞうしょう,zoushou,Minister of Finance,N1,,General,General
増進,ぞうしん,zoushin,"promoting, increase, advance",N1,,General,General
,ぞんざい,zonzai,"rude, careless, slovenly",N1,,General,General
他意,たい,tai,"ill will, malice, another intention, secret purpose, ulterior motive, fickleness, double-mindedness",N1,,General,General
対応,たいおう,taiou,"interaction, correspondence, coping with, dealing with",N1,,General,General
退化,たいか,taika,"degeneration, retrogression",N1,,General,General
体格,たいかく,taikaku,"physique, constitution",N1,,General,General
大概,たいがい,taigai,"in general, mainly",N1,,General,General
退学,たいがく,taigaku,dropping out of school,N1,,General,General
大金,たいきん,taikin,great cost,N1,,General,General
待遇,たいぐう,taiguu,"treatment, reception",N1,,General,General
対決,たいけつ,taiketsu,"confrontation, showdown",N1,,General,General
体験,たいけん,taiken,personal experience,N1,,General,General
対抗,たいこう,taikou,"opposition, antagonism",N1,,General,General
対して,たいして,taishite,"for, in regard to, per",N1,,General,General
大衆,たいしゅう,taishuu,general public,N1,,General,General
対処,たいしょ,taisho,"deal with, cope",N1,,General,General
退職,たいしょく,taishoku,retirement (from office),N1,,General,General
退治,たいじ,taiji,extermination,N1,,General,General
態勢,たいせい,taisei,"attitude, conditions, preparations",N1,,General,General
対談,たいだん,taidan,"talk, dialogue, conversation",N1,,General,General
対等,たいとう,taitou,equivalent,N1,,General,General
滞納,たいのう,tainou,"non-payment, default",N1,,General,General
対比,たいひ,taihi,"contrast, comparison",N1,,General,General
大部,たいぶ,taibu,"most (e.g. most part), greater, fairly, a good deal, much",N1,,General,General
対辺,たいへん,taihen,(geometrical) opposite side,N1,,General,General
待望,たいぼう,taibou,expectant waiting,N1,,General,General
怠慢,たいまん,taiman,"negligence, procrastination, carelessness",N1,,General,General
対面,たいめん,taimen,"interview, meeting",N1,,General,General
対立,たいりつ,tairitsu,"confrontation, opposition, antagonism",N1,,General,General
体力,たいりょく,tairyoku,physical strength,N1,,General,General
対話,たいわ,taiwa,"interactive, interaction, conversation, dialogue",N1,,General,General
耐える,たえる,taeru,"to bear, to endure",N1,,General,General
絶える,たえる,taeru,"to die out, to peter out, to become extinct",N1,,General,General
堪える,たえる,taeru,"to bear, to stand, to endure, to put up with, to support, to withstand, to resist, to brave, to be fit for, t",N1,,General,General
高,たか,taka,"quantity, amount, volume, number, amount of money",N1,,General,General
高まる,たかまる,takamaru,"to rise, to swell, to be promoted",N1,,General,General
焚火,たきび,takibi,(open) fire,N1,,General,General
沢山,たくさん,takusan,"many, a lot, much",N1,,General,General
逞しい,たくましい,takumashii,"burly, strong, sturdy",N1,,General,General
巧み,たくみ,takumi,"skill, cleverness",N1,,General,General
類,たぐい,tagui,a kind,N1,,General,General
丈,たけ,take,"height, stature, length, measure, all (one has)",N1,,General,General
足し算,たしざん,tashizan,addition,N1,,General,General
多数決,たすうけつ,tasuuketsu,majority rule,N1,,General,General
助け,たすけ,tasuke,assistance,N1,,General,General
携わる,たずさわる,tazusawaru,"to participate, to take part",N1,,General,General
漂う,ただよう,tadayou,"to drift about, to float, to hang in air",N1,,General,General
館,たち,tachi,"1. mansion, small castle",N1,,General,General
立方,たちかた,tachikata,dancing (geisha),N1,,General,General
忽ち,たちまち,tachimachi,"at once, in a moment, suddenly, all at once",N1,,General,General
立ち寄る,たちよる,tachiyoru,"to stop by, to drop in for a short visit",N1,,General,General
達者,たっしゃ,tassha,"skillful, in good health",N1,,General,General
達成,たっせい,tassei,achievement,N1,,General,General
,たった,tatta,"only, merely, but, no more than",N1,,General,General
尊い,たっとい,tattoi,"precious, valuable, priceless, noble, exalted, sacred",N1,,General,General
貴い,たっとい,tattoi,"precious, valuable, priceless, noble, exalted, sacred",N1,,General,General
尊ぶ,たっとぶ,tattobu,"to value, to prize, to esteem",N1,,General,General
絶つ,たつ,tatsu,"to sever, to cut off, to suppress, to abstain (from)",N1,,General,General
盾,たて,tate,"shield, buckler, escutcheon, pretext",N1,,General,General
建前,たてまえ,tatemae,"face, official stance, public position or attitude (as opposed to private thoughts)",N1,,General,General
奉る,たてまつる,tatematsuru,"to offer, to present, to revere, to do respectfully",N1,,General,General
例え,たとえ,tatoe,"example, even if, if, though, although",N1,,General,General
仮令,たとえ,tatoe,"example, even if, if, though, although",N1,,General,General
他動詞,たどうし,tadoushi,transitive verb (direct obj),N1,,General,General
辿り着く,たどりつく,tadoritsuku,"to grope along to, to struggle on to, to arrive somewhere after a struggle",N1,,General,General
辿る,たどる,tadoru,"to follow (road), to pursue (course), to follow up",N1,,General,General
掌,たなごころ,tanagokoro,the palm,N1,,General,General
楽しむ,たのしむ,tanoshimu,to enjoy oneself,N1,,General,General
頼み,たのみ,tanomi,"request, favor, reliance, dependence",N1,,General,General
煙草,たばこ,tabako,"(pt:) (n) (uk) tobacco (pt: tabaco), cigarettes",N1,,General,General
度々,たびたび,tabitabi,"often, repeatedly, frequently",N1,,General,General
他方,たほう,tahou,"another side, different direction, (on) the other hand",N1,,General,General
多忙,たぼう,tabou,"busy, pressure of work",N1,,General,General
給う,たまう,tamau,"to receive, to grant",N1,,General,General
偶に,たまに,tamani,"occasionally, once in a while",N1,,General,General
堪らない,たまらない,tamaranai,"intolerable, unbearable, unendurable",N1,,General,General
溜まり,たまり,tamari,"collected things, gathering place, arrears",N1,,General,General
賜る,たまわる,tamawaru,"to grant, to bestow",N1,,General,General
例,ためし,tameshi,"instance, example, case, precedent, experience, custom, usage, parallel, illustration",N1,,General,General
躊躇う,ためらう,tamerau,to hesitate,N1,,General,General
保つ,たもつ,tamotsu,"to keep, to preserve, to hold, to retain, to maintain, to support, to sustain, to last, to endure, to keep we",N1,,General,General
容易い,たやすい,tayasui,"easy, simple, light",N1,,General,General
多様,たよう,tayou,"diversity, variety",N1,,General,General
弛み,たるみ,tarumi,"slack, slackening, dullness, letdown",N1,,General,General
弛む,たるむ,tarumu,"to slacken, to loosen, to relax",N1,,General,General
誰,たれ,tare,adjectival suffix for a person,N1,,General,General
垂れる,たれる,tareru,"to hang, to droop, to drop, to lower, to pull down, to dangle, to sag, to drip, to ooze, to trickle, to leave",N1,,General,General
歎,たん,tan,"grief, sigh, lamentation",N1,,General,General
反,たん,tan,"roll of cloth (c. 10 yds.), .245 acres, 300 tsubo",N1,,General,General
単一,たんいつ,tanitsu,"single, simple, sole, individual, unitory",N1,,General,General
短歌,たんか,tanka,"tanka, 31-syllable Japanese poem",N1,,General,General
担架,たんか,tanka,"stretcher, litter",N1,,General,General
短気,たんき,tanki,quick temper,N1,,General,General
探検,たんけん,tanken,"exploration, expedition",N1,,General,General
短縮,たんしゅく,tanshuku,"shortening, abbreviation, reduction",N1,,General,General
箪笥,たんす,tansu,chest of drawers,N1,,General,General
炭素,たんそ,tanso,carbon (C),N1,,General,General
短大,たんだい,tandai,junior college,N1,,General,General
単調,たんちょう,tanchou,"monotony, monotone, dullness",N1,,General,General
単独,たんどく,tandoku,"sole, independence, single, solo (flight)",N1,,General,General
短波,たんぱ,tanpa,short wave,N1,,General,General
蛋白質,たんぱくしつ,tanpakushitsu,protein,N1,,General,General
第,だい,dai,ordinal,N1,,General,General
第一,だいいち,daiichi,"first, foremost, # 1",N1,,General,General
大胆,だいたん,daitan,"bold, daring, audacious",N1,,General,General
台無し,だいなし,dainashi,"mess, spoiled, (come to) nothing",N1,,General,General
大便,だいべん,daiben,"feces, excrement, shit",N1,,General,General
代弁,だいべん,daiben,"pay by proxy, act for another, speak for another",N1,,General,General
台本,だいほん,daihon,"libretto, scenario",N1,,General,General
代用,だいよう,daiyou,substitution,N1,,General,General
打開,だかい,dakai,break in the deadlock,N1,,General,General
妥協,だきょう,dakyou,"compromise, giving in",N1,,General,General
丈,だけ,dake,"only, just, as",N1,,General,General
妥結,だけつ,daketsu,agreement,N1,,General,General
打撃,だげき,dageki,"1. blow, shock, strike, damage, 2. batting (baseball)",N1,,General,General
駄作,ださく,dasaku,"poor work, rubbish",N1,,General,General
脱出,だっしゅつ,dasshutsu,escape,N1,,General,General
脱する,だっする,dassuru,"to escape from, to get out",N1,,General,General
脱退,だったい,dattai,secession,N1,,General,General
,だぶだぶ,dabudabu,"loose, baggy",N1,,General,General
騙す,だます,damasu,"to trick, to cheat, to deceive",N1,,General,General
,だらけ,darake,implying (negatively) that something is full of e.g. mistakes,N1,,General,General
怠い,だるい,darui,"sluggish, feel heavy, languid, dull",N1,,General,General
壇,だん,dan,"1. platform, podium, rostrum, 2. (arch) mandala",N1,,General,General
団結,だんけつ,danketsu,"unity, union, combination",N1,,General,General
断言,だんげん,dangen,"declaration, affirmation",N1,,General,General
断然,だんぜん,danzen,"firmly, absolutely, definitely",N1,,General,General
段々,だんだん,dandan,"gradually, by degrees",N1,,General,General
旦那,だんな,danna,"master (of house), husband (informal)",N1,,General,General
断面,だんめん,danmen,cross section,N1,,General,General
弾力,だんりょく,danryoku,"elasticity, flexibility",N1,,General,General
治安,ちあん,chian,public order,N1,,General,General
近付く,ちかづく,chikazuku,"to approach, to get near, to get acquainted with, to get closer",N1,,General,General
違える,ちがえる,chigaeru,to change,N1,,General,General
契る,ちぎる,chigiru,"to pledge, to promise, to swear",N1,,General,General
畜産,ちくさん,chikusan,animal husbandry,N1,,General,General
畜生,ちくしょう,chikushou,"beast, brute, damn",N1,,General,General
蓄積,ちくせき,chikuseki,"accumulation, accumulate, store",N1,,General,General
知性,ちせい,chisei,intelligence,N1,,General,General
乳,ちち,chichi,"milk, breast, loop",N1,,General,General
父母,ちちはは,chichihaha,"father and mother, parents",N1,,General,General
縮まる,ちぢまる,chijimaru,"to be shortened, to be contracted, to shrink",N1,,General,General
窒息,ちっそく,chissoku,suffocation,N1,,General,General
些とも,ちっとも,chittomo,not at all (neg. verb),N1,,General,General
秩序,ちつじょ,chitsujo,"order, regularity, system, method",N1,,General,General
知的,ちてき,chiteki,intellectual,N1,,General,General
著,ちゃく,chaku,"counter for suits of clothing, arriving at ..",N1,,General,General
着,ちゃく,chaku,"counter for suits of clothing, arriving at ..",N1,,General,General
着手,ちゃくしゅ,chakushu,"embarkation, launch",N1,,General,General
着色,ちゃくしょく,chakushoku,"colouring, coloring",N1,,General,General
着席,ちゃくせき,chakuseki,"sit down, seat",N1,,General,General
着目,ちゃくもく,chakumoku,attention,N1,,General,General
着陸,ちゃくりく,chakuriku,"landing, alighting, touch down",N1,,General,General
着工,ちゃっこう,chakkou,start of (construction) work,N1,,General,General
茶の間,ちゃのま,chanoma,living room (Japanese style),N1,,General,General
茶の湯,ちゃのゆ,chanoyu,tea ceremony,N1,,General,General
,ちやほや,chiyahoya,"pamper, make a fuss of, spoil",N1,,General,General
昼間,ちゅうかん,chuukan,"daytime, during the day",N1,,General,General
宙返り,ちゅうがえり,chuugaeri,"somersault, looping-the-loop",N1,,General,General
中継,ちゅうけい,chuukei,"relay, hook-up",N1,,General,General
忠告,ちゅうこく,chuukoku,"advice, warning",N1,,General,General
中指,ちゅうし,chuushi,middle finger,N1,,General,General
中傷,ちゅうしょう,chuushou,"slander, libel, defamation",N1,,General,General
忠実,ちゅうじつ,chuujitsu,"fidelity, faithfulness",N1,,General,General
中枢,ちゅうすう,chuusuu,"centre, pivot, mainstay, nucleus, backbone, central figure, pillar, key man",N1,,General,General
抽選,ちゅうせん,chuusen,"lottery, raffle, drawing (of lots)",N1,,General,General
中断,ちゅうだん,chuudan,"interruption, suspension, break",N1,,General,General
中腹,ちゅうっぱら,chuuppara,"irritated, offended",N1,,General,General
中毒,ちゅうどく,chuudoku,poisoning,N1,,General,General
仲人,ちゅうにん,chuunin,"go-between, matchmaker",N1,,General,General
昼飯,ちゅうはん,chuuhan,"lunch, midday meal",N1,,General,General
中立,ちゅうりつ,chuuritsu,neutrality,N1,,General,General
中和,ちゅうわ,chuuwa,"neutralize, counteract",N1,,General,General
腸,ちょう,chou,"guts, bowels, intestines",N1,,General,General
蝶,ちょう,chou,butterfly,N1,,General,General
超,ちょう,chou,"super-, ultra-, hyper-",N1,,General,General
庁,ちょう,chou,government office,N1,,General,General
調印,ちょういん,chouin,"signature, sign, sealing",N1,,General,General
聴覚,ちょうかく,choukaku,the sense of hearing,N1,,General,General
長官,ちょうかん,choukan,"chief, (government) secretary",N1,,General,General
聴講,ちょうこう,choukou,"lecture attendance, auditing",N1,,General,General
徴収,ちょうしゅう,choushuu,"collection, levy",N1,,General,General
聴診器,ちょうしんき,choushinki,stethoscope,N1,,General,General
挑戦,ちょうせん,chousen,"challenge, defiance",N1,,General,General
長大,ちょうだい,choudai,"very long, great length",N1,,General,General
調停,ちょうてい,choutei,"arbitration, conciliation, mediation",N1,,General,General
恰度,ちょうど,choudo,"just, right, exactly",N1,,General,General
長編,ちょうへん,chouhen,long (e.g. novel film),N1,,General,General
丁目,ちょうめ,choume,"district of a town, city block (of irregular size)",N1,,General,General
調理,ちょうり,chouri,cooking,N1,,General,General
調和,ちょうわ,chouwa,harmony,N1,,General,General
,ちょくちょく,chokuchoku,"often, frequently, now and then, occasionally",N1,,General,General
直面,ちょくめん,chokumen,confrontation,N1,,General,General
著書,ちょしょ,chosho,"literary work, book",N1,,General,General
貯蓄,ちょちく,chochiku,savings,N1,,General,General
直感,ちょっかん,chokkan,intuition,N1,,General,General
一寸,ちょっと,chotto,"(ateji) (adv int) (uk) just a minute, a short time, a while, just a little, somewhat, easily, readily, rath",N1,,General,General
著名,ちょめい,chomei,"well-known, noted, celebrated",N1,,General,General
,ちらっと,chiratto,"at a glance, by accident",N1,,General,General
塵取り,ちりとり,chiritori,dustpan,N1,,General,General
治療,ちりょう,chiryou,medical treatment,N1,,General,General
賃金,ちんぎん,chingin,wages,N1,,General,General
沈殿,ちんでん,chinden,"precipitation, settlement",N1,,General,General
沈没,ちんぼつ,chinbotsu,"sinking, foundering",N1,,General,General
沈黙,ちんもく,chinmoku,"silence, reticence",N1,,General,General
陳列,ちんれつ,chinretsu,"exhibition, display, show",N1,,General,General
追及,ついきゅう,tsuikyuu,"gaining on, carrying out, solving (crime)",N1,,General,General
追跡,ついせき,tsuiseki,pursuit,N1,,General,General
次いで,ついで,tsuide,"next, secondly, subsequently",N1,,General,General
追放,ついほう,tsuihou,"exile, banishment",N1,,General,General
費やす,ついやす,tsuiyasu,"to spend, to devote, to waste",N1,,General,General
墜落,ついらく,tsuiraku,"falling, crashing",N1,,General,General
通,つう,tsuu,"connoisseur, counter for letters",N1,,General,General
痛感,つうかん,tsuukan,"feeling keenly, fully realizing",N1,,General,General
通常,つうじょう,tsuujou,"common, general, usually",N1,,General,General
痛切,つうせつ,tsuusetsu,"keen, acute",N1,,General,General
杖,つえ,tsue,cane,N1,,General,General
遣い,つかい,tsukai,"mission, simple task, doing",N1,,General,General
使い道,つかいみち,tsukaimichi,use,N1,,General,General
仕える,つかえる,tsukaeru,"to serve, to work for",N1,,General,General
司る,つかさどる,tsukasadoru,"to rule, to govern, to administer",N1,,General,General
束の間,つかのま,tsukanoma,"moment, brief time, brief, transient",N1,,General,General
付き,つき,tsuki,"attached to, impression, sociality, appearance, furnished with, under, to",N1,,General,General
付き合う,つきあう,tsukiau,"to associate with, to keep company with, to get on with",N1,,General,General
月並み,つきなみ,tsukinami,"every month, common",N1,,General,General
尽きる,つきる,tsukiru,"to be used up, to be run out, to be exhausted, to be consumed, to come to an end",N1,,General,General
継ぎ目,つぎめ,tsugime,"a joint, joining point",N1,,General,General
吐く,つく,tsuku,"1. to breathe, 2. to tell (lies), 3. to vomit, to disgorge",N1,,General,General
尽くす,つくす,tsukusu,"to exhaust, to run out, to serve (a person), to befriend",N1,,General,General
作り,つくり,tsukuri,"make-up, sliced raw fish",N1,,General,General
造り,つくり,tsukuri,"make up, structure, physique",N1,,General,General
造る,つくる,tsukuru,"to make, to create, to manufacture, to draw up, to write, to compose, to build, to coin, to cultivate, to org",N1,,General,General
繕う,つくろう,tsukurou,"to mend, to repair, to fix, to patch up, to darn, to tidy up, to adjust, to trim",N1,,General,General
接ぐ,つぐ,tsugu,"to join, to piece together, to set (bones), to graft (trees)",N1,,General,General
継ぐ,つぐ,tsugu,to succeed,N1,,General,General
付け加える,つけくわえる,tsukekuwaeru,to add one thing to another,N1,,General,General
告げる,つげる,tsugeru,to inform,N1,,General,General
辻褄,つじつま,tsujitsuma,"coherence, consistency",N1,,General,General
途中,つちゅう,tsuchuu,"on the way, en route",N1,,General,General
突っ張る,つっぱる,tsupparu,"to support, to become stiff, to become taut, to thrust (ones opponent), to stick to (ones opinion), to in",N1,,General,General
筒,つつ,tsutsu,"pipe, tube",N1,,General,General
銃,つつ,tsutsu,gun,N1,,General,General
突く,つつく,tsutsuku,"1. to thrust, to strike, to attack, 2. to poke, to nudge, to pick at",N1,,General,General
慎む,つつしむ,tsutsushimu,"to be careful, to be chaste or discreet, to abstain or refrain",N1,,General,General
伝言,つてごと,tsutegoto,"verbal message, rumor, word",N1,,General,General
勤まる,つとまる,tsutomaru,"to be fit for, to be equal to, to function properly",N1,,General,General
勤め先,つとめさき,tsutomesaki,place of work,N1,,General,General
努めて,つとめて,tsutomete,"make an effort!, work hard!",N1,,General,General
津波,つなみ,tsunami,"tsunami, tidal wave",N1,,General,General
抓る,つねる,tsuneru,to pinch,N1,,General,General
募る,つのる,tsunoru,"to invite, to solicit help participation etc",N1,,General,General
唾,つば,tsuba,"saliva, sputum",N1,,General,General
呟く,つぶやく,tsubuyaku,"to mutter, to murmur",N1,,General,General
瞑る,つぶる,tsuburu,to close the eyes,N1,,General,General
壷,つぼ,tsubo,"tsubo jar, pot, vase",N1,,General,General
蕾,つぼみ,tsubomi,"bud, flower bud",N1,,General,General
躓く,つまずく,tsumazuku,"to stumble, to trip",N1,,General,General
摘む,つまむ,tsumamu,"to pinch, to hold, to pick up",N1,,General,General
詰らない,つまらない,tsumaranai,"insignificant, boring, trifling",N1,,General,General
詰まり,つまり,tsumari,"in short, in brief, in other words, that is to say, in the long run, after all, blockade, stuffing, ultimate",N1,,General,General
積もり,つもり,tsumori,"intention, plan",N1,,General,General
露,つゆ,tsuyu,dew,N1,,General,General
強まる,つよまる,tsuyomaru,"to get strong, to gain strength",N1,,General,General
強める,つよめる,tsuyomeru,"to strengthen, to emphasize",N1,,General,General
連なる,つらなる,tsuranaru,"to extend, to stretch out, to stand in a row",N1,,General,General
貫く,つらぬく,tsuranuku,to go through,N1,,General,General
連ねる,つらねる,tsuraneru,"to link, to join, to put together",N1,,General,General
釣り,つり,tsuri,"fishing, angling",N1,,General,General
吊り革,つりかわ,tsurikawa,strap,N1,,General,General
釣鐘,つりがね,tsurigane,hanging bell,N1,,General,General
吊るす,つるす,tsurusu,to hang,N1,,General,General
手当て,てあて,teate,"allowance, compensation, treatment, medical care",N1,,General,General
体,てい,tei,"appearance, air, condition, state, form",N1,,General,General
提供,ていきょう,teikyou,"offer, tender, program sponsoring, furnishing",N1,,General,General
定義,ていぎ,teigi,definition,N1,,General,General
提携,ていけい,teikei,"cooperation, tie-up, joint business, link-up",N1,,General,General
体裁,ていさい,teisai,"decency, style, form, appearance, show, get-up, format",N1,,General,General
梯子,ていし,teishi,"ladder, stairs",N1,,General,General
定食,ていしょく,teishoku,"set meal, special (of the day)",N1,,General,General
提示,ていじ,teiji,"presentation, exhibit, suggest, citation",N1,,General,General
訂正,ていせい,teisei,"correction, revision",N1,,General,General
停滞,ていたい,teitai,"stagnation, tie-up, congestion, retention, accumulation, falling into arrears",N1,,General,General
邸宅,ていたく,teitaku,"mansion, residence",N1,,General,General
定年,ていねん,teinen,retirement age,N1,,General,General
堤防,ていぼう,teibou,"bank, weir",N1,,General,General
手遅れ,ておくれ,teokure,"too late, belated treatment",N1,,General,General
手数,てかず,tekazu,"number of moves, trouble",N1,,General,General
手掛かり,てがかり,tegakari,"contact, trail, scent, on hand, hand hold, clue, key",N1,,General,General
手掛ける,てがける,tegakeru,"to handle, to manage, to work with, to rear, to look after, to have experience with",N1,,General,General
手軽,てがる,tegaru,"easy, simple, informal, offhand, cheap",N1,,General,General
的,てき,teki,"-like, typical",N1,,General,General
適応,てきおう,tekiou,"adaptation, accommodation, conformity",N1,,General,General
適宜,てきぎ,tekigi,suitability,N1,,General,General
適性,てきせい,tekisei,aptitude,N1,,General,General
手際,てぎわ,tegiwa,"performance, skill, tact",N1,,General,General
手順,てじゅん,tejun,"process, procedure, protocol",N1,,General,General
手錠,てじょう,tejou,"handcuffs, manacles",N1,,General,General
手近,てぢか,tejika,"near, handy, familiar",N1,,General,General
,てっきり,tekkiri,"surely, certainly, beyond doubt",N1,,General,General
鉄鋼,てっこう,tekkou,iron and steel,N1,,General,General
徹する,てっする,tessuru,"to sink in, to penetrate, to devote oneself, to believe in, to go through, to do intently and exclusively",N1,,General,General
鉄片,てっぺん,teppen,iron scraps,N1,,General,General
手配,てはい,tehai,"arrangement, search (by police)",N1,,General,General
手筈,てはず,tehazu,"arrangement, plan, programme",N1,,General,General
手引き,てびき,tebiki,"guidance, guide, introduction",N1,,General,General
手本,てほん,tehon,"model, pattern",N1,,General,General
手回し,てまわし,temawashi,"preparations, arrangements",N1,,General,General
手元,てもと,temoto,"on hand, at hand, at home",N1,,General,General
照り返す,てりかえす,terikaesu,"to reflect, to throw back light",N1,,General,General
手分け,てわけ,tewake,division of labour,N1,,General,General
店,てん,ten,"store, shop, establishment",N1,,General,General
点火,てんか,tenka,"ignition, lighting, set fire to",N1,,General,General
転回,てんかい,tenkai,"revolution, rotation",N1,,General,General
転換,てんかん,tenkan,"convert, divert",N1,,General,General
転居,てんきょ,tenkyo,"moving, changing residence",N1,,General,General
転勤,てんきん,tenkin,"transfer, transmission",N1,,General,General
点検,てんけん,tenken,"inspection, examination, checking",N1,,General,General
転校,てんこう,tenkou,change schools,N1,,General,General
天国,てんごく,tengoku,"paradise, heaven, Kingdom of Heaven",N1,,General,General
天才,てんさい,tensai,"genius, prodigy, natural gift",N1,,General,General
天災,てんさい,tensai,"natural calamity, disaster",N1,,General,General
展示,てんじ,tenji,"exhibition, display",N1,,General,General
天井,てんじょう,tenjou,"ceiling, ceiling price",N1,,General,General
転じる,てんじる,tenjiru,"to turn, to shift, to alter, to distract",N1,,General,General
点線,てんせん,tensen,"dotted line, perforated line",N1,,General,General
天体,てんたい,tentai,heavenly body,N1,,General,General
転転,てんてん,tenten,"rolling about, moving from place to place, being passed around repeatedly",N1,,General,General
,てんで,tende,"(not) at all, altogether, entirely",N1,,General,General
転任,てんにん,tennin,change of post,N1,,General,General
展望,てんぼう,tenbou,"view, outlook, prospect",N1,,General,General
転落,てんらく,tenraku,"fall, degradation, slump",N1,,General,General
出合う,であう,deau,"to meet by chance, to come across, to happen to encounter, to hold a rendezvous, to have a date",N1,,General,General
出入り口,でいりぐち,deiriguchi,exit and entrance,N1,,General,General
,でかい,dekai,huge,N1,,General,General
出来物,できもの,dekimono,"able man, tumour, growth, boil, ulcer, abcess, rash, pimple",N1,,General,General
出切る,できる,dekiru,"to be out of, to have no more at hand",N1,,General,General
出くわす,でくわす,dekuwasu,"to happen to meet, to come across",N1,,General,General
出鱈目,でたらめ,detarame,"irresponsible utterance, nonsense, nonsensical, random, haphazard, unsystematic",N1,,General,General
出直し,でなおし,denaoshi,"adjustment, touch up",N1,,General,General
田園,でんえん,denen,"country, rural districts",N1,,General,General
電源,でんげん,dengen,"source of electricity, power (button on TV etc.)",N1,,General,General
伝説,でんせつ,densetsu,"tradition, legend, folklore",N1,,General,General
電線,でんせん,densen,electric line,N1,,General,General
伝達,でんたつ,dentatsu,"transmission (e.g. news), communication, delivery",N1,,General,General
伝来,でんらい,denrai,"ancestral, hereditary, imported, transmitted, handed down",N1,,General,General
,と,to,"1. if (conjunction), 2. promoted pawn (shogi) (abbr)",N1,,General,General
問い合わせる,といあわせる,toiawaseru,"to enquire, to seek information",N1,,General,General
問屋,といや,toiya,wholesale store,N1,,General,General
問う,とう,tou,"to ask, to question, to charge (i.e. with a crime), to accuse, without regard to (neg)",N1,,General,General
棟,とう,tou,"place, section, building",N1,,General,General
等,とう,tou,"et cetera, etc., and the like",N1,,General,General
陶器,とうき,touki,"pottery, ceramics",N1,,General,General
等級,とうきゅう,toukyuu,"grade, class",N1,,General,General
討議,とうぎ,tougi,"debate, discussion",N1,,General,General
登校,とうこう,toukou,attendance (at school),N1,,General,General
統合,とうごう,tougou,"integration, unification, synthesis",N1,,General,General
倒産,とうさん,tousan,"(corporate) bankruptcy, insolvency",N1,,General,General
投資,とうし,toushi,investment,N1,,General,General
統治,とうじ,touji,"rule, reign, government, governing",N1,,General,General
統制,とうせい,tousei,"regulation, control",N1,,General,General
当選,とうせん,tousen,"being elected, winning the prize",N1,,General,General
逃走,とうそう,tousou,"flight, desertion, escape",N1,,General,General
統率,とうそつ,tousotsu,"command, lead, generalship, leadership",N1,,General,General
到達,とうたつ,toutatsu,"reaching, attaining, arrival",N1,,General,General
到底,とうてい,toutei,(cannot) possibly,N1,,General,General
丁々,とうとう,toutou,"clashing of swords, felling of trees, ringing of an ax",N1,,General,General
投入,とうにゅう,tounyuu,"throw, investment, making (an electrical circuit)",N1,,General,General
当人,とうにん,tounin,"the one concerned, the said person",N1,,General,General
逃亡,とうぼう,toubou,escape,N1,,General,General
冬眠,とうみん,toumin,"hibernation, winter sleep",N1,,General,General
登録,とうろく,touroku,"registration, register, entry, record",N1,,General,General
討論,とうろん,touron,"debate, discussion",N1,,General,General
遠ざかる,とおざかる,toozakaru,to go far off,N1,,General,General
遠回り,とおまわり,toomawari,"detour, roundabout way",N1,,General,General
通りかかる,とおりかかる,toorikakaru,to happen to pass by,N1,,General,General
兎角,とかく,tokaku,"anyhow, anyway, somehow or other, generally speaking, in any case, this and that, many, be apt to",N1,,General,General
咎める,とがめる,togameru,"to blame, to find fault, to take someone to task, to aggravate (an injury)",N1,,General,General
時折,ときおり,tokiori,sometimes,N1,,General,General
跡切れる,とぎれる,togireru,"to pause, to be interrupted",N1,,General,General
説く,とく,toku,"to explain, to advocate, to preach, to persuade",N1,,General,General
特技,とくぎ,tokugi,special skill,N1,,General,General
特産,とくさん,tokusan,"specialty, special product",N1,,General,General
特集,とくしゅう,tokushuu,"feature (e.g. newspaper), special edition, report",N1,,General,General
得点,とくてん,tokuten,"score, points made, marks obtained, runs",N1,,General,General
特派,とくは,tokuha,"send specially, special envoy",N1,,General,General
特有,とくゆう,tokuyuu,"characteristic (of), peculiar (to)",N1,,General,General
研ぐ,とぐ,togu,"to sharpen, to grind, to scour, to hone, to polish, to wash (rice)",N1,,General,General
刺,とげ,toge,"thorn, splinter, spine, biting words",N1,,General,General
遂げる,とげる,togeru,"to accomplish, to achieve, to carry out",N1,,General,General
床,とこ,toko,"bed, sickbed, alcove, padding",N1,,General,General
所が,ところが,tokoroga,"however, while, even if",N1,,General,General
所で,ところで,tokorode,"by the way, even if, no matter what",N1,,General,General
年頃,としごろ,toshigoro,"age, marriageable age, age of puberty, adolescence, for some years",N1,,General,General
年寄り,としより,toshiyori,"old people, the aged",N1,,General,General
戸締り,とじまり,tojimari,"closing up, fastening the doors",N1,,General,General
途上,とじょう,tojou,"en route, half way",N1,,General,General
綴じる,とじる,tojiru,"to bind, to file",N1,,General,General
途絶える,とだえる,todaeru,"to stop, to cease, to come to an end",N1,,General,General
特許,とっきょ,tokkyo,"special permission, patent",N1,,General,General
疾っくに,とっくに,tokkuni,"long ago, already, a long time ago",N1,,General,General
特権,とっけん,tokken,"privilege, special right",N1,,General,General
咄嗟,とっさ,tossa,"moment, instant",N1,,General,General
取っ手,とって,totte,"handle, grip, knob",N1,,General,General
突破,とっぱ,toppa,"breaking through, breakthrough, penetration",N1,,General,General
突如,とつじょ,totsujo,"suddenly, all of a sudden",N1,,General,General
迚も,とても,totemo,"very, awfully, exceedingly",N1,,General,General
整える,ととのえる,totonoeru,"to put in order, to get ready, to arrange, to adjust",N1,,General,General
届け,とどけ,todoke,"report, notification, registration",N1,,General,General
滞る,とどこおる,todokooru,"to stagnate, to be delayed",N1,,General,General
止まる,とどまる,todomaru,to be limited to,N1,,General,General
留める,とどめる,todomeru,"to stop, to cease, to put an end to",N1,,General,General
止める,とどめる,todomeru,"to stop, to cease, to put an end to",N1,,General,General
唱える,となえる,tonaeru,"to recite, to chant, to call upon",N1,,General,General
兎に角,とにかく,tonikaku,"anyhow, at any rate, anyway, somehow or other, generally speaking, in any case",N1,,General,General
殿様,とのさま,tonosama,feudal lord,N1,,General,General
幕,とばり,tobari,"curtain, bunting, act (in play)",N1,,General,General
帳,とばり,tobari,curtain,N1,,General,General
扉,とびら,tobira,"door, opening",N1,,General,General
徒歩,とほ,toho,"walking, going on foot",N1,,General,General
乏しい,とぼしい,toboshii,"meagre, scarce, limited, destitute, hard up, scanty, poor",N1,,General,General
富,とみ,tomi,"wealth, fortune",N1,,General,General
富む,とむ,tomu,"to be rich, to become rich",N1,,General,General
兎も角,ともかく,tomokaku,"anyhow, anyway, somehow or other, generally speaking, in any case",N1,,General,General
共稼ぎ,ともかせぎ,tomokasegi,"working together, (husband and wife) earning a living together",N1,,General,General
灯,ともしび,tomoshibi,light,N1,,General,General
伴う,ともなう,tomonau,"to accompany, to bring with, to be accompanied by, to be involved in",N1,,General,General
共働き,ともばたらき,tomobataraki,dual income,N1,,General,General
捕らえる,とらえる,toraeru,"to seize, to grasp, to capture, to arrest",N1,,General,General
取りあえず,とりあえず,toriaezu,"at once, first of all, for the time being",N1,,General,General
取り扱い,とりあつかい,toriatsukai,"treatment, service, handling, management",N1,,General,General
取り扱う,とりあつかう,toriatsukau,"to treat, to handle, to deal in",N1,,General,General
鳥居,とりい,torii,torii (Shinto shrine archway),N1,,General,General
取り替え,とりかえ,torikae,"swap, exchange",N1,,General,General
取り組む,とりくむ,torikumu,"to tackle, to wrestle with, to engage in a bout, to come to grips with",N1,,General,General
取り締まり,とりしまり,torishimari,"control, management, supervision",N1,,General,General
取り締まる,とりしまる,torishimaru,"to manage, to control, to supervise",N1,,General,General
取り調べる,とりしらべる,torishiraberu,"to investigate, to examine",N1,,General,General
取り立てる,とりたてる,toritateru,"to collect, to extort, to appoint, to promote",N1,,General,General
取り次ぐ,とりつぐ,toritsugu,"to act as an agent for, to announce (someone), to convey (a message)",N1,,General,General
取り除く,とりのぞく,torinozoku,"to remove, to take away, to set apart",N1,,General,General
取り引き,とりひき,torihiki,"transactions, dealings, business",N1,,General,General
取り巻く,とりまく,torimaku,"to surround, to circle, to enclose",N1,,General,General
取り混ぜる,とりまぜる,torimazeru,"to mix, to put together",N1,,General,General
取り戻す,とりもどす,torimodosu,"to take back, to regain",N1,,General,General
取り寄せる,とりよせる,toriyoseru,"to order, to send away for",N1,,General,General
取り分,とりわけ,toriwake,"especially, above all",N1,,General,General
副,とりわけ,toriwake,"especially, above all",N1,,General,General
蕩ける,とろける,torokeru,to be enchanted with,N1,,General,General
,とんだ,tonda,"terrible, awful, serious, preposterous, absolutely not",N1,,General,General
胴,どう,dou,"trunk, body, frame",N1,,General,General
働,どう,dou,"work, labor",N1,,General,General
同,どう,dou,"the same, the said, ibid.",N1,,General,General
同意,どうい,doui,"agreement, consent, same meaning, same opinion, approval",N1,,General,General
動員,どういん,douin,mobilization,N1,,General,General
同感,どうかん,doukan,"agreement, same opinion, same feeling, sympathy, concurrence",N1,,General,General
動機,どうき,douki,"motive, incentive",N1,,General,General
同級,どうきゅう,doukyuu,"the same grade, same class",N1,,General,General
同居,どうきょ,doukyo,living together,N1,,General,General
動向,どうこう,doukou,"trend, tendency, movement, attitude",N1,,General,General
同士,どうし,doushi,"fellow, companion, comrade",N1,,General,General
同志,どうし,doushi,"same mind, comrade, kindred soul",N1,,General,General
如何して,どうして,doushite,"why?, for what reason, how, in what way, for what purpose, what for",N1,,General,General
如何しても,どうしても,doushitemo,"by all means, at any cost, no matter what, after all, in the long run, cravingly, at any rate, surely",N1,,General,General
同情,どうじょう,doujou,"sympathy, compassion, sympathize, pity, feel for",N1,,General,General
道場,どうじょう,doujou,"dojo, hall used for martial arts training, mandala",N1,,General,General
何卒,どうぞ,douzo,"please, kindly, by all means",N1,,General,General
どうぞ宜しく,どうぞよろしく,douzoyoroshiku,pleased to meet you,N1,,General,General
同調,どうちょう,douchou,"sympathy, agree with, alignment, tuning",N1,,General,General
動的,どうてき,douteki,"dynamic, kinetic",N1,,General,General
同等,どうとう,doutou,"equality, equal, same rights, same rank",N1,,General,General
堂々,どうどう,doudou,"magnificent, grand, impressive",N1,,General,General
,どうにか,dounika,"in some way or other, one way or another",N1,,General,General
導入,どうにゅう,dounyuu,"introduction, bringing in, leading in",N1,,General,General
同封,どうふう,doufuu,enclosure (e.g. in a letter),N1,,General,General
同盟,どうめい,doumei,"alliance, union, league",N1,,General,General
,どうやら,douyara,"it seems like, somehow or other",N1,,General,General
動揺,どうよう,douyou,"disturbance, unrest, shaking, trembling, pitching, rolling, oscillation, agitation, excitement, commotion",N1,,General,General
動力,どうりょく,douryoku,"power, motive power, dynamic force",N1,,General,General
独裁,どくさい,dokusai,"dictatorship, despotism",N1,,General,General
読者,どくしゃ,dokusha,reader,N1,,General,General
独自,どくじ,dokuji,"original, peculiar, characteristic",N1,,General,General
独占,どくせん,dokusen,monopoly,N1,,General,General
独創,どくそう,dokusou,originality,N1,,General,General
何処,どこ,doko,"where, what place",N1,,General,General
何処か,どこか,dokoka,"somewhere, anywhere, in some respects",N1,,General,General
土産,どさん,dosan,product of the land,N1,,General,General
土台,どだい,dodai,"foundation, base, basis",N1,,General,General
何方,どちら,dochira,"which, who",N1,,General,General
土手,どて,dote,"embankment, bank",N1,,General,General
何方,どなた,donata,who?,N1,,General,General
怒鳴る,どなる,donaru,"to shout, to yell",N1,,General,General
何の,どの,dono,"which, what",N1,,General,General
土俵,どひょう,dohyou,arena,N1,,General,General
土木,どぼく,doboku,public works,N1,,General,General
何れ,どれ,dore,"well, now, let me see, which (of three or more)",N1,,General,General
何々,どれどれ,doredore,which (emphatic),N1,,General,General
度忘れ,どわすれ,dowasure,"lapse of memory, forget for a moment",N1,,General,General
鈍感,どんかん,donkan,"thickheadedness, stolidity",N1,,General,General
内閣,ないかく,naikaku,"cabinet, (government) ministry",N1,,General,General
乃至,ないし,naishi,"from...to, between...and, or",N1,,General,General
内臓,ないぞう,naizou,"internal organs, intestines, viscera",N1,,General,General
内部,ないぶ,naibu,"interior, inside, internal",N1,,General,General
内乱,ないらん,nairan,"civil war, insurrection, rebellion, domestic conflict",N1,,General,General
内陸,ないりく,nairiku,inland,N1,,General,General
苗,なえ,nae,rice seedling,N1,,General,General
尚,なお,nao,"furthermore, still, yet, more, still more, greater, further, less",N1,,General,General
尚更,なおさら,naosara,"all the more, still less",N1,,General,General
中程,なかほど,nakahodo,"middle, midway",N1,,General,General
流し,ながし,nagashi,sink,N1,,General,General
長々,ながなが,naganaga,"long, drawn-out, very long",N1,,General,General
殴る,なぐる,naguru,"to strike, to hit",N1,,General,General
嘆く,なげく,nageku,"to sigh, to lament, to grieve",N1,,General,General
投げ出す,なげだす,nagedasu,"to throw down, to abandon, to sacrifice, to throw out",N1,,General,General
和やか,なごやか,nagoyaka,"mild, calm, gentle, quiet, harmonious",N1,,General,General
名残,なごり,nagori,"remains, traces, memory",N1,,General,General
情け,なさけ,nasake,"sympathy, compassion",N1,,General,General
情け深い,なさけぶかい,nasakebukai,"tender-hearted, compassionate",N1,,General,General
為さる,なさる,nasaru,to do,N1,,General,General
詰る,なじる,najiru,"to rebuke, to scold, to tell off",N1,,General,General
何故,なぜ,naze,"why, how",N1,,General,General
何故なら,なぜなら,nazenara,because,N1,,General,General
名高い,なだかい,nadakai,"famous, celebrated, well-known",N1,,General,General
雪崩,なだれ,nadare,avalanche,N1,,General,General
懐く,なつく,natsuku,to become emotionally attached,N1,,General,General
名付ける,なづける,nazukeru,to name (someone),N1,,General,General
何気ない,なにげない,nanigenai,"casual, unconcerned",N1,,General,General
何しろ,なにしろ,nanishiro,"at any rate, anyhow, anyway, in any case",N1,,General,General
何卒,なにとぞ,nanitozo,please,N1,,General,General
何も,なにも,nanimo,nothing,N1,,General,General
何より,なにより,naniyori,"most, best",N1,,General,General
七日,なぬか,nanuka,"seven days, the seventh day (of the month)",N1,,General,General
名札,なふだ,nafuda,"name plate, name tag",N1,,General,General
生臭い,なまぐさい,namagusai,"smelling of fish or blood, fish or meat",N1,,General,General
生温い,なまぬるい,namanurui,"lukewarm, halfhearted",N1,,General,General
生身,なまみ,namami,"living flesh, flesh and blood, the quick",N1,,General,General
鉛,なまり,namari,lead (the metal),N1,,General,General
鈍る,なまる,namaru,"to become less capable, to grow dull, to become blunt, to weaken",N1,,General,General
並み,なみ,nami,"average, medium, common, ordinary",N1,,General,General
滑らか,なめらか,nameraka,"smoothness, glassiness",N1,,General,General
嘗める,なめる,nameru,"to lick, to taste, to experience, to make fun of, to make light of, to put down, to treat with contempt",N1,,General,General
悩ましい,なやましい,nayamashii,"seductive, melancholy, languid",N1,,General,General
悩ます,なやます,nayamasu,"to afflict, to torment, to harass, to molest",N1,,General,General
悩み,なやみ,nayami,"trouble(s), worry, distress, anguish, agony, problem",N1,,General,General
平均,ならし,narashi,"equilibrium, balance, average, mean",N1,,General,General
慣らす,ならす,narasu,to accustom,N1,,General,General
馴らす,ならす,narasu,"to domesticate, to tame",N1,,General,General
並びに,ならびに,narabini,and,N1,,General,General
成り立つ,なりたつ,naritatsu,"to conclude, to consist of, to be practical (logical feasible viable), to hold true",N1,,General,General
成る丈,なるたけ,narutake,"as much as possible, if possible",N1,,General,General
成るべく,なるべく,narubeku,as much as possible,N1,,General,General
慣れ,なれ,nare,"practice, experience",N1,,General,General
馴れ馴れしい,なれなれしい,narenareshii,over-familiar,N1,,General,General
難,なん,nan,"difficulty, hardships, defect",N1,,General,General
南,なん,nan,south,N1,,General,General
,なんか,nanka,"things like ..., or something like that .. (often derogatory)",N1,,General,General
何だか,なんだか,nandaka,"a little, somewhat, somehow",N1,,General,General
,なんだかんだ,nandakanda,something or other,N1,,General,General
何て,なんて,nante,"how...!, what...!",N1,,General,General
何と,なんと,nanto,"what, how, whatever",N1,,General,General
何となく,なんとなく,nantonaku,"somehow or other, for some reason or another",N1,,General,General
何とも,なんとも,nantomo,"nothing (with neg. verb), quite, not a bit",N1,,General,General
何なり,なんなり,nannari,"any, anything, whatever",N1,,General,General
荷,に,ni,"load, baggage, cargo",N1,,General,General
似通う,にかよう,nikayou,to resemble closely,N1,,General,General
面皰,にきび,nikibi,"pimple, acne",N1,,General,General
賑わう,にぎわう,nigiwau,"to prosper, to flourish, to do thriving business, to be crowded with people",N1,,General,General
悪い,にくい,nikui,"hateful, abominable, poor-looking",N1,,General,General
憎しみ,にくしみ,nikushimi,hatred,N1,,General,General
肉親,にくしん,nikushin,"blood relationship, blood relative",N1,,General,General
肉体,にくたい,nikutai,"the body, the flesh",N1,,General,General
逃げ出す,にげだす,nigedasu,"to run away, to escape from",N1,,General,General
西日,にしび,nishibi,westering sun,N1,,General,General
滲む,にじむ,nijimu,"to run, to blur, to spread, to blot, to ooze",N1,,General,General
日夜,にちや,nichiya,"day and night, always",N1,,General,General
日当,にっとう,nittou,daily allowance,N1,,General,General
荷造り,にづくり,nizukuri,"packing, baling, crating",N1,,General,General
担う,になう,ninau,"to carry on shoulder, to bear (burden), to shoulder (gun)",N1,,General,General
二人,ににん,ninin,"two persons, two people, pair, couple",N1,,General,General
にも拘らず,にもかかわらず,nimokakawarazu,"in spite of, nevertheless",N1,,General,General
入手,にゅうしゅ,nyuushu,"obtaining, coming to hand",N1,,General,General
入賞,にゅうしょう,nyuushou,winning a prize or place (in a contest),N1,,General,General
入浴,にゅうよく,nyuuyoku,"bathe, bathing",N1,,General,General
尿,にょう,nyou,urine,N1,,General,General
俄か,にわか,niwaka,"sudden, abrupt, unexpected, improvised, offhand",N1,,General,General
認識,にんしき,ninshiki,"recognition, cognizance",N1,,General,General
妊娠,にんしん,ninshin,"conception, pregnancy",N1,,General,General
人情,にんじょう,ninjou,"humanity, empathy, kindness, sympathy, human nature, common sense, customs and manners",N1,,General,General
任務,にんむ,ninmu,"duty, function, office, mission, task",N1,,General,General
任命,にんめい,ninmei,"appointment, nomination, ordination, commission, designation",N1,,General,General
抜かす,ぬかす,nukasu,"to omit, to leave out",N1,,General,General
抜け出す,ぬけだす,nukedasu,"to slip out, to sneak away, to excel",N1,,General,General
盗み,ぬすみ,nusumi,stealing,N1,,General,General
沼,ぬま,numa,"swamp, bog, pond, lake",N1,,General,General
音,ね,ne,"sound, note",N1,,General,General
値打ち,ねうち,neuchi,"value, worth, price, dignity",N1,,General,General
寝かせる,ねかせる,nekaseru,"to put to bed, to lay down, to ferment",N1,,General,General
捻子,ねじ,neji,"screw, helix, spiral",N1,,General,General
ねじ回し,ねじまわし,nejimawashi,screwdriver,N1,,General,General
捻じれる,ねじれる,nejireru,"to twist, to wrench, to screw",N1,,General,General
鼠,ねず,nezu,"1. mouse, rat, 2. dark gray, slate color",N1,,General,General
妬む,ねたむ,netamu,"to be jealous, to be envious",N1,,General,General
強請る,ねだる,nedaru,"to tease, to coax, to solicit, to demand",N1,,General,General
熱湯,ねっとう,nettou,boiling water,N1,,General,General
熱意,ねつい,netsui,"zeal, enthusiasm",N1,,General,General
熱量,ねつりょう,netsuryou,temperature,N1,,General,General
粘り,ねばり,nebari,"stickyness, viscosity",N1,,General,General
粘る,ねばる,nebaru,"to be sticky, to be adhesive, to persevere, to persist, to stick to",N1,,General,General
値引き,ねびき,nebiki,"price reduction, discount",N1,,General,General
根回し,ねまわし,nemawashi,making necessary arrangements,N1,,General,General
眠たい,ねむたい,nemutai,sleepy,N1,,General,General
練る,ねる,neru,"to knead, to work over, to polish up",N1,,General,General
念,ねん,nen,"sense, idea, thought, feeling, desire, concern, attention, care",N1,,General,General
年鑑,ねんかん,nenkan,yearbook,N1,,General,General
年号,ねんごう,nengou,"name of an era, year number",N1,,General,General
燃焼,ねんしょう,nenshou,"burning, combustion",N1,,General,General
年生,ねんせい,nensei,"pupil in .... year, student in .... year",N1,,General,General
年長,ねんちょう,nenchou,seniority,N1,,General,General
燃料,ねんりょう,nenryou,fuel,N1,,General,General
年輪,ねんりん,nenrin,annual tree ring,N1,,General,General
脳,のう,nou,"brain, memory",N1,,General,General
農耕,のうこう,noukou,"farming, agriculture",N1,,General,General
農場,のうじょう,noujou,farm (agriculture),N1,,General,General
農地,のうち,nouchi,agricultural land,N1,,General,General
納入,のうにゅう,nounyuu,"payment, supply",N1,,General,General
逃す,のがす,nogasu,"to let loose, to set free, to let escape",N1,,General,General
逃れる,のがれる,nogareru,to escape,N1,,General,General
軒並み,のきなみ,nokinami,row of houses,N1,,General,General
鋸,のこぎり,nokogiri,saw,N1,,General,General
望ましい,のぞましい,nozomashii,"desirable, hoped for",N1,,General,General
臨む,のぞむ,nozomu,"to look out on, to face, to deal with, to attend (function)",N1,,General,General
乗っ取る,のっとる,nottoru,"to capture, to occupy, to usurp",N1,,General,General
長閑,のどか,nodoka,"tranquil, calm, quiet",N1,,General,General
罵る,ののしる,nonoshiru,"to speak ill of, to abuse",N1,,General,General
延べ,のべ,nobe,"futures, credit (buying), stretching, total",N1,,General,General
飲み込む,のみこむ,nomikomu,"to gulp down, to swallow deeply, to understand, to take in, to catch on to, to learn, to digest",N1,,General,General
乗り換え,のりかえ,norikae,transfer (trains buses etc.),N1,,General,General
乗り込む,のりこむ,norikomu,"to board, to embark on, to get into (a car), to ship (passengers), to man (a ship), to help (someone) int",N1,,General,General
刃,は,ha,edge (of a sword),N1,,General,General
派,は,ha,"clique, faction, school",N1,,General,General
把握,はあく,haaku,"grasp, catch, understanding",N1,,General,General
肺,はい,hai,lung,N1,,General,General
廃棄,はいき,haiki,"annullment, disposal, abandon, scrap, discarding, repeal",N1,,General,General
配給,はいきゅう,haikyuu,distribution (eg. films rice),N1,,General,General
配偶者,はいぐうしゃ,haiguusha,"spouse, wife, husband",N1,,General,General
拝啓,はいけい,haikei,Dear (so and so),N1,,General,General
背景,はいけい,haikei,"background, scenery, setting, circumstance",N1,,General,General
背後,はいご,haigo,"back, rear",N1,,General,General
灰皿,はいさら,haisara,ashtray,N1,,General,General
廃止,はいし,haishi,"abolition, repeal",N1,,General,General
拝借,はいしゃく,haishaku,borrowing,N1,,General,General
排除,はいじょ,haijo,"exclusion, removal, rejection",N1,,General,General
排水,はいすい,haisui,drainage,N1,,General,General
敗戦,はいせん,haisen,"defeat, losing a war",N1,,General,General
配置,はいち,haichi,"arrangement (of resources), disposition",N1,,General,General
配布,はいふ,haifu,distribution,N1,,General,General
配分,はいぶん,haibun,"distribution, allotment",N1,,General,General
配慮,はいりょ,hairyo,"consideration, concern, forethought",N1,,General,General
配列,はいれつ,hairetsu,"arrangement, array (programming)",N1,,General,General
映える,はえる,haeru,"to shine, to look attractive, to look pretty",N1,,General,General
破壊,はかい,hakai,destruction,N1,,General,General
墓地,はかち,hakachi,"cemetery, graveyard",N1,,General,General
捗る,はかどる,hakadoru,"to make progress, to move right ahead (with the work), to advance",N1,,General,General
果ない,はかない,hakanai,"fleeting, transient, short-lived, momentary, vain, fickle, miserable, empty, ephemeral",N1,,General,General
諮る,はかる,hakaru,"to consult with, to confer",N1,,General,General
図る,はかる,hakaru,"to plot, to attempt, to plan, to take in, to deceive, to devise, to design, to refer A to B",N1,,General,General
剥がす,はがす,hagasu,"to tear off, to peel off, to rip off, to strip off, to skin, to flay, to disrobe, to deprive of, to detach, t",N1,,General,General
破棄,はき,haki,"revocation, annulment, breaking (e.g. treaty)",N1,,General,General
泊,はく,haku,counter for nights of a stay,N1,,General,General
迫害,はくがい,hakugai,persecution,N1,,General,General
薄弱,はくじゃく,hakujaku,"feebleness, weakness, weak",N1,,General,General
白状,はくじょう,hakujou,confession,N1,,General,General
剥ぐ,はぐ,hagu,"to tear off, to peel off, to rip off, to strip off, to skin, to flay, to disrobe, to deprive of",N1,,General,General
派遣,はけん,haken,"dispatch, send",N1,,General,General
励ます,はげます,hagemasu,"to encourage, to cheer, to raise (the voice)",N1,,General,General
励む,はげむ,hagemu,"to be zealous, to brace oneself, to endeavour, to strive, to make an effort",N1,,General,General
剥げる,はげる,hageru,"to come off, to be worn off, to fade, to discolor",N1,,General,General
鋏,はさみ,hasami,scissors,N1,,General,General
柱,はしら,hashira,"pillar, post",N1,,General,General
橋渡し,はしわたし,hashiwatashi,"bridge building, mediation",N1,,General,General
恥,はじ,haji,"shame, embarrassment",N1,,General,General
弾く,はじく,hajiku,"to flip, to snap",N1,,General,General
始め,はじめ,hajime,"beginning, start, origin",N1,,General,General
始めまして,はじめまして,hajimemashite,"How do you do?, I am glad to meet you",N1,,General,General
恥じらう,はじらう,hajirau,"to feel shy, to be bashful, to blush",N1,,General,General
恥じる,はじる,hajiru,to feel ashamed,N1,,General,General
蓮,はす,hasu,lotus,N1,,General,General
筈,はず,hazu,it should be so,N1,,General,General
弾む,はずむ,hazumu,"to spring, to bound, to bounce, to be stimulated, to be encouraged, to get lively, to treat oneself to, to",N1,,General,General
破損,はそん,hason,damage,N1,,General,General
機,はた,hata,loom,N1,,General,General
果たして,はたして,hatashite,"as was expected, really",N1,,General,General
果たす,はたす,hatasu,"to accomplish, to fulfill, to carry out, to achieve",N1,,General,General
裸足,はだし,hadashi,barefoot,N1,,General,General
蜂蜜,はちみつ,hachimitsu,honey,N1,,General,General
発掘,はっくつ,hakkutsu,"excavation, exhumation",N1,,General,General
発生,はっせい,hassei,"outbreak, spring forth, occurrence, incidence, origin",N1,,General,General
発足,はっそく,hassoku,"starting, inauguration",N1,,General,General
初,はつ,hatsu,"first, new",N1,,General,General
発,はつ,hatsu,"departure, beginning, counter for gunshots",N1,,General,General
発育,はついく,hatsuiku,"(physical) growth, development",N1,,General,General
発芽,はつが,hatsuga,burgeoning,N1,,General,General
発言,はつげん,hatsugen,"utterance, speech, proposal",N1,,General,General
発病,はつびょう,hatsubyou,attack (disease),N1,,General,General
初耳,はつみみ,hatsumimi,something heard for the first time,N1,,General,General
果て,はて,hate,"the end, the extremity, the limit(s), the result",N1,,General,General
果てる,はてる,hateru,"to end, to be finished, to be exhausted, to die, to perish",N1,,General,General
話し合い,はなしあい,hanashiai,"discussion, conference",N1,,General,General
甚だ,はなはだ,hanahada,"very, greatly, exceedingly",N1,,General,General
華々しい,はなばなしい,hanabanashii,"brilliant, magnificent, spectacular",N1,,General,General
花びら,はなびら,hanabira,(flower) petal,N1,,General,General
華やか,はなやか,hanayaka,"gay, showy, brilliant, gorgeous, florid",N1,,General,General
阻む,はばむ,habamu,"to keep someone from doing, to stop, to prevent, to check, to hinder, to obstruct, to oppose, to thwart",N1,,General,General
浜,はま,hama,"beach, seashore",N1,,General,General
浜辺,はまべ,hamabe,"beach, foreshore",N1,,General,General
填まる,はまる,hamaru,"to get into, to go into, to fit, to be fit for, to suit, to fall into, to plunge into, to be deceived, to be",N1,,General,General
歯磨,はみがき,hamigaki,"dentifrice, toothpaste",N1,,General,General
填める,はめる,hameru,"to get in, to insert, to put on, to make love",N1,,General,General
生やす,はやす,hayasu,"to grow, to cultivate, to wear beard",N1,,General,General
早める,はやめる,hayameru,"to hasten, to quicken, to expedite, to precipitate, to accelerate",N1,,General,General
流行,はやり,hayari,"fashionable, fad, in vogue, prevailing",N1,,General,General
腹立ち,はらだち,haradachi,anger,N1,,General,General
原っぱ,はらっぱ,harappa,"open field, empty lot, plain",N1,,General,General
張り紙,はりがみ,harigami,"paper patch, paper backing, poster",N1,,General,General
遥か,はるか,haruka,"far, far-away, distant, remote, far off",N1,,General,General
破裂,はれつ,haretsu,"explosion, rupture, break off",N1,,General,General
腫れる,はれる,hareru,"to swell (from inflammation), to become swollen",N1,,General,General
班,はん,han,"group, party, section (mil)",N1,,General,General
判,はん,han,"seal, stamp, monogram signature, judgment",N1,,General,General
版,はん,han,edition,N1,,General,General
繁栄,はんえい,hanei,"prospering, prosperity, thriving, flourishing",N1,,General,General
反感,はんかん,hankan,"antipathy, revolt, animosity",N1,,General,General
版画,はんが,hanga,art print,N1,,General,General
反響,はんきょう,hankyou,"echo, reverberation, repercussion, reaction, influence",N1,,General,General
判決,はんけつ,hanketsu,"judicial decision, judgement, sentence, decree",N1,,General,General
反撃,はんげき,hangeki,"counterattack, counteroffensive, counterblow",N1,,General,General
反射,はんしゃ,hansha,"reflection, reverberation",N1,,General,General
繁殖,はんしょく,hanshoku,"breed, multiply, increase, propagation",N1,,General,General
繁盛,はんじょう,hanjou,"prosperity, flourishing, thriving",N1,,General,General
反する,はんする,hansuru,"to be inconsistent with, to oppose, to contradict, to transgress, to rebel",N1,,General,General
判定,はんてい,hantei,"judgement, decision, award, verdict",N1,,General,General
反応,はんのう,hannou,"reaction, response",N1,,General,General
半端,はんぱ,hanpa,"remnant, fragment, incomplete set, fraction, odd sum, incompleteness",N1,,General,General
反発,はんぱつ,hanpatsu,"repelling, rebound, recover, oppose",N1,,General,General
反乱,はんらん,hanran,"insurrection, mutiny, rebellion, revolt, uprising",N1,,General,General
氾濫,はんらん,hanran,"overflowing, flood",N1,,General,General
黴菌,ばいきん,baikin,"bacteria, germ(s)",N1,,General,General
賠償,ばいしょう,baishou,"reparations, indemnity, compensation",N1,,General,General
倍率,ばいりつ,bairitsu,"diameter, magnification",N1,,General,General
馬鹿馬鹿しい,ばかばかしい,bakabakashii,stupid,N1,,General,General
馬鹿らしい,ばからしい,bakarashii,absurd,N1,,General,General
漠然,ばくぜん,bakuzen,"obscure, vague, equivocal",N1,,General,General
爆弾,ばくだん,bakudan,bomb,N1,,General,General
爆破,ばくは,bakuha,"blast, explosion, blow up",N1,,General,General
暴露,ばくろ,bakuro,"disclosure, exposure, revelation",N1,,General,General
化ける,ばける,bakeru,"to appear in disguise, to take the form of, to change for the worse",N1,,General,General
罰,ばち,bachi,"(divine) punishment, curse, retribution",N1,,General,General
伐,ばつ,batsu,"strike, attack, punish",N1,,General,General
,ばてる,bateru,"to be exhausted, to be worn out",N1,,General,General
発条,ばね,bane,spring (e.g. coil leaf),N1,,General,General
散蒔く,ばらまく,baramaku,"to disseminate, to scatter, to give money freely",N1,,General,General
判,ばん,ban,size (of paper or books),N1,,General,General
万,ばん,ban,"many, all",N1,,General,General
万人,ばんじん,banjin,"all people, everybody, 10000 people",N1,,General,General
万能,ばんのう,bannou,"all-purpose, almighty, omnipotent",N1,,General,General
番目,ばんめ,banme,cardinal number suffix,N1,,General,General
非,ひ,hi,"faulty-, non-",N1,,General,General
費,ひ,hi,"cost, expense",N1,,General,General
延いては,ひいては,hiiteha,"not only...but also, in addition to, consequently",N1,,General,General
控室,ひかえしつ,hikaeshitsu,waiting room,N1,,General,General
控える,ひかえる,hikaeru,"to draw in, to hold back, to make notes, to be temperate in",N1,,General,General
悲観,ひかん,hikan,"pessimism, disappointment",N1,,General,General
匹,ひき,hiki,"head, small animal counter, roll of cloth",N1,,General,General
引き上げる,ひきあげる,hikiageru,"to withdraw, to leave, to pull out, to retire",N1,,General,General
率いる,ひきいる,hikiiru,"to lead, to spearhead (a group), to command (troops)",N1,,General,General
引き受ける,ひきうける,hikiukeru,"to undertake, to take up, to take over, to be responsible for, to guarantee, to contract (disease)",N1,,General,General
引き起こす,ひきおこす,hikiokosu,to cause,N1,,General,General
引き下げる,ひきさげる,hikisageru,"to pull down, to lower, to reduce, to withdraw",N1,,General,General
引きずる,ひきずる,hikizuru,"to seduce, to drag along, to pull, to prolong, to support",N1,,General,General
引き取る,ひきとる,hikitoru,"to take charge of, to take over, to retire to a private place",N1,,General,General
引き分け,ひきわけ,hikiwake,"a draw (in competition), tie game",N1,,General,General
否決,ひけつ,hiketsu,"rejection, negation, voting down",N1,,General,General
非行,ひこう,hikou,"delinquency, misconduct",N1,,General,General
日頃,ひごろ,higoro,"normally, habitually",N1,,General,General
久しい,ひさしい,hisashii,"long, long-continued, old (story)",N1,,General,General
久し振り,ひさしぶり,hisashiburi,after a long time,N1,,General,General
悲惨,ひさん,hisan,misery,N1,,General,General
秘書,ひしょ,hisho,(private) secretary,N1,,General,General
比重,ひじゅう,hijuu,specific gravity,N1,,General,General
密か,ひそか,hisoka,"secret, private, surreptitious",N1,,General,General
浸す,ひたす,hitasu,"to soak, to dip, to drench",N1,,General,General
一向,ひたすら,hitasura,earnestly,N1,,General,General
左利き,ひだりきき,hidarikiki,"left-handedness, sake drinker, left-hander",N1,,General,General
引っ掻く,ひっかく,hikkaku,to scratch,N1,,General,General
引っ掛ける,ひっかける,hikkakeru,"1. to hang (something) on (something), to throw on (clothes), 2. to hook, to catch, to trap, to ensnar",N1,,General,General
必修,ひっしゅう,hisshuu,required (subject),N1,,General,General
匹敵,ひってき,hitteki,"comparing with, match, rival, equal",N1,,General,General
未,ひつじ,hitsuji,eighth sign of Chinese zodiac (The Ram 1pm-3pm south-southwest June),N1,,General,General
必然,ひつぜん,hitsuzen,"inevitable, necessary",N1,,General,General
一息,ひといき,hitoiki,"puffy, a breath, a pause, an effort",N1,,General,General
単,ひとえ,hitoe,"one layer, single",N1,,General,General
人柄,ひとがら,hitogara,"personality, character, personal appearance, gentility",N1,,General,General
一頃,ひところ,hitokoro,"once, some time ago",N1,,General,General
人質,ひとじち,hitojichi,"hostage, prisoner",N1,,General,General
一筋,ひとすき,hitosuki,"a line, earnestly, blindly, straightforwardly",N1,,General,General
一まず,ひとまず,hitomazu,"for the present, once, in outline",N1,,General,General
一人でに,ひとりでに,hitorideni,"by itself, automatically, naturally",N1,,General,General
酷い,ひどい,hidoi,"cruel, awful, severe, very bad, serious, terrible, heavy, violent",N1,,General,General
日取り,ひどり,hidori,"fixed date, appointed day",N1,,General,General
雛,ひな,hina,"young bird, chick, doll",N1,,General,General
日向,ひなた,hinata,"sunny place, in the sun",N1,,General,General
非難,ひなん,hinan,"blame, attack, criticism",N1,,General,General
避難,ひなん,hinan,"taking refuge, finding shelter",N1,,General,General
日の丸,ひのまる,hinomaru,the Japanese flag,N1,,General,General
火花,ひばな,hibana,spark,N1,,General,General
日々,ひび,hibi,"every day, daily, day after day",N1,,General,General
悲鳴,ひめい,himei,"shriek, scream",N1,,General,General
百科事典,ひゃっかじてん,hyakkajiten,encyclopedia,N1,,General,General
百科辞典,ひゃっかじてん,hyakkajiten,encyclopedia,N1,,General,General
冷やかす,ひやかす,hiyakasu,"to banter, to make fun of, to jeer at, to cool, to refrigerate",N1,,General,General
日焼け,ひやけ,hiyake,sunburn,N1,,General,General
票,ひょう,hyou,"label, ballot, ticket, sign",N1,,General,General
標語,ひょうご,hyougo,"motto, slogan, catchword",N1,,General,General
,ひょっと,hyotto,"possibly, accidentally",N1,,General,General
平たい,ひらたい,hiratai,"flat, even, level, simple, plain",N1,,General,General
比率,ひりつ,hiritsu,"ratio, proportion, percentage",N1,,General,General
肥料,ひりょう,hiryou,"manure, fertilizer",N1,,General,General
比例,ひれい,hirei,proportion,N1,,General,General
疲労,ひろう,hirou,"fatigue, weariness",N1,,General,General
広まる,ひろまる,hiromaru,"to spread, to be propagated",N1,,General,General
貧困,ひんこん,hinkon,"poverty, lack",N1,,General,General
品質,ひんしつ,hinshitsu,quality,N1,,General,General
品種,ひんしゅ,hinshu,"brand, kind, description",N1,,General,General
貧弱,ひんじゃく,hinjaku,"poor, meagre, insubstantial",N1,,General,General
頻繁,ひんぱん,hinpan,frequency,N1,,General,General
美,び,bi,beauty,N1,,General,General
微笑,びしょう,bishou,smile,N1,,General,General
美術,びじゅつ,bijutsu,"art, fine arts",N1,,General,General
吃驚,びっくり,bikkuri,"be surprised, be amazed, be frightened, astonishment",N1,,General,General
,びっしょり,bisshori,"wet through, drenched",N1,,General,General
描写,びょうしゃ,byousha,"depiction, description, portrayal",N1,,General,General
,びり,biri,"last on the list, at the bottom",N1,,General,General
微量,びりょう,biryou,"minuscule amount, extremely small quantity",N1,,General,General
敏感,びんかん,binkan,"sensibility, susceptibility, sensitive (to), well attuned to",N1,,General,General
貧乏,びんぼう,binbou,"poverty, destitute, poor",N1,,General,General
歩,ふ,fu,pawn (in chess or shogi),N1,,General,General
不意,ふい,fui,"sudden, abrupt, unexpected, unforeseen",N1,,General,General
封,ふう,fuu,seal,N1,,General,General
封鎖,ふうさ,fuusa,"blockade, freezing (funds)",N1,,General,General
風習,ふうしゅう,fuushuu,custom,N1,,General,General
風俗,ふうぞく,fuuzoku,"1. manners, customs, 2. sex service, sex industry",N1,,General,General
風土,ふうど,fuudo,"natural features, topography, climate, spiritual features",N1,,General,General
不可欠,ふかけつ,fukaketsu,"indispensable, essential",N1,,General,General
深める,ふかめる,fukameru,"to deepen, to heighten, to intensify",N1,,General,General
不吉,ふきつ,fukitsu,"ominous, sinister, bad luck, ill omen, inauspiciousness",N1,,General,General
不況,ふきょう,fukyou,"recession, depression, slump",N1,,General,General
布巾,ふきん,fukin,"tea-towel, dish cloth",N1,,General,General
福,ふく,fuku,good fortune,N1,,General,General
復旧,ふくきゅう,fukukyuu,"restoration, restitution, rehabilitation",N1,,General,General
複合,ふくごう,fukugou,"composite, complex",N1,,General,General
福祉,ふくし,fukushi,"welfare, well-being",N1,,General,General
覆面,ふくめん,fukumen,"mask, veil, disguise",N1,,General,General
膨れる,ふくれる,fukureru,"to get cross, to get sulky, to swell (out), to expand, to be inflated, to distend, to bulge",N1,,General,General
不景気,ふけいき,fukeiki,"business recession, hard times, depression, gloom, sullenness, cheerlessness",N1,,General,General
老ける,ふける,fukeru,to age,N1,,General,General
布告,ふこく,fukoku,"edict, ordinance, proclamation",N1,,General,General
富豪,ふごう,fugou,"wealthy person, millionaire",N1,,General,General
負債,ふさい,fusai,"debt, liabilities",N1,,General,General
相応しい,ふさわしい,fusawashii,appropriate,N1,,General,General
不在,ふざい,fuzai,absence,N1,,General,General
不山戯る,ふざける,fuzakeru,"to romp, to gambol, to frolic, to joke, to make fun of, to flirt",N1,,General,General
負傷,ふしょう,fushou,"injury, wound",N1,,General,General
不審,ふしん,fushin,"incomplete understanding, doubt, question, distrust, suspicion, strangeness, infidelity",N1,,General,General
不振,ふしん,fushin,"dullness, depression, slump, stagnation",N1,,General,General
不順,ふじゅん,fujun,"irregularity, unseasonableness",N1,,General,General
付属,ふぞく,fuzoku,"attached, belonging, affiliated, annexed, associated, subordinate, incidental, dependent, auxiliary",N1,,General,General
負担,ふたん,futan,"burden, charge, responsibility",N1,,General,General
不調,ふちょう,fuchou,"bad condition, not to work out (ie a deal), disagreement, break-off, disorder, slump, out of form",N1,,General,General
復活,ふっかつ,fukkatsu,"revival (e.g. musical), restoration",N1,,General,General
復興,ふっこう,fukkou,"revival, renaissance, reconstruction",N1,,General,General
沸騰,ふっとう,futtou,"boiling, seething",N1,,General,General
仏,ふつ,futsu,French,N1,,General,General
不図,ふと,futo,"suddenly, casually, accidentally, incidentally, unexpectedly, unintentionally",N1,,General,General
不当,ふとう,futou,"injustice, impropriety, unreasonableness, undeservedness, unfair, invalid",N1,,General,General
不動産,ふどうさん,fudousan,real estate,N1,,General,General
赴任,ふにん,funin,(proceeding to) new appointment,N1,,General,General
腐敗,ふはい,fuhai,"decay, depravity",N1,,General,General
不評,ふひょう,fuhyou,"bad reputation, disgrace, unpopularity",N1,,General,General
不便,ふびん,fubin,"pity, compassion",N1,,General,General
不服,ふふく,fufuku,"dissatisfaction, discontent, disapproval, objection, complaint, protest, disagreement",N1,,General,General
普遍,ふへん,fuhen,"universality, ubiquity, omnipresence",N1,,General,General
踏まえる,ふまえる,fumaeru,"to be based on, to have origin in",N1,,General,General
文,ふみ,fumi,"letter, writings",N1,,General,General
不明,ふめい,fumei,"unknown, obscure, indistinct, uncertain, ambiguous, ignorant, lack of wisdom, anonymous, unidentified",N1,,General,General
扶養,ふよう,fuyou,"support, maintenance",N1,,General,General
振り,ふり,furi,"pretence, show, appearance",N1,,General,General
振り出し,ふりだし,furidashi,"outset, starting point, drawing or issuing (draft)",N1,,General,General
不良,ふりょう,furyou,"badness, delinquent, inferiority, failure",N1,,General,General
浮力,ふりょく,furyoku,"buoyancy, floating power",N1,,General,General
震わせる,ふるわせる,furuwaseru,"to be shaking, to be trembling",N1,,General,General
付録,ふろく,furoku,"appendix, supplement",N1,,General,General
分,ふん,fun,minute,N1,,General,General
憤慨,ふんがい,fungai,"indignation, resentment",N1,,General,General
紛失,ふんしつ,funshitsu,losing something,N1,,General,General
噴出,ふんしゅつ,funshutsu,"spewing, gushing, spouting, eruption, effusion",N1,,General,General
紛争,ふんそう,funsou,"dispute, trouble, strife",N1,,General,General
,ふんだん,fundan,"plentiful, abundant, lavish",N1,,General,General
奮闘,ふんとう,funtou,"hard struggle, strenuous effort",N1,,General,General
粉末,ふんまつ,funmatsu,fine powder,N1,,General,General
部,ぶ,bu,"department, part, category, counter for copies of a newspaper or magazine",N1,,General,General
部下,ぶか,buka,subordinate person,N1,,General,General
,ぶかぶか,bukabuka,"too big, baggy",N1,,General,General
侮辱,ぶじょく,bujoku,"insult, contempt, slight",N1,,General,General
武装,ぶそう,busou,"arms, armament, armed",N1,,General,General
斑,ぶち,buchi,"spots, speckles, mottles",N1,,General,General
物資,ぶっし,busshi,"goods, materials",N1,,General,General
物体,ぶったい,buttai,"body, object",N1,,General,General
物議,ぶつぎ,butsugi,public discussion (criticism),N1,,General,General
打付ける,ぶつける,butsukeru,"to knock, to run into, to nail on, to strike hard, to hit and attack",N1,,General,General
仏像,ぶつぞう,butsuzou,Buddhist image (statue),N1,,General,General
無難,ぶなん,bunan,"safety, security",N1,,General,General
部門,ぶもん,bumon,"class, group, category, department, field, branch",N1,,General,General
ぶら下げる,ぶらさげる,burasageru,"to hang, to suspend, to dangle, to swing",N1,,General,General
,ぶらぶら,burabura,"dangle heavily, swing, sway to and fro, aimlessly, idly, lazily, loiter, loaf, be idle, stroll idly",N1,,General,General
武力,ぶりょく,buryoku,"armed might, military power, the sword, force",N1,,General,General
無礼,ぶれい,burei,"impolite, rude",N1,,General,General
文化財,ぶんかざい,bunkazai,"cultural assets, cultural property",N1,,General,General
分業,ぶんぎょう,bungyou,"division of labor, specialization, assembly-line production",N1,,General,General
文語,ぶんご,bungo,"written language, literary language",N1,,General,General
分散,ぶんさん,bunsan,"dispersion, decentralization, variance (statistics)",N1,,General,General
分子,ぶんし,bunshi,"numerator, molecule",N1,,General,General
文書,ぶんしょ,bunsho,"document, writing, letter, note, records, archives",N1,,General,General
分担,ぶんたん,buntan,"apportionment, sharing",N1,,General,General
分配,ぶんぱい,bunpai,"division, sharing",N1,,General,General
分母,ぶんぼ,bunbo,denominator,N1,,General,General
分離,ぶんり,bunri,"separation, detachment, segregation, isolation",N1,,General,General
分裂,ぶんれつ,bunretsu,"split, division, break up",N1,,General,General
兵器,へいき,heiki,"arms, weapons, ordinance",N1,,General,General
閉口,へいこう,heikou,shut mouth,N1,,General,General
平行,へいこう,heikou,"(going) side by side, concurrent, abreast, at the same time, occurring together, parallel, parallelism",N1,,General,General
閉鎖,へいさ,heisa,"closing, closure, shutdown, lockout, unsociable",N1,,General,General
兵士,へいし,heishi,soldier,N1,,General,General
平常,へいじょう,heijou,"normal, usual",N1,,General,General
平方,へいほう,heihou,"square (e.g. metre), square",N1,,General,General
並列,へいれつ,heiretsu,"arrangement, parallel, abreast",N1,,General,General
辟易,へきえき,hekieki,"wince, shrink back, succumbing to, being frightened, disconcerted",N1,,General,General
臍,へそ,heso,"navel, belly-button",N1,,General,General
隔たる,へだたる,hedataru,to be distant,N1,,General,General
謙る,へりくだる,herikudaru,to deprecate oneself and praise the listener,N1,,General,General
経る,へる,heru,"to pass, to elapse, to experience",N1,,General,General
編,へん,hen,"compilation, editing, completed poem, book, part of book",N1,,General,General
偏,へん,hen,"side, left radical of a character, inclining, inclining toward, biased",N1,,General,General
変革,へんかく,henkaku,"change, reform, revolution, upheaval, (the) Reformation",N1,,General,General
返還,へんかん,henkan,"return, restoration",N1,,General,General
偏見,へんけん,henken,"prejudice, narrow view",N1,,General,General
返済,へんさい,hensai,repayment,N1,,General,General
変遷,へんせん,hensen,"change, transition, vicissitudes",N1,,General,General
返答,へんとう,hentou,reply,N1,,General,General
変動,へんどう,hendou,"change, fluctuation",N1,,General,General
弁解,べんかい,benkai,"explanation, justification, defence, excuse",N1,,General,General
便宜,べんぎ,bengi,"convenience, accommodation, advantage, expedience",N1,,General,General
弁護,べんご,bengo,"defense, pleading, advocacy",N1,,General,General
弁償,べんしょう,benshou,"next word, compensation, reparation, indemnity, reimbursement",N1,,General,General
弁論,べんろん,benron,"discussion, debate, argument",N1,,General,General
,ぺこぺこ,pekopeko,"fawn, be very hungry",N1,,General,General
穂,ほ,ho,"ear (of plant), head (of plant)",N1,,General,General
保育,ほいく,hoiku,"nursing, nurturing, rearing, lactation, suckling",N1,,General,General
倣,ほう,hou,"imitate, follow, emulate",N1,,General,General
法案,ほうあん,houan,bill (law),N1,,General,General
崩壊,ほうかい,houkai,"collapse, decay (physics), crumbling, breaking down, caving in",N1,,General,General
法学,ほうがく,hougaku,"law, jurisprudence",N1,,General,General
放棄,ほうき,houki,"abandonment, renunciation, abdication (responsibility right)",N1,,General,General
宝器,ほうき,houki,"treasured article or vessel, outstanding individual",N1,,General,General
封建,ほうけん,houken,feudalistic,N1,,General,General
豊作,ほうさく,housaku,"abundant harvest, bumper crop",N1,,General,General
方策,ほうさく,housaku,"plan, policy",N1,,General,General
奉仕,ほうし,houshi,"attendance, service",N1,,General,General
方式,ほうしき,houshiki,"form, method, system",N1,,General,General
放射,ほうしゃ,housha,"radiation, emission",N1,,General,General
放射能,ほうしゃのう,houshanou,radioactivity,N1,,General,General
報酬,ほうしゅう,houshuu,"remuneration, recompense, reward, toll",N1,,General,General
放出,ほうしゅつ,houshutsu,"release, emit",N1,,General,General
報じる,ほうじる,houjiru,"to inform, to report",N1,,General,General
報ずる,ほうずる,houzuru,"to inform, to report",N1,,General,General
放置,ほうち,houchi,"leave as is, leave to chance, leave alone, neglect",N1,,General,General
法廷,ほうてい,houtei,courtroom,N1,,General,General
報道,ほうどう,houdou,"information, report",N1,,General,General
褒美,ほうび,houbi,"reward, prize",N1,,General,General
葬る,ほうむる,houmuru,"to bury, to inter, to entomb, to consign to oblivion, to shelve",N1,,General,General
放り込む,ほうりこむ,hourikomu,to throw into,N1,,General,General
放り出す,ほうりだす,houridasu,"to throw out, to fire, to expel, to give up, to abandon, to neglect",N1,,General,General
飽和,ほうわ,houwa,saturation,N1,,General,General
保温,ほおん,hoon,"retaining warmth, keeping heat in, heat insulation",N1,,General,General
捕獲,ほかく,hokaku,"capture, seizure",N1,,General,General
保管,ほかん,hokan,"charge, custody, safekeeping, deposit, storage",N1,,General,General
補給,ほきゅう,hokyuu,"supply, supplying, replenishment",N1,,General,General
補強,ほきょう,hokyou,"compensation, reinforcement",N1,,General,General
保険,ほけん,hoken,"insurance, guarantee",N1,,General,General
捕鯨,ほげい,hogei,"whaling, whale fishing",N1,,General,General
誇る,ほこる,hokoru,"to boast of, to be proud of",N1,,General,General
綻びる,ほころびる,hokorobiru,"to come apart at the seams, to begin to open, to smile broadly",N1,,General,General
保護,ほご,hogo,"care, protection, shelter, guardianship, favor, patronage",N1,,General,General
乾,ほし,hoshi,"dried, cured",N1,,General,General
干し物,ほしもの,hoshimono,dried washing (clothes),N1,,General,General
保守,ほしゅ,hoshu,"conservative, maintaining",N1,,General,General
保障,ほしょう,hoshou,"guarantee, security, assurance, pledge, warranty",N1,,General,General
補償,ほしょう,hoshou,"compensation, reparation",N1,,General,General
補充,ほじゅう,hojuu,"supplementation, supplement, replenishment, replenishing",N1,,General,General
補助,ほじょ,hojo,"assistance, support, aid, auxiliary",N1,,General,General
舗装,ほそう,hosou,"pavement, road surface",N1,,General,General
補足,ほそく,hosoku,"supplement, complement",N1,,General,General
発作,ほっさ,hossa,"fit, spasm",N1,,General,General
,ほっと,hotto,feel relieved,N1,,General,General
頬っぺた,ほっぺた,hoppeta,cheek,N1,,General,General
辺り,ほとり,hotori,"(in the) neighbourhood, vicinity, nearby",N1,,General,General
殆ど,ほとんど,hotondo,"mostly, almost",N1,,General,General
解く,ほどく,hodoku,to unfasten,N1,,General,General
施す,ほどこす,hodokosu,"to donate, to give, to conduct, to apply, to perform",N1,,General,General
保母,ほぼ,hobo,day care worker in a kindergarten nursery school etc.,N1,,General,General
保養,ほよう,hoyou,"health preservation, recuperation, recreation",N1,,General,General
捕吏,ほり,hori,constable,N1,,General,General
捕虜,ほりょ,horyo,prisoner (of war),N1,,General,General
滅びる,ほろびる,horobiru,"to be ruined, to go under, to perish, to be destroyed",N1,,General,General
滅ぼす,ほろぼす,horobosu,"to destroy, to overthrow, to wreck, to ruin",N1,,General,General
本格,ほんかく,honkaku,"propriety, fundamental rules",N1,,General,General
本館,ほんかん,honkan,main building,N1,,General,General
本気,ほんき,honki,"seriousness, truth, sanctity",N1,,General,General
本質,ほんしつ,honshitsu,"essence, true nature, reality",N1,,General,General
本体,ほんたい,hontai,"substance, real form, object of worship",N1,,General,General
本音,ほんね,honne,"real intention, motive",N1,,General,General
本の,ほんの,honno,"mere, only, just",N1,,General,General
本能,ほんのう,honnou,instinct,N1,,General,General
本場,ほんば,honba,"home, habitat, center, best place, genuine",N1,,General,General
本文,ほんぶん,honbun,"text (of document), body (of letter)",N1,,General,General
本名,ほんみょう,honmyou,real name,N1,,General,General
卯,ぼう,bou,fourth sign of Chinese zodiac (The Hare 5am-7am east February),N1,,General,General
防衛,ぼうえい,bouei,"defense, protection, self-defense",N1,,General,General
防火,ぼうか,bouka,"fire prevention, fire fighting, fire proof",N1,,General,General
妨害,ぼうがい,bougai,"disturbance, obstruction, hindrance, jamming, interference",N1,,General,General
紡績,ぼうせき,bouseki,spinning,N1,,General,General
呆然,ぼうぜん,bouzen,"dumbfounded, overcome with surprise, in blank amazement",N1,,General,General
膨脹,ぼうちょう,bouchou,"expansion, swelling, increase, growth",N1,,General,General
冒頭,ぼうとう,boutou,"beginning, start, outset",N1,,General,General
暴動,ぼうどう,boudou,"insurrection, rebellion, revolt, riot, uprising",N1,,General,General
暴風,ぼうふう,boufuu,"storm, windstorm, gale",N1,,General,General
暴力,ぼうりょく,bouryoku,violence,N1,,General,General
募金,ぼきん,bokin,"fund-raising, collection of funds",N1,,General,General
牧師,ぼくし,bokushi,"pastor, minister, clergyman",N1,,General,General
母校,ぼこう,bokou,alma mater,N1,,General,General
没収,ぼっしゅう,bosshuu,forfeited,N1,,General,General
坊ちゃん,ぼっちゃん,bocchan,son (of others),N1,,General,General
,ぼつぼつ,botsubotsu,"gradually, here and there, spots, pimples",N1,,General,General
没落,ぼつらく,botsuraku,"ruin, fall, collapse",N1,,General,General
,ぼやく,boyaku,"to grumble, to complain",N1,,General,General
,ぼやける,boyakeru,"to become dim, to become blurred",N1,,General,General
藍褸,ぼろ,boro,"rag, scrap, tattered clothes, fault (esp. in a pretense), defect, run-down or junky",N1,,General,General
枚,まい,mai,counter for flat objects (e.g. sheets of paper),N1,,General,General
埋蔵,まいぞう,maizou,"buried property, treasure trove",N1,,General,General
舞う,まう,mau,"to dance, to flutter about, to revolve",N1,,General,General
真上,まうえ,maue,"just above, right overhead",N1,,General,General
前売り,まえうり,maeuri,"advance sale, booking",N1,,General,General
前置き,まえおき,maeoki,"preface, introduction",N1,,General,General
前もって,まえもって,maemotte,"in advance, beforehand, previously",N1,,General,General
任す,まかす,makasu,"to entrust, to leave to a person",N1,,General,General
負かす,まかす,makasu,to defeat,N1,,General,General
賄う,まかなう,makanau,"to give board to, to provide meals, to pay",N1,,General,General
曲がる,まがる,magaru,"to turn, to bend",N1,,General,General
巻,まき,maki,volume,N1,,General,General
紛らわしい,まぎらわしい,magirawashii,"confusing, misleading, equivocal, ambiguous",N1,,General,General
紛れる,まぎれる,magireru,"to be diverted, to slip into",N1,,General,General
膜,まく,maku,"membrane, film",N1,,General,General
捲る,まくる,makuru,verb suffix to indicate reckless abandon to the activity,N1,,General,General
真心,まこころ,makokoro,"sincerity, devotion",N1,,General,General
誠,まこと,makoto,"truth, faith, fidelity, sincerity, trust, confidence, reliance, devotion",N1,,General,General
真に,まことに,makotoni,"truly, actually, really",N1,,General,General
,まごつく,magotsuku,"to be confused, to be flustered",N1,,General,General
正しく,まさしく,masashiku,"surely, no doubt, evidently",N1,,General,General
正に,まさに,masani,"correctly, surely",N1,,General,General
勝る,まさる,masaru,"to excel, to surpass, to outrival",N1,,General,General
増し,まし,mashi,"extra, additional, less objectionable, better, preferable",N1,,General,General
真下,ました,mashita,"right under, directly below",N1,,General,General
況して,まして,mashite,"still more, still less (with neg. verb), to say nothing of, not to mention",N1,,General,General
交える,まじえる,majieru,"to mix, to converse with, to cross (swords)",N1,,General,General
交わる,まじわる,majiwaru,"to cross, to intersect, to associate with, to mingle with, to interest, to join",N1,,General,General
麻酔,ますい,masui,anaesthesia,N1,,General,General
益々,ますます,masumasu,"increasingly, more and more",N1,,General,General
不味い,まずい,mazui,"unappetising, unpleasant (taste appearance situation), ugly, unskilful, awkward, bungling, unwise, untime",N1,,General,General
股,また,mata,"groin, crotch, thigh",N1,,General,General
跨がる,またがる,matagaru,"to extend over or into, to straddle",N1,,General,General
跨ぐ,またぐ,matagu,to straddle,N1,,General,General
瞬き,またたき,matataki,"wink, twinkling (of stars), flicker (of light)",N1,,General,General
待ち合わせ,まちあわせ,machiawase,appointment,N1,,General,General
間違う,まちがう,machigau,"to make a mistake, to be incorrect, to be mistaken",N1,,General,General
待ち遠しい,まちどおしい,machidooshii,looking forward to,N1,,General,General
待ち望む,まちのぞむ,machinozomu,"to look anxiously for, to wait eagerly for",N1,,General,General
区々,まちまち,machimachi,"1. several, various, divergent, conflicting, different, diverse, 2. trivial",N1,,General,General
末期,まっき,makki,"closing years (period days), last stage",N1,,General,General
真っ二つ,まっぷたつ,mapputatsu,in two equal parts,N1,,General,General
的,まと,mato,"mark, target",N1,,General,General
纏まり,まとまり,matomari,"conclusion, settlement, consistency",N1,,General,General
纏め,まとめ,matome,"settlement, conclusion",N1,,General,General
免れる,まぬかれる,manukareru,"to escape from, to be rescued from, to avoid, to evade, to avert, to elude, to be exempted, to be relieved",N1,,General,General
招き,まねき,maneki,invitation,N1,,General,General
麻痺,まひ,mahi,"paralysis, palsy, numbness, stupor",N1,,General,General
眩しい,まぶしい,mabushii,"dazzling, radiant",N1,,General,General
目蓋,まぶた,mabuta,eyelid,N1,,General,General
間々,まま,mama,"occasionally, frequently",N1,,General,General
間もなく,まもなく,mamonaku,"soon, before long, in a short time",N1,,General,General
眉,まゆ,mayu,eyebrow,N1,,General,General
鞠,まり,mari,ball,N1,,General,General
丸ごと,まるごと,marugoto,"in its entirety, whole, wholly",N1,,General,General
丸っきり,まるっきり,marukkiri,"completely, perfectly, just as if",N1,,General,General
丸で,まるで,marude,"quite, entirely, completely, at all, as if, as though, so to speak",N1,,General,General
丸々,まるまる,marumaru,completely,N1,,General,General
丸める,まるめる,marumeru,"to make round, to round off, to roll up, to curl up, to seduce, to cajole, to explain away",N1,,General,General
満月,まんげつ,mangetsu,full moon,N1,,General,General
満場,まんじょう,manjou,"unanimous, whole audience",N1,,General,General
真ん中,まんなか,mannaka,"middle, centre, mid-way",N1,,General,General
真ん前,まんまえ,manmae,"right in front, under the nose",N1,,General,General
真ん丸い,まんまるい,manmarui,perfectly circular,N1,,General,General
三,み,mi,(num) three,N1,,General,General
見合い,みあい,miai,formal marriage interview,N1,,General,General
見合わせる,みあわせる,miawaseru,"to exchange glances, to postpone, to suspend operations, to refrain from performing an action",N1,,General,General
見落とす,みおとす,miotosu,"to overlook, to fail to notice",N1,,General,General
未開,みかい,mikai,"savage land, backward region, uncivilized",N1,,General,General
味覚,みかく,mikaku,"taste, palate, sense of taste",N1,,General,General
見掛ける,みかける,mikakeru,"to (happen to) see, to notice, to catch sight of",N1,,General,General
三日月,みかずき,mikazuki,"new moon, crescent moon",N1,,General,General
見方,みかた,mikata,viewpoint,N1,,General,General
見苦しい,みぐるしい,migurushii,"unsightly, ugly",N1,,General,General
見込み,みこみ,mikomi,"hope, prospects, expectation",N1,,General,General
未婚,みこん,mikon,unmarried,N1,,General,General
惨め,みじめ,mijime,miserable,N1,,General,General
未熟,みじゅく,mijuku,"inexperience, unripeness, raw, unskilled, immature, inexperienced",N1,,General,General
微塵,みじん,mijin,"particle, atom",N1,,General,General
見すぼらしい,みすぼらしい,misuborashii,"shabby, seedy",N1,,General,General
見せびらかす,みせびらかす,misebirakasu,"to show off, to flaunt",N1,,General,General
見せ物,みせもの,misemono,"show, exhibition",N1,,General,General
満たす,みたす,mitasu,"to satisfy, to ingratiate, to fill, to fulfill",N1,,General,General
乱す,みだす,midasu,"to throw out of order, to disarrange, to disturb",N1,,General,General
乱れる,みだれる,midareru,"to get confused, to be disordered, to be disturbed",N1,,General,General
未知,みち,michi,not yet known,N1,,General,General
導く,みちびく,michibiku,"to be guided, to be shown",N1,,General,General
身近,みぢか,mijika,"near oneself, close to one, familiar",N1,,General,General
密集,みっしゅう,misshuu,"crowd, close formation, dense",N1,,General,General
密接,みっせつ,missetsu,"related, connected, close, intimate",N1,,General,General
見っともない,みっともない,mittomonai,"shameful, indecent",N1,,General,General
蜜,みつ,mitsu,"nectar, honey",N1,,General,General
密度,みつど,mitsudo,density,N1,,General,General
見積り,みつもり,mitsumori,"estimation, quotation",N1,,General,General
未定,みてい,mitei,"not yet fixed, undecided, pending",N1,,General,General
見通し,みとおし,mitooshi,"perspective, unobstructed view, outlook, forecast, prospect, insight",N1,,General,General
源,みなもと,minamoto,"source, origin",N1,,General,General
身なり,みなり,minari,personal appearance,N1,,General,General
峰,みね,mine,"peak, ridge",N1,,General,General
見逃す,みのがす,minogasu,"to miss, to overlook, to leave at large",N1,,General,General
見晴らし,みはらし,miharashi,view,N1,,General,General
身振り,みぶり,miburi,gesture,N1,,General,General
見舞,みまい,mimai,"enquiry, expression of sympathy, expression of concern",N1,,General,General
脈,みゃく,myaku,pulse,N1,,General,General
未練,みれん,miren,"lingering affection, attachment, regret(s), reluctance",N1,,General,General
見渡す,みわたす,miwatasu,"to look out over, to survey (scene), to take an extensive view of",N1,,General,General
民主,みんしゅ,minshu,"democratic, the head of the nation",N1,,General,General
民宿,みんしゅく,minshuku,private home providing lodging for travelers,N1,,General,General
民族,みんぞく,minzoku,"people, race, nation, racial customs, folk customs",N1,,General,General
民俗,みんぞく,minzoku,"people, race, nation, racial customs, folk customs",N1,,General,General
六,む,mu,(num) six,N1,,General,General
無意味,むいみ,muimi,"nonsense, no meaning",N1,,General,General
向き,むき,muki,"direction, situation, exposure, aspect, suitability",N1,,General,General
無口,むくち,mukuchi,reticence,N1,,General,General
向け,むけ,muke,"for ~, oriented towards ~",N1,,General,General
婿,むこ,muko,son-in-law,N1,,General,General
無効,むこう,mukou,"invalid, no effect, unavailable",N1,,General,General
無言,むごん,mugon,silence,N1,,General,General
毟る,むしる,mushiru,"to pluck, to pick, to tear",N1,,General,General
無邪気,むじゃき,mujaki,"innocence, simple-mindedness",N1,,General,General
結び,むすび,musubi,"ending, conclusion, union",N1,,General,General
結び付き,むすびつき,musubitsuki,"connection, relation",N1,,General,General
結び付く,むすびつく,musubitsuku,"to be connected or related, to join together",N1,,General,General
結び付ける,むすびつける,musubitsukeru,"to combine, to join, to tie on, to attach with a knot",N1,,General,General
無線,むせん,musen,"wireless, radio",N1,,General,General
無駄遣い,むだづかい,mudazukai,"waste money on, squander money on, flog a dead horse",N1,,General,General
無断,むだん,mudan,"without permission, without notice",N1,,General,General
無知,むち,muchi,ignorance,N1,,General,General
無茶,むちゃ,mucha,"absurd, unreasonable, excessive, rash, absurdity, nonsense",N1,,General,General
無茶苦茶,むちゃくちゃ,muchakucha,"confused, jumbled, mixed up, unreasonable",N1,,General,General
空しい,むなしい,munashii,"vacant, futile, vain, void, empty, ineffective, lifeless",N1,,General,General
無念,むねん,munen,"chagrin, regret",N1,,General,General
無能,むのう,munou,"inefficiency, incompetence",N1,,General,General
無闇に,むやみに,muyamini,"unreasonably, absurdly, recklessly, indiscreetly, at random",N1,,General,General
無用,むよう,muyou,"useless, futility, needlessness, unnecessariness",N1,,General,General
群がる,むらがる,muragaru,"to swarm, to gather",N1,,General,General
無論,むろん,muron,"of course, naturally",N1,,General,General
名産,めいさん,meisan,noted product,N1,,General,General
名称,めいしょう,meishou,name,N1,,General,General
命中,めいちゅう,meichuu,a hit,N1,,General,General
名簿,めいぼ,meibo,register of names,N1,,General,General
名誉,めいよ,meiyo,"honor, credit, prestige",N1,,General,General
明瞭,めいりょう,meiryou,clarity,N1,,General,General
明朗,めいろう,meirou,"bright, clear, cheerful",N1,,General,General
目方,めかた,mekata,weight,N1,,General,General
恵み,めぐみ,megumi,blessing,N1,,General,General
恵む,めぐむ,megumu,"to bless, to show mercy to",N1,,General,General
目覚しい,めざましい,mezamashii,"brilliant, splendid, striking, remarkable",N1,,General,General
目覚める,めざめる,mezameru,to wake up,N1,,General,General
召す,めす,mesu,"to call, to send for, to put on, to wear, to take (a bath), to ride in, to buy, to eat, to drink, to catch (a",N1,,General,General
雌,めす,mesu,female (animal),N1,,General,General
滅茶苦茶,めちゃくちゃ,mechakucha,"absurd, unreasonable, excessive, messed up, spoiled, wreaked",N1,,General,General
目付き,めつき,metsuki,"look, expression of the eyes, eyes",N1,,General,General
滅亡,めつぼう,metsubou,"downfall, ruin, collapse, destruction",N1,,General,General
愛でたい,めでたい,medetai,auspicious,N1,,General,General
目眩,めまい,memai,"dizziness, giddiness",N1,,General,General
目盛,めもり,memori,"scale, gradations",N1,,General,General
面会,めんかい,menkai,interview,N1,,General,General
免除,めんじょ,menjo,"exemption, exoneration, discharge",N1,,General,General
面する,めんする,mensuru,"to face on, to look out on to",N1,,General,General
面目,めんぼく,menboku,"face, honour, reputation, prestige, dignity, credit",N1,,General,General
設ける,もうける,moukeru,"to create, to establish",N1,,General,General
申し入れる,もうしいれる,moushiireru,"to propose, to suggest",N1,,General,General
申し込み,もうしこみ,moushikomi,"application, entry, request, subscription, offer, proposal, overture, challenge",N1,,General,General
申出,もうしで,moushide,"proposal, request, claim, report, notice",N1,,General,General
申し出る,もうしでる,moushideru,"to report to, to tell, to suggest, to submit, to request, to make an offer, to come forward with informati",N1,,General,General
申し分,もうしぶん,moushibun,"objection, shortcomings",N1,,General,General
盲点,もうてん,mouten,blind spot,N1,,General,General
猛烈,もうれつ,mouretsu,"violent, vehement, rage",N1,,General,General
藻掻く,もがく,mogaku,"to struggle, to wriggle, to be impatient",N1,,General,General
目録,もくろく,mokuroku,"catalogue, catalog, list",N1,,General,General
目論見,もくろみ,mokuromi,"a plan, a scheme, a project, a program, intention, goal",N1,,General,General
模型,もけい,mokei,"model, dummy, maquette",N1,,General,General
模索,もさく,mosaku,groping (for),N1,,General,General
若し,もし,moshi,"if, in case, supposing",N1,,General,General
若しかしたら,もしかしたら,moshikashitara,"perhaps, maybe, by some chance",N1,,General,General
若しかして,もしかして,moshikashite,"perhaps, possibly",N1,,General,General
若しかすると,もしかすると,moshikasuruto,"perhaps, maybe, by some chance",N1,,General,General
若しくは,もしくは,moshikuha,"or, otherwise",N1,,General,General
若しも,もしも,moshimo,if,N1,,General,General
齎らす,もたらす,motarasu,"to bring, to take, to bring about",N1,,General,General
凭れる,もたれる,motareru,"to lean against, to lean on, to recline on, to lie heavy (on the stomach)",N1,,General,General
持ち,もち,mochi,"1. hold, charge, keep possession, in charge, 2. wear, durability, life, draw, 3. usage (suff)",N1,,General,General
持ち切り,もちきり,mochikiri,"hot topic, talk of the town",N1,,General,General
物体ない,もったいない,mottainai,"too good, more than one deserves, wasteful, sacrilegious, unworthy of",N1,,General,General
以て,もって,motte,"with, by, by means of, because, in view of",N1,,General,General
専ら,もっぱら,moppara,"wholly, solely, entirely",N1,,General,General
持て成す,もてなす,motenasu,"to entertain, to make welcome",N1,,General,General
持てる,もてる,moteru,"to be well liked, to be popular",N1,,General,General
基,もとい,motoi,basis,N1,,General,General
物置き,ものおき,monooki,storeroom,N1,,General,General
物好き,ものずき,monozuki,curiosity,N1,,General,General
物足りない,ものたりない,monotarinai,"unsatisfied, unsatisfactory",N1,,General,General
最早,もはや,mohaya,"already, now",N1,,General,General
模範,もはん,mohan,"exemplar, exemplification, exemplum, model, example",N1,,General,General
模倣,もほう,mohou,"imitation, copying",N1,,General,General
揉める,もめる,momeru,"to disagree, to dispute",N1,,General,General
腿,もも,momo,"thigh, femur",N1,,General,General
催す,もよおす,moyoosu,"to hold (a meeting), to give (a dinner), to feel, to show signs of, to develop symptoms of, to feel (sick",N1,,General,General
漏らす,もらす,morasu,"to let leak, to reveal",N1,,General,General
盛り上がる,もりあがる,moriagaru,"to rouse, to swell, to rise",N1,,General,General
漏る,もる,moru,"to leak, to run out",N1,,General,General
漏れる,もれる,moreru,"to leak out, to escape, to come through, to shine through, to filter out, to be omitted",N1,,General,General
脆い,もろい,moroi,"brittle, fragile, tender-hearted",N1,,General,General
,もろに,moroni,"completely, all the way",N1,,General,General
問,もん,mon,"problem, question",N1,,General,General
矢,や,ya,arrow,N1,,General,General
哉,や,ya,question mark,N1,,General,General
喧しい,やかましい,yakamashii,"noisy, strict, fussy",N1,,General,General
野外,やがい,yagai,"fields, outskirts, open air, suburbs",N1,,General,General
軈て,やがて,yagate,"before long, soon, at length",N1,,General,General
夜行,やぎょう,yagyou,"walking around at night, night train, night travel",N1,,General,General
役職,やくしょく,yakushoku,"post, managerial position, official position",N1,,General,General
役立つ,やくだつ,yakudatsu,"to be useful, to be helpful, to serve the purpose",N1,,General,General
役場,やくば,yakuba,town hall,N1,,General,General
夜具,やぐ,yagu,bedding,N1,,General,General
優,やさ,yasa,"gentle, affectionate",N1,,General,General
屋敷,やしき,yashiki,mansion,N1,,General,General
養う,やしなう,yashinau,"to rear, to maintain, to cultivate",N1,,General,General
社,やしろ,yashiro,Shinto shrine,N1,,General,General
野心,やしん,yashin,"ambition, aspiration, designs, treachery",N1,,General,General
易い,やすい,yasui,easy,N1,,General,General
安っぽい,やすっぽい,yasuppoi,"cheap-looking, tawdry, insignificant",N1,,General,General
休める,やすめる,yasumeru,"to rest, to suspend, to give relief",N1,,General,General
野生,やせい,yasei,wild,N1,,General,General
矢鱈に,やたらに,yatarani,"randomly, recklessly, blindly",N1,,General,General
夜中,やちゅう,yachuu,"all night, the whole night",N1,,General,General
奴,やっこ,yakko,"servant, fellow",N1,,General,General
やっ付ける,やっつける,yattsukeru,to beat,N1,,General,General
矢っ張り,やっぱり,yappari,"also, as I thought, still, in spite of, absolutely",N1,,General,General
野党,やとう,yatou,opposition party,N1,,General,General
病,やまい,yamai,"illness, disease",N1,,General,General
闇,やみ,yami,"darkness, the dark, black-marketeering, dark, shady, illegal",N1,,General,General
病む,やむ,yamu,"to fall ill, to be ill",N1,,General,General
止むを得ない,やむをえない,yamuoenai,"cannot be helped, unavoidable",N1,,General,General
稍,やや,yaya,"a little, partially, somewhat, a short time, a while",N1,,General,General
,ややこしい,yayakoshii,"puzzling, tangled, complicated, complex",N1,,General,General
遣り通す,やりとおす,yaritoosu,"to carry through, to achieve, to complete",N1,,General,General
やり遂げる,やりとげる,yaritogeru,to accomplish,N1,,General,General
遣る,やる,yaru,"to do, to have sexual intercourse, to kill, to give (to inferiors animals etc.), to dispatch (a letter",N1,,General,General
和らげる,やわらげる,yawarageru,"to soften, to moderate, to relieve",N1,,General,General
優位,ゆうい,yuui,"predominance, ascendancy, superiority",N1,,General,General
憂鬱,ゆううつ,yuuutsu,"depression, melancholy, dejection, gloom",N1,,General,General
有益,ゆうえき,yuueki,"beneficial, profitable",N1,,General,General
優越,ゆうえつ,yuuetsu,"supremacy, predominance, being superior to",N1,,General,General
勇敢,ゆうかん,yuukan,"bravery, heroism, gallantry",N1,,General,General
有機,ゆうき,yuuki,organic,N1,,General,General
夕暮れ,ゆうぐれ,yuugure,"evening, (evening) twilight",N1,,General,General
融資,ゆうし,yuushi,"financing, loan",N1,,General,General
有する,ゆうする,yuusuru,"to own, to be endowed with",N1,,General,General
融通,ゆうずう,yuuzuu,"lending (money), accommodation, adaptability, versatility, finance",N1,,General,General
優勢,ゆうせい,yuusei,"superiority, superior power, predominance, preponderance",N1,,General,General
優先,ゆうせん,yuusen,"preference, priority",N1,,General,General
誘導,ゆうどう,yuudou,"guidance, leading, induction, introduction, incitement, inducement",N1,,General,General
優美,ゆうび,yuubi,"grace, refinement, elegance",N1,,General,General
有望,ゆうぼう,yuubou,"good prospects, full of hope, promising",N1,,General,General
遊牧,ゆうぼく,yuuboku,nomadism,N1,,General,General
夕焼け,ゆうやけ,yuuyake,sunset,N1,,General,General
有力,ゆうりょく,yuuryoku,"1. influence, prominence, 2. potent",N1,,General,General
幽霊,ゆうれい,yuurei,"ghost, specter, apparition, phantom",N1,,General,General
誘惑,ゆうわく,yuuwaku,"temptation, allurement, lure",N1,,General,General
揺さぶる,ゆさぶる,yusaburu,"to shake, to jolt, to rock, to swing",N1,,General,General
茹でる,ゆでる,yuderu,to boil,N1,,General,General
,ゆとり,yutori,"reserve, affluence, room, time (to spare)",N1,,General,General
指差す,ゆびさす,yubisasu,to point at,N1,,General,General
弓,ゆみ,yumi,bow (and arrow),N1,,General,General
揺らぐ,ゆらぐ,yuragu,"to swing, to sway, to shake, to tremble",N1,,General,General
緩む,ゆるむ,yurumu,"to become loose, to slacken",N1,,General,General
緩める,ゆるめる,yurumeru,"to loosen, to slow down",N1,,General,General
緩やか,ゆるやか,yuruyaka,lenient,N1,,General,General
世,よ,yo,"world, society, age, generation",N1,,General,General
好い,よい,yoi,good,N1,,General,General
要因,よういん,youin,"primary factor, main cause",N1,,General,General
溶液,ようえき,youeki,solution (liquid),N1,,General,General
用件,ようけん,youken,business,N1,,General,General
養護,ようご,yougo,"protection, nursing, protective care",N1,,General,General
用紙,ようし,youshi,blank form,N1,,General,General
様式,ようしき,youshiki,"style, form, pattern",N1,,General,General
要する,ようする,yousuru,"to demand, to require, to take",N1,,General,General
要請,ようせい,yousei,"claim, demand, request, application",N1,,General,General
養成,ようせい,yousei,"training, development",N1,,General,General
様相,ようそう,yousou,aspect,N1,,General,General
用品,ようひん,youhin,"articles, supplies, parts",N1,,General,General
洋風,ようふう,youfuu,western style,N1,,General,General
用法,ようほう,youhou,"directions, rules of use",N1,,General,General
要望,ようぼう,youbou,"demand for, request",N1,,General,General
余暇,よか,yoka,"leisure, leisure time, spare time",N1,,General,General
予感,よかん,yokan,"presentiment, premonition",N1,,General,General
余興,よきょう,yokyou,"side show, entertainment",N1,,General,General
預金,よきん,yokin,"deposit, bank account",N1,,General,General
抑圧,よくあつ,yokuatsu,"check, restraint, oppression, suppression",N1,,General,General
浴室,よくしつ,yokushitsu,"bathroom, bath",N1,,General,General
抑制,よくせい,yokusei,suppression,N1,,General,General
欲深い,よくふかい,yokufukai,greedy,N1,,General,General
欲望,よくぼう,yokubou,"desire, appetite",N1,,General,General
寄こす,よこす,yokosu,"to send, to forward",N1,,General,General
横綱,よこづな,yokozuna,sumo grand champion,N1,,General,General
葦,よし,yoshi,"reed, bulrush",N1,,General,General
善し悪し,よしあし,yoshiashi,"good or bad, merits or demerits, quality, suitability",N1,,General,General
予想,よそう,yosou,"expectation, anticipation, prediction, forecast",N1,,General,General
余所見,よそみ,yosomi,"looking away, looking aside",N1,,General,General
余地,よち,yochi,"place, room, margin, scope",N1,,General,General
依って,よって,yotte,"therefore, consequently, accordingly, because of",N1,,General,General
余程,よっぽど,yoppodo,"very, greatly, much, to a large extent, quite",N1,,General,General
与党,よとう,yotou,"government party, (ruling) party in power, government",N1,,General,General
呼び止める,よびとめる,yobitomeru,"to challenge, to call somebody to halt",N1,,General,General
夜更かし,よふかし,yofukashi,"staying up late, keeping late hours, sitting up late at night, nighthawk",N1,,General,General
夜更け,よふけ,yofuke,late at night,N1,,General,General
読み上げる,よみあげる,yomiageru,"to read out loud (and clearly), to call a roll",N1,,General,General
寄り掛かる,よりかかる,yorikakaru,"to lean against, to recline on, to lean on, to rely on",N1,,General,General
宜しく,よろしく,yoroshiku,"well, properly, suitably, best regards, please remember me",N1,,General,General
弱まる,よわまる,yowamaru,"to abate, to weaken, to be emaciated, to be dejected, to be perplexed",N1,,General,General
弱める,よわめる,yowameru,to weaken,N1,,General,General
弱る,よわる,yowaru,"to weaken, to be troubled, to be downcast, to be emaciated, to be dejected, to be perplexed, to impair",N1,,General,General
来場,らいじょう,raijou,attendance,N1,,General,General
酪農,らくのう,rakunou,dairy (farm),N1,,General,General
落下,らっか,rakka,"fall, drop, come down",N1,,General,General
楽観,らっかん,rakkan,optimism,N1,,General,General
濫用,らんよう,ranyou,"abuse, misuse, misappropriation, using to excess",N1,,General,General
理屈,りくつ,rikutsu,"theory, reason",N1,,General,General
利根,りこん,rikon,intelligence,N1,,General,General
利子,りし,rishi,interest (bank),N1,,General,General
利潤,りじゅん,rijun,"profit, returns",N1,,General,General
理性,りせい,risei,"reason, sense",N1,,General,General
利息,りそく,risoku,interest (bank),N1,,General,General
立体,りったい,rittai,solid body,N1,,General,General
立法,りっぽう,rippou,"legislation, lawmaking",N1,,General,General
利点,りてん,riten,"advantage, point in favor",N1,,General,General
略語,りゃくご,ryakugo,"abbreviation, acronym",N1,,General,General
略奪,りゃくだつ,ryakudatsu,"pillage, plunder, looting, robbery",N1,,General,General
流,りゅう,ryuu,"styleof, method of, manner of",N1,,General,General
流通,りゅうつう,ryuutsuu,"circulation of money or goods, flow of water or air, distribution",N1,,General,General
了,りょう,ryou,"finish, completion, understanding",N1,,General,General
料,りょう,ryou,"material, charge, rate, fee",N1,,General,General
領域,りょういき,ryouiki,"area, domain, territory, field, region, regime",N1,,General,General
了解,りょうかい,ryoukai,"comprehension, consent, understanding, roger (on the radio)",N1,,General,General
領海,りょうかい,ryoukai,territorial waters,N1,,General,General
両極,りょうきょく,ryoukyoku,"both extremities, north and south poles, positive and negative poles",N1,,General,General
良好,りょうこう,ryoukou,"favorable, satisfactory",N1,,General,General
良識,りょうしき,ryoushiki,good sense,N1,,General,General
良質,りょうしつ,ryoushitsu,"good quality, superior quality",N1,,General,General
了承,りょうしょう,ryoushou,"acknowledgement, understanding (e.g. please be understanding of the mess during our renovation)",N1,,General,General
良心,りょうしん,ryoushin,conscience,N1,,General,General
領地,りょうち,ryouchi,"territory, dominion",N1,,General,General
領土,りょうど,ryoudo,"dominion, territory, possession",N1,,General,General
両立,りょうりつ,ryouritsu,"compatibility, coexistence, standing together",N1,,General,General
旅客,りょかく,ryokaku,passenger (transport),N1,,General,General
旅券,りょけん,ryoken,passport,N1,,General,General
履歴,りれき,rireki,"personal history, background, career, log",N1,,General,General
理論,りろん,riron,theory,N1,,General,General
輪,りん,rin,counter for wheels and flowers,N1,,General,General
林業,りんぎょう,ringyou,forestry,N1,,General,General
類似,るいじ,ruiji,analogous,N1,,General,General
類推,るいすい,ruisui,analogy,N1,,General,General
冷酷,れいこく,reikoku,"cruelty, coldheartedness, relentless, ruthless",N1,,General,General
冷蔵,れいぞう,reizou,"cold storage, refrigeration",N1,,General,General
冷淡,れいたん,reitan,"coolness, indifference",N1,,General,General
恋愛,れんあい,renai,"love, love-making, passion, emotion, affections",N1,,General,General
連休,れんきゅう,renkyuu,consecutive holidays,N1,,General,General
連日,れんじつ,renjitsu,"every day, prolonged",N1,,General,General
連中,れんじゅう,renjuu,"colleagues, company, a lot",N1,,General,General
連帯,れんたい,rentai,solidarity,N1,,General,General
連邦,れんぽう,renpou,"commonwealth, federation of states",N1,,General,General
連盟,れんめい,renmei,"league, union, alliance",N1,,General,General
老衰,ろうすい,rousui,"senility, senile decay",N1,,General,General
朗読,ろうどく,roudoku,"reading aloud, recitation",N1,,General,General
浪費,ろうひ,rouhi,"waste, extravagance",N1,,General,General
労力,ろうりょく,rouryoku,"labour, effort, toil, trouble",N1,,General,General
碌な,ろくな,rokuna,"satisfactory, decent",N1,,General,General
碌に,ろくに,rokuni,"well, enough, sufficient",N1,,General,General
露骨,ろこつ,rokotsu,"1. frank, blunt, plain, outspoken, 2. conspicuous, open, 3. broad, suggestive",N1,,General,General
論議,ろんぎ,rongi,discussion,N1,,General,General
論理,ろんり,ronri,logic,N1,,General,General
和,わ,wa,"sum, harmony, peace",N1,,General,General
我がまま,わがまま,wagamama,"selfishness, egoism, wilfulness, disobedience, whim",N1,,General,General
枠,わく,waku,"frame, slide",N1,,General,General
惑星,わくせい,wakusei,planet,N1,,General,General
技,わざ,waza,"art, technique",N1,,General,General
態と,わざと,wazato,on purpose,N1,,General,General
態々,わざわざ,wazawaza,"expressly, specially, doing something especially rather than incidentally",N1,,General,General
煩わしい,わずらわしい,wazurawashii,"troublesome, annoying, complicated",N1,,General,General
渡り鳥,わたりどり,wataridori,"migratory bird, bird of passage",N1,,General,General
詫び,わび,wabi,apology,N1,,General,General
和風,わふう,wafuu,Japanese style,N1,,General,General
和文,わぶん,wabun,"Japanese text, sentence in Japanese",N1,,General,General
藁,わら,wara,straw,N1,,General,General
割合に,わりあいに,wariaini,comparatively,N1,,General,General
割り当て,わりあて,wariate,"allotment, assignment, allocation, quota, rationing",N1,,General,General
割り込む,わりこむ,warikomu,"to cut in, to thrust oneself into, to wedge oneself in, to muscle in on, to interrupt, to disturb",N1,,General,General
割り算,わりざん,warizan,division (math),N1,,General,General
割引き,わりびき,waribiki,"discount, reduction, rebate, tenths discounted",N1,,General,General
悪者,わるもの,warumono,"bad fellow, rascal, ruffian, scoundrel",N1,,General,General
,アイデア,アイデア,idea,N1,,General,General
,アクセル,アクセル,accelerator,N1,,General,General
,アップ,アップ,up,N1,,General,General
,アプローチ,アプローチ,approach (in golf),N1,,General,General
,アマチュア,アマチュア,amateur,N1,,General,General
,アラブ,アラブ,Arab,N1,,General,General
,アルカリ,アルカリ,alkali,N1,,General,General
,アルミ,アルミ,"aluminum (Al), aluminium",N1,,General,General
,アワー,アワー,hour,N1,,General,General
,アンケート,アンケート,"(fr:) (n) questionnaire (fr: enquete), survey",N1,,General,General
,アンコール,アンコール,encore,N1,,General,General
,イエス,イエス,"Jesus, yes",N1,,General,General
,インターチェンジ,インターチェンジ,interchange,N1,,General,General
,インターナショナル,インターナショナル,international,N1,,General,General
,インターフォン,インターフォン,intercom,N1,,General,General
,インテリ,インテリ,"egghead, intelligentsia",N1,,General,General
,インフォメーション,インフォメーション,information,N1,,General,General
,インフレ,インフレ,inflation,N1,,General,General
,ウェートレス,ウェートレス,waitress,N1,,General,General
,エアメール,エアメール,air mail,N1,,General,General
,エレガント,エレガント,elegant,N1,,General,General
,エンジニア,エンジニア,engineer,N1,,General,General
,オーケー,オーケー,OK,N1,,General,General
,オートマチック,オートマチック,automatic,N1,,General,General
,オープン,オープン,open,N1,,General,General
,オリエンテーション,オリエンテーション,orientation,N1,,General,General
,オレンジ,オレンジ,an orange,N1,,General,General
,オンライン,オンライン,on-line,N1,,General,General
,カーペット,カーペット,carpet,N1,,General,General
,カクテル,カクテル,cocktail,N1,,General,General
,カット,カット,"cut, cutting",N1,,General,General
,カテゴリー,カテゴリー,category,N1,,General,General
,カムバック,カムバック,comeback,N1,,General,General
,カメラマン,カメラマン,cameraman,N1,,General,General
,カルテ,カルテ,(de:) (n) clinical records (de: Karte),N1,,General,General
,カンニング,カンニング,"cunning, cheat",N1,,General,General
,ガイド,ガイド,tour guide,N1,,General,General
,ガイドブック,ガイドブック,guidebook,N1,,General,General
,ガレージ,ガレージ,garage (at house),N1,,General,General
,キャッチ,キャッチ,catch,N1,,General,General
,キャリア,キャリア,"career, career government employee",N1,,General,General
,クイズ,クイズ,quiz,N1,,General,General
,クラブ,クラブ,"club, crab",N1,,General,General
,クレーン,クレーン,crane,N1,,General,General
,グラフ,グラフ,graph,N1,,General,General
,グレー,グレー,"grey, gray",N1,,General,General
,ゲスト,ゲスト,guest,N1,,General,General
,コーナー,コーナー,corner,N1,,General,General
,コマーシャル,コマーシャル,a commercial,N1,,General,General
,コミュニケーション,コミュニケーション,communication,N1,,General,General
,コメント,コメント,comment,N1,,General,General
,コンタクト,コンタクト,"contact, contact lens",N1,,General,General
,コンテスト,コンテスト,contest,N1,,General,General
,コントラスト,コントラスト,contrast,N1,,General,General
,コントロール,コントロール,control,N1,,General,General
,コンパス,コンパス,compass,N1,,General,General
,サイクル,サイクル,cycle,N1,,General,General
,サイズ,サイズ,size,N1,,General,General
,サボる,サボru,"to be truant, to be idle, to sabotage by slowness",N1,,General,General
,サンキュー,サンキュー,thank you,N1,,General,General
,サンタクロース,サンタクロース,Santa Claus,N1,,General,General
,シート,シート,"seat, sheet",N1,,General,General
,システム,システム,system,N1,,General,General
,シック,シック,chic,N1,,General,General
,シナリオ,シナリオ,scenario,N1,,General,General
,ショー,ショー,show,N1,,General,General
,ショック,ショック,shock,N1,,General,General
,ジーパン,ジーパン,"jeans (lit: jeans pants), dungarees",N1,,General,General
,ジャズ,ジャズ,jazz,N1,,General,General
,ジャンパー,ジャンパー,"jacket, jumper",N1,,General,General
,ジャンプ,ジャンプ,jump,N1,,General,General
,ジャンボ,ジャンボ,jumbo,N1,,General,General
,ジャンル,ジャンル,genre,N1,,General,General
,スタジオ,スタジオ,studio,N1,,General,General
,スチーム,スチーム,steam,N1,,General,General
,ストライキ,ストライキ,strike,N1,,General,General
,ストレス,ストレス,stress,N1,,General,General
,ストロー,ストロー,straw,N1,,General,General
,ストロボ,ストロボ,"stroboscope (lit: strobo), strobe lamp, stroboscopic lamp",N1,,General,General
,スピード,スピード,speed,N1,,General,General
,スプリング,スプリング,spring,N1,,General,General
,スペース,スペース,space,N1,,General,General
,スポーツカー,スポーツカー,sports car,N1,,General,General
,スラックス,スラックス,slacks,N1,,General,General
,セール,セール,sale,N1,,General,General
,セクション,セクション,section,N1,,General,General
,セックス,セックス,sexual intercourse,N1,,General,General
,セレモニー,セレモニー,ceremony,N1,,General,General
,センス,センス,good sense (for music style tact etc.),N1,,General,General
,ゼリー,ゼリー,"1. jelly, 2. Jerry",N1,,General,General
,ソース,ソース,source,N1,,General,General
,ソックス,ソックス,socks,N1,,General,General
,ソロ,ソロ,solo,N1,,General,General
,タイトル,タイトル,title,N1,,General,General
,タイピスト,タイピスト,typist,N1,,General,General
,タイマー,タイマー,timer,N1,,General,General
,タイミング,タイミング,timing,N1,,General,General
,タイム,タイム,time,N1,,General,General
,タイムリー,タイムリー,"timely, run-batted-in (baseball), RBI",N1,,General,General
,タイヤ,タイヤ,"tire, tyre",N1,,General,General
,タイル,タイル,tile,N1,,General,General
,タレント,タレント,"talent, star, personality",N1,,General,General
,タワー,タワー,tower,N1,,General,General
,ダース,ダース,dozen,N1,,General,General
,ダウン,ダウン,down,N1,,General,General
,ダブる,ダブru,"to coincide (fall on the same day), to have two of something, to repeat a school year after failing",N1,,General,General
,ダンプ,ダンプ,dump,N1,,General,General
,チームワーク,チームワーク,teamwork,N1,,General,General
,チェンジ,チェンジ,change,N1,,General,General
,チャイム,チャイム,chime,N1,,General,General
,チャンネル,チャンネル,a channel,N1,,General,General
,ティッシュペーパー,ティッシュペーパー,tissue paper,N1,,General,General
,テレックス,テレックス,"telex, teletypewriter exchange",N1,,General,General
,データ,データ,data,N1,,General,General
,デコレーション,デコレーション,decoration,N1,,General,General
,デザート,デザート,dessert,N1,,General,General
,デザイン,デザイン,design,N1,,General,General
,デッサン,デッサン,(fr:) (n) rough sketch (fr: dessin),N1,,General,General
,デモンストレーション,デモンストレーション,demonstration,N1,,General,General
,トーン,トーン,tone,N1,,General,General
,トラブル,トラブル,trouble (sometimes used as a verb),N1,,General,General
,トランジスター,トランジスター,transistor,N1,,General,General
,ドライ,ドライ,dry,N1,,General,General
,ドライクリーニング,ドライクリーニング,dry cleaning,N1,,General,General
,ドライバー,ドライバー,"driver, screwdriver",N1,,General,General
,ドライブイン,ドライブイン,drive in,N1,,General,General
,ドリル,ドリル,drill,N1,,General,General
,ナイター,ナイター,"game under lights (e.g. baseball) (lit: nighter), night game",N1,,General,General
,ナプキン,ナプキン,napkin,N1,,General,General
,ナンセンス,ナンセンス,nonsense,N1,,General,General
,ニュー,ニュー,new,N1,,General,General
,ニュアンス,ニュアンス,nuance,N1,,General,General
,ネガ,ネガ,(photographic) negative,N1,,General,General
,ノイローゼ,ノイローゼ,(de:) (n) neurosis (de: Neurose),N1,,General,General
,ハンガー,ハンガー,"hangar, (coat) hanger, hunger",N1,,General,General
,バー,バー,bar,N1,,General,General
,バッジ,バッジ,badge,N1,,General,General
,バット,バット,"bat, vat",N1,,General,General
,パジャマ,パジャマ,"pajamas, pyjamas",N1,,General,General
,パチンコ,パチンコ,pachinko (Japanese pinball),N1,,General,General
,パトカー,パトカー,patrol car,N1,,General,General
,パンク,パンク,"1. (abbr) puncture, bursting, 2. punk",N1,,General,General
,ヒント,ヒント,hint,N1,,General,General
,ビールス,ビールス,virus,N1,,General,General
,ビジネス,ビジネス,business,N1,,General,General
,ファイト,ファイト,fight,N1,,General,General
,ファイル,ファイル,file,N1,,General,General
,ファン,ファン,"fan, fun",N1,,General,General
,フィルター,フィルター,(camera) filter,N1,,General,General
,フェリー,フェリー,ferry,N1,,General,General
,フォーム,フォーム,"foam, form",N1,,General,General
,フロント,フロント,front,N1,,General,General
,ブーツ,ブーツ,boots,N1,,General,General
,ブーム,ブーム,boom,N1,,General,General
,ブザー,ブザー,buzzer,N1,,General,General
,ブルー,ブルー,blue,N1,,General,General
,ベース,ベース,"base, bass",N1,,General,General
,ベスト,ベスト,"best, vest",N1,,General,General
,ベストセラー,ベストセラー,best-seller,N1,,General,General
,ペア,ペア,"pair, pear",N1,,General,General
,ホース,ホース,hose,N1,,General,General
,ホール,ホール,"hall, hole",N1,,General,General
,ボイコット,ボイコット,boycott,N1,,General,General
,ボルト,ボルト,"volt, bolt",N1,,General,General
,ポーズ,ポーズ,pause,N1,,General,General
,ポイント,ポイント,point,N1,,General,General
,ポジション,ポジション,position,N1,,General,General
,ポット,ポット,pot,N1,,General,General
,ポンプ,ポンプ,pump,N1,,General,General
,マーク,マーク,mark,N1,,General,General
,マスコミ,マスコミ,mass communication,N1,,General,General
,マッサージ,マッサージ,massage,N1,,General,General
,ミスプリント,ミスプリント,misprint,N1,,General,General
,ミセス,ミセス,Mrs.,N1,,General,General
,ミュージック,ミュージック,music,N1,,General,General
,ミリ,ミリ,"milli-, 10^-3",N1,,General,General
,ムード,ムード,mood,N1,,General,General
,メーカー,メーカー,maker,N1,,General,General
,メッセージ,メッセージ,message,N1,,General,General
,メディア,メディア,media,N1,,General,General
,メロディー,メロディー,melody,N1,,General,General
,モーテル,モーテル,motel,N1,,General,General
,モニター,モニター,(computer) monitor,N1,,General,General
,ヤング,ヤング,young,N1,,General,General
,ユニーク,ユニーク,unique,N1,,General,General
,ユニフォーム,ユニフォーム,uniform,N1,,General,General
,ライス,ライス,rice,N1,,General,General
,ラベル,ラベル,label,N1,,General,General
,ランプ,ランプ,"lamp, ramp, headlight, light",N1,,General,General
,ルーズ,ルーズ,loose,N1,,General,General
,ルール,ルール,rule,N1,,General,General
,レース,レース,"race, lace",N1,,General,General
,レギュラー,レギュラー,regular,N1,,General,General
,レクリエーション,レクリエーション,recreation,N1,,General,General
,レッスン,レッスン,lesson,N1,,General,General
,レディー,レディー,lady,N1,,General,General
,レバー,レバー,"lever, liver",N1,,General,General
,レンジ,レンジ,"range, stove",N1,,General,General
,レンタカー,レンタカー,hire car (lit: rent-a-car),N1,,General,General
,レントゲン,レントゲン,X-ray (lit: Roentgen),N1,,General,General
,ロープ,ロープ,rope,N1,,General,General
ローマ字,ローマじ,ローマji,"romanization, Roman letters",N1,,General,General
,ロマンチック,ロマンチック,romantic,N1,,General,General
,ワット,ワット,watt,N1,,General,General
